campus_id,major,degree_level,track,graduation_term,graduation_year,entry_type,time_to_degree_years,total_credits_earned,final_gpa,major_gpa,residency,holds_prior_umbc_bachelors,work_hours_per_week_while_enrolled,internship_count,credential_count,engagement_activity_count,net_cost_usd,total_loans_usd,first_destination,months_to_first_job,first_job_title,first_job_family,first_employer,first_employer_industry,first_job_region,first_job_annual_salary_usd,first_job_is_remote,first_job_found_via
CID-655977,Information Systems,Bachelor of Science,General,Fall 2020,2020,First-Time Freshman,7.7,121,2.44,2.50,In-State,FALSE,16,1,2,2,44020,28920,Employed Full-Time,1.8,IT Analyst,IT Business & Product,Clearfield Assurance,Cybersecurity Services,Northern Virginia,84500,FALSE,Online Application
CID-861644,Computer Science,Bachelor of Science,Software Engineering,Fall 2025,2025,First-Time Freshman,3.7,122,3.08,2.98,In-State,FALSE,10,0,1,1,41340,21710,Employed Part-Time,3.5,Associate Software Engineer,Software Engineering,Tidal Power Cooperative,Energy & Utilities,"Columbia/Howard County, MD",74500,FALSE,Online Application
CID-617792,Computer Science,Bachelor of Science,Data Science,Spring 2022,2022,First-Time Freshman,4.0,122,2.57,2.75,In-State,FALSE,21,3,1,3,35700,26300,No Response,Not Applicable,Not Applicable,Not Applicable,Not Applicable,Not Applicable,Not Applicable,Not Applicable,Not Applicable,Not Applicable
CID-472013,Information Systems,Bachelor of Science,Software Development,Fall 2016,2016,First-Time Freshman,4.0,121,3.31,3.15,Out-of-State,FALSE,8,1,3,1,42090,19650,Employed Full-Time,0.0,Systems Administrator,Infrastructure & Cloud,Tidewater Defense Group,Defense & Aerospace,"Columbia/Howard County, MD",65000,FALSE,Online Application
CID-382067,Computer Science,Bachelor of Science,Artificial Intelligence,Spring 2022,2022,First-Time Freshman,3.3,122,3.08,3.22,Out-of-State,FALSE,5,1,1,3,87410,53220,Employed Full-Time,0.0,Junior Developer,Software Engineering,Calvert Advisory Group,Consulting & Professional Services,"Washington, DC Metro",84250,FALSE,Online Application
CID-543202,Computer Science,Bachelor of Science,Data Science,Fall 2025,2025,Transfer,3.0,122,3.09,3.20,In-State,FALSE,12,1,2,4,20330,7050,Employed Full-Time,1.8,Business Intelligence Analyst,Data & Analytics,Northfield Biosciences,Healthcare & Life Sciences,"Baltimore, MD",71250,FALSE,Alumni Network
CID-817273,Computer Science,Bachelor of Science,Cybersecurity,Spring 2025,2025,Transfer,3.7,122,2.76,3.02,In-State,FALSE,14,2,0,5,20690,12950,Employed Full-Time,0.0,Data Analyst,Data & Analytics,Tidewater Defense Group,Defense & Aerospace,"Washington, DC Metro",76000,FALSE,Alumni Network
CID-172182,Computer Science,Bachelor of Science,Cybersecurity,Fall 2022,2022,Transfer,2.7,120,2.78,2.86,In-State,FALSE,5,1,0,3,17270,4330,Still Seeking,Not Applicable,Not Applicable,Not Applicable,Not Applicable,Not Applicable,Not Applicable,Not Applicable,Not Applicable,Not Applicable
CID-619082,Computer Science,Bachelor of Science,Data Science,Spring 2026,2026,Transfer,5.0,111,2.25,2.26,In-State,FALSE,14,1,0,2,19460,13280,Employed Full-Time,2.5,Junior Developer,Software Engineering,Lumen Grid Software,Software Products,Northern Virginia,82750,FALSE,Recruiter Outreach
CID-295254,Information Systems,Bachelor of Science,General,Spring 2023,2023,First-Time Freshman,3.3,121,3.30,3.35,In-State,FALSE,7,1,1,4,31120,14830,Employed Part-Time,1.9,Security Analyst I,Cybersecurity,Blue Heron Technologies,Federal Contracting,"Baltimore, MD",91250,FALSE,Recruiter Outreach
CID-359949,Information Systems,Bachelor of Science,Health Information Technology,Spring 2025,2025,Transfer,2.7,120,3.11,3.24,In-State,FALSE,17,1,0,3,15580,6990,Employed Full-Time,2.1,IT Analyst,IT Business & Product,Monument Bank Technology,Financial Services,Northern Virginia,93500,FALSE,Recruiter Outreach
CID-985651,Information Systems,Bachelor of Science,Cybersecurity Management,Spring 2020,2020,Transfer,2.0,122,3.11,3.06,In-State,FALSE,12,1,0,0,11540,6300,Employed Full-Time,0.5,SOC Analyst,Cybersecurity,Meridian National Systems,Federal Contracting,Northern Virginia,94000,FALSE,Return Offer from Internship
CID-637434,Information Systems,Bachelor of Science,General,Spring 2026,2026,Transfer,2.7,112,2.89,3.13,In-State,FALSE,4,1,0,0,16540,9020,Employed Full-Time,1.0,Data Analyst,Data & Analytics,Patapsco Aerospace,Defense & Aerospace,"Columbia/Howard County, MD",68500,FALSE,Online Application
CID-730806,Computer Science,Bachelor of Science,General,Fall 2021,2021,Transfer,2.0,121,2.47,2.38,Out-of-State,FALSE,11,0,1,2,22940,14300,Employed Full-Time,0.0,Business Intelligence Analyst,Data & Analytics,Antietam Systems Integration,Federal Contracting,Remote - United States,46500,TRUE,Personal Network
CID-250283,Computer Science,Bachelor of Science,General,Fall 2025,2025,First-Time Freshman,4.7,122,2.64,2.53,Out-of-State,FALSE,6,1,0,0,112400,39950,No Response,Not Applicable,Not Applicable,Not Applicable,Not Applicable,Not Applicable,Not Applicable,Not Applicable,Not Applicable,Not Applicable
CID-568243,Information Systems,Bachelor of Science,Health Information Technology,Fall 2025,2025,First-Time Freshman,4.3,121,3.36,3.35,In-State,FALSE,6,1,1,0,49470,24760,Continuing Education,Not Applicable,Not Applicable,Not Applicable,Not Applicable,Not Applicable,Not Applicable,Not Applicable,Not Applicable,Not Applicable
CID-977272,Information Systems,Master of Science,General,Spring 2017,2017,First-Time Freshman,7.3,121,3.71,3.70,Out-of-State,TRUE,22,1,0,1,48760,12210,Continuing Education,Not Applicable,Not Applicable,Not Applicable,Not Applicable,Not Applicable,Not Applicable,Not Applicable,Not Applicable,Not Applicable
CID-299315,Computer Science,Bachelor of Science,General,Spring 2017,2017,Transfer,4.0,120,2.82,2.74,In-State,FALSE,13,0,0,2,12940,11440,Employed Full-Time,2.4,Junior Developer,Software Engineering,Potomac Mission Solutions,Federal Contracting,"Baltimore, MD",56500,FALSE,Career Fair
CID-717896,Information Systems,Bachelor of Science,Health Information Technology,Fall 2018,2018,First-Time Freshman,4.7,121,2.40,2.40,Out-of-State,FALSE,8,1,0,1,51910,29110,Employed Full-Time,2.1,Business Analyst,IT Business & Product,Vantage Point Applications,Software Products,Northern Virginia,75500,FALSE,Career Fair
CID-281932,Information Systems,Bachelor of Science,Software Development,Spring 2015,2015,First-Time Freshman,4.0,121,2.85,2.80,In-State,FALSE,5,1,1,4,31930,15310,Employed Part-Time,0.0,Business Intelligence Analyst,Data & Analytics,Harborline Networks,Cloud & Infrastructure,"Baltimore, MD",57000,FALSE,Online Application
CID-401678,Computer Science,Bachelor of Science,Data Science,Fall 2016,2016,First-Time Freshman,4.0,122,3.25,3.20,In-State,FALSE,8,1,1,0,27120,3050,Continuing Education,Not Applicable,Not Applicable,Not Applicable,Not Applicable,Not Applicable,Not Applicable,Not Applicable,Not Applicable,Not Applicable
CID-233316,Computer Science,Bachelor of Science,Software Engineering,Spring 2023,2023,First-Time Freshman,3.7,120,3.40,3.63,In-State,FALSE,7,0,1,1,35070,11980,Employed Full-Time,2.7,Junior Developer,Software Engineering,Calvert Advisory Group,Consulting & Professional Services,"Baltimore, MD",81750,FALSE,Recruiter Outreach
CID-385603,Information Systems,Bachelor of Science,Health Information Technology,Spring 2021,2021,Transfer,2.3,120,3.01,2.88,In-State,FALSE,0,0,1,4,14680,4460,Employed Full-Time,1.2,Junior Systems Analyst,IT Business & Product,Monument Bank Technology,Financial Services,Northern Virginia,78750,FALSE,Student Organization Connection
CID-554323,Information Systems,Bachelor of Science,General,Spring 2021,2021,First-Time Freshman,4.7,121,2.33,2.25,In-State,FALSE,1,0,0,1,40560,20280,No Response,Not Applicable,Not Applicable,Not Applicable,Not Applicable,Not Applicable,Not Applicable,Not Applicable,Not Applicable,Not Applicable
CID-851194,Computer Science,Bachelor of Science,Software Engineering,Spring 2019,2019,Transfer,3.0,120,3.29,3.20,In-State,FALSE,13,0,1,0,12040,3270,Employed Full-Time,4.0,Junior ML Engineer,Machine Learning & AI,Patapsco Aerospace,Defense & Aerospace,Northern Virginia,95250,FALSE,Online Application
CID-590300,Information Systems,Bachelor of Science,General,Spring 2022,2022,Transfer,3.0,121,3.11,3.05,In-State,FALSE,21,0,0,2,19730,7970,Still Seeking,Not Applicable,Not Applicable,Not Applicable,Not Applicable,Not Applicable,Not Applicable,Not Applicable,Not Applicable,Not Applicable
CID-737140,Computer Science,Bachelor of Science,Artificial Intelligence,Fall 2020,2020,First-Time Freshman,3.0,120,3.18,3.10,In-State,FALSE,11,1,0,2,32190,27940,Employed Full-Time,3.6,Security Analyst I,Cybersecurity,Office of Technology Policy,Federal Government,"Baltimore, MD",85250,FALSE,Recruiter Outreach
CID-877616,Information Systems,Bachelor of Science,Health Information Technology,Spring 2017,2017,First-Time Freshman,4.0,121,3.19,3.20,In-State,FALSE,5,2,1,1,44070,19540,Continuing Education,Not Applicable,Not Applicable,Not Applicable,Not Applicable,Not Applicable,Not Applicable,Not Applicable,Not Applicable,Not Applicable
CID-434123,Information Systems,Bachelor of Science,General,Spring 2025,2025,Transfer,2.0,120,2.43,2.44,In-State,FALSE,3,0,2,1,10590,7020,Employed Full-Time,4.4,Data Analyst,Data & Analytics,Fidelis Capital Partners,Financial Services,"Washington, DC Metro",78000,FALSE,Online Application
CID-766331,Information Systems,Bachelor of Science,General,Fall 2020,2020,First-Time Freshman,4.7,121,2.57,2.70,In-State,FALSE,12,1,0,2,31670,2970,No Response,Not Applicable,Not Applicable,Not Applicable,Not Applicable,Not Applicable,Not Applicable,Not Applicable,Not Applicable,Not Applicable
CID-753923,Computer Science,Bachelor of Science,General,Spring 2025,2025,First-Time Freshman,4.7,122,2.51,2.56,Out-of-State,FALSE,8,0,0,0,67050,33590,Employed Full-Time,5.5,Junior Data Analyst,Data & Analytics,Fidelis Capital Partners,Financial Services,Remote - United States,69750,TRUE,Alumni Network
CID-232412,Computer Science,Bachelor of Science,Artificial Intelligence,Fall 2020,2020,First-Time Freshman,3.7,121,3.29,3.19,In-State,FALSE,19,1,0,1,36730,6600,Employed Full-Time,6.1,Junior Data Analyst,Data & Analytics,Fidelis Capital Partners,Financial Services,Northern Virginia,94250,FALSE,Career Fair
CID-672950,Computer Science,Bachelor of Science,General,Fall 2023,2023,First-Time Freshman,4.0,120,2.57,2.57,In-State,FALSE,21,2,0,2,37830,37830,No Response,Not Applicable,Not Applicable,Not Applicable,Not Applicable,Not Applicable,Not Applicable,Not Applicable,Not Applicable,Not Applicable
CID-686391,Computer Science,Bachelor of Science,General,Fall 2024,2024,First-Time Freshman,4.3,120,3.29,3.20,In-State,FALSE,13,3,3,6,37140,12630,Employed Part-Time,1.8,AI Research Assistant,Machine Learning & AI,Anvil Compute,Cloud & Infrastructure,"Washington, DC Metro",128000,FALSE,Student Organization Connection
CID-373939,Information Systems,Bachelor of Science,Software Development,Spring 2018,2018,First-Time Freshman,4.0,121,3.45,3.45,Out-of-State,FALSE,5,2,0,2,77850,37630,Employed Full-Time,0.6,Junior Data Analyst,Data & Analytics,Dockside Logistics Systems,Logistics & Transportation,"Baltimore, MD",69500,FALSE,Recruiter Outreach
CID-976072,Information Systems,Bachelor of Science,General,Spring 2025,2025,First-Time Freshman,4.0,121,2.87,2.90,In-State,FALSE,5,2,2,5,38160,15170,Employed Full-Time,0.6,Business Intelligence Analyst,Data & Analytics,Northwind Platform Co.,Software Products,"Baltimore, MD",89500,FALSE,Return Offer from Internship
CID-703142,Information Systems,Bachelor of Science,Software Development,Spring 2016,2016,First-Time Freshman,4.0,121,2.97,3.00,In-State,FALSE,16,1,1,4,31400,9730,Employed Full-Time,0.2,Associate Software Engineer,Software Engineering,Dockside Logistics Systems,Logistics & Transportation,Northern Virginia,65750,FALSE,Return Offer from Internship
CID-892993,Information Systems,Bachelor of Science,Software Development,Spring 2023,2023,First-Time Freshman,5.0,121,2.73,2.70,Out-of-State,FALSE,25,2,2,3,65960,36440,Employed Full-Time,0.4,Security Analyst I,Cybersecurity,Cartway Commerce,E-Commerce & Retail Tech,"Baltimore, MD",104500,TRUE,Return Offer from Internship
CID-805053,Computer Science,Bachelor of Science,General,Fall 2024,2024,Transfer,2.3,121,2.76,2.53,In-State,FALSE,4,0,0,1,11540,1940,Employed Full-Time,5.9,Junior Developer,Software Engineering,Marketside Digital,E-Commerce & Retail Tech,"Baltimore, MD",74500,FALSE,Alumni Network
CID-731656,Computer Science,Bachelor of Science,Artificial Intelligence,Spring 2017,2017,First-Time Freshman,3.7,121,3.50,3.41,In-State,FALSE,0,0,0,2,35290,10470,Still Seeking,Not Applicable,Not Applicable,Not Applicable,Not Applicable,Not Applicable,Not Applicable,Not Applicable,Not Applicable,Not Applicable
CID-878303,Information Systems,Bachelor of Science,Business Analytics,Spring 2026,2026,First-Time Freshman,4.0,121,2.57,2.55,In-State,FALSE,5,2,1,2,43300,13610,No Response,Not Applicable,Not Applicable,Not Applicable,Not Applicable,Not Applicable,Not Applicable,Not Applicable,Not Applicable,Not Applicable
CID-113605,Computer Science,Bachelor of Science,General,Fall 2024,2024,First-Time Freshman,4.7,120,2.30,2.25,In-State,FALSE,2,3,0,1,44530,34900,Employed Part-Time,3.5,SOC Analyst,Cybersecurity,Anvil Compute,Cloud & Infrastructure,"Washington, DC Metro",138000,FALSE,Online Application
CID-822252,Information Systems,Bachelor of Science,General,Fall 2022,2022,First-Time Freshman,3.7,121,3.84,3.80,In-State,FALSE,0,2,0,3,28410,9930,No Response,Not Applicable,Not Applicable,Not Applicable,Not Applicable,Not Applicable,Not Applicable,Not Applicable,Not Applicable,Not Applicable
CID-493840,Computer Science,Bachelor of Science,General,Fall 2020,2020,First-Time Freshman,4.7,120,2.13,2.07,In-State,FALSE,17,0,0,4,42250,30820,Employed Full-Time,7.6,Junior Developer,Software Engineering,Chesapeake Defense Systems,Defense & Aerospace,Northern Virginia,56750,FALSE,Recruiter Outreach
CID-809525,Information Systems,Bachelor of Science,Business Analytics,Fall 2025,2025,First-Time Freshman,4.0,121,3.21,3.24,In-State,FALSE,15,1,0,1,43710,19120,Employed Full-Time,0.8,Security Analyst I,Cybersecurity,Meridian National Systems,Federal Contracting,Northern Virginia,109000,FALSE,Career Fair
CID-236616,Computer Science,Bachelor of Science,Data Science,Spring 2016,2016,Transfer,1.7,126,3.00,3.11,In-State,FALSE,0,0,0,2,9060,2640,Employed Full-Time,1.5,Software Engineer I,Software Engineering,Tessellate Labs,Software Products,"Washington, DC Metro",64750,FALSE,Online Application
CID-399213,Information Systems,Bachelor of Science,Health Information Technology,Spring 2023,2023,First-Time Freshman,3.3,121,3.34,3.15,In-State,FALSE,19,1,0,1,42080,37050,Employed Full-Time,2.5,Junior Systems Analyst,IT Business & Product,Federal Health Data Office,Federal Government,"Baltimore, MD",63250,FALSE,Recruiter Outreach
CID-718425,Computer Science,Bachelor of Science,Cybersecurity,Fall 2019,2019,Transfer,3.0,120,1.94,2.02,In-State,FALSE,22,0,1,3,14280,9480,Employed Full-Time,2.1,Software Engineer I,Software Engineering,Antietam Systems Integration,Federal Contracting,"Washington, DC Metro",57500,FALSE,Student Organization Connection
CID-615930,Computer Science,Bachelor of Science,General,Spring 2026,2026,Transfer,2.3,119,3.04,3.00,In-State,FALSE,13,0,1,5,13090,4520,Continuing Education,Not Applicable,Not Applicable,Not Applicable,Not Applicable,Not Applicable,Not Applicable,Not Applicable,Not Applicable,Not Applicable
CID-146467,Information Systems,Bachelor of Science,Software Development,Fall 2023,2023,Transfer,3.7,120,2.58,2.50,In-State,FALSE,8,1,1,2,16820,11650,Still Seeking,Not Applicable,Not Applicable,Not Applicable,Not Applicable,Not Applicable,Not Applicable,Not Applicable,Not Applicable,Not Applicable
CID-626085,Computer Science,Bachelor of Science,General,Spring 2022,2022,First-Time Freshman,5.0,122,3.03,2.85,In-State,FALSE,7,3,3,2,39390,34790,Employed Full-Time,0.0,Junior Security Engineer,Cybersecurity,Chesapeake Defense Systems,Defense & Aerospace,"Baltimore, MD",116000,TRUE,Faculty or Staff Referral
CID-613962,Computer Science,Bachelor of Science,Software Engineering,Fall 2016,2016,Transfer,2.7,120,3.65,3.54,In-State,FALSE,6,1,2,5,11330,8900,Employed Full-Time,1.0,Junior Developer,Software Engineering,Marketside Digital,E-Commerce & Retail Tech,"Baltimore, MD",88250,FALSE,Personal Network
CID-861779,Computer Science,Bachelor of Science,Software Engineering,Fall 2019,2019,First-Time Freshman,4.3,122,3.65,3.64,Out-of-State,FALSE,17,2,0,4,38220,10080,No Response,Not Applicable,Not Applicable,Not Applicable,Not Applicable,Not Applicable,Not Applicable,Not Applicable,Not Applicable,Not Applicable
CID-117135,Computer Science,Bachelor of Science,Data Science,Spring 2026,2026,First-Time Freshman,3.7,107,2.40,2.48,In-State,FALSE,14,0,0,0,50770,29060,No Response,Not Applicable,Not Applicable,Not Applicable,Not Applicable,Not Applicable,Not Applicable,Not Applicable,Not Applicable,Not Applicable
CID-507140,Computer Science,Bachelor of Science,General,Summer 2024,2024,First-Time Freshman,8.0,122,2.54,2.38,Out-of-State,FALSE,14,1,2,2,80330,44180,Still Seeking,Not Applicable,Not Applicable,Not Applicable,Not Applicable,Not Applicable,Not Applicable,Not Applicable,Not Applicable,Not Applicable
CID-401501,Computer Science,Bachelor of Science,Cybersecurity,Spring 2022,2022,First-Time Freshman,3.7,123,3.49,3.62,In-State,FALSE,5,3,2,5,41050,20440,No Response,Not Applicable,Not Applicable,Not Applicable,Not Applicable,Not Applicable,Not Applicable,Not Applicable,Not Applicable,Not Applicable
CID-762388,Information Systems,Bachelor of Science,General,Fall 2023,2023,First-Time Freshman,5.3,121,2.42,2.48,In-State,FALSE,14,2,2,2,57120,24500,Employed Full-Time,0.2,IT Analyst,IT Business & Product,Meridian National Systems,Federal Contracting,"Washington, DC Metro",77250,FALSE,Return Offer from Internship
CID-576538,Computer Science,Bachelor of Science,General,Spring 2025,2025,Transfer,2.7,121,2.20,2.14,In-State,FALSE,10,0,0,4,15560,5530,No Response,Not Applicable,Not Applicable,Not Applicable,Not Applicable,Not Applicable,Not Applicable,Not Applicable,Not Applicable,Not Applicable
CID-810421,Computer Science,Bachelor of Science,General,Spring 2019,2019,First-Time Freshman,7.3,122,3.28,3.30,In-State,FALSE,18,3,2,4,31140,22780,Employed Full-Time,1.0,Junior Security Engineer,Cybersecurity,CareBridge Technology,Healthcare & Life Sciences,"Columbia/Howard County, MD",94250,FALSE,Career Fair
CID-475430,Computer Science,Bachelor of Science,Software Engineering,Fall 2021,2021,First-Time Freshman,3.7,122,3.06,3.00,In-State,FALSE,13,2,3,1,28270,13490,Employed Full-Time,0.0,Junior Developer,Software Engineering,Catoctin Analytics Group,Federal Contracting,"Washington, DC Metro",81500,FALSE,Career Fair
CID-712082,Computer Science,Bachelor of Science,General,Spring 2022,2022,First-Time Freshman,3.3,122,3.50,3.56,In-State,FALSE,15,1,0,4,27730,18070,Employed Full-Time,0.3,Software Engineer I,Software Engineering,Dockside Logistics Systems,Logistics & Transportation,"Washington, DC Metro",95000,FALSE,Return Offer from Internship
CID-604948,Computer Science,Bachelor of Science,Data Science,Spring 2019,2019,Transfer,2.7,120,3.66,3.62,In-State,FALSE,13,1,0,3,10490,6110,Continuing Education,Not Applicable,Not Applicable,Not Applicable,Not Applicable,Not Applicable,Not Applicable,Not Applicable,Not Applicable,Not Applicable
CID-823726,Information Systems,Bachelor of Science,Business Analytics,Fall 2021,2021,First-Time Freshman,4.7,121,3.08,3.15,In-State,FALSE,6,0,0,0,30580,14310,Employed Full-Time,4.0,IT Analyst,IT Business & Product,Harbor Mutual Insurance,Insurance,"Baltimore, MD",54500,FALSE,Online Application
CID-355503,Information Systems,Master of Science,Health Information Technology,Spring 2026,2026,First-Time Freshman,7.3,121,3.33,3.60,In-State,TRUE,22,3,0,4,48260,44380,Employed Full-Time,0.1,Business Analyst,IT Business & Product,Antietam Systems Integration,Federal Contracting,"Washington, DC Metro",98500,FALSE,Return Offer from Internship
CID-366749,Computer Science,Bachelor of Science,Artificial Intelligence,Spring 2024,2024,Transfer,5.0,122,2.54,2.60,In-State,FALSE,12,0,1,1,17680,9600,No Response,Not Applicable,Not Applicable,Not Applicable,Not Applicable,Not Applicable,Not Applicable,Not Applicable,Not Applicable,Not Applicable
CID-350459,Computer Science,Bachelor of Science,Data Science,Spring 2026,2026,First-Time Freshman,8.3,110,2.31,2.14,In-State,FALSE,22,2,1,0,55000,29230,Employed Full-Time,0.0,Machine Learning Engineer I,Machine Learning & AI,Federal Health Data Office,Federal Government,"Baltimore, MD",76750,FALSE,Career Fair
CID-604268,Computer Science,Bachelor of Science,Software Engineering,Spring 2025,2025,First-Time Freshman,4.3,120,2.21,2.22,Out-of-State,FALSE,20,1,0,4,81890,18770,Employed Full-Time,5.4,Data Analyst,Data & Analytics,Potomac Mission Solutions,Federal Contracting,"Baltimore, MD",55250,FALSE,Personal Network
CID-578480,Computer Science,Bachelor of Science,General,Spring 2016,2016,First-Time Freshman,4.0,120,2.82,2.87,In-State,FALSE,16,1,0,1,29440,11720,Employed Full-Time,1.2,Associate Software Engineer,Software Engineering,Northwind Platform Co.,Software Products,"Boston, MA",94750,FALSE,Online Application
CID-371131,Computer Science,Bachelor of Science,General,Fall 2022,2022,Transfer,5.3,122,2.07,2.07,In-State,FALSE,11,0,0,0,17030,3710,No Response,Not Applicable,Not Applicable,Not Applicable,Not Applicable,Not Applicable,Not Applicable,Not Applicable,Not Applicable,Not Applicable
CID-390828,Information Systems,Bachelor of Science,Business Analytics,Fall 2016,2016,First-Time Freshman,4.0,121,3.57,3.50,In-State,FALSE,12,2,0,3,38270,11820,Employed Full-Time,0.2,Software Engineer I,Software Engineering,Parcel & Post Technologies,Logistics & Transportation,Northern Virginia,87000,FALSE,Return Offer from Internship
CID-100384,Information Systems,Bachelor of Science,General,Spring 2026,2026,First-Time Freshman,3.3,121,3.83,3.90,Out-of-State,FALSE,2,1,0,6,51530,35800,Employed Full-Time,0.3,IT Support Specialist,IT Support & Operations,Potomac Mission Solutions,Federal Contracting,"Columbia/Howard County, MD",82500,FALSE,Recruiter Outreach
CID-428694,Information Systems,Bachelor of Science,Business Analytics,Spring 2023,2023,First-Time Freshman,4.0,121,2.98,3.00,In-State,FALSE,0,2,1,2,48390,35500,No Response,Not Applicable,Not Applicable,Not Applicable,Not Applicable,Not Applicable,Not Applicable,Not Applicable,Not Applicable,Not Applicable
CID-551377,Computer Science,Bachelor of Science,Data Science,Fall 2018,2018,First-Time Freshman,4.0,122,3.00,2.95,In-State,FALSE,10,1,0,1,46800,27920,No Response,Not Applicable,Not Applicable,Not Applicable,Not Applicable,Not Applicable,Not Applicable,Not Applicable,Not Applicable,Not Applicable
CID-597245,Information Systems,Bachelor of Science,General,Fall 2022,2022,First-Time Freshman,4.0,121,2.85,2.80,Out-of-State,FALSE,18,1,0,2,54570,17240,Continuing Education,Not Applicable,Not Applicable,Not Applicable,Not Applicable,Not Applicable,Not Applicable,Not Applicable,Not Applicable,Not Applicable
CID-574621,Computer Science,Bachelor of Science,Software Engineering,Spring 2026,2026,First-Time Freshman,7.3,121,2.66,2.58,Out-of-State,FALSE,10,2,2,2,85230,52560,Employed Full-Time,0.6,Software Engineer I,Software Engineering,Catoctin Analytics Group,Federal Contracting,"Baltimore, MD",80500,FALSE,Personal Network
CID-931948,Computer Science,Bachelor of Science,Data Science,Fall 2016,2016,First-Time Freshman,3.7,120,3.21,3.12,In-State,FALSE,10,2,2,4,27180,18760,Employed Full-Time,0.4,Junior Developer,Software Engineering,Marketside Digital,E-Commerce & Retail Tech,"Baltimore, MD",72500,FALSE,Return Offer from Internship
CID-316026,Computer Science,Bachelor of Science,General,Spring 2016,2016,Transfer,5.0,122,2.81,2.84,In-State,FALSE,18,2,0,1,14640,6330,Employed Full-Time,1.7,Software Engineer I,Software Engineering,Catoctin Analytics Group,Federal Contracting,"Washington, DC Metro",59750,FALSE,Personal Network
CID-988517,Computer Science,Bachelor of Science,Cybersecurity,Spring 2017,2017,First-Time Freshman,4.0,120,2.85,2.95,In-State,FALSE,6,1,0,1,31650,22370,No Response,Not Applicable,Not Applicable,Not Applicable,Not Applicable,Not Applicable,Not Applicable,Not Applicable,Not Applicable,Not Applicable
CID-508507,Information Systems,Bachelor of Science,Cybersecurity Management,Spring 2026,2026,First-Time Freshman,4.7,118,2.43,2.47,In-State,FALSE,15,2,2,3,44220,29250,Employed Full-Time,3.6,Junior Data Analyst,Data & Analytics,Patapsco Aerospace,Defense & Aerospace,"Baltimore, MD",65750,FALSE,Career Fair
CID-694264,Computer Science,Bachelor of Science,General,Fall 2019,2019,First-Time Freshman,6.7,122,3.18,2.97,In-State,FALSE,23,0,2,4,14990,3190,No Response,Not Applicable,Not Applicable,Not Applicable,Not Applicable,Not Applicable,Not Applicable,Not Applicable,Not Applicable,Not Applicable
CID-972802,Computer Science,Bachelor of Science,Software Engineering,Spring 2024,2024,First-Time Freshman,4.0,122,2.54,2.41,In-State,FALSE,5,0,0,1,38230,16580,Still Seeking,Not Applicable,Not Applicable,Not Applicable,Not Applicable,Not Applicable,Not Applicable,Not Applicable,Not Applicable,Not Applicable
CID-183508,Information Systems,Bachelor of Science,Business Analytics,Spring 2021,2021,Transfer,2.0,120,2.75,2.76,In-State,FALSE,10,1,0,2,9530,3530,Employed Full-Time,0.2,Junior Data Analyst,Data & Analytics,Federal Health Data Office,Federal Government,"Columbia/Howard County, MD",59750,FALSE,Return Offer from Internship
CID-343688,Information Systems,Bachelor of Science,General,Fall 2024,2024,First-Time Freshman,4.3,121,3.39,3.25,In-State,FALSE,11,2,2,2,32760,29440,No Response,Not Applicable,Not Applicable,Not Applicable,Not Applicable,Not Applicable,Not Applicable,Not Applicable,Not Applicable,Not Applicable
CID-143389,Computer Science,Bachelor of Science,Cybersecurity,Fall 2020,2020,Transfer,2.3,120,3.39,3.56,In-State,FALSE,15,0,0,2,14380,4370,Employed Part-Time,7.3,Software Engineer I,Software Engineering,Tidewater Defense Group,Defense & Aerospace,"Washington, DC Metro",68250,FALSE,Personal Network
CID-791713,Computer Science,Bachelor of Science,Data Science,Fall 2015,2015,First-Time Freshman,3.3,121,3.31,3.42,In-State,FALSE,13,1,1,0,30000,12090,No Response,Not Applicable,Not Applicable,Not Applicable,Not Applicable,Not Applicable,Not Applicable,Not Applicable,Not Applicable,Not Applicable
CID-922958,Computer Science,Bachelor of Science,Cybersecurity,Fall 2025,2025,First-Time Freshman,5.3,122,2.87,2.78,Out-of-State,FALSE,15,1,1,1,41400,11550,Employed Part-Time,1.8,EHR Support Analyst,Health IT,Calvert Advisory Group,Consulting & Professional Services,Northern Virginia,104500,FALSE,Online Application
CID-501308,Computer Science,Master of Science,Cybersecurity,Spring 2019,2019,First-Time Freshman,3.3,122,3.83,3.81,In-State,TRUE,13,2,1,7,28790,28790,Employed Full-Time,0.0,Junior ML Engineer,Machine Learning & AI,Blue Heron Technologies,Federal Contracting,"Washington, DC Metro",85000,FALSE,Online Application
CID-599762,Computer Science,Bachelor of Science,Cybersecurity,Fall 2022,2022,First-Time Freshman,4.0,121,2.70,2.60,In-State,FALSE,12,2,1,2,52810,45390,Employed Full-Time,0.0,Junior Security Engineer,Cybersecurity,Tidewater Defense Group,Defense & Aerospace,"Washington, DC Metro",79500,FALSE,Recruiter Outreach
CID-361250,Computer Science,Bachelor of Science,Cybersecurity,Spring 2026,2026,First-Time Freshman,4.0,121,2.93,3.00,Out-of-State,FALSE,6,1,0,2,71780,57530,Employed Full-Time,1.6,Junior Data Analyst,Data & Analytics,Patapsco Aerospace,Defense & Aerospace,"Baltimore, MD",87250,FALSE,Online Application
CID-522070,Computer Science,Bachelor of Science,Software Engineering,Spring 2020,2020,First-Time Freshman,4.0,120,3.17,3.15,In-State,FALSE,18,0,0,0,38150,3020,No Response,Not Applicable,Not Applicable,Not Applicable,Not Applicable,Not Applicable,Not Applicable,Not Applicable,Not Applicable,Not Applicable
CID-957937,Information Systems,Bachelor of Science,Business Analytics,Spring 2022,2022,First-Time Freshman,4.3,121,2.93,2.95,Out-of-State,FALSE,6,1,0,1,86640,21730,Employed Full-Time,0.0,Junior Data Analyst,Data & Analytics,Federal Health Data Office,Federal Government,"Baltimore, MD",55250,FALSE,Faculty or Staff Referral
CID-654422,Computer Science,Bachelor of Science,Cybersecurity,Fall 2021,2021,Transfer,2.3,120,2.64,2.59,In-State,FALSE,6,1,0,1,12720,920,Still Seeking,Not Applicable,Not Applicable,Not Applicable,Not Applicable,Not Applicable,Not Applicable,Not Applicable,Not Applicable,Not Applicable
CID-602087,Information Systems,Bachelor of Science,Health Information Technology,Spring 2018,2018,First-Time Freshman,3.3,121,3.36,3.30,In-State,FALSE,4,1,2,3,36650,19050,Continuing Education,Not Applicable,Not Applicable,Not Applicable,Not Applicable,Not Applicable,Not Applicable,Not Applicable,Not Applicable,Not Applicable
CID-975903,Computer Science,Bachelor of Science,Software Engineering,Fall 2024,2024,Transfer,2.0,121,3.29,3.34,In-State,FALSE,4,0,0,2,14760,13170,Still Seeking,Not Applicable,Not Applicable,Not Applicable,Not Applicable,Not Applicable,Not Applicable,Not Applicable,Not Applicable,Not Applicable
CID-376458,Information Systems,Bachelor of Science,Software Development,Spring 2021,2021,First-Time Freshman,3.7,121,3.25,3.15,Out-of-State,FALSE,10,1,0,2,80090,23400,Employed Full-Time,0.4,Junior Systems Analyst,IT Business & Product,Harbor Mutual Insurance,Insurance,"Baltimore, MD",62500,TRUE,Career Fair
CID-131331,Computer Science,Bachelor of Science,General,Fall 2017,2017,Transfer,2.3,120,2.29,2.26,In-State,FALSE,5,1,0,7,10610,2030,Employed Full-Time,0.0,Junior Developer,Software Engineering,Allied Shield Insurance Group,Insurance,Northern Virginia,62000,FALSE,Return Offer from Internship
CID-580718,Information Systems,Bachelor of Science,Software Development,Fall 2019,2019,Transfer,4.3,121,2.83,2.79,In-State,FALSE,16,0,1,1,12700,8820,Employed Full-Time,3.4,SOC Analyst,Cybersecurity,Blue Heron Technologies,Federal Contracting,Northern Virginia,69750,TRUE,Personal Network
CID-961612,Information Systems,Bachelor of Science,General,Fall 2015,2015,First-Time Freshman,4.3,121,3.03,2.85,In-State,FALSE,8,2,1,7,34510,16890,Employed Full-Time,0.6,Business Analyst,IT Business & Product,Allied Shield Insurance Group,Insurance,"Baltimore, MD",69750,FALSE,Online Application
CID-907406,Information Systems,Bachelor of Science,Cybersecurity Management,Spring 2025,2025,First-Time Freshman,3.3,121,3.60,3.35,Out-of-State,FALSE,7,2,2,3,44990,0,Employed Full-Time,1.9,IT Analyst,IT Business & Product,Fidelis Capital Partners,Financial Services,Remote - United States,104500,TRUE,Online Application
CID-611883,Information Systems,Bachelor of Science,Business Analytics,Spring 2026,2026,Transfer,3.7,120,3.13,3.11,In-State,FALSE,20,2,1,5,16050,2540,Employed Full-Time,0.2,Junior Systems Analyst,IT Business & Product,Office of Technology Policy,Federal Government,"Washington, DC Metro",93000,FALSE,Return Offer from Internship
CID-611614,Computer Science,Bachelor of Science,Artificial Intelligence,Spring 2026,2026,First-Time Freshman,5.0,123,2.56,2.72,Out-of-State,FALSE,12,1,0,2,90570,36030,Military,Not Applicable,Not Applicable,Not Applicable,Not Applicable,Not Applicable,Not Applicable,Not Applicable,Not Applicable,Not Applicable
CID-110755,Information Systems,Bachelor of Science,General,Fall 2021,2021,Transfer,4.0,122,3.76,3.72,In-State,FALSE,17,1,0,0,11040,0,Employed Full-Time,0.1,Junior DevOps Engineer,Infrastructure & Cloud,Meridian National Systems,Federal Contracting,Northern Virginia,90750,FALSE,Personal Network
CID-565439,Computer Science,Bachelor of Science,Data Science,Spring 2022,2022,Transfer,3.0,122,3.56,3.51,In-State,FALSE,7,2,0,1,11180,5720,Employed Full-Time,0.0,Machine Learning Engineer I,Machine Learning & AI,Chesapeake Defense Systems,Defense & Aerospace,"Baltimore, MD",98750,FALSE,Career Fair
CID-642500,Computer Science,Bachelor of Science,Data Science,Spring 2020,2020,Transfer,2.0,120,3.43,3.58,Out-of-State,FALSE,0,1,2,2,23400,10460,Employed Part-Time,2.0,Systems Administrator,Infrastructure & Cloud,Sterling Ridge Consulting,Consulting & Professional Services,Other - United States,84000,FALSE,Online Application
CID-452182,Computer Science,Bachelor of Science,Software Engineering,Fall 2024,2024,Transfer,2.7,120,3.13,3.15,In-State,FALSE,22,1,0,1,10500,8690,Employed Full-Time,1.3,Systems Administrator,Infrastructure & Cloud,Patapsco Aerospace,Defense & Aerospace,"Washington, DC Metro",99500,FALSE,Faculty or Staff Referral
CID-967127,Computer Science,Bachelor of Science,Software Engineering,Spring 2022,2022,Transfer,2.7,120,3.45,3.34,In-State,FALSE,8,1,0,2,12570,12350,No Response,Not Applicable,Not Applicable,Not Applicable,Not Applicable,Not Applicable,Not Applicable,Not Applicable,Not Applicable,Not Applicable
CID-520855,Information Systems,Bachelor of Science,General,Spring 2020,2020,First-Time Freshman,4.3,121,2.27,2.50,In-State,FALSE,12,0,0,0,43910,20010,Employed Full-Time,10.3,Business Analyst,IT Business & Product,Pinnacle Bridge Partners,Consulting & Professional Services,"New York, NY",75250,FALSE,Personal Network
CID-415085,Computer Science,Bachelor of Science,Software Engineering,Spring 2022,2022,First-Time Freshman,3.7,120,3.30,3.25,In-State,FALSE,4,3,1,3,51710,27660,Employed Full-Time,0.0,Associate Software Engineer,Software Engineering,Meridian National Systems,Federal Contracting,"Washington, DC Metro",101000,FALSE,Personal Network
CID-955890,Information Systems,Bachelor of Science,Software Development,Spring 2025,2025,Transfer,3.7,120,2.83,2.94,In-State,FALSE,5,3,0,1,16090,10750,No Response,Not Applicable,Not Applicable,Not Applicable,Not Applicable,Not Applicable,Not Applicable,Not Applicable,Not Applicable,Not Applicable
CID-219318,Computer Science,Bachelor of Science,Software Engineering,Fall 2019,2019,Transfer,2.0,120,2.42,2.47,In-State,FALSE,8,0,0,1,11210,9280,Employed Full-Time,4.7,Help Desk Technician,IT Support & Operations,Chesapeake Defense Systems,Defense & Aerospace,"Washington, DC Metro",45250,FALSE,Online Application
CID-944835,Computer Science,Bachelor of Science,General,Fall 2023,2023,Transfer,2.7,122,3.76,3.79,In-State,FALSE,10,1,0,2,8470,5410,Continuing Education,Not Applicable,Not Applicable,Not Applicable,Not Applicable,Not Applicable,Not Applicable,Not Applicable,Not Applicable,Not Applicable
CID-990239,Information Systems,Bachelor of Science,Business Analytics,Fall 2022,2022,Transfer,3.3,120,3.18,3.28,In-State,FALSE,3,0,1,2,13040,8270,Employed Full-Time,2.6,Junior Data Analyst,Data & Analytics,Meridian National Systems,Federal Contracting,Northern Virginia,64500,TRUE,Personal Network
CID-965326,Information Systems,Bachelor of Science,Cybersecurity Management,Fall 2019,2019,First-Time Freshman,4.3,121,3.00,3.00,Out-of-State,FALSE,14,3,0,2,79590,42410,Employed Full-Time,0.3,Junior DevOps Engineer,Infrastructure & Cloud,Shoreline Retail Group,E-Commerce & Retail Tech,"Columbia/Howard County, MD",75250,FALSE,Return Offer from Internship
CID-506961,Information Systems,Bachelor of Science,Cybersecurity Management,Spring 2021,2021,Transfer,3.0,122,2.34,2.39,In-State,FALSE,13,2,0,0,15800,9560,Employed Full-Time,0.4,Data Analyst,Data & Analytics,Harbor Mutual Insurance,Insurance,Remote - United States,57000,TRUE,Return Offer from Internship
CID-271750,Information Systems,Bachelor of Science,Business Analytics,Spring 2021,2021,First-Time Freshman,3.7,121,3.34,3.30,In-State,FALSE,3,2,2,5,37960,20430,Employed Full-Time,0.0,Data Analyst,Data & Analytics,Harbor Mutual Insurance,Insurance,"Baltimore, MD",74750,FALSE,Career Fair
CID-535562,Information Systems,Master of Science,Business Analytics,Spring 2025,2025,Transfer,3.7,121,2.55,2.63,Out-of-State,TRUE,11,0,0,4,31900,18250,Employed Full-Time,4.7,SOC Analyst,Cybersecurity,Fidelis Capital Partners,Financial Services,"Columbia/Howard County, MD",89000,TRUE,Online Application
CID-168975,Information Systems,Bachelor of Science,Cybersecurity Management,Spring 2023,2023,First-Time Freshman,4.7,121,2.40,2.35,In-State,FALSE,20,2,2,2,58410,34920,Employed Full-Time,3.3,SOC Analyst,Cybersecurity,Chesapeake Defense Systems,Defense & Aerospace,"Baltimore, MD",78000,FALSE,Faculty or Staff Referral
CID-197542,Information Systems,Bachelor of Science,Cybersecurity Management,Spring 2015,2015,First-Time Freshman,3.7,121,3.81,3.85,Out-of-State,FALSE,13,1,1,1,53280,43850,Still Seeking,Not Applicable,Not Applicable,Not Applicable,Not Applicable,Not Applicable,Not Applicable,Not Applicable,Not Applicable,Not Applicable
CID-974718,Information Systems,Bachelor of Science,Cybersecurity Management,Fall 2015,2015,Transfer,2.0,122,3.42,3.44,In-State,FALSE,14,0,0,0,12190,5150,Employed Full-Time,4.0,Data Analyst,Data & Analytics,Chesapeake Defense Systems,Defense & Aerospace,"Columbia/Howard County, MD",51750,FALSE,Online Application
CID-109900,Information Systems,Bachelor of Science,Software Development,Spring 2026,2026,Transfer,2.3,120,2.64,2.47,In-State,FALSE,7,1,0,2,15660,3750,Still Seeking,Not Applicable,Not Applicable,Not Applicable,Not Applicable,Not Applicable,Not Applicable,Not Applicable,Not Applicable,Not Applicable
CID-872171,Computer Science,Bachelor of Science,Data Science,Spring 2025,2025,First-Time Freshman,7.0,123,2.91,2.78,In-State,FALSE,15,2,0,2,60320,31350,Employed Full-Time,0.5,Junior DevOps Engineer,Infrastructure & Cloud,Vantage Point Applications,Software Products,"Baltimore, MD",92500,FALSE,Alumni Network
CID-663615,Computer Science,Bachelor of Science,Data Science,Spring 2019,2019,First-Time Freshman,7.3,123,2.92,2.80,In-State,FALSE,14,0,0,1,33830,12800,Still Seeking,Not Applicable,Not Applicable,Not Applicable,Not Applicable,Not Applicable,Not Applicable,Not Applicable,Not Applicable,Not Applicable
CID-704699,Computer Science,Bachelor of Science,Cybersecurity,Spring 2023,2023,First-Time Freshman,6.0,122,3.05,3.00,Out-of-State,FALSE,16,1,0,2,79280,34510,Continuing Education,Not Applicable,Not Applicable,Not Applicable,Not Applicable,Not Applicable,Not Applicable,Not Applicable,Not Applicable,Not Applicable
CID-132298,Information Systems,Bachelor of Science,General,Fall 2021,2021,Transfer,2.7,120,3.77,3.82,In-State,FALSE,3,2,0,3,5670,3720,Employed Full-Time,0.1,Junior DevOps Engineer,Infrastructure & Cloud,Blue Heron Technologies,Federal Contracting,"Baltimore, MD",81250,FALSE,Return Offer from Internship
CID-375003,Information Systems,Bachelor of Science,General,Fall 2022,2022,First-Time Freshman,4.3,121,2.87,2.75,Out-of-State,FALSE,10,0,1,2,100050,50650,Employed Part-Time,2.2,IT Analyst,IT Business & Product,National Data Services Agency,Federal Government,Northern Virginia,64750,FALSE,Alumni Network
CID-817644,Computer Science,Bachelor of Science,General,Spring 2023,2023,First-Time Freshman,5.0,122,2.57,2.60,In-State,FALSE,6,1,0,3,57270,5610,Employed Full-Time,1.7,Junior Data Analyst,Data & Analytics,Allied Shield Insurance Group,Insurance,Remote - United States,65500,TRUE,Online Application
CID-714973,Computer Science,Bachelor of Science,General,Spring 2026,2026,First-Time Freshman,3.7,114,2.31,2.28,Out-of-State,FALSE,23,0,0,1,99720,34760,Employed Full-Time,3.6,Business Analyst,IT Business & Product,Sterling Ridge Consulting,Consulting & Professional Services,"Washington, DC Metro",82500,FALSE,Online Application
CID-221502,Information Systems,Bachelor of Science,General,Spring 2016,2016,First-Time Freshman,3.3,121,3.95,3.90,Out-of-State,FALSE,15,1,0,1,13240,1870,Employed Full-Time,0.5,Software Engineer I,Software Engineering,Quarry Road Software,Software Products,"Baltimore, MD",74750,FALSE,Online Application
CID-395317,Computer Science,Bachelor of Science,Software Engineering,Spring 2023,2023,First-Time Freshman,7.7,122,2.41,2.38,In-State,FALSE,20,1,0,2,52780,29910,Employed Full-Time,2.8,Software Engineer I,Software Engineering,Meridian National Systems,Federal Contracting,"Baltimore, MD",64250,FALSE,Recruiter Outreach
CID-651410,Computer Science,Bachelor of Science,General,Spring 2018,2018,First-Time Freshman,3.7,120,3.39,3.37,In-State,FALSE,7,1,1,3,16790,7000,Employed Full-Time,1.6,Machine Learning Engineer I,Machine Learning & AI,Civic Code Alliance,Nonprofit & Civic Tech,"Washington, DC Metro",59750,FALSE,Career Fair
CID-945641,Computer Science,Bachelor of Science,General,Fall 2021,2021,Transfer,2.3,121,3.38,3.32,In-State,FALSE,10,0,3,1,14680,2750,Continuing Education,Not Applicable,Not Applicable,Not Applicable,Not Applicable,Not Applicable,Not Applicable,Not Applicable,Not Applicable,Not Applicable
CID-908721,Information Systems,Bachelor of Science,General,Spring 2025,2025,First-Time Freshman,4.3,121,2.54,2.65,In-State,FALSE,16,1,0,2,34620,28250,Employed Full-Time,0.5,EHR Support Analyst,Health IT,Northfield Biosciences,Healthcare & Life Sciences,Northern Virginia,79000,FALSE,Return Offer from Internship
CID-214535,Computer Science,Bachelor of Science,Cybersecurity,Fall 2021,2021,Transfer,1.7,126,2.52,2.38,Out-of-State,FALSE,10,0,0,0,24400,3490,Employed Full-Time,3.2,Junior Developer,Software Engineering,Maryland Department of IT,Federal Government,Northern Virginia,51000,TRUE,Student Organization Connection
CID-200881,Computer Science,Bachelor of Science,General,Spring 2022,2022,First-Time Freshman,3.7,120,2.98,2.75,In-State,FALSE,6,2,2,1,46030,33810,Employed Full-Time,0.0,Junior Systems Analyst,IT Business & Product,Meridian National Systems,Federal Contracting,"Baltimore, MD",91500,FALSE,Online Application
CID-678738,Computer Science,Bachelor of Science,General,Spring 2024,2024,Transfer,2.3,120,3.00,3.02,In-State,FALSE,7,0,0,0,15660,12370,Employed Full-Time,7.6,Data Analyst,Data & Analytics,Keystone Federal Services,Federal Contracting,"Baltimore, MD",65750,FALSE,Online Application
CID-604402,Computer Science,Master of Science,Data Science,Spring 2025,2025,First-Time Freshman,3.3,120,3.09,3.10,In-State,TRUE,6,0,0,1,43170,20890,No Response,Not Applicable,Not Applicable,Not Applicable,Not Applicable,Not Applicable,Not Applicable,Not Applicable,Not Applicable,Not Applicable
CID-597444,Computer Science,Bachelor of Science,General,Spring 2021,2021,First-Time Freshman,4.3,120,2.07,1.96,In-State,FALSE,5,1,0,0,44630,20380,Employed Full-Time,0.1,Junior Data Analyst,Data & Analytics,Blue Heron Technologies,Federal Contracting,"Columbia/Howard County, MD",64250,FALSE,Return Offer from Internship
CID-235395,Computer Science,Bachelor of Science,Cybersecurity,Spring 2018,2018,First-Time Freshman,3.7,120,3.10,3.13,In-State,FALSE,0,1,0,1,32790,32790,Employed Full-Time,2.1,Security Analyst I,Cybersecurity,Patapsco Aerospace,Defense & Aerospace,"Baltimore, MD",87750,FALSE,Online Application
CID-431548,Information Systems,Bachelor of Science,General,Spring 2022,2022,Transfer,4.3,120,3.40,3.33,In-State,FALSE,22,1,0,1,18830,10170,Employed Full-Time,0.6,Security Analyst I,Cybersecurity,Tidewater Defense Group,Defense & Aerospace,Remote - United States,82500,TRUE,Recruiter Outreach
CID-754724,Information Systems,Bachelor of Science,General,Spring 2025,2025,First-Time Freshman,4.0,121,3.13,3.20,In-State,FALSE,6,1,0,5,44230,18560,No Response,Not Applicable,Not Applicable,Not Applicable,Not Applicable,Not Applicable,Not Applicable,Not Applicable,Not Applicable,Not Applicable
CID-734785,Computer Science,Bachelor of Science,Data Science,Fall 2022,2022,First-Time Freshman,4.0,120,2.39,2.52,In-State,FALSE,9,1,0,6,38770,7460,Employed Full-Time,0.1,Data Analyst,Data & Analytics,Marketside Digital,E-Commerce & Retail Tech,Remote - United States,77250,TRUE,Return Offer from Internship
CID-792211,Information Systems,Bachelor of Science,Cybersecurity Management,Fall 2018,2018,Transfer,3.3,121,3.30,3.33,In-State,FALSE,1,1,1,7,16240,5240,Employed Full-Time,1.0,Security Analyst I,Cybersecurity,Federal Health Data Office,Federal Government,"Baltimore, MD",66250,FALSE,Online Application
CID-661258,Information Systems,Bachelor of Science,Cybersecurity Management,Fall 2023,2023,First-Time Freshman,4.0,121,3.43,3.35,In-State,FALSE,4,2,1,3,28500,7990,No Response,Not Applicable,Not Applicable,Not Applicable,Not Applicable,Not Applicable,Not Applicable,Not Applicable,Not Applicable,Not Applicable
CID-927790,Information Systems,Bachelor of Science,Health Information Technology,Spring 2020,2020,First-Time Freshman,4.3,121,3.41,3.38,In-State,FALSE,15,2,0,1,33520,16920,No Response,Not Applicable,Not Applicable,Not Applicable,Not Applicable,Not Applicable,Not Applicable,Not Applicable,Not Applicable,Not Applicable
CID-114162,Information Systems,Bachelor of Science,Cybersecurity Management,Fall 2024,2024,First-Time Freshman,5.0,121,2.44,2.70,In-State,FALSE,25,0,1,1,46290,12230,No Response,Not Applicable,Not Applicable,Not Applicable,Not Applicable,Not Applicable,Not Applicable,Not Applicable,Not Applicable,Not Applicable
CID-960336,Information Systems,Bachelor of Science,Software Development,Spring 2024,2024,First-Time Freshman,4.0,121,3.40,3.40,In-State,FALSE,6,1,2,5,42030,27030,Employed Full-Time,3.6,Health Data Analyst,Health IT,Greenspring Health Systems,Healthcare & Life Sciences,"Baltimore, MD",76000,FALSE,Online Application
CID-705511,Information Systems,Bachelor of Science,Software Development,Fall 2024,2024,Transfer,4.0,120,2.32,2.37,In-State,FALSE,12,1,0,3,16830,7850,Employed Full-Time,3.5,Junior Security Engineer,Cybersecurity,Federal Health Data Office,Federal Government,"Baltimore, MD",65500,FALSE,Online Application
CID-251534,Computer Science,Bachelor of Science,General,Spring 2026,2026,First-Time Freshman,7.7,120,2.76,2.76,In-State,FALSE,20,1,2,5,65500,18700,Still Seeking,Not Applicable,Not Applicable,Not Applicable,Not Applicable,Not Applicable,Not Applicable,Not Applicable,Not Applicable,Not Applicable
CID-808384,Computer Science,Bachelor of Science,Cybersecurity,Spring 2019,2019,Transfer,2.0,122,3.28,3.36,In-State,FALSE,0,1,0,4,9750,0,Employed Full-Time,0.4,Business Intelligence Analyst,Data & Analytics,Tessellate Labs,Software Products,"Baltimore, MD",67500,FALSE,Student Organization Connection
CID-595715,Information Systems,Bachelor of Science,Business Analytics,Spring 2017,2017,Transfer,2.3,120,2.92,3.00,In-State,FALSE,6,1,0,1,10820,4740,Employed Full-Time,3.3,Health Data Analyst,Health IT,Potomac Mission Solutions,Federal Contracting,"Washington, DC Metro",54250,FALSE,Personal Network
CID-272066,Information Systems,Bachelor of Science,General,Spring 2019,2019,First-Time Freshman,3.7,121,3.70,3.65,Out-of-State,FALSE,12,2,2,4,76630,53100,No Response,Not Applicable,Not Applicable,Not Applicable,Not Applicable,Not Applicable,Not Applicable,Not Applicable,Not Applicable,Not Applicable
CID-209773,Computer Science,Bachelor of Science,Artificial Intelligence,Fall 2025,2025,First-Time Freshman,4.0,120,2.46,2.65,In-State,FALSE,9,2,0,2,33480,5830,Employed Full-Time,4.6,SOC Analyst,Cybersecurity,Tidal Power Cooperative,Energy & Utilities,"Washington, DC Metro",75000,FALSE,Online Application
CID-241148,Computer Science,Bachelor of Science,Data Science,Spring 2017,2017,First-Time Freshman,4.3,122,3.26,3.28,In-State,FALSE,12,0,0,2,21480,14140,Continuing Education,Not Applicable,Not Applicable,Not Applicable,Not Applicable,Not Applicable,Not Applicable,Not Applicable,Not Applicable,Not Applicable
CID-409905,Information Systems,Bachelor of Science,General,Spring 2023,2023,First-Time Freshman,3.7,121,3.25,3.10,In-State,FALSE,12,0,0,1,28180,8810,Employed Full-Time,4.2,Desktop Support Analyst,IT Support & Operations,Calvert Advisory Group,Consulting & Professional Services,"Columbia/Howard County, MD",65250,TRUE,Personal Network
CID-687654,Computer Science,Bachelor of Science,Data Science,Spring 2025,2025,Transfer,2.7,120,2.89,2.88,In-State,FALSE,11,1,0,0,20300,1420,Employed Full-Time,2.4,Associate Software Engineer,Software Engineering,Monument Bank Technology,Financial Services,"Columbia/Howard County, MD",73250,TRUE,Recruiter Outreach
CID-715086,Computer Science,Bachelor of Science,Cybersecurity,Spring 2021,2021,Transfer,2.3,121,3.30,3.39,In-State,FALSE,11,1,0,2,10340,10250,Employed Full-Time,0.0,Junior Systems Analyst,IT Business & Product,Maryland Department of IT,Federal Government,"Baltimore, MD",59750,FALSE,Return Offer from Internship
CID-703878,Information Systems,Bachelor of Science,Business Analytics,Fall 2023,2023,First-Time Freshman,5.0,121,2.79,2.80,In-State,FALSE,21,1,0,1,34860,27280,Still Seeking,Not Applicable,Not Applicable,Not Applicable,Not Applicable,Not Applicable,Not Applicable,Not Applicable,Not Applicable,Not Applicable
CID-624439,Computer Science,Bachelor of Science,Data Science,Spring 2020,2020,First-Time Freshman,4.0,121,3.14,3.22,Out-of-State,FALSE,6,3,0,5,85850,57130,Continuing Education,Not Applicable,Not Applicable,Not Applicable,Not Applicable,Not Applicable,Not Applicable,Not Applicable,Not Applicable,Not Applicable
CID-551387,Computer Science,Bachelor of Science,Artificial Intelligence,Fall 2024,2024,First-Time Freshman,4.0,122,2.90,2.94,In-State,FALSE,1,1,3,0,35930,15510,Employed Full-Time,0.7,Cloud Support Engineer,Infrastructure & Cloud,Parcel & Post Technologies,Logistics & Transportation,"Baltimore, MD",96250,FALSE,Return Offer from Internship
CID-808334,Computer Science,Bachelor of Science,General,Spring 2018,2018,Transfer,2.3,120,2.06,2.23,In-State,FALSE,9,1,0,3,12070,4420,Still Seeking,Not Applicable,Not Applicable,Not Applicable,Not Applicable,Not Applicable,Not Applicable,Not Applicable,Not Applicable,Not Applicable
CID-333035,Computer Science,Bachelor of Science,Data Science,Spring 2022,2022,Transfer,2.7,120,2.96,3.10,In-State,FALSE,7,0,1,3,9280,2730,Employed Full-Time,0.0,Software Engineer I,Software Engineering,Beacon Telecom Services,Telecommunications,"Washington, DC Metro",86750,TRUE,Online Application
CID-714802,Computer Science,Bachelor of Science,General,Fall 2025,2025,Transfer,2.0,122,2.74,2.61,In-State,FALSE,0,0,0,3,17130,7820,Employed Full-Time,4.2,Business Intelligence Analyst,Data & Analytics,Chesapeake Defense Systems,Defense & Aerospace,"Washington, DC Metro",67000,FALSE,Online Application
CID-514806,Computer Science,Bachelor of Science,General,Summer 2023,2023,First-Time Freshman,4.0,122,3.36,3.20,Out-of-State,FALSE,15,2,0,5,78000,40160,Continuing Education,Not Applicable,Not Applicable,Not Applicable,Not Applicable,Not Applicable,Not Applicable,Not Applicable,Not Applicable,Not Applicable
CID-552074,Information Systems,Bachelor of Science,Software Development,Spring 2021,2021,Transfer,2.3,121,2.86,2.82,In-State,FALSE,1,0,0,1,9000,2400,Employed Full-Time,1.0,EHR Support Analyst,Health IT,Keystone Federal Services,Federal Contracting,"Washington, DC Metro",55750,TRUE,Student Organization Connection
CID-739198,Computer Science,Bachelor of Science,Software Engineering,Fall 2023,2023,Transfer,5.0,122,2.94,2.89,In-State,FALSE,27,1,1,1,16180,11170,No Response,Not Applicable,Not Applicable,Not Applicable,Not Applicable,Not Applicable,Not Applicable,Not Applicable,Not Applicable,Not Applicable
CID-585942,Computer Science,Bachelor of Science,Software Engineering,Spring 2026,2026,First-Time Freshman,4.7,121,2.74,2.77,In-State,FALSE,19,3,2,1,32430,7610,Continuing Education,Not Applicable,Not Applicable,Not Applicable,Not Applicable,Not Applicable,Not Applicable,Not Applicable,Not Applicable,Not Applicable
CID-875053,Computer Science,Bachelor of Science,Software Engineering,Spring 2025,2025,First-Time Freshman,3.3,121,3.39,3.41,Out-of-State,FALSE,6,0,0,3,83420,37450,Employed Full-Time,6.8,Software Engineer I,Software Engineering,Allied Shield Insurance Group,Insurance,"Columbia/Howard County, MD",74000,FALSE,Personal Network
CID-237960,Computer Science,Bachelor of Science,Cybersecurity,Fall 2024,2024,First-Time Freshman,4.0,120,3.38,3.33,In-State,FALSE,11,1,0,3,42080,12800,No Response,Not Applicable,Not Applicable,Not Applicable,Not Applicable,Not Applicable,Not Applicable,Not Applicable,Not Applicable,Not Applicable
CID-444621,Information Systems,Bachelor of Science,General,Spring 2016,2016,First-Time Freshman,3.7,121,3.00,3.00,In-State,FALSE,16,1,0,1,34340,19280,Employed Full-Time,2.2,Junior DevOps Engineer,Infrastructure & Cloud,Parcel & Post Technologies,Logistics & Transportation,Northern Virginia,68500,FALSE,Online Application
CID-374182,Computer Science,Bachelor of Science,Data Science,Fall 2024,2024,First-Time Freshman,4.7,122,3.32,3.11,In-State,FALSE,1,2,1,1,39680,13830,Still Seeking,Not Applicable,Not Applicable,Not Applicable,Not Applicable,Not Applicable,Not Applicable,Not Applicable,Not Applicable,Not Applicable
CID-925623,Computer Science,Bachelor of Science,Data Science,Spring 2023,2023,First-Time Freshman,3.3,120,2.40,2.57,In-State,FALSE,7,0,0,5,46160,30990,Employed Full-Time,4.9,Junior Data Analyst,Data & Analytics,Office of Technology Policy,Federal Government,"Washington, DC Metro",60500,FALSE,Recruiter Outreach
CID-566531,Computer Science,Bachelor of Science,Data Science,Spring 2020,2020,First-Time Freshman,3.3,120,3.40,3.39,In-State,FALSE,1,2,1,2,36560,25090,Employed Full-Time,0.2,Machine Learning Engineer I,Machine Learning & AI,Tidewater Defense Group,Defense & Aerospace,Remote - United States,87250,TRUE,Return Offer from Internship
CID-239648,Computer Science,Bachelor of Science,General,Spring 2025,2025,First-Time Freshman,7.0,120,2.77,2.59,Out-of-State,FALSE,23,1,0,3,90990,27710,Continuing Education,Not Applicable,Not Applicable,Not Applicable,Not Applicable,Not Applicable,Not Applicable,Not Applicable,Not Applicable,Not Applicable
CID-296309,Information Systems,Bachelor of Science,General,Spring 2023,2023,Transfer,3.3,121,2.82,2.72,In-State,FALSE,13,0,0,2,17010,4230,No Response,Not Applicable,Not Applicable,Not Applicable,Not Applicable,Not Applicable,Not Applicable,Not Applicable,Not Applicable,Not Applicable
CID-113906,Information Systems,Bachelor of Science,Software Development,Spring 2025,2025,First-Time Freshman,4.0,121,2.87,2.85,In-State,FALSE,16,2,0,7,36840,28610,Employed Full-Time,1.3,Cloud Support Engineer,Infrastructure & Cloud,Beacon Telecom Services,Telecommunications,Northern Virginia,86500,FALSE,Student Organization Connection
CID-489235,Computer Science,Bachelor of Science,Data Science,Fall 2015,2015,Transfer,2.0,121,2.67,2.75,In-State,FALSE,14,0,0,2,11070,5220,Employed Part-Time,5.5,Junior Developer,Software Engineering,Shoreline Retail Group,E-Commerce & Retail Tech,"Baltimore, MD",50000,FALSE,Online Application
CID-341838,Information Systems,Bachelor of Science,Cybersecurity Management,Spring 2026,2026,First-Time Freshman,4.3,121,3.09,3.00,In-State,FALSE,6,1,0,4,41070,30280,Continuing Education,Not Applicable,Not Applicable,Not Applicable,Not Applicable,Not Applicable,Not Applicable,Not Applicable,Not Applicable,Not Applicable
CID-922231,Information Systems,Bachelor of Science,Health Information Technology,Fall 2015,2015,Transfer,2.0,122,3.16,3.12,In-State,FALSE,2,1,0,3,8200,580,No Response,Not Applicable,Not Applicable,Not Applicable,Not Applicable,Not Applicable,Not Applicable,Not Applicable,Not Applicable,Not Applicable
CID-316983,Computer Science,Bachelor of Science,Software Engineering,Spring 2016,2016,Transfer,2.3,120,3.21,3.04,In-State,FALSE,10,0,3,6,13690,10160,Employed Part-Time,1.3,Junior Developer,Software Engineering,Arbor Peak Technologies,Software Products,Northern Virginia,67500,FALSE,Personal Network
CID-895954,Computer Science,Master of Science,General,Spring 2020,2020,Transfer,2.0,121,2.96,3.00,In-State,TRUE,13,0,0,4,10280,3070,Employed Full-Time,5.5,Security Analyst I,Cybersecurity,Catoctin Analytics Group,Federal Contracting,"Baltimore, MD",59750,FALSE,Online Application
CID-974852,Information Systems,Bachelor of Science,Health Information Technology,Spring 2015,2015,First-Time Freshman,4.0,121,3.64,3.70,In-State,FALSE,3,2,2,5,26250,11580,Employed Full-Time,0.0,Cloud Support Engineer,Infrastructure & Cloud,Bayview Medical Informatics,Healthcare & Life Sciences,"Washington, DC Metro",93000,FALSE,Student Organization Connection
CID-144966,Computer Science,Bachelor of Science,Cybersecurity,Spring 2022,2022,First-Time Freshman,3.7,121,2.60,2.52,In-State,FALSE,4,0,0,2,42650,14310,Employed Full-Time,0.0,Desktop Support Analyst,IT Support & Operations,Tidewater Defense Group,Defense & Aerospace,"Baltimore, MD",52000,FALSE,Recruiter Outreach
CID-403535,Information Systems,Bachelor of Science,Business Analytics,Spring 2025,2025,First-Time Freshman,3.7,121,2.56,2.40,In-State,FALSE,15,1,0,1,45980,8490,Employed Full-Time,3.8,Clinical Systems Analyst,Health IT,Chesapeake Community College,Higher Education,Northern Virginia,49250,FALSE,Online Application
CID-443846,Computer Science,Bachelor of Science,Artificial Intelligence,Spring 2026,2026,Transfer,3.0,119,2.38,2.35,In-State,FALSE,14,1,0,7,20810,8420,No Response,Not Applicable,Not Applicable,Not Applicable,Not Applicable,Not Applicable,Not Applicable,Not Applicable,Not Applicable,Not Applicable
CID-469922,Information Systems,Bachelor of Science,Health Information Technology,Spring 2018,2018,Transfer,2.3,121,2.93,2.94,In-State,FALSE,9,1,2,0,8810,4370,Employed Full-Time,0.5,Junior Systems Analyst,IT Business & Product,Maryland Department of IT,Federal Government,"Washington, DC Metro",59750,FALSE,Personal Network
CID-617961,Information Systems,Bachelor of Science,Cybersecurity Management,Fall 2019,2019,Transfer,5.7,121,2.82,2.89,In-State,FALSE,23,1,1,3,18170,13060,Employed Full-Time,0.8,Associate Software Engineer,Software Engineering,Patapsco Aerospace,Defense & Aerospace,"Columbia/Howard County, MD",70750,FALSE,Career Fair
CID-820704,Computer Science,Bachelor of Science,General,Spring 2019,2019,First-Time Freshman,4.0,120,3.44,3.53,In-State,FALSE,11,2,3,3,27250,13640,Employed Full-Time,0.3,Cloud Support Engineer,Infrastructure & Cloud,Lumen Grid Software,Software Products,"Raleigh-Durham, NC",85250,FALSE,Return Offer from Internship
CID-770215,Computer Science,Bachelor of Science,Cybersecurity,Spring 2021,2021,Transfer,3.3,120,2.39,2.43,In-State,FALSE,21,1,0,3,17260,0,Employed Full-Time,1.1,Junior Security Engineer,Cybersecurity,Patapsco Aerospace,Defense & Aerospace,Remote - United States,95250,TRUE,Career Fair
CID-157249,Information Systems,Bachelor of Science,Health Information Technology,Spring 2022,2022,Transfer,3.3,121,2.92,2.94,In-State,FALSE,1,0,0,3,13010,8840,Employed Full-Time,2.8,IT Analyst,IT Business & Product,Chesapeake Community College,Higher Education,"Baltimore, MD",49000,FALSE,Online Application
CID-318597,Computer Science,Bachelor of Science,Software Engineering,Fall 2016,2016,Transfer,2.7,122,3.45,3.62,In-State,FALSE,6,1,2,0,13430,9830,Employed Full-Time,0.5,Junior Developer,Software Engineering,Chesapeake Defense Systems,Defense & Aerospace,"Washington, DC Metro",87500,FALSE,Return Offer from Internship
CID-880007,Computer Science,Bachelor of Science,Cybersecurity,Spring 2024,2024,Transfer,2.7,121,3.12,2.98,In-State,FALSE,15,1,0,3,17050,10160,Employed Full-Time,1.4,Junior Data Analyst,Data & Analytics,Calvert Advisory Group,Consulting & Professional Services,"Baltimore, MD",71500,FALSE,Student Organization Connection
CID-620836,Computer Science,Bachelor of Science,Cybersecurity,Fall 2019,2019,First-Time Freshman,4.7,122,3.46,3.35,In-State,FALSE,3,3,2,0,28500,28080,No Response,Not Applicable,Not Applicable,Not Applicable,Not Applicable,Not Applicable,Not Applicable,Not Applicable,Not Applicable,Not Applicable
CID-578481,Computer Science,Bachelor of Science,Data Science,Fall 2017,2017,First-Time Freshman,4.0,120,2.51,2.39,In-State,FALSE,8,1,1,4,39410,30940,Employed Full-Time,1.8,Business Intelligence Analyst,Data & Analytics,Pinnacle Bridge Partners,Consulting & Professional Services,"Washington, DC Metro",64250,FALSE,Personal Network
CID-585479,Information Systems,Bachelor of Science,Health Information Technology,Spring 2018,2018,Transfer,3.3,121,2.84,2.89,In-State,FALSE,4,1,2,2,18910,13940,No Response,Not Applicable,Not Applicable,Not Applicable,Not Applicable,Not Applicable,Not Applicable,Not Applicable,Not Applicable,Not Applicable
CID-191115,Information Systems,Master of Science,Business Analytics,Fall 2015,2015,Transfer,3.0,120,3.23,3.32,In-State,TRUE,3,0,0,2,10930,6070,No Response,Not Applicable,Not Applicable,Not Applicable,Not Applicable,Not Applicable,Not Applicable,Not Applicable,Not Applicable,Not Applicable
CID-617533,Computer Science,Bachelor of Science,General,Fall 2023,2023,First-Time Freshman,4.0,122,3.23,3.24,Out-of-State,FALSE,6,2,0,0,79950,38830,Employed Part-Time,1.0,Cloud Support Engineer,Infrastructure & Cloud,Blue Heron Technologies,Federal Contracting,Remote - United States,96000,TRUE,Online Application
CID-617651,Computer Science,Bachelor of Science,General,Fall 2018,2018,Transfer,2.0,124,2.50,2.49,In-State,FALSE,10,0,0,1,11580,4270,Still Seeking,Not Applicable,Not Applicable,Not Applicable,Not Applicable,Not Applicable,Not Applicable,Not Applicable,Not Applicable,Not Applicable
CID-673053,Computer Science,Bachelor of Science,Cybersecurity,Spring 2019,2019,First-Time Freshman,4.0,122,3.16,2.97,Out-of-State,FALSE,15,2,0,3,49730,31480,Employed Full-Time,2.7,Associate Software Engineer,Software Engineering,Cartway Commerce,E-Commerce & Retail Tech,"Boston, MA",94500,FALSE,Recruiter Outreach
CID-475869,Computer Science,Bachelor of Science,Cybersecurity,Spring 2026,2026,First-Time Freshman,4.3,123,2.21,2.23,Out-of-State,FALSE,17,1,0,2,108670,108670,Employed Full-Time,0.9,Junior Developer,Software Engineering,Stratus Cloud Works,Cloud & Infrastructure,Northern Virginia,89500,FALSE,Career Fair
CID-914513,Information Systems,Bachelor of Science,Software Development,Fall 2015,2015,Transfer,3.3,122,3.07,3.11,In-State,FALSE,3,0,0,5,12980,9550,Employed Full-Time,2.4,Junior Security Engineer,Cybersecurity,Clearfield Assurance,Cybersecurity Services,"Baltimore, MD",82000,FALSE,Recruiter Outreach
CID-517054,Computer Science,Bachelor of Science,General,Fall 2024,2024,First-Time Freshman,3.7,120,3.40,3.37,In-State,FALSE,11,1,0,3,50100,14030,Employed Full-Time,0.1,Security Analyst I,Cybersecurity,Cartway Commerce,E-Commerce & Retail Tech,"Washington, DC Metro",118000,FALSE,Return Offer from Internship
CID-411105,Computer Science,Bachelor of Science,Cybersecurity,Fall 2017,2017,First-Time Freshman,4.0,121,3.64,3.60,In-State,FALSE,3,2,2,2,29160,11240,Employed Full-Time,0.6,Software Engineer I,Software Engineering,Northwind Platform Co.,Software Products,Northern Virginia,98750,FALSE,Career Fair
CID-518654,Computer Science,Bachelor of Science,General,Spring 2026,2026,Transfer,2.3,122,3.22,3.08,In-State,FALSE,7,1,0,3,12060,12060,Employed Full-Time,0.3,Junior Systems Analyst,IT Business & Product,Antietam Systems Integration,Federal Contracting,"Baltimore, MD",75000,FALSE,Career Fair
CID-990467,Computer Science,Master of Science,Software Engineering,Spring 2022,2022,First-Time Freshman,4.7,122,3.16,3.08,In-State,FALSE,1,0,0,2,25730,23090,Employed Full-Time,1.6,SOC Analyst,Cybersecurity,Maryland Department of IT,Federal Government,"Baltimore, MD",63500,FALSE,Personal Network
CID-593404,Computer Science,Bachelor of Science,Data Science,Spring 2025,2025,Transfer,2.3,122,2.95,2.85,In-State,FALSE,23,1,3,3,7380,5500,Employed Full-Time,5.8,Junior Data Analyst,Data & Analytics,Marketside Digital,E-Commerce & Retail Tech,"Columbia/Howard County, MD",73000,FALSE,Personal Network
CID-541349,Computer Science,Bachelor of Science,Software Engineering,Spring 2022,2022,Transfer,2.7,121,3.43,3.49,Out-of-State,FALSE,7,2,1,7,25220,21900,Employed Full-Time,0.2,Junior Developer,Software Engineering,Redoubt Security Partners,Cybersecurity Services,"Baltimore, MD",86500,FALSE,Return Offer from Internship
CID-871071,Information Systems,Bachelor of Science,Health Information Technology,Fall 2015,2015,Transfer,2.7,120,2.94,2.88,In-State,FALSE,11,1,0,3,18230,11880,Employed Full-Time,2.1,IT Support Specialist,IT Support & Operations,Chesapeake Community College,Higher Education,"Columbia/Howard County, MD",34250,FALSE,Recruiter Outreach
CID-194183,Computer Science,Bachelor of Science,Data Science,Fall 2025,2025,First-Time Freshman,4.3,122,3.57,3.57,Out-of-State,FALSE,7,1,0,1,64210,0,Employed Full-Time,1.3,Data Analyst,Data & Analytics,Continental Wireless,Telecommunications,"Columbia/Howard County, MD",93500,FALSE,Online Application
CID-736135,Information Systems,Bachelor of Science,Cybersecurity Management,Spring 2020,2020,First-Time Freshman,4.0,121,2.83,2.75,Out-of-State,FALSE,25,1,1,2,74280,26510,Employed Full-Time,0.2,SOC Analyst,Cybersecurity,Federal Health Data Office,Federal Government,"Washington, DC Metro",76500,FALSE,Return Offer from Internship
CID-578913,Computer Science,Bachelor of Science,General,Spring 2025,2025,First-Time Freshman,4.7,122,2.93,3.03,In-State,FALSE,6,1,0,3,30860,22370,Continuing Education,Not Applicable,Not Applicable,Not Applicable,Not Applicable,Not Applicable,Not Applicable,Not Applicable,Not Applicable,Not Applicable
CID-301139,Computer Science,Bachelor of Science,General,Spring 2024,2024,First-Time Freshman,4.3,122,2.96,2.84,Out-of-State,FALSE,8,1,0,1,55480,22030,Still Seeking,Not Applicable,Not Applicable,Not Applicable,Not Applicable,Not Applicable,Not Applicable,Not Applicable,Not Applicable,Not Applicable
CID-744549,Information Systems,Bachelor of Science,Business Analytics,Fall 2025,2025,First-Time Freshman,8.0,121,3.24,3.10,In-State,FALSE,15,3,0,5,40700,39020,Employed Part-Time,0.2,Security Analyst I,Cybersecurity,Chesterfield Asset Management,Financial Services,"Baltimore, MD",96750,FALSE,Return Offer from Internship
CID-239174,Information Systems,Bachelor of Science,General,Fall 2019,2019,First-Time Freshman,4.7,121,2.54,2.35,In-State,FALSE,4,1,0,1,41350,22100,No Response,Not Applicable,Not Applicable,Not Applicable,Not Applicable,Not Applicable,Not Applicable,Not Applicable,Not Applicable,Not Applicable
CID-512483,Information Systems,Bachelor of Science,Software Development,Spring 2025,2025,Transfer,2.7,121,3.43,3.44,In-State,FALSE,8,2,2,1,14470,5540,Employed Full-Time,0.0,IT Analyst,IT Business & Product,Keystone Federal Services,Federal Contracting,"Baltimore, MD",90500,FALSE,Return Offer from Internship
CID-863626,Computer Science,Bachelor of Science,Cybersecurity,Spring 2026,2026,First-Time Freshman,4.0,117,2.60,2.44,In-State,FALSE,15,0,0,0,49440,34730,No Response,Not Applicable,Not Applicable,Not Applicable,Not Applicable,Not Applicable,Not Applicable,Not Applicable,Not Applicable,Not Applicable
CID-651517,Computer Science,Bachelor of Science,Software Engineering,Spring 2022,2022,Transfer,3.7,122,2.77,2.61,In-State,FALSE,15,2,0,3,15570,6730,Employed Full-Time,0.1,Junior DevOps Engineer,Infrastructure & Cloud,Calvert Advisory Group,Consulting & Professional Services,"Baltimore, MD",85000,FALSE,Return Offer from Internship
CID-297354,Computer Science,Bachelor of Science,Data Science,Fall 2022,2022,First-Time Freshman,4.0,122,3.41,3.32,In-State,FALSE,11,2,2,3,35600,15790,Employed Full-Time,0.0,Security Analyst I,Cybersecurity,Continental Wireless,Telecommunications,"Washington, DC Metro",108000,FALSE,Alumni Network
CID-634885,Computer Science,Bachelor of Science,Data Science,Fall 2023,2023,Transfer,3.0,121,2.96,2.80,In-State,FALSE,0,2,0,1,13310,6570,Employed Full-Time,1.8,Junior Data Analyst,Data & Analytics,Meridian National Systems,Federal Contracting,"Washington, DC Metro",71250,FALSE,Career Fair
CID-685599,Computer Science,Bachelor of Science,Artificial Intelligence,Spring 2022,2022,First-Time Freshman,3.7,120,2.67,2.47,In-State,FALSE,2,0,0,1,42360,35720,Employed Full-Time,0.2,Junior Data Analyst,Data & Analytics,Antietam Systems Integration,Federal Contracting,"Washington, DC Metro",60750,FALSE,Online Application
CID-513239,Computer Science,Bachelor of Science,Cybersecurity,Spring 2017,2017,First-Time Freshman,4.7,122,2.08,2.06,Out-of-State,FALSE,4,0,0,1,69720,20330,No Response,Not Applicable,Not Applicable,Not Applicable,Not Applicable,Not Applicable,Not Applicable,Not Applicable,Not Applicable,Not Applicable
CID-729595,Information Systems,Bachelor of Science,Software Development,Spring 2024,2024,Transfer,2.3,121,3.37,3.39,In-State,FALSE,10,0,3,2,15750,8750,Employed Full-Time,4.7,Junior DevOps Engineer,Infrastructure & Cloud,Office of Technology Policy,Federal Government,"Baltimore, MD",71500,FALSE,Student Organization Connection
CID-433550,Computer Science,Bachelor of Science,Software Engineering,Fall 2022,2022,First-Time Freshman,4.3,120,3.28,3.30,Out-of-State,FALSE,7,2,0,5,69070,57730,Employed Full-Time,0.0,Clinical Systems Analyst,Health IT,Patapsco Aerospace,Defense & Aerospace,"Washington, DC Metro",91750,FALSE,Student Organization Connection
CID-590712,Information Systems,Master of Science,Cybersecurity Management,Fall 2015,2015,First-Time Freshman,4.7,121,2.97,2.90,In-State,TRUE,9,3,2,0,36170,19510,Employed Full-Time,0.0,Health Data Analyst,Health IT,National Data Services Agency,Federal Government,"Baltimore, MD",73000,FALSE,Return Offer from Internship
CID-838669,Computer Science,Bachelor of Science,Software Engineering,Fall 2022,2022,First-Time Freshman,5.0,120,1.98,1.71,In-State,FALSE,9,1,0,0,52820,41720,Employed Full-Time,0.1,Systems Administrator,Infrastructure & Cloud,Potomac Mission Solutions,Federal Contracting,"Washington, DC Metro",90000,FALSE,Return Offer from Internship
CID-811860,Computer Science,Bachelor of Science,General,Spring 2026,2026,First-Time Freshman,4.0,117,2.78,2.81,In-State,FALSE,17,0,1,1,42080,28420,Employed Full-Time,3.2,Business Intelligence Analyst,Data & Analytics,Potomac Mission Solutions,Federal Contracting,"Baltimore, MD",81250,FALSE,Faculty or Staff Referral
CID-626576,Information Systems,Bachelor of Science,Software Development,Spring 2020,2020,Transfer,3.3,122,3.12,3.17,In-State,FALSE,11,1,0,1,7800,4930,Employed Full-Time,4.5,Business Intelligence Analyst,Data & Analytics,Office of Technology Policy,Federal Government,"Baltimore, MD",65500,TRUE,Career Fair
CID-653378,Computer Science,Bachelor of Science,General,Spring 2026,2026,Transfer,2.7,120,3.27,3.37,In-State,FALSE,8,1,0,1,12220,7470,Employed Full-Time,0.1,Junior Developer,Software Engineering,Marketside Digital,E-Commerce & Retail Tech,"Baltimore, MD",78250,FALSE,Return Offer from Internship
CID-618789,Computer Science,Bachelor of Science,Software Engineering,Fall 2015,2015,First-Time Freshman,4.3,121,2.89,2.94,In-State,FALSE,10,3,1,6,34410,24120,Employed Full-Time,0.1,Junior Developer,Software Engineering,National Data Services Agency,Federal Government,"Baltimore, MD",86500,FALSE,Return Offer from Internship
CID-855992,Information Systems,Bachelor of Science,Business Analytics,Spring 2025,2025,First-Time Freshman,8.0,121,2.94,3.00,Out-of-State,FALSE,19,1,1,0,95330,34500,Employed Full-Time,3.0,EHR Support Analyst,Health IT,Pinnacle Bridge Partners,Consulting & Professional Services,"Baltimore, MD",86750,FALSE,Online Application
CID-666728,Computer Science,Bachelor of Science,Data Science,Spring 2019,2019,First-Time Freshman,3.7,120,3.35,3.23,In-State,FALSE,13,1,2,4,39840,18850,Continuing Education,Not Applicable,Not Applicable,Not Applicable,Not Applicable,Not Applicable,Not Applicable,Not Applicable,Not Applicable,Not Applicable
CID-840872,Computer Science,Bachelor of Science,General,Spring 2023,2023,First-Time Freshman,3.3,120,2.95,3.09,In-State,FALSE,10,2,0,1,32080,15800,Employed Full-Time,0.0,Junior DevOps Engineer,Infrastructure & Cloud,Marketside Digital,E-Commerce & Retail Tech,Northern Virginia,118500,FALSE,Return Offer from Internship
CID-317515,Information Systems,Bachelor of Science,General,Fall 2020,2020,Transfer,3.3,122,3.58,3.61,In-State,FALSE,23,2,0,3,13830,10680,Employed Full-Time,0.0,Junior Data Analyst,Data & Analytics,University of Maryland System,Higher Education,"Baltimore, MD",64250,FALSE,Return Offer from Internship
CID-867157,Computer Science,Bachelor of Science,General,Fall 2017,2017,First-Time Freshman,5.7,120,3.43,3.24,In-State,FALSE,18,2,2,7,30070,30070,Employed Full-Time,0.3,Software Engineer I,Software Engineering,Chesapeake Defense Systems,Defense & Aerospace,"Washington, DC Metro",77250,FALSE,Return Offer from Internship
CID-954849,Information Systems,Bachelor of Science,General,Spring 2020,2020,First-Time Freshman,3.7,121,3.83,3.80,Out-of-State,FALSE,13,2,0,3,47960,24340,Employed Part-Time,1.2,Desktop Support Analyst,IT Support & Operations,Chesapeake Community College,Higher Education,"Baltimore, MD",53250,FALSE,Career Fair
CID-258029,Computer Science,Bachelor of Science,General,Fall 2015,2015,Transfer,2.0,120,3.78,3.84,In-State,FALSE,20,1,1,3,7970,2710,Continuing Education,Not Applicable,Not Applicable,Not Applicable,Not Applicable,Not Applicable,Not Applicable,Not Applicable,Not Applicable,Not Applicable
CID-970833,Information Systems,Bachelor of Science,Business Analytics,Spring 2016,2016,First-Time Freshman,3.7,121,3.20,3.35,In-State,FALSE,20,2,0,4,24240,16150,Employed Full-Time,0.1,Help Desk Technician,IT Support & Operations,Sentinel Peak Security,Cybersecurity Services,"Baltimore, MD",68250,FALSE,Personal Network
CID-768174,Computer Science,Bachelor of Science,General,Spring 2023,2023,First-Time Freshman,4.7,120,2.83,2.78,Out-of-State,FALSE,1,3,2,4,79400,74910,Employed Full-Time,0.5,SOC Analyst,Cybersecurity,Meridian National Systems,Federal Contracting,"Washington, DC Metro",128500,FALSE,Return Offer from Internship
CID-131816,Information Systems,Bachelor of Science,Software Development,Fall 2025,2025,First-Time Freshman,4.0,121,3.75,3.90,In-State,FALSE,8,2,1,4,22160,0,Continuing Education,Not Applicable,Not Applicable,Not Applicable,Not Applicable,Not Applicable,Not Applicable,Not Applicable,Not Applicable,Not Applicable
CID-432957,Computer Science,Bachelor of Science,Software Engineering,Fall 2017,2017,Transfer,3.0,121,3.40,3.47,Out-of-State,FALSE,14,1,0,1,17970,10580,Employed Full-Time,0.3,Cloud Support Engineer,Infrastructure & Cloud,Blue Heron Technologies,Federal Contracting,"Baltimore, MD",85750,FALSE,Return Offer from Internship
CID-848635,Computer Science,Bachelor of Science,Software Engineering,Spring 2018,2018,First-Time Freshman,4.3,122,3.36,3.36,In-State,FALSE,9,3,1,3,36100,22580,Continuing Education,Not Applicable,Not Applicable,Not Applicable,Not Applicable,Not Applicable,Not Applicable,Not Applicable,Not Applicable,Not Applicable
CID-860736,Computer Science,Bachelor of Science,General,Spring 2024,2024,First-Time Freshman,5.3,123,2.37,2.30,Out-of-State,FALSE,9,0,0,2,95480,43510,Employed Full-Time,5.3,Junior Developer,Software Engineering,Fidelis Capital Partners,Financial Services,"Columbia/Howard County, MD",73000,FALSE,Career Fair
CID-419858,Computer Science,Bachelor of Science,Software Engineering,Spring 2025,2025,First-Time Freshman,6.7,123,3.53,3.72,In-State,FALSE,23,1,0,5,29490,4600,Employed Full-Time,0.5,IT Support Specialist,IT Support & Operations,National Data Services Agency,Federal Government,"Baltimore, MD",74000,FALSE,Return Offer from Internship
CID-430897,Computer Science,Bachelor of Science,Cybersecurity,Spring 2019,2019,Transfer,2.0,120,2.88,2.77,In-State,FALSE,10,1,0,5,16740,14290,Still Seeking,Not Applicable,Not Applicable,Not Applicable,Not Applicable,Not Applicable,Not Applicable,Not Applicable,Not Applicable,Not Applicable
CID-800396,Information Systems,Bachelor of Science,Cybersecurity Management,Spring 2024,2024,First-Time Freshman,4.0,121,3.33,3.40,In-State,FALSE,4,2,1,1,35530,11600,Employed Full-Time,0.1,SOC Analyst,Cybersecurity,Pinnacle Bridge Partners,Consulting & Professional Services,"Washington, DC Metro",123500,FALSE,Return Offer from Internship
CID-182919,Computer Science,Bachelor of Science,Software Engineering,Fall 2024,2024,First-Time Freshman,4.0,122,2.79,2.81,In-State,FALSE,14,2,1,6,49400,25210,Employed Full-Time,0.4,Junior DevOps Engineer,Infrastructure & Cloud,Stratus Cloud Works,Cloud & Infrastructure,"Baltimore, MD",121000,TRUE,Return Offer from Internship
CID-871138,Information Systems,Bachelor of Science,Health Information Technology,Spring 2015,2015,First-Time Freshman,3.3,121,2.79,2.95,In-State,FALSE,15,1,1,2,34410,11840,No Response,Not Applicable,Not Applicable,Not Applicable,Not Applicable,Not Applicable,Not Applicable,Not Applicable,Not Applicable,Not Applicable
CID-562465,Information Systems,Bachelor of Science,Cybersecurity Management,Spring 2015,2015,First-Time Freshman,5.3,121,3.88,3.85,In-State,FALSE,18,1,0,0,20290,17720,Continuing Education,Not Applicable,Not Applicable,Not Applicable,Not Applicable,Not Applicable,Not Applicable,Not Applicable,Not Applicable,Not Applicable
CID-493426,Computer Science,Bachelor of Science,Cybersecurity,Fall 2020,2020,Transfer,4.0,120,2.90,2.76,In-State,FALSE,20,1,0,1,17280,7550,Employed Full-Time,7.2,Systems Administrator,Infrastructure & Cloud,Meridian National Systems,Federal Contracting,"Washington, DC Metro",91750,FALSE,Recruiter Outreach
CID-783110,Information Systems,Bachelor of Science,Business Analytics,Fall 2025,2025,First-Time Freshman,4.7,121,2.37,2.40,In-State,FALSE,14,2,0,0,52820,27480,Employed Full-Time,3.7,Business Analyst,IT Business & Product,Northwind Platform Co.,Software Products,Northern Virginia,107500,FALSE,Career Fair
CID-331411,Computer Science,Bachelor of Science,Cybersecurity,Spring 2015,2015,First-Time Freshman,3.3,120,3.27,3.22,In-State,FALSE,5,1,0,2,28200,22820,Employed Full-Time,3.1,Software Engineer I,Software Engineering,Marketside Digital,E-Commerce & Retail Tech,"Washington, DC Metro",73250,TRUE,Career Fair
CID-555524,Information Systems,Bachelor of Science,General,Fall 2019,2019,First-Time Freshman,4.0,121,2.74,2.85,Out-of-State,FALSE,13,3,0,3,69880,27200,Employed Full-Time,2.3,Business Analyst,IT Business & Product,Meridian National Systems,Federal Contracting,Northern Virginia,79500,FALSE,Online Application
CID-738599,Computer Science,Bachelor of Science,General,Fall 2020,2020,First-Time Freshman,4.3,120,2.75,2.76,Out-of-State,FALSE,8,0,0,0,65460,1730,Employed Full-Time,7.4,Software Engineer I,Software Engineering,Parcel & Post Technologies,Logistics & Transportation,"Austin, TX",58500,TRUE,Online Application
CID-651623,Information Systems,Bachelor of Science,Business Analytics,Fall 2023,2023,First-Time Freshman,4.0,121,2.81,2.75,In-State,FALSE,13,2,2,0,36300,23360,Employed Full-Time,0.5,Desktop Support Analyst,IT Support & Operations,Chesapeake Defense Systems,Defense & Aerospace,"Washington, DC Metro",65250,FALSE,Return Offer from Internship
CID-212795,Information Systems,Bachelor of Science,Cybersecurity Management,Fall 2015,2015,First-Time Freshman,4.3,121,3.12,3.20,In-State,FALSE,6,2,0,4,31260,23300,Employed Full-Time,0.3,IT Support Specialist,IT Support & Operations,Meridian National Systems,Federal Contracting,"Baltimore, MD",63250,FALSE,Return Offer from Internship
CID-721698,Computer Science,Bachelor of Science,Software Engineering,Fall 2020,2020,First-Time Freshman,6.7,122,2.90,2.97,Out-of-State,FALSE,22,2,0,1,69050,29540,Employed Full-Time,1.9,Junior DevOps Engineer,Infrastructure & Cloud,Northfield Biosciences,Healthcare & Life Sciences,Northern Virginia,81250,FALSE,Recruiter Outreach
CID-946745,Information Systems,Bachelor of Science,Business Analytics,Fall 2021,2021,Transfer,2.0,120,2.80,2.76,In-State,FALSE,18,0,0,2,11630,6030,Employed Full-Time,1.0,Junior Systems Analyst,IT Business & Product,Piedmont Energy Partners,Energy & Utilities,"Baltimore, MD",56000,FALSE,Online Application
CID-219888,Computer Science,Bachelor of Science,Artificial Intelligence,Fall 2023,2023,First-Time Freshman,4.0,122,3.48,3.17,Out-of-State,FALSE,6,2,0,1,66730,36460,Employed Full-Time,0.0,Junior Security Engineer,Cybersecurity,Greenspring Health Systems,Healthcare & Life Sciences,"Washington, DC Metro",104500,FALSE,Return Offer from Internship
CID-604156,Computer Science,Bachelor of Science,Data Science,Spring 2024,2024,First-Time Freshman,4.0,120,2.44,2.51,Out-of-State,FALSE,18,0,0,2,95770,50190,Employed Part-Time,6.6,Security Analyst I,Cybersecurity,Antietam Systems Integration,Federal Contracting,"Washington, DC Metro",89000,FALSE,Career Fair
CID-374868,Information Systems,Bachelor of Science,Cybersecurity Management,Spring 2024,2024,Transfer,3.0,121,3.34,3.56,In-State,FALSE,20,1,0,2,11040,1950,Employed Full-Time,5.3,Junior Data Analyst,Data & Analytics,Dockside Logistics Systems,Logistics & Transportation,"Washington, DC Metro",64500,FALSE,Student Organization Connection
CID-163805,Information Systems,Bachelor of Science,Cybersecurity Management,Spring 2023,2023,First-Time Freshman,4.0,121,2.98,2.90,In-State,FALSE,3,0,1,3,41600,15720,Employed Full-Time,3.8,Junior Data Analyst,Data & Analytics,Redoubt Security Partners,Cybersecurity Services,"Baltimore, MD",66500,FALSE,Career Fair
CID-581306,Information Systems,Bachelor of Science,General,Spring 2021,2021,First-Time Freshman,3.7,121,3.45,3.55,Out-of-State,FALSE,4,1,0,2,77420,10380,Employed Full-Time,0.8,Junior Systems Analyst,IT Business & Product,Potomac Mission Solutions,Federal Contracting,"Washington, DC Metro",87500,TRUE,Online Application
CID-447869,Computer Science,Master of Science,General,Spring 2017,2017,Transfer,2.3,120,3.90,3.92,In-State,TRUE,8,1,0,2,6600,2730,Employed Full-Time,0.4,Associate Software Engineer,Software Engineering,Continental Wireless,Telecommunications,"Washington, DC Metro",95750,FALSE,Return Offer from Internship
CID-681016,Information Systems,Bachelor of Science,Cybersecurity Management,Spring 2026,2026,First-Time Freshman,4.3,121,3.11,3.19,In-State,FALSE,18,1,0,4,32260,13240,Employed Part-Time,4.1,Junior Security Engineer,Cybersecurity,Catoctin Analytics Group,Federal Contracting,"Columbia/Howard County, MD",112500,FALSE,Recruiter Outreach
CID-612257,Information Systems,Bachelor of Science,Business Analytics,Spring 2023,2023,Transfer,2.3,120,2.85,2.88,In-State,FALSE,11,0,0,1,14800,7940,Employed Full-Time,2.3,IT Analyst,IT Business & Product,Civic Code Alliance,Nonprofit & Civic Tech,"Washington, DC Metro",50500,FALSE,Alumni Network
CID-738543,Computer Science,Bachelor of Science,General,Fall 2018,2018,First-Time Freshman,4.0,120,2.68,2.91,In-State,FALSE,26,0,0,2,47180,37750,No Response,Not Applicable,Not Applicable,Not Applicable,Not Applicable,Not Applicable,Not Applicable,Not Applicable,Not Applicable,Not Applicable
CID-840287,Computer Science,Bachelor of Science,Software Engineering,Spring 2017,2017,First-Time Freshman,3.3,121,3.08,2.90,Out-of-State,FALSE,19,2,0,4,46400,12130,No Response,Not Applicable,Not Applicable,Not Applicable,Not Applicable,Not Applicable,Not Applicable,Not Applicable,Not Applicable,Not Applicable
CID-165486,Computer Science,Bachelor of Science,Data Science,Fall 2023,2023,First-Time Freshman,4.7,122,2.69,2.75,Out-of-State,FALSE,12,0,0,4,75090,40900,Employed Full-Time,9.4,Security Analyst I,Cybersecurity,Clarion Clinical Data,Healthcare & Life Sciences,"Baltimore, MD",82250,FALSE,Career Fair
CID-599199,Computer Science,Bachelor of Science,General,Fall 2017,2017,Transfer,2.3,135,3.20,3.12,In-State,FALSE,10,0,2,1,11540,6250,Continuing Education,Not Applicable,Not Applicable,Not Applicable,Not Applicable,Not Applicable,Not Applicable,Not Applicable,Not Applicable,Not Applicable
CID-144202,Computer Science,Bachelor of Science,Data Science,Fall 2025,2025,First-Time Freshman,5.7,123,2.37,2.32,In-State,FALSE,9,0,0,2,48790,2860,Still Seeking,Not Applicable,Not Applicable,Not Applicable,Not Applicable,Not Applicable,Not Applicable,Not Applicable,Not Applicable,Not Applicable
CID-548237,Computer Science,Bachelor of Science,Cybersecurity,Fall 2024,2024,First-Time Freshman,7.3,120,2.80,2.72,In-State,FALSE,23,1,0,1,34310,24540,Employed Full-Time,4.9,Junior Developer,Software Engineering,Falconview Systems,Software Products,"Baltimore, MD",89750,FALSE,Career Fair
CID-882082,Information Systems,Bachelor of Science,General,Fall 2018,2018,First-Time Freshman,4.3,121,2.34,2.25,In-State,FALSE,17,0,0,5,29470,25320,Still Seeking,Not Applicable,Not Applicable,Not Applicable,Not Applicable,Not Applicable,Not Applicable,Not Applicable,Not Applicable,Not Applicable
CID-896976,Information Systems,Bachelor of Science,Software Development,Spring 2019,2019,Transfer,2.7,120,2.84,2.81,In-State,FALSE,12,0,0,4,9970,5420,Employed Full-Time,1.7,EHR Support Analyst,Health IT,Northfield Biosciences,Healthcare & Life Sciences,"Baltimore, MD",55750,FALSE,Personal Network
CID-816738,Computer Science,Bachelor of Science,General,Spring 2026,2026,Transfer,2.7,116,3.51,3.48,In-State,FALSE,3,1,0,5,15800,1680,Employed Part-Time,3.2,Associate Software Engineer,Software Engineering,Pinnacle Bridge Partners,Consulting & Professional Services,"Baltimore, MD",83750,FALSE,Recruiter Outreach
CID-357856,Information Systems,Bachelor of Science,Business Analytics,Spring 2026,2026,First-Time Freshman,3.7,112,2.65,2.41,In-State,FALSE,7,1,0,2,47150,32380,Employed Full-Time,1.6,Junior Data Analyst,Data & Analytics,Brightline Software Group,Software Products,Northern Virginia,83500,FALSE,Faculty or Staff Referral
CID-176708,Information Systems,Bachelor of Science,Health Information Technology,Spring 2026,2026,First-Time Freshman,4.3,121,3.05,3.35,In-State,FALSE,14,3,0,3,52770,45790,Employed Full-Time,0.3,Junior Data Analyst,Data & Analytics,Severn River Consulting,Federal Contracting,"Baltimore, MD",64250,FALSE,Return Offer from Internship
CID-957962,Information Systems,Bachelor of Science,Cybersecurity Management,Spring 2017,2017,First-Time Freshman,3.3,121,3.41,3.35,In-State,FALSE,4,2,0,5,38420,18250,Employed Full-Time,0.2,Junior Developer,Software Engineering,Chesapeake Defense Systems,Defense & Aerospace,Northern Virginia,78250,FALSE,Return Offer from Internship
CID-854019,Information Systems,Bachelor of Science,General,Spring 2024,2024,Transfer,1.7,126,3.80,3.76,In-State,FALSE,4,1,0,4,12190,3510,Employed Full-Time,0.6,Data Analyst,Data & Analytics,Meridian National Systems,Federal Contracting,"Washington, DC Metro",78250,FALSE,Faculty or Staff Referral
CID-581915,Computer Science,Bachelor of Science,General,Spring 2015,2015,First-Time Freshman,4.0,122,3.69,3.75,In-State,FALSE,12,2,0,2,31720,16460,Employed Full-Time,1.1,Associate Software Engineer,Software Engineering,Blue Heron Technologies,Federal Contracting,"Columbia/Howard County, MD",78250,FALSE,Online Application
CID-514032,Computer Science,Master of Science,Data Science,Fall 2024,2024,First-Time Freshman,3.7,120,3.21,3.16,Out-of-State,FALSE,8,2,0,3,84230,37630,Employed Full-Time,0.3,Business Intelligence Analyst,Data & Analytics,Allied Shield Insurance Group,Insurance,Remote - United States,90000,TRUE,Return Offer from Internship
CID-738427,Computer Science,Bachelor of Science,Software Engineering,Spring 2017,2017,Transfer,2.7,121,2.94,3.02,In-State,FALSE,15,1,3,1,13650,5280,Employed Part-Time,0.0,Junior ML Engineer,Machine Learning & AI,Calvert Advisory Group,Consulting & Professional Services,"Washington, DC Metro",81500,FALSE,Personal Network
CID-528603,Information Systems,Bachelor of Science,General,Spring 2025,2025,First-Time Freshman,3.7,121,3.23,3.30,Out-of-State,FALSE,3,1,0,1,52090,29700,No Response,Not Applicable,Not Applicable,Not Applicable,Not Applicable,Not Applicable,Not Applicable,Not Applicable,Not Applicable,Not Applicable
CID-745834,Information Systems,Bachelor of Science,Software Development,Spring 2026,2026,First-Time Freshman,3.7,105,3.09,3.06,In-State,FALSE,19,2,1,6,21060,11350,Employed Full-Time,0.0,Security Analyst I,Cybersecurity,Antietam Systems Integration,Federal Contracting,"Washington, DC Metro",118000,FALSE,Recruiter Outreach
CID-479522,Computer Science,Master of Science,Data Science,Fall 2020,2020,First-Time Freshman,4.0,122,3.55,3.42,Out-of-State,FALSE,14,1,2,3,45550,14660,No Response,Not Applicable,Not Applicable,Not Applicable,Not Applicable,Not Applicable,Not Applicable,Not Applicable,Not Applicable,Not Applicable
CID-799482,Computer Science,Master of Science,Cybersecurity,Spring 2018,2018,First-Time Freshman,3.3,120,3.43,3.39,Out-of-State,TRUE,13,2,0,3,61630,33930,Military,Not Applicable,Not Applicable,Not Applicable,Not Applicable,Not Applicable,Not Applicable,Not Applicable,Not Applicable,Not Applicable
CID-944287,Computer Science,Bachelor of Science,Software Engineering,Fall 2023,2023,First-Time Freshman,5.3,123,2.68,2.44,In-State,FALSE,18,2,3,3,45520,20390,Employed Full-Time,0.2,Junior Security Engineer,Cybersecurity,Chesapeake Defense Systems,Defense & Aerospace,"Washington, DC Metro",95000,FALSE,Return Offer from Internship
CID-459863,Information Systems,Bachelor of Science,Health Information Technology,Spring 2021,2021,First-Time Freshman,8.0,121,2.85,2.62,In-State,FALSE,25,1,0,4,44480,18020,Employed Full-Time,0.7,Junior Data Analyst,Data & Analytics,Vantage Point Applications,Software Products,"Columbia/Howard County, MD",76000,TRUE,Student Organization Connection
CID-568173,Computer Science,Bachelor of Science,Artificial Intelligence,Spring 2026,2026,First-Time Freshman,3.3,120,2.87,2.77,In-State,FALSE,10,0,1,2,38140,24900,Employed Full-Time,2.0,Software Engineer I,Software Engineering,Chesapeake Defense Systems,Defense & Aerospace,"Columbia/Howard County, MD",89000,FALSE,Recruiter Outreach
CID-848562,Information Systems,Bachelor of Science,Cybersecurity Management,Spring 2015,2015,First-Time Freshman,4.0,121,2.83,2.65,In-State,FALSE,9,1,0,2,32680,12880,Employed Full-Time,3.1,Junior Data Analyst,Data & Analytics,Tidewater Defense Group,Defense & Aerospace,"Baltimore, MD",42750,TRUE,Alumni Network
CID-401988,Computer Science,Bachelor of Science,Artificial Intelligence,Spring 2023,2023,Transfer,2.7,122,3.18,3.28,In-State,FALSE,9,2,0,2,14010,10830,No Response,Not Applicable,Not Applicable,Not Applicable,Not Applicable,Not Applicable,Not Applicable,Not Applicable,Not Applicable,Not Applicable
CID-432430,Computer Science,Bachelor of Science,General,Fall 2020,2020,First-Time Freshman,5.3,122,2.38,2.44,In-State,FALSE,7,3,1,4,36370,13780,Still Seeking,Not Applicable,Not Applicable,Not Applicable,Not Applicable,Not Applicable,Not Applicable,Not Applicable,Not Applicable,Not Applicable
CID-501509,Information Systems,Bachelor of Science,General,Spring 2022,2022,First-Time Freshman,3.7,121,3.90,3.85,Out-of-State,FALSE,0,2,1,6,54130,54130,Employed Full-Time,0.1,SOC Analyst,Cybersecurity,Potomac Mission Solutions,Federal Contracting,Remote - United States,118000,TRUE,Student Organization Connection
CID-329336,Computer Science,Bachelor of Science,General,Spring 2026,2026,First-Time Freshman,3.7,114,3.09,2.96,In-State,FALSE,8,2,0,0,46460,15020,Continuing Education,Not Applicable,Not Applicable,Not Applicable,Not Applicable,Not Applicable,Not Applicable,Not Applicable,Not Applicable,Not Applicable
CID-944142,Computer Science,Bachelor of Science,General,Spring 2017,2017,First-Time Freshman,4.7,120,2.19,2.28,Out-of-State,FALSE,13,0,1,3,74950,51060,Still Seeking,Not Applicable,Not Applicable,Not Applicable,Not Applicable,Not Applicable,Not Applicable,Not Applicable,Not Applicable,Not Applicable
CID-173850,Computer Science,Bachelor of Science,General,Summer 2015,2015,First-Time Freshman,3.7,122,3.33,3.19,In-State,FALSE,13,1,0,2,25840,11300,Employed Full-Time,0.2,Junior Security Engineer,Cybersecurity,Keystone Federal Services,Federal Contracting,"Baltimore, MD",91000,FALSE,Return Offer from Internship
CID-761467,Information Systems,Bachelor of Science,Health Information Technology,Spring 2023,2023,First-Time Freshman,6.3,121,3.16,3.00,Out-of-State,FALSE,12,2,0,0,91100,63560,Employed Full-Time,2.4,Business Intelligence Analyst,Data & Analytics,Chesapeake Community College,Higher Education,"Columbia/Howard County, MD",55000,FALSE,Career Fair
CID-628622,Information Systems,Bachelor of Science,Software Development,Fall 2022,2022,First-Time Freshman,4.0,121,3.07,3.15,Out-of-State,FALSE,12,1,0,5,93480,37640,Employed Full-Time,0.0,Business Intelligence Analyst,Data & Analytics,Keystone Federal Services,Federal Contracting,"Washington, DC Metro",73000,FALSE,Online Application
CID-542567,Information Systems,Bachelor of Science,Health Information Technology,Spring 2018,2018,Transfer,4.7,122,2.77,2.78,In-State,FALSE,19,2,0,4,12480,5370,Continuing Education,Not Applicable,Not Applicable,Not Applicable,Not Applicable,Not Applicable,Not Applicable,Not Applicable,Not Applicable,Not Applicable
CID-100071,Computer Science,Master of Science,Artificial Intelligence,Fall 2017,2017,First-Time Freshman,4.3,122,3.12,3.14,Out-of-State,TRUE,9,1,0,4,70660,62810,No Response,Not Applicable,Not Applicable,Not Applicable,Not Applicable,Not Applicable,Not Applicable,Not Applicable,Not Applicable,Not Applicable
CID-654352,Computer Science,Bachelor of Science,Cybersecurity,Spring 2016,2016,Transfer,4.7,120,2.72,2.80,In-State,FALSE,20,2,1,0,16270,5640,Employed Full-Time,0.0,Business Intelligence Analyst,Data & Analytics,Chesapeake Defense Systems,Defense & Aerospace,"Baltimore, MD",75000,FALSE,Return Offer from Internship
CID-343416,Computer Science,Bachelor of Science,General,Spring 2025,2025,First-Time Freshman,4.3,120,2.23,2.16,Out-of-State,FALSE,3,0,1,4,99070,99070,No Response,Not Applicable,Not Applicable,Not Applicable,Not Applicable,Not Applicable,Not Applicable,Not Applicable,Not Applicable,Not Applicable
CID-502838,Information Systems,Bachelor of Science,Cybersecurity Management,Spring 2017,2017,First-Time Freshman,4.7,121,2.62,2.57,In-State,FALSE,13,1,0,6,36740,12580,Still Seeking,Not Applicable,Not Applicable,Not Applicable,Not Applicable,Not Applicable,Not Applicable,Not Applicable,Not Applicable,Not Applicable
CID-995360,Computer Science,Bachelor of Science,General,Spring 2018,2018,Transfer,2.7,121,3.22,3.04,In-State,FALSE,10,0,1,1,12370,4400,No Response,Not Applicable,Not Applicable,Not Applicable,Not Applicable,Not Applicable,Not Applicable,Not Applicable,Not Applicable,Not Applicable
CID-820778,Information Systems,Bachelor of Science,Business Analytics,Spring 2022,2022,First-Time Freshman,4.0,121,2.93,2.85,In-State,FALSE,5,0,0,1,40560,27900,Employed Full-Time,4.7,IT Analyst,IT Business & Product,Catoctin Analytics Group,Federal Contracting,Northern Virginia,68500,FALSE,Personal Network
CID-750979,Computer Science,Master of Science,Cybersecurity,Spring 2026,2026,Transfer,3.0,121,2.43,2.56,In-State,TRUE,4,1,0,4,13580,12390,Employed Full-Time,3.0,Data Analyst,Data & Analytics,Shoreline Retail Group,E-Commerce & Retail Tech,"Baltimore, MD",66250,FALSE,Faculty or Staff Referral
CID-301548,Information Systems,Master of Science,Cybersecurity Management,Fall 2017,2017,First-Time Freshman,4.3,121,2.83,2.75,In-State,TRUE,7,1,0,2,33730,18940,Employed Full-Time,0.9,Business Analyst,IT Business & Product,Greenspring Health Systems,Healthcare & Life Sciences,"Chicago, IL",56750,FALSE,Online Application
CID-924931,Computer Science,Bachelor of Science,Software Engineering,Spring 2026,2026,First-Time Freshman,4.0,119,2.73,2.76,Out-of-State,FALSE,12,2,2,3,74060,41340,Employed Full-Time,0.1,Junior Developer,Software Engineering,Marketside Digital,E-Commerce & Retail Tech,Northern Virginia,122500,FALSE,Return Offer from Internship
CID-724106,Computer Science,Bachelor of Science,General,Spring 2026,2026,First-Time Freshman,5.3,112,1.90,2.03,In-State,FALSE,11,0,0,1,75770,0,Still Seeking,Not Applicable,Not Applicable,Not Applicable,Not Applicable,Not Applicable,Not Applicable,Not Applicable,Not Applicable,Not Applicable
CID-324293,Computer Science,Bachelor of Science,Data Science,Fall 2017,2017,Transfer,2.3,126,3.29,3.45,In-State,FALSE,20,0,3,4,10100,3090,Still Seeking,Not Applicable,Not Applicable,Not Applicable,Not Applicable,Not Applicable,Not Applicable,Not Applicable,Not Applicable,Not Applicable
CID-399098,Computer Science,Bachelor of Science,General,Fall 2023,2023,First-Time Freshman,6.7,122,2.52,2.44,Out-of-State,FALSE,18,2,1,2,91280,25110,Employed Full-Time,2.6,Associate Software Engineer,Software Engineering,Sentinel Peak Security,Cybersecurity Services,"Columbia/Howard County, MD",77500,FALSE,Career Fair
CID-957359,Computer Science,Bachelor of Science,General,Fall 2017,2017,Transfer,2.0,120,2.26,2.15,In-State,FALSE,15,1,0,5,12430,9160,Employed Full-Time,0.3,SOC Analyst,Cybersecurity,Copper Ridge Data Centers,Cloud & Infrastructure,"Washington, DC Metro",89500,FALSE,Student Organization Connection
CID-225504,Computer Science,Bachelor of Science,Artificial Intelligence,Fall 2018,2018,First-Time Freshman,4.0,122,3.48,3.52,Out-of-State,FALSE,16,1,2,2,73950,65600,No Response,Not Applicable,Not Applicable,Not Applicable,Not Applicable,Not Applicable,Not Applicable,Not Applicable,Not Applicable,Not Applicable
CID-704452,Computer Science,Bachelor of Science,Software Engineering,Spring 2016,2016,First-Time Freshman,3.0,120,3.67,3.77,In-State,FALSE,2,1,1,4,25510,12470,Employed Full-Time,0.2,Junior Security Engineer,Cybersecurity,Redoubt Security Partners,Cybersecurity Services,"Baltimore, MD",100500,FALSE,Career Fair
CID-906843,Information Systems,Bachelor of Science,Business Analytics,Spring 2025,2025,First-Time Freshman,4.7,121,2.55,2.38,Out-of-State,FALSE,11,2,0,2,91440,74970,Employed Full-Time,0.0,Business Analyst,IT Business & Product,Redoubt Security Partners,Cybersecurity Services,Northern Virginia,80250,FALSE,Alumni Network
CID-738904,Computer Science,Bachelor of Science,Artificial Intelligence,Spring 2024,2024,Transfer,3.0,123,3.59,3.81,In-State,FALSE,8,1,1,0,9480,2960,No Response,Not Applicable,Not Applicable,Not Applicable,Not Applicable,Not Applicable,Not Applicable,Not Applicable,Not Applicable,Not Applicable
CID-387990,Information Systems,Bachelor of Science,Business Analytics,Spring 2021,2021,First-Time Freshman,7.7,121,2.76,2.75,Out-of-State,FALSE,21,0,0,2,89080,79670,Employed Full-Time,1.4,Junior Data Analyst,Data & Analytics,Greenspring Health Systems,Healthcare & Life Sciences,"Washington, DC Metro",55500,FALSE,Alumni Network
CID-722448,Information Systems,Bachelor of Science,Business Analytics,Spring 2022,2022,Transfer,2.7,121,2.77,2.78,In-State,FALSE,12,2,0,4,16990,8260,Continuing Education,Not Applicable,Not Applicable,Not Applicable,Not Applicable,Not Applicable,Not Applicable,Not Applicable,Not Applicable,Not Applicable
CID-564642,Computer Science,Bachelor of Science,Software Engineering,Spring 2024,2024,Transfer,3.0,120,2.56,2.61,Out-of-State,FALSE,11,2,0,3,30050,16140,Employed Full-Time,0.2,Junior Data Analyst,Data & Analytics,Vantage Point Applications,Software Products,"Washington, DC Metro",78000,FALSE,Return Offer from Internship
CID-779665,Computer Science,Bachelor of Science,Software Engineering,Fall 2020,2020,Transfer,3.0,121,2.65,2.68,Out-of-State,FALSE,6,1,2,4,34020,19170,No Response,Not Applicable,Not Applicable,Not Applicable,Not Applicable,Not Applicable,Not Applicable,Not Applicable,Not Applicable,Not Applicable
CID-808157,Computer Science,Master of Science,General,Spring 2021,2021,First-Time Freshman,4.0,122,3.46,3.44,In-State,TRUE,9,1,0,2,27780,16590,Still Seeking,Not Applicable,Not Applicable,Not Applicable,Not Applicable,Not Applicable,Not Applicable,Not Applicable,Not Applicable,Not Applicable
CID-630247,Computer Science,Bachelor of Science,Artificial Intelligence,Spring 2019,2019,First-Time Freshman,3.7,122,3.52,3.51,Out-of-State,FALSE,11,0,1,3,63940,13860,Employed Part-Time,3.4,Software Engineer I,Software Engineering,Greenspring Health Systems,Healthcare & Life Sciences,"Baltimore, MD",65500,FALSE,Career Fair
CID-329567,Computer Science,Bachelor of Science,General,Fall 2015,2015,First-Time Freshman,3.3,120,3.71,3.95,Out-of-State,FALSE,7,1,0,1,60970,38660,Employed Full-Time,0.0,Junior Security Engineer,Cybersecurity,Tidewater Defense Group,Defense & Aerospace,"Washington, DC Metro",112500,FALSE,Online Application
CID-342658,Computer Science,Bachelor of Science,General,Fall 2015,2015,First-Time Freshman,4.3,122,3.42,3.41,In-State,FALSE,3,1,1,2,16300,6440,Employed Full-Time,0.5,Software Engineer I,Software Engineering,Catoctin Analytics Group,Federal Contracting,"Washington, DC Metro",84500,FALSE,Career Fair
CID-798708,Computer Science,Bachelor of Science,Software Engineering,Fall 2020,2020,First-Time Freshman,4.0,122,2.65,2.49,In-State,FALSE,7,2,1,3,44720,17720,Employed Full-Time,2.6,Junior Data Analyst,Data & Analytics,Tidal Power Cooperative,Energy & Utilities,"Washington, DC Metro",68500,FALSE,Online Application
CID-459667,Information Systems,Bachelor of Science,Cybersecurity Management,Fall 2024,2024,First-Time Freshman,4.3,121,3.08,3.10,In-State,FALSE,6,1,0,1,35590,15710,Employed Part-Time,1.4,Junior ML Engineer,Machine Learning & AI,University of Maryland System,Higher Education,"Baltimore, MD",61500,FALSE,Recruiter Outreach
CID-973122,Computer Science,Bachelor of Science,Software Engineering,Fall 2026,2026,Transfer,2.7,103,2.72,2.79,In-State,FALSE,3,0,0,4,21240,14060,Still Seeking,Not Applicable,Not Applicable,Not Applicable,Not Applicable,Not Applicable,Not Applicable,Not Applicable,Not Applicable,Not Applicable
CID-790239,Information Systems,Bachelor of Science,Business Analytics,Spring 2024,2024,Transfer,5.0,122,1.73,1.89,In-State,FALSE,12,1,0,1,21620,10770,Employed Full-Time,0.2,Junior Security Engineer,Cybersecurity,Catoctin Analytics Group,Federal Contracting,"Washington, DC Metro",82000,FALSE,Return Offer from Internship
CID-444730,Computer Science,Bachelor of Science,General,Spring 2026,2026,First-Time Freshman,7.7,117,3.03,2.98,In-State,FALSE,30,1,2,1,43850,19270,Continuing Education,Not Applicable,Not Applicable,Not Applicable,Not Applicable,Not Applicable,Not Applicable,Not Applicable,Not Applicable,Not Applicable
CID-624635,Computer Science,Bachelor of Science,General,Fall 2016,2016,First-Time Freshman,3.3,120,3.68,3.59,In-State,FALSE,9,1,0,3,36140,18630,Continuing Education,Not Applicable,Not Applicable,Not Applicable,Not Applicable,Not Applicable,Not Applicable,Not Applicable,Not Applicable,Not Applicable
CID-468359,Computer Science,Bachelor of Science,General,Spring 2025,2025,Transfer,1.7,121,2.76,2.89,In-State,FALSE,5,1,0,6,8070,1800,Employed Part-Time,2.7,SOC Analyst,Cybersecurity,Redoubt Security Partners,Cybersecurity Services,"Baltimore, MD",92250,FALSE,Career Fair
CID-332637,Information Systems,Bachelor of Science,Business Analytics,Spring 2025,2025,First-Time Freshman,7.3,121,3.16,3.15,Out-of-State,FALSE,13,3,0,2,79810,36970,Employed Full-Time,0.4,Data Analyst,Data & Analytics,Civic Code Alliance,Nonprofit & Civic Tech,"Seattle, WA",86250,TRUE,Return Offer from Internship
CID-251943,Computer Science,Bachelor of Science,General,Fall 2018,2018,Transfer,2.3,120,3.41,3.39,Out-of-State,FALSE,11,0,1,2,19900,1250,Employed Full-Time,2.2,Software Engineer I,Software Engineering,Arbor Peak Technologies,Software Products,"Baltimore, MD",65250,FALSE,Recruiter Outreach
CID-867126,Computer Science,Bachelor of Science,Data Science,Spring 2017,2017,First-Time Freshman,4.3,120,2.67,2.74,In-State,FALSE,8,1,1,2,30420,27850,Employed Full-Time,0.0,Security Analyst I,Cybersecurity,Keystone Federal Services,Federal Contracting,"Washington, DC Metro",89250,FALSE,Student Organization Connection
CID-477355,Computer Science,Master of Science,General,Fall 2018,2018,First-Time Freshman,3.7,120,2.78,2.89,In-State,TRUE,18,0,0,1,35030,21550,Employed Full-Time,2.3,SOC Analyst,Cybersecurity,CareBridge Technology,Healthcare & Life Sciences,"Washington, DC Metro",73500,FALSE,Online Application
CID-194015,Information Systems,Bachelor of Science,Software Development,Spring 2021,2021,First-Time Freshman,4.0,121,2.76,2.75,In-State,FALSE,10,1,0,2,41430,4290,Employed Full-Time,0.0,Clinical Systems Analyst,Health IT,Parcel & Post Technologies,Logistics & Transportation,"Columbia/Howard County, MD",74000,FALSE,Online Application
CID-502535,Computer Science,Bachelor of Science,General,Fall 2018,2018,First-Time Freshman,7.0,122,2.60,2.45,In-State,FALSE,19,1,0,8,43230,10670,Employed Full-Time,0.1,Business Intelligence Analyst,Data & Analytics,Continental Wireless,Telecommunications,"Washington, DC Metro",73000,FALSE,Return Offer from Internship
CID-207394,Information Systems,Bachelor of Science,General,Fall 2024,2024,Transfer,2.0,121,3.37,3.38,In-State,FALSE,10,1,0,5,12090,4490,Still Seeking,Not Applicable,Not Applicable,Not Applicable,Not Applicable,Not Applicable,Not Applicable,Not Applicable,Not Applicable,Not Applicable
CID-671654,Information Systems,Bachelor of Science,Business Analytics,Spring 2020,2020,First-Time Freshman,4.7,121,3.31,3.35,In-State,FALSE,7,2,0,2,37340,12410,Employed Full-Time,4.5,IT Support Specialist,IT Support & Operations,Keystone Federal Services,Federal Contracting,"Washington, DC Metro",51750,FALSE,Online Application
CID-340990,Computer Science,Bachelor of Science,Software Engineering,Fall 2015,2015,First-Time Freshman,6.3,122,3.44,3.58,In-State,FALSE,23,1,0,1,39640,22070,Employed Full-Time,2.8,Junior Security Engineer,Cybersecurity,Arbor Peak Technologies,Software Products,"Washington, DC Metro",84500,FALSE,Career Fair
CID-838416,Computer Science,Bachelor of Science,General,Spring 2020,2020,First-Time Freshman,4.0,120,2.38,2.23,Out-of-State,FALSE,4,1,0,1,97420,20290,Employed Full-Time,2.3,Business Intelligence Analyst,Data & Analytics,Antietam Systems Integration,Federal Contracting,"Columbia/Howard County, MD",54250,FALSE,Career Fair
CID-107179,Computer Science,Bachelor of Science,Software Engineering,Fall 2016,2016,First-Time Freshman,4.7,122,2.73,2.53,In-State,FALSE,6,1,0,1,37390,24150,Employed Full-Time,1.2,Junior Developer,Software Engineering,Brightline Software Group,Software Products,Northern Virginia,75000,FALSE,Personal Network
CID-663670,Computer Science,Bachelor of Science,Software Engineering,Spring 2021,2021,Transfer,3.0,122,3.80,3.94,In-State,FALSE,14,1,0,7,8910,5220,No Response,Not Applicable,Not Applicable,Not Applicable,Not Applicable,Not Applicable,Not Applicable,Not Applicable,Not Applicable,Not Applicable
CID-954125,Computer Science,Bachelor of Science,General,Spring 2023,2023,Transfer,1.7,128,2.97,2.94,In-State,FALSE,6,1,0,7,14610,5640,Employed Full-Time,1.8,Junior DevOps Engineer,Infrastructure & Cloud,Potomac Mission Solutions,Federal Contracting,"Baltimore, MD",79750,FALSE,Student Organization Connection
CID-535211,Computer Science,Bachelor of Science,General,Fall 2020,2020,First-Time Freshman,4.7,122,3.06,3.02,Out-of-State,FALSE,2,1,2,2,79730,16220,Employed Full-Time,4.7,Machine Learning Engineer I,Machine Learning & AI,Tessellate Labs,Software Products,"Columbia/Howard County, MD",100500,FALSE,Online Application
CID-382021,Information Systems,Bachelor of Science,General,Fall 2019,2019,First-Time Freshman,6.3,121,2.55,2.60,In-State,FALSE,18,1,0,4,37900,13990,No Response,Not Applicable,Not Applicable,Not Applicable,Not Applicable,Not Applicable,Not Applicable,Not Applicable,Not Applicable,Not Applicable
CID-186442,Information Systems,Bachelor of Science,Health Information Technology,Fall 2023,2023,First-Time Freshman,4.0,121,2.99,2.95,In-State,FALSE,6,1,0,2,44610,26140,Employed Full-Time,3.5,Security Analyst I,Cybersecurity,Open Harbor Foundation,Nonprofit & Civic Tech,"Baltimore, MD",70750,FALSE,Online Application
CID-534781,Computer Science,Bachelor of Science,Cybersecurity,Fall 2015,2015,First-Time Freshman,4.0,122,2.87,2.97,In-State,FALSE,1,0,0,2,31790,27850,No Response,Not Applicable,Not Applicable,Not Applicable,Not Applicable,Not Applicable,Not Applicable,Not Applicable,Not Applicable,Not Applicable
CID-681152,Information Systems,Bachelor of Science,Business Analytics,Spring 2018,2018,Transfer,2.7,120,3.15,3.18,Out-of-State,FALSE,4,2,0,3,29460,4490,Employed Full-Time,0.0,SOC Analyst,Cybersecurity,Monument Bank Technology,Financial Services,"Baltimore, MD",76250,FALSE,Return Offer from Internship
CID-599020,Computer Science,Bachelor of Science,Cybersecurity,Fall 2019,2019,First-Time Freshman,4.7,122,3.02,3.03,Out-of-State,FALSE,12,2,0,4,83010,28210,Employed Full-Time,0.4,Associate Software Engineer,Software Engineering,University of Maryland System,Higher Education,"Columbia/Howard County, MD",67750,FALSE,Return Offer from Internship
CID-516809,Computer Science,Bachelor of Science,Data Science,Fall 2016,2016,First-Time Freshman,3.3,121,3.27,3.20,In-State,FALSE,10,2,0,4,33010,29880,Employed Full-Time,0.4,Cloud Support Engineer,Infrastructure & Cloud,Ironwood Cyber,Cybersecurity Services,"Baltimore, MD",80500,FALSE,Return Offer from Internship
CID-855336,Computer Science,Bachelor of Science,Data Science,Fall 2015,2015,First-Time Freshman,4.0,120,2.87,2.84,Out-of-State,FALSE,14,1,0,3,74680,12050,Employed Full-Time,2.0,Software Engineer I,Software Engineering,Severn River Consulting,Federal Contracting,"Columbia/Howard County, MD",62750,FALSE,Career Fair
CID-475409,Information Systems,Bachelor of Science,Business Analytics,Fall 2024,2024,First-Time Freshman,4.0,121,3.52,3.40,In-State,FALSE,11,1,1,2,36800,11420,Employed Full-Time,5.3,Business Analyst,IT Business & Product,Clarion Clinical Data,Healthcare & Life Sciences,Remote - United States,82750,TRUE,Alumni Network
CID-663749,Computer Science,Bachelor of Science,General,Fall 2017,2017,First-Time Freshman,4.7,122,2.96,2.94,In-State,FALSE,14,4,2,8,38330,32210,Employed Full-Time,0.6,Data Analyst,Data & Analytics,Patapsco Aerospace,Defense & Aerospace,"Columbia/Howard County, MD",70750,FALSE,Return Offer from Internship
CID-957009,Information Systems,Bachelor of Science,Cybersecurity Management,Spring 2023,2023,First-Time Freshman,4.0,121,3.46,3.30,In-State,FALSE,9,2,0,3,32890,20540,Still Seeking,Not Applicable,Not Applicable,Not Applicable,Not Applicable,Not Applicable,Not Applicable,Not Applicable,Not Applicable,Not Applicable
CID-754202,Information Systems,Bachelor of Science,Business Analytics,Spring 2020,2020,First-Time Freshman,3.3,121,3.70,3.60,Out-of-State,FALSE,5,1,2,3,51730,35300,Employed Full-Time,0.1,Junior Security Engineer,Cybersecurity,Tidewater Defense Group,Defense & Aerospace,Remote - United States,100500,TRUE,Return Offer from Internship
CID-294620,Computer Science,Bachelor of Science,Artificial Intelligence,Spring 2019,2019,Transfer,1.7,130,2.98,2.93,In-State,FALSE,13,0,0,1,7740,3740,Employed Full-Time,2.1,Junior Data Analyst,Data & Analytics,Maryland Department of IT,Federal Government,"Baltimore, MD",47500,FALSE,Online Application
CID-256971,Computer Science,Bachelor of Science,Software Engineering,Fall 2021,2021,First-Time Freshman,7.7,122,2.99,3.03,In-State,FALSE,23,3,0,2,31740,10880,Employed Full-Time,0.1,Cloud Support Engineer,Infrastructure & Cloud,Blue Heron Technologies,Federal Contracting,"Washington, DC Metro",103500,FALSE,Return Offer from Internship
CID-670789,Information Systems,Bachelor of Science,Software Development,Fall 2025,2025,First-Time Freshman,4.3,121,3.43,3.45,Out-of-State,FALSE,9,2,0,3,62470,32100,Employed Full-Time,2.0,Junior Systems Analyst,IT Business & Product,Federal Health Data Office,Federal Government,"Washington, DC Metro",72000,FALSE,Online Application
CID-840249,Information Systems,Bachelor of Science,General,Spring 2020,2020,Transfer,1.7,123,3.42,3.44,In-State,FALSE,6,1,2,6,11360,11360,Employed Full-Time,0.0,EHR Support Analyst,Health IT,Maryland Department of IT,Federal Government,Northern Virginia,81500,FALSE,Return Offer from Internship
CID-975305,Computer Science,Bachelor of Science,Data Science,Spring 2023,2023,Transfer,1.7,129,3.67,3.79,In-State,FALSE,17,1,0,5,12150,5360,Employed Full-Time,1.4,Software Engineer I,Software Engineering,Marketside Digital,E-Commerce & Retail Tech,Remote - United States,85500,TRUE,Recruiter Outreach
CID-990405,Computer Science,Bachelor of Science,Software Engineering,Fall 2024,2024,First-Time Freshman,4.0,120,2.83,2.80,In-State,FALSE,26,1,1,2,42420,3630,Employed Full-Time,0.2,Junior Developer,Software Engineering,Federal Health Data Office,Federal Government,"Washington, DC Metro",65500,FALSE,Return Offer from Internship
CID-436126,Computer Science,Bachelor of Science,Artificial Intelligence,Spring 2018,2018,First-Time Freshman,4.3,122,2.55,2.67,In-State,FALSE,8,2,0,3,40820,590,Continuing Education,Not Applicable,Not Applicable,Not Applicable,Not Applicable,Not Applicable,Not Applicable,Not Applicable,Not Applicable,Not Applicable
CID-115008,Information Systems,Bachelor of Science,Health Information Technology,Fall 2023,2023,First-Time Freshman,4.0,121,3.16,3.10,Out-of-State,FALSE,9,1,0,2,110300,40140,Continuing Education,Not Applicable,Not Applicable,Not Applicable,Not Applicable,Not Applicable,Not Applicable,Not Applicable,Not Applicable,Not Applicable
CID-787967,Information Systems,Bachelor of Science,Cybersecurity Management,Spring 2025,2025,First-Time Freshman,3.3,121,3.17,2.80,In-State,FALSE,5,2,0,2,43870,9160,Employed Full-Time,0.4,Junior Systems Analyst,IT Business & Product,Piedmont Energy Partners,Energy & Utilities,Northern Virginia,88250,FALSE,Return Offer from Internship
CID-190552,Information Systems,Bachelor of Science,Software Development,Spring 2024,2024,First-Time Freshman,4.3,121,3.32,3.40,In-State,FALSE,0,1,0,1,42440,20600,Employed Full-Time,3.0,Junior Security Engineer,Cybersecurity,Meridian National Systems,Federal Contracting,"Baltimore, MD",87000,FALSE,Online Application
CID-894483,Computer Science,Bachelor of Science,Data Science,Spring 2025,2025,First-Time Freshman,3.7,120,3.52,3.44,Out-of-State,FALSE,11,2,1,2,70520,43300,No Response,Not Applicable,Not Applicable,Not Applicable,Not Applicable,Not Applicable,Not Applicable,Not Applicable,Not Applicable,Not Applicable
CID-835196,Computer Science,Bachelor of Science,General,Spring 2021,2021,Transfer,5.7,122,2.19,2.06,In-State,FALSE,20,1,1,1,17030,15740,Employed Full-Time,3.0,Associate Software Engineer,Software Engineering,Northwind Platform Co.,Software Products,"Baltimore, MD",66750,TRUE,Alumni Network
CID-562793,Information Systems,Bachelor of Science,Business Analytics,Spring 2022,2022,First-Time Freshman,5.0,121,2.78,2.80,In-State,FALSE,3,2,0,1,52480,33680,Employed Full-Time,1.1,IT Analyst,IT Business & Product,Bayview Medical Informatics,Healthcare & Life Sciences,"Baltimore, MD",74250,TRUE,Career Fair
CID-336247,Computer Science,Bachelor of Science,Cybersecurity,Fall 2020,2020,Transfer,2.7,120,3.46,3.39,In-State,FALSE,10,2,0,2,10930,8080,Continuing Education,Not Applicable,Not Applicable,Not Applicable,Not Applicable,Not Applicable,Not Applicable,Not Applicable,Not Applicable,Not Applicable
CID-854922,Computer Science,Bachelor of Science,General,Fall 2023,2023,Transfer,2.0,120,3.11,3.16,Out-of-State,FALSE,14,1,1,3,29270,21770,No Response,Not Applicable,Not Applicable,Not Applicable,Not Applicable,Not Applicable,Not Applicable,Not Applicable,Not Applicable,Not Applicable
CID-712448,Information Systems,Bachelor of Science,Business Analytics,Spring 2024,2024,First-Time Freshman,7.7,121,3.06,3.35,In-State,FALSE,20,2,0,3,36980,5710,Still Seeking,Not Applicable,Not Applicable,Not Applicable,Not Applicable,Not Applicable,Not Applicable,Not Applicable,Not Applicable,Not Applicable
CID-332022,Computer Science,Bachelor of Science,General,Spring 2015,2015,Transfer,2.7,122,2.48,2.24,In-State,FALSE,19,1,0,1,11770,5130,No Response,Not Applicable,Not Applicable,Not Applicable,Not Applicable,Not Applicable,Not Applicable,Not Applicable,Not Applicable,Not Applicable
CID-417789,Information Systems,Bachelor of Science,Cybersecurity Management,Spring 2019,2019,First-Time Freshman,3.3,121,3.35,3.45,In-State,FALSE,11,2,0,1,42550,30880,Employed Full-Time,0.0,IT Analyst,IT Business & Product,Potomac Mission Solutions,Federal Contracting,Northern Virginia,75500,FALSE,Personal Network
CID-829195,Computer Science,Bachelor of Science,General,Fall 2020,2020,First-Time Freshman,6.7,121,3.24,3.17,Out-of-State,FALSE,27,1,1,4,49150,46230,Still Seeking,Not Applicable,Not Applicable,Not Applicable,Not Applicable,Not Applicable,Not Applicable,Not Applicable,Not Applicable,Not Applicable
CID-234728,Information Systems,Bachelor of Science,General,Spring 2025,2025,First-Time Freshman,3.7,121,3.38,3.50,In-State,FALSE,10,1,0,2,38200,29420,Employed Full-Time,4.4,Business Analyst,IT Business & Product,Federal Health Data Office,Federal Government,"Baltimore, MD",66250,FALSE,Career Fair
CID-210051,Computer Science,Bachelor of Science,Artificial Intelligence,Spring 2022,2022,Transfer,1.3,127,3.36,3.55,In-State,FALSE,14,0,0,5,10420,6770,Employed Full-Time,1.8,AI Research Assistant,Machine Learning & AI,Blue Heron Technologies,Federal Contracting,"Baltimore, MD",83750,TRUE,Online Application
CID-582536,Information Systems,Bachelor of Science,Cybersecurity Management,Spring 2023,2023,First-Time Freshman,4.0,121,3.21,3.25,Out-of-State,FALSE,2,1,1,5,87560,30790,Employed Full-Time,0.2,Security Analyst I,Cybersecurity,Tidal Power Cooperative,Energy & Utilities,Remote - United States,97500,TRUE,Return Offer from Internship
CID-254516,Computer Science,Bachelor of Science,Data Science,Fall 2020,2020,First-Time Freshman,4.7,122,3.22,3.17,In-State,FALSE,8,0,0,1,25890,22070,No Response,Not Applicable,Not Applicable,Not Applicable,Not Applicable,Not Applicable,Not Applicable,Not Applicable,Not Applicable,Not Applicable
CID-802838,Computer Science,Bachelor of Science,General,Fall 2020,2020,First-Time Freshman,3.3,120,3.67,3.63,In-State,FALSE,13,1,0,2,32320,9990,Employed Full-Time,2.5,Junior DevOps Engineer,Infrastructure & Cloud,Redoubt Security Partners,Cybersecurity Services,Northern Virginia,102000,FALSE,Recruiter Outreach
CID-123186,Computer Science,Master of Science,Artificial Intelligence,Spring 2023,2023,Transfer,2.3,121,3.54,3.54,In-State,TRUE,6,0,1,1,9870,4640,Employed Full-Time,0.8,Junior Data Analyst,Data & Analytics,National Data Services Agency,Federal Government,"Columbia/Howard County, MD",78750,FALSE,Faculty or Staff Referral
CID-607192,Information Systems,Bachelor of Science,Cybersecurity Management,Spring 2019,2019,First-Time Freshman,4.0,121,2.55,2.50,Out-of-State,FALSE,7,1,1,0,69740,4270,Employed Full-Time,0.2,SOC Analyst,Cybersecurity,Blue Heron Technologies,Federal Contracting,"Baltimore, MD",58250,FALSE,Student Organization Connection
CID-799077,Computer Science,Bachelor of Science,Software Engineering,Fall 2015,2015,First-Time Freshman,4.0,120,2.98,3.02,In-State,FALSE,8,1,0,8,27430,18950,Employed Full-Time,0.7,Associate Software Engineer,Software Engineering,Falconview Systems,Software Products,"Baltimore, MD",81000,FALSE,Return Offer from Internship
CID-454103,Computer Science,Bachelor of Science,General,Spring 2023,2023,First-Time Freshman,4.0,120,2.23,2.39,In-State,FALSE,3,2,3,4,29600,9880,Still Seeking,Not Applicable,Not Applicable,Not Applicable,Not Applicable,Not Applicable,Not Applicable,Not Applicable,Not Applicable,Not Applicable
CID-699082,Information Systems,Bachelor of Science,Business Analytics,Spring 2016,2016,First-Time Freshman,4.7,121,2.90,2.90,In-State,FALSE,10,0,0,0,28810,17000,Employed Full-Time,3.9,SOC Analyst,Cybersecurity,Catoctin Analytics Group,Federal Contracting,"Columbia/Howard County, MD",92250,FALSE,Personal Network
CID-787612,Computer Science,Bachelor of Science,General,Spring 2018,2018,First-Time Freshman,5.0,122,2.57,2.79,In-State,FALSE,5,0,0,0,45430,19160,Employed Full-Time,1.9,Junior Developer,Software Engineering,Shoreline Retail Group,E-Commerce & Retail Tech,"Columbia/Howard County, MD",61000,FALSE,Online Application
CID-404957,Computer Science,Bachelor of Science,Cybersecurity,Spring 2016,2016,First-Time Freshman,4.0,120,2.80,2.89,Out-of-State,FALSE,2,1,0,2,54320,16510,Employed Full-Time,3.7,Junior Security Engineer,Cybersecurity,Piedmont Energy Partners,Energy & Utilities,"Washington, DC Metro",79250,FALSE,Career Fair
CID-259148,Computer Science,Bachelor of Science,General,Fall 2015,2015,Transfer,1.7,120,2.86,3.00,Out-of-State,FALSE,1,0,0,1,15650,4540,No Response,Not Applicable,Not Applicable,Not Applicable,Not Applicable,Not Applicable,Not Applicable,Not Applicable,Not Applicable,Not Applicable
CID-174051,Computer Science,Bachelor of Science,Software Engineering,Summer 2018,2018,First-Time Freshman,4.3,122,2.58,2.52,In-State,FALSE,17,0,0,0,31430,16520,Employed Full-Time,3.9,Cloud Support Engineer,Infrastructure & Cloud,Antietam Systems Integration,Federal Contracting,"Washington, DC Metro",81250,FALSE,Alumni Network
CID-732752,Computer Science,Bachelor of Science,Data Science,Spring 2019,2019,First-Time Freshman,5.0,120,2.42,2.47,Out-of-State,FALSE,22,1,0,5,75510,44110,Employed Full-Time,0.0,SOC Analyst,Cybersecurity,Office of Technology Policy,Federal Government,Northern Virginia,68500,FALSE,Alumni Network
CID-237787,Information Systems,Bachelor of Science,Software Development,Spring 2024,2024,First-Time Freshman,3.3,121,3.33,3.35,In-State,FALSE,9,1,2,1,32440,0,Employed Full-Time,2.4,Cloud Support Engineer,Infrastructure & Cloud,Greenspring Health Systems,Healthcare & Life Sciences,"Columbia/Howard County, MD",76250,FALSE,Online Application
CID-783930,Computer Science,Bachelor of Science,Cybersecurity,Spring 2025,2025,Transfer,2.7,120,2.83,2.72,In-State,FALSE,13,1,0,3,15990,10360,Employed Full-Time,0.2,Systems Administrator,Infrastructure & Cloud,Falconview Systems,Software Products,"Washington, DC Metro",115500,FALSE,Return Offer from Internship
CID-970368,Computer Science,Bachelor of Science,Software Engineering,Fall 2022,2022,Transfer,1.7,123,2.83,2.65,In-State,FALSE,15,1,0,2,11100,8350,Employed Full-Time,0.9,Systems Administrator,Infrastructure & Cloud,Patapsco Aerospace,Defense & Aerospace,"Washington, DC Metro",81500,FALSE,Alumni Network
CID-974223,Computer Science,Bachelor of Science,Cybersecurity,Fall 2022,2022,First-Time Freshman,4.7,123,2.89,2.91,Out-of-State,FALSE,12,0,0,2,90200,81790,No Response,Not Applicable,Not Applicable,Not Applicable,Not Applicable,Not Applicable,Not Applicable,Not Applicable,Not Applicable,Not Applicable
CID-376508,Information Systems,Bachelor of Science,Business Analytics,Fall 2022,2022,First-Time Freshman,4.0,121,3.90,3.90,Out-of-State,FALSE,7,3,2,6,61980,31530,Employed Full-Time,0.4,Junior Systems Analyst,IT Business & Product,Beacon Telecom Services,Telecommunications,"Raleigh-Durham, NC",102500,FALSE,Return Offer from Internship
CID-297339,Computer Science,Bachelor of Science,Artificial Intelligence,Spring 2024,2024,First-Time Freshman,4.7,122,2.41,2.43,In-State,FALSE,8,2,1,2,41530,41530,Employed Full-Time,0.2,Machine Learning Engineer I,Machine Learning & AI,Antietam Systems Integration,Federal Contracting,Northern Virginia,94500,FALSE,Return Offer from Internship
CID-937049,Information Systems,Bachelor of Science,Software Development,Spring 2022,2022,First-Time Freshman,8.0,121,3.20,3.20,In-State,FALSE,13,2,0,0,45100,32610,Continuing Education,Not Applicable,Not Applicable,Not Applicable,Not Applicable,Not Applicable,Not Applicable,Not Applicable,Not Applicable,Not Applicable
CID-293846,Computer Science,Bachelor of Science,General,Fall 2019,2019,Transfer,2.3,121,3.21,2.98,In-State,FALSE,13,1,0,2,15830,9300,Employed Full-Time,0.4,Systems Administrator,Infrastructure & Cloud,Meridian National Systems,Federal Contracting,"Columbia/Howard County, MD",88000,FALSE,Career Fair
CID-191762,Computer Science,Master of Science,General,Spring 2021,2021,Transfer,2.7,122,2.67,2.79,In-State,FALSE,4,1,0,3,14620,9500,No Response,Not Applicable,Not Applicable,Not Applicable,Not Applicable,Not Applicable,Not Applicable,Not Applicable,Not Applicable,Not Applicable
CID-843873,Computer Science,Bachelor of Science,Data Science,Fall 2015,2015,First-Time Freshman,4.7,122,2.78,2.73,In-State,FALSE,13,1,0,4,36290,17550,Employed Full-Time,2.6,Software Engineer I,Software Engineering,Sterling Ridge Consulting,Consulting & Professional Services,"Baltimore, MD",61750,FALSE,Personal Network
CID-354346,Computer Science,Bachelor of Science,Cybersecurity,Spring 2024,2024,First-Time Freshman,3.3,122,3.47,3.37,In-State,FALSE,7,2,0,1,49210,25170,Employed Full-Time,1.3,Cloud Support Engineer,Infrastructure & Cloud,National Data Services Agency,Federal Government,"Baltimore, MD",90000,FALSE,Online Application
CID-241885,Information Systems,Bachelor of Science,Cybersecurity Management,Spring 2019,2019,Transfer,4.3,122,3.14,3.11,In-State,FALSE,11,2,0,3,13830,6590,No Response,Not Applicable,Not Applicable,Not Applicable,Not Applicable,Not Applicable,Not Applicable,Not Applicable,Not Applicable,Not Applicable
CID-593909,Computer Science,Bachelor of Science,Data Science,Fall 2019,2019,First-Time Freshman,4.0,122,3.08,3.18,In-State,FALSE,3,2,3,6,42130,14750,Employed Full-Time,0.0,Software Engineer I,Software Engineering,Keystone Federal Services,Federal Contracting,Northern Virginia,75250,FALSE,Recruiter Outreach
CID-611027,Information Systems,Bachelor of Science,Cybersecurity Management,Spring 2023,2023,First-Time Freshman,4.7,121,3.18,3.05,Out-of-State,FALSE,0,1,0,3,89660,60970,Employed Full-Time,2.7,Security Analyst I,Cybersecurity,Severn River Consulting,Federal Contracting,"Washington, DC Metro",86250,FALSE,Online Application
CID-753322,Computer Science,Bachelor of Science,Artificial Intelligence,Spring 2015,2015,First-Time Freshman,4.0,123,3.33,3.15,In-State,FALSE,5,1,0,2,33810,13400,Employed Full-Time,1.4,Software Engineer I,Software Engineering,Blue Heron Technologies,Federal Contracting,"Washington, DC Metro",70000,FALSE,Online Application
CID-898693,Information Systems,Bachelor of Science,General,Fall 2015,2015,Transfer,3.7,122,2.90,3.00,In-State,FALSE,1,1,0,1,14620,5580,Employed Full-Time,1.7,Data Analyst,Data & Analytics,Maryland Department of IT,Federal Government,Northern Virginia,38750,FALSE,Online Application
CID-890458,Computer Science,Bachelor of Science,General,Spring 2019,2019,First-Time Freshman,3.3,120,3.58,3.61,In-State,FALSE,6,2,1,4,28660,14680,Employed Part-Time,0.3,AI Research Assistant,Machine Learning & AI,Chesapeake Defense Systems,Defense & Aerospace,"Baltimore, MD",101000,FALSE,Return Offer from Internship
CID-735085,Computer Science,Bachelor of Science,Data Science,Fall 2024,2024,First-Time Freshman,7.0,120,2.78,2.67,Out-of-State,FALSE,21,2,0,5,55210,22830,Employed Full-Time,0.2,Junior Security Engineer,Cybersecurity,Vantage Point Applications,Software Products,"Washington, DC Metro",101000,FALSE,Return Offer from Internship
CID-511170,Computer Science,Bachelor of Science,Cybersecurity,Spring 2022,2022,First-Time Freshman,7.0,122,2.58,2.57,In-State,FALSE,9,1,0,3,52970,20610,No Response,Not Applicable,Not Applicable,Not Applicable,Not Applicable,Not Applicable,Not Applicable,Not Applicable,Not Applicable,Not Applicable
CID-344545,Computer Science,Bachelor of Science,Cybersecurity,Fall 2020,2020,First-Time Freshman,4.3,120,2.90,2.70,In-State,FALSE,7,0,0,0,37310,29650,No Response,Not Applicable,Not Applicable,Not Applicable,Not Applicable,Not Applicable,Not Applicable,Not Applicable,Not Applicable,Not Applicable
CID-674335,Computer Science,Bachelor of Science,Cybersecurity,Spring 2016,2016,First-Time Freshman,3.7,120,3.26,3.18,In-State,FALSE,10,2,1,1,39790,29410,Still Seeking,Not Applicable,Not Applicable,Not Applicable,Not Applicable,Not Applicable,Not Applicable,Not Applicable,Not Applicable,Not Applicable
CID-594893,Information Systems,Bachelor of Science,Software Development,Spring 2024,2024,First-Time Freshman,4.0,121,3.46,3.25,In-State,FALSE,12,3,0,4,43520,27070,Still Seeking,Not Applicable,Not Applicable,Not Applicable,Not Applicable,Not Applicable,Not Applicable,Not Applicable,Not Applicable,Not Applicable
CID-883376,Information Systems,Bachelor of Science,Software Development,Fall 2022,2022,First-Time Freshman,4.3,121,2.30,2.38,In-State,FALSE,7,2,0,2,37260,25320,Continuing Education,Not Applicable,Not Applicable,Not Applicable,Not Applicable,Not Applicable,Not Applicable,Not Applicable,Not Applicable,Not Applicable
CID-510137,Information Systems,Bachelor of Science,Health Information Technology,Spring 2026,2026,First-Time Freshman,3.7,121,3.41,3.25,In-State,FALSE,8,2,0,2,41310,31150,Employed Part-Time,1.1,Junior Developer,Software Engineering,Chesterfield Asset Management,Financial Services,"New York, NY",99250,FALSE,Online Application
CID-890462,Computer Science,Bachelor of Science,General,Spring 2026,2026,Transfer,3.0,119,2.58,2.58,In-State,FALSE,6,0,0,0,20050,13300,Still Seeking,Not Applicable,Not Applicable,Not Applicable,Not Applicable,Not Applicable,Not Applicable,Not Applicable,Not Applicable,Not Applicable
CID-165775,Information Systems,Bachelor of Science,General,Spring 2017,2017,First-Time Freshman,3.3,121,3.40,3.60,Out-of-State,FALSE,14,1,0,3,57320,2130,Continuing Education,Not Applicable,Not Applicable,Not Applicable,Not Applicable,Not Applicable,Not Applicable,Not Applicable,Not Applicable,Not Applicable
CID-633568,Computer Science,Bachelor of Science,Artificial Intelligence,Spring 2016,2016,Transfer,3.0,121,3.06,3.27,In-State,FALSE,0,0,0,2,12180,4620,Employed Full-Time,1.8,IT Support Specialist,IT Support & Operations,Federal Health Data Office,Federal Government,"Washington, DC Metro",39250,FALSE,Personal Network
CID-383248,Computer Science,Bachelor of Science,Cybersecurity,Spring 2024,2024,Transfer,5.7,122,2.70,2.61,In-State,FALSE,29,3,0,5,12860,4530,Employed Full-Time,0.0,Junior Developer,Software Engineering,Greenspring Health Systems,Healthcare & Life Sciences,Northern Virginia,85000,FALSE,Return Offer from Internship
CID-612654,Computer Science,Bachelor of Science,General,Spring 2026,2026,First-Time Freshman,4.3,121,2.78,2.60,Out-of-State,FALSE,5,0,0,0,79940,52550,No Response,Not Applicable,Not Applicable,Not Applicable,Not Applicable,Not Applicable,Not Applicable,Not Applicable,Not Applicable,Not Applicable
CID-577476,Information Systems,Bachelor of Science,Business Analytics,Fall 2022,2022,First-Time Freshman,10.3,121,2.18,2.15,In-State,FALSE,20,2,1,1,55400,31740,No Response,Not Applicable,Not Applicable,Not Applicable,Not Applicable,Not Applicable,Not Applicable,Not Applicable,Not Applicable,Not Applicable
CID-567255,Computer Science,Bachelor of Science,Software Engineering,Spring 2024,2024,Transfer,3.0,121,2.83,2.76,In-State,FALSE,22,0,0,2,22410,14030,Employed Full-Time,5.4,AI Research Assistant,Machine Learning & AI,Falconview Systems,Software Products,"Washington, DC Metro",82750,FALSE,Online Application
CID-111200,Information Systems,Bachelor of Science,General,Fall 2022,2022,First-Time Freshman,4.3,121,3.22,3.14,Out-of-State,FALSE,7,2,2,3,60470,32060,Employed Full-Time,0.6,Junior Security Engineer,Cybersecurity,Bayview Medical Informatics,Healthcare & Life Sciences,"Baltimore, MD",97000,FALSE,Return Offer from Internship
CID-664857,Information Systems,Bachelor of Science,General,Fall 2025,2025,First-Time Freshman,4.0,121,3.40,3.40,Out-of-State,FALSE,3,3,0,1,80750,50780,Employed Full-Time,0.6,Machine Learning Engineer I,Machine Learning & AI,Meridian National Systems,Federal Contracting,"Baltimore, MD",89000,TRUE,Return Offer from Internship
CID-586308,Information Systems,Bachelor of Science,General,Spring 2018,2018,First-Time Freshman,5.0,121,2.30,2.30,Out-of-State,FALSE,14,0,2,5,67840,16830,Employed Full-Time,3.7,Business Analyst,IT Business & Product,Shoreline Retail Group,E-Commerce & Retail Tech,"Chicago, IL",51000,FALSE,Alumni Network
CID-130479,Information Systems,Bachelor of Science,General,Fall 2017,2017,Transfer,1.7,121,3.05,3.06,In-State,FALSE,14,1,0,5,8450,5010,Continuing Education,Not Applicable,Not Applicable,Not Applicable,Not Applicable,Not Applicable,Not Applicable,Not Applicable,Not Applicable,Not Applicable
CID-275592,Information Systems,Master of Science,Cybersecurity Management,Fall 2025,2025,First-Time Freshman,4.7,121,3.02,3.10,In-State,TRUE,14,1,0,1,42990,35690,Employed Full-Time,1.7,Business Intelligence Analyst,Data & Analytics,Meridian National Systems,Federal Contracting,Northern Virginia,77000,FALSE,Online Application
CID-107631,Computer Science,Bachelor of Science,Data Science,Spring 2023,2023,First-Time Freshman,5.3,123,2.25,2.27,In-State,FALSE,17,1,0,1,44230,43540,Employed Full-Time,3.1,Junior Data Analyst,Data & Analytics,Civic Code Alliance,Nonprofit & Civic Tech,"Baltimore, MD",50250,FALSE,Personal Network
CID-880030,Information Systems,Bachelor of Science,Health Information Technology,Spring 2026,2026,First-Time Freshman,4.0,115,2.67,2.78,Out-of-State,FALSE,12,1,1,3,70060,39390,Still Seeking,Not Applicable,Not Applicable,Not Applicable,Not Applicable,Not Applicable,Not Applicable,Not Applicable,Not Applicable,Not Applicable
CID-489028,Information Systems,Bachelor of Science,Software Development,Spring 2017,2017,First-Time Freshman,4.7,121,3.26,3.15,In-State,FALSE,0,1,0,2,34100,12720,No Response,Not Applicable,Not Applicable,Not Applicable,Not Applicable,Not Applicable,Not Applicable,Not Applicable,Not Applicable,Not Applicable
CID-260027,Information Systems,Bachelor of Science,Business Analytics,Spring 2026,2026,Transfer,2.0,121,3.48,3.41,In-State,FALSE,8,0,2,2,11020,7120,Continuing Education,Not Applicable,Not Applicable,Not Applicable,Not Applicable,Not Applicable,Not Applicable,Not Applicable,Not Applicable,Not Applicable
CID-714797,Information Systems,Bachelor of Science,Cybersecurity Management,Spring 2018,2018,First-Time Freshman,4.0,121,3.30,3.35,Out-of-State,FALSE,6,2,0,1,63620,29580,Employed Full-Time,0.2,Security Analyst I,Cybersecurity,Severn River Consulting,Federal Contracting,"Baltimore, MD",88500,FALSE,Return Offer from Internship
CID-880655,Computer Science,Bachelor of Science,Data Science,Spring 2019,2019,First-Time Freshman,7.0,122,2.77,2.70,Out-of-State,FALSE,23,1,0,1,83440,46850,Employed Full-Time,0.4,Data Analyst,Data & Analytics,Northfield Biosciences,Healthcare & Life Sciences,Northern Virginia,84000,FALSE,Return Offer from Internship
CID-549114,Information Systems,Bachelor of Science,Business Analytics,Spring 2021,2021,First-Time Freshman,3.7,121,3.35,3.45,In-State,FALSE,13,2,0,1,28790,9970,Employed Full-Time,0.9,Business Analyst,IT Business & Product,Sterling Ridge Consulting,Consulting & Professional Services,"Washington, DC Metro",88750,TRUE,Online Application
CID-496755,Computer Science,Bachelor of Science,Cybersecurity,Spring 2022,2022,First-Time Freshman,3.7,122,3.62,3.55,In-State,FALSE,5,3,2,3,28940,7080,Employed Full-Time,0.0,Software Engineer I,Software Engineering,National Data Services Agency,Federal Government,"Baltimore, MD",103000,FALSE,Student Organization Connection
CID-459669,Computer Science,Bachelor of Science,Data Science,Fall 2018,2018,Transfer,2.3,120,2.60,2.51,In-State,FALSE,8,1,0,3,10020,2960,Employed Full-Time,0.2,Junior Developer,Software Engineering,Clearfield Assurance,Cybersecurity Services,"Baltimore, MD",63750,FALSE,Career Fair
CID-255153,Computer Science,Bachelor of Science,Cybersecurity,Fall 2019,2019,First-Time Freshman,4.7,122,2.31,2.35,In-State,FALSE,4,0,2,2,40540,31360,No Response,Not Applicable,Not Applicable,Not Applicable,Not Applicable,Not Applicable,Not Applicable,Not Applicable,Not Applicable,Not Applicable
CID-303138,Computer Science,Bachelor of Science,Software Engineering,Spring 2018,2018,Transfer,2.0,120,3.29,3.29,In-State,FALSE,7,0,0,0,10160,4290,Continuing Education,Not Applicable,Not Applicable,Not Applicable,Not Applicable,Not Applicable,Not Applicable,Not Applicable,Not Applicable,Not Applicable
CID-520155,Information Systems,Bachelor of Science,Health Information Technology,Spring 2026,2026,First-Time Freshman,3.0,109,3.43,3.44,In-State,FALSE,7,1,1,1,22710,5090,Still Seeking,Not Applicable,Not Applicable,Not Applicable,Not Applicable,Not Applicable,Not Applicable,Not Applicable,Not Applicable,Not Applicable
CID-849105,Information Systems,Bachelor of Science,Cybersecurity Management,Spring 2021,2021,First-Time Freshman,3.3,121,3.27,3.35,In-State,FALSE,6,1,0,1,27590,19210,No Response,Not Applicable,Not Applicable,Not Applicable,Not Applicable,Not Applicable,Not Applicable,Not Applicable,Not Applicable,Not Applicable
CID-458432,Information Systems,Bachelor of Science,Business Analytics,Spring 2022,2022,First-Time Freshman,4.0,121,3.72,3.75,Out-of-State,FALSE,12,1,2,2,64720,39960,Employed Full-Time,0.0,Software Engineer I,Software Engineering,Allied Shield Insurance Group,Insurance,Northern Virginia,108000,FALSE,Return Offer from Internship
CID-759779,Computer Science,Bachelor of Science,Artificial Intelligence,Fall 2018,2018,First-Time Freshman,5.0,122,2.59,2.72,In-State,FALSE,4,3,0,3,48290,36300,Employed Full-Time,0.5,Data Analyst,Data & Analytics,Maryland Department of IT,Federal Government,Northern Virginia,62250,FALSE,Return Offer from Internship
CID-224130,Computer Science,Bachelor of Science,Data Science,Fall 2021,2021,Transfer,3.7,122,3.07,3.06,In-State,FALSE,5,1,1,4,17970,7940,Employed Full-Time,1.7,Business Intelligence Analyst,Data & Analytics,Fidelis Capital Partners,Financial Services,Remote - United States,74250,TRUE,Career Fair
CID-441439,Computer Science,Bachelor of Science,Artificial Intelligence,Fall 2020,2020,First-Time Freshman,3.7,120,2.52,2.49,Out-of-State,FALSE,10,1,0,0,96070,23910,Employed Full-Time,4.1,Junior ML Engineer,Machine Learning & AI,Arbor Peak Technologies,Software Products,Remote - United States,91250,TRUE,Student Organization Connection
CID-857492,Computer Science,Bachelor of Science,Artificial Intelligence,Fall 2015,2015,First-Time Freshman,4.0,121,2.70,2.67,In-State,FALSE,12,0,0,1,39100,15430,Employed Full-Time,3.1,Business Intelligence Analyst,Data & Analytics,Catoctin Analytics Group,Federal Contracting,"Baltimore, MD",55000,FALSE,Recruiter Outreach
CID-995605,Computer Science,Bachelor of Science,Software Engineering,Spring 2026,2026,First-Time Freshman,3.7,116,2.92,2.92,In-State,FALSE,9,1,0,3,46840,31520,Employed Part-Time,0.4,Software Engineer I,Software Engineering,Piedmont Energy Partners,Energy & Utilities,Northern Virginia,80750,FALSE,Return Offer from Internship
CID-406336,Information Systems,Bachelor of Science,General,Fall 2025,2025,Transfer,4.0,122,2.70,2.67,In-State,FALSE,2,1,0,1,21300,12220,Still Seeking,Not Applicable,Not Applicable,Not Applicable,Not Applicable,Not Applicable,Not Applicable,Not Applicable,Not Applicable,Not Applicable
CID-264724,Information Systems,Bachelor of Science,Software Development,Spring 2020,2020,First-Time Freshman,4.7,121,2.96,3.10,In-State,FALSE,11,2,2,4,43100,8350,Still Seeking,Not Applicable,Not Applicable,Not Applicable,Not Applicable,Not Applicable,Not Applicable,Not Applicable,Not Applicable,Not Applicable
CID-386191,Information Systems,Bachelor of Science,Health Information Technology,Fall 2015,2015,Transfer,3.0,120,2.59,2.71,In-State,FALSE,13,1,2,1,17990,7230,Employed Full-Time,0.0,Help Desk Technician,IT Support & Operations,Bayview Medical Informatics,Healthcare & Life Sciences,"Washington, DC Metro",44250,FALSE,Return Offer from Internship
CID-231035,Information Systems,Bachelor of Science,Health Information Technology,Fall 2022,2022,First-Time Freshman,4.0,121,3.09,3.19,In-State,FALSE,8,2,1,5,47880,28940,No Response,Not Applicable,Not Applicable,Not Applicable,Not Applicable,Not Applicable,Not Applicable,Not Applicable,Not Applicable,Not Applicable
CID-762859,Information Systems,Bachelor of Science,Health Information Technology,Spring 2023,2023,First-Time Freshman,3.7,121,2.78,2.60,In-State,FALSE,9,1,0,1,45210,39520,Employed Full-Time,4.5,Data Analyst,Data & Analytics,Shoreline Retail Group,E-Commerce & Retail Tech,Remote - United States,64250,TRUE,Online Application
CID-863635,Information Systems,Bachelor of Science,Business Analytics,Spring 2022,2022,First-Time Freshman,3.3,121,3.29,3.25,Out-of-State,FALSE,21,2,2,3,81300,26700,Employed Full-Time,0.6,Junior Systems Analyst,IT Business & Product,Shoreline Retail Group,E-Commerce & Retail Tech,Northern Virginia,111500,FALSE,Faculty or Staff Referral
CID-623966,Information Systems,Bachelor of Science,Business Analytics,Fall 2022,2022,Transfer,3.7,120,1.93,2.00,In-State,FALSE,14,1,1,5,17880,9640,Employed Full-Time,0.6,Junior Data Analyst,Data & Analytics,Potomac Mission Solutions,Federal Contracting,"Baltimore, MD",51500,FALSE,Student Organization Connection
CID-758510,Computer Science,Bachelor of Science,Data Science,Fall 2020,2020,Transfer,3.3,123,3.53,3.33,In-State,FALSE,2,1,0,1,15510,5290,Employed Full-Time,5.0,Junior Data Analyst,Data & Analytics,Office of Technology Policy,Federal Government,Remote - United States,63500,TRUE,Online Application
CID-437757,Information Systems,Bachelor of Science,General,Spring 2023,2023,Transfer,2.7,121,2.90,2.89,In-State,FALSE,6,0,0,2,10910,3070,Still Seeking,Not Applicable,Not Applicable,Not Applicable,Not Applicable,Not Applicable,Not Applicable,Not Applicable,Not Applicable,Not Applicable
CID-994813,Information Systems,Bachelor of Science,Business Analytics,Spring 2026,2026,First-Time Freshman,6.7,112,2.87,3.06,In-State,FALSE,26,1,0,2,54790,14400,Employed Full-Time,0.8,Desktop Support Analyst,IT Support & Operations,Chesapeake Defense Systems,Defense & Aerospace,"Baltimore, MD",67250,FALSE,Recruiter Outreach
CID-984929,Information Systems,Master of Science,Business Analytics,Spring 2022,2022,First-Time Freshman,4.0,121,3.31,3.40,In-State,FALSE,13,1,0,3,37040,11940,Still Seeking,Not Applicable,Not Applicable,Not Applicable,Not Applicable,Not Applicable,Not Applicable,Not Applicable,Not Applicable,Not Applicable
CID-452305,Computer Science,Bachelor of Science,Artificial Intelligence,Spring 2025,2025,First-Time Freshman,4.0,120,2.97,2.87,In-State,FALSE,0,1,0,1,53880,45340,No Response,Not Applicable,Not Applicable,Not Applicable,Not Applicable,Not Applicable,Not Applicable,Not Applicable,Not Applicable,Not Applicable
CID-967225,Computer Science,Bachelor of Science,Data Science,Spring 2019,2019,First-Time Freshman,5.0,122,2.57,2.41,In-State,FALSE,5,2,0,3,41750,25050,Employed Part-Time,1.7,Business Analyst,IT Business & Product,Patapsco Aerospace,Defense & Aerospace,"Washington, DC Metro",88250,FALSE,Career Fair
CID-591372,Information Systems,Bachelor of Science,Business Analytics,Spring 2020,2020,First-Time Freshman,3.7,121,3.71,3.71,In-State,FALSE,10,1,0,6,25090,10570,Employed Full-Time,0.2,Junior Developer,Software Engineering,Stratus Cloud Works,Cloud & Infrastructure,"Washington, DC Metro",104500,TRUE,Return Offer from Internship
CID-172991,Computer Science,Bachelor of Science,Data Science,Fall 2015,2015,First-Time Freshman,3.7,120,2.72,2.65,In-State,FALSE,12,0,0,3,27400,24410,No Response,Not Applicable,Not Applicable,Not Applicable,Not Applicable,Not Applicable,Not Applicable,Not Applicable,Not Applicable,Not Applicable
CID-779730,Information Systems,Bachelor of Science,Cybersecurity Management,Fall 2023,2023,Transfer,4.0,122,2.98,3.00,Out-of-State,FALSE,0,2,0,2,18880,11680,Employed Full-Time,0.2,Junior Systems Analyst,IT Business & Product,Blue Heron Technologies,Federal Contracting,Remote - United States,73000,TRUE,Return Offer from Internship
CID-859824,Computer Science,Bachelor of Science,Artificial Intelligence,Fall 2019,2019,First-Time Freshman,4.3,120,3.12,3.13,In-State,FALSE,11,0,0,3,36820,15470,Employed Full-Time,0.0,Associate Software Engineer,Software Engineering,Northwind Platform Co.,Software Products,"Washington, DC Metro",107000,FALSE,Online Application
CID-239335,Information Systems,Bachelor of Science,Business Analytics,Spring 2019,2019,First-Time Freshman,5.3,121,2.43,2.30,In-State,FALSE,15,0,2,1,38610,22330,Employed Full-Time,3.7,Data Analyst,Data & Analytics,Office of Technology Policy,Federal Government,"Baltimore, MD",37750,FALSE,Online Application
CID-196960,Computer Science,Bachelor of Science,Cybersecurity,Fall 2020,2020,First-Time Freshman,8.0,120,2.73,2.59,In-State,FALSE,22,1,0,1,43850,16570,Employed Part-Time,5.7,Software Engineer I,Software Engineering,Redoubt Security Partners,Cybersecurity Services,Northern Virginia,81000,FALSE,Alumni Network
CID-651600,Information Systems,Bachelor of Science,Software Development,Spring 2023,2023,First-Time Freshman,3.3,121,2.96,2.90,Out-of-State,FALSE,12,1,0,3,94710,38630,Employed Full-Time,3.1,EHR Support Analyst,Health IT,Piedmont Energy Partners,Energy & Utilities,"Baltimore, MD",68250,TRUE,Personal Network
CID-399043,Computer Science,Bachelor of Science,General,Spring 2023,2023,First-Time Freshman,4.7,122,2.63,2.44,Out-of-State,FALSE,16,2,1,5,67560,23060,Employed Full-Time,1.3,Business Intelligence Analyst,Data & Analytics,Pinnacle Bridge Partners,Consulting & Professional Services,Northern Virginia,88000,FALSE,Personal Network
CID-369583,Information Systems,Bachelor of Science,General,Fall 2021,2021,First-Time Freshman,10.0,121,1.87,1.90,In-State,FALSE,12,1,0,1,53470,16950,Employed Full-Time,0.9,Business Analyst,IT Business & Product,Patapsco Aerospace,Defense & Aerospace,Remote - United States,56750,TRUE,Career Fair
CID-919855,Computer Science,Bachelor of Science,Data Science,Spring 2021,2021,First-Time Freshman,4.0,122,3.27,3.33,In-State,FALSE,7,0,0,2,42270,20770,Still Seeking,Not Applicable,Not Applicable,Not Applicable,Not Applicable,Not Applicable,Not Applicable,Not Applicable,Not Applicable,Not Applicable
CID-187504,Computer Science,Bachelor of Science,General,Fall 2018,2018,Transfer,3.3,121,2.21,2.16,In-State,FALSE,6,0,0,2,15110,10780,Employed Full-Time,3.4,Junior Security Engineer,Cybersecurity,Tidewater Defense Group,Defense & Aerospace,"Columbia/Howard County, MD",64750,FALSE,Recruiter Outreach
CID-663365,Computer Science,Bachelor of Science,Software Engineering,Spring 2020,2020,First-Time Freshman,5.7,120,3.59,3.53,In-State,FALSE,18,2,0,3,29590,4600,Employed Full-Time,1.6,EHR Support Analyst,Health IT,CareBridge Technology,Healthcare & Life Sciences,"Baltimore, MD",68000,FALSE,Career Fair
CID-441978,Information Systems,Bachelor of Science,Health Information Technology,Fall 2019,2019,First-Time Freshman,4.0,121,3.62,3.45,In-State,FALSE,11,1,0,3,31440,3830,Employed Full-Time,0.0,Data Analyst,Data & Analytics,Clearfield Assurance,Cybersecurity Services,"Baltimore, MD",80500,FALSE,Return Offer from Internship
CID-805736,Information Systems,Bachelor of Science,Business Analytics,Spring 2019,2019,First-Time Freshman,7.0,121,3.25,3.10,Out-of-State,FALSE,11,0,0,4,68880,43660,No Response,Not Applicable,Not Applicable,Not Applicable,Not Applicable,Not Applicable,Not Applicable,Not Applicable,Not Applicable,Not Applicable
CID-237880,Computer Science,Master of Science,General,Spring 2022,2022,Transfer,2.0,121,3.14,3.02,In-State,TRUE,22,1,0,3,9720,8400,Employed Full-Time,0.0,Cloud Support Engineer,Infrastructure & Cloud,Shoreline Retail Group,E-Commerce & Retail Tech,"Baltimore, MD",82500,FALSE,Return Offer from Internship
CID-219902,Computer Science,Bachelor of Science,General,Spring 2026,2026,Transfer,6.0,122,2.73,2.78,In-State,FALSE,24,2,2,2,27340,22970,Still Seeking,Not Applicable,Not Applicable,Not Applicable,Not Applicable,Not Applicable,Not Applicable,Not Applicable,Not Applicable,Not Applicable
CID-583048,Computer Science,Bachelor of Science,Data Science,Spring 2018,2018,Transfer,3.3,122,2.86,3.00,In-State,FALSE,1,1,1,2,13340,2500,Still Seeking,Not Applicable,Not Applicable,Not Applicable,Not Applicable,Not Applicable,Not Applicable,Not Applicable,Not Applicable,Not Applicable
CID-486654,Information Systems,Bachelor of Science,Software Development,Fall 2016,2016,Transfer,3.0,120,2.72,2.75,Out-of-State,FALSE,20,2,0,6,18430,10790,Employed Full-Time,1.4,IT Analyst,IT Business & Product,Keystone Federal Services,Federal Contracting,"Washington, DC Metro",59000,FALSE,Student Organization Connection
CID-878047,Computer Science,Bachelor of Science,General,Spring 2021,2021,First-Time Freshman,8.0,122,2.60,2.43,In-State,FALSE,18,1,0,0,38400,21410,Employed Full-Time,0.0,Data Analyst,Data & Analytics,Civic Code Alliance,Nonprofit & Civic Tech,Northern Virginia,62000,FALSE,Personal Network
CID-930496,Computer Science,Bachelor of Science,Data Science,Fall 2024,2024,First-Time Freshman,6.7,121,2.93,3.02,In-State,FALSE,20,2,0,5,43920,18400,Employed Full-Time,0.5,Software Engineer I,Software Engineering,Chesapeake Defense Systems,Defense & Aerospace,"Baltimore, MD",82500,FALSE,Return Offer from Internship
CID-995051,Computer Science,Bachelor of Science,Artificial Intelligence,Spring 2026,2026,First-Time Freshman,3.7,108,2.78,2.65,Out-of-State,FALSE,9,0,0,1,90600,72500,Continuing Education,Not Applicable,Not Applicable,Not Applicable,Not Applicable,Not Applicable,Not Applicable,Not Applicable,Not Applicable,Not Applicable
CID-590906,Information Systems,Bachelor of Science,General,Spring 2025,2025,First-Time Freshman,4.3,121,2.92,2.95,In-State,FALSE,6,0,0,0,48600,21860,Still Seeking,Not Applicable,Not Applicable,Not Applicable,Not Applicable,Not Applicable,Not Applicable,Not Applicable,Not Applicable,Not Applicable
CID-304683,Information Systems,Bachelor of Science,Health Information Technology,Spring 2022,2022,Transfer,2.7,121,4.00,4.00,Out-of-State,FALSE,11,2,2,3,17540,3570,Employed Full-Time,0.0,IT Analyst,IT Business & Product,Clarion Clinical Data,Healthcare & Life Sciences,"Washington, DC Metro",113500,FALSE,Return Offer from Internship
CID-292934,Information Systems,Bachelor of Science,Business Analytics,Spring 2022,2022,Transfer,2.3,121,3.43,3.44,In-State,FALSE,3,1,2,3,12660,11620,Continuing Education,Not Applicable,Not Applicable,Not Applicable,Not Applicable,Not Applicable,Not Applicable,Not Applicable,Not Applicable,Not Applicable
CID-789271,Information Systems,Bachelor of Science,Health Information Technology,Fall 2018,2018,Transfer,3.3,121,2.95,2.83,In-State,FALSE,26,0,0,2,9860,7640,Employed Full-Time,5.3,Business Intelligence Analyst,Data & Analytics,Calvert Advisory Group,Consulting & Professional Services,"Baltimore, MD",58250,FALSE,Online Application
CID-130333,Computer Science,Bachelor of Science,General,Fall 2025,2025,First-Time Freshman,4.3,121,2.92,2.71,In-State,FALSE,0,1,2,1,37560,16550,No Response,Not Applicable,Not Applicable,Not Applicable,Not Applicable,Not Applicable,Not Applicable,Not Applicable,Not Applicable,Not Applicable
CID-956659,Computer Science,Bachelor of Science,General,Fall 2023,2023,First-Time Freshman,4.3,120,2.83,2.74,Out-of-State,FALSE,15,0,0,4,101570,88580,Employed Full-Time,2.6,Systems Administrator,Infrastructure & Cloud,Falconview Systems,Software Products,"Washington, DC Metro",85250,FALSE,Personal Network
CID-551401,Computer Science,Bachelor of Science,Data Science,Fall 2018,2018,First-Time Freshman,8.3,120,2.79,2.83,In-State,FALSE,34,2,1,5,36750,24150,Employed Full-Time,0.3,Junior ML Engineer,Machine Learning & AI,Harbor Mutual Insurance,Insurance,"Washington, DC Metro",82500,FALSE,Return Offer from Internship
CID-635282,Computer Science,Bachelor of Science,General,Spring 2023,2023,Transfer,2.3,120,2.88,2.82,In-State,FALSE,9,1,0,4,12040,4980,Still Seeking,Not Applicable,Not Applicable,Not Applicable,Not Applicable,Not Applicable,Not Applicable,Not Applicable,Not Applicable,Not Applicable
CID-365340,Computer Science,Bachelor of Science,Artificial Intelligence,Fall 2018,2018,First-Time Freshman,7.7,120,2.88,2.88,In-State,FALSE,9,2,3,3,46840,46840,No Response,Not Applicable,Not Applicable,Not Applicable,Not Applicable,Not Applicable,Not Applicable,Not Applicable,Not Applicable,Not Applicable
CID-849760,Information Systems,Master of Science,Cybersecurity Management,Spring 2023,2023,First-Time Freshman,4.3,121,2.31,2.25,In-State,TRUE,6,0,0,2,41260,12550,Still Seeking,Not Applicable,Not Applicable,Not Applicable,Not Applicable,Not Applicable,Not Applicable,Not Applicable,Not Applicable,Not Applicable
CID-463993,Computer Science,Bachelor of Science,General,Spring 2026,2026,First-Time Freshman,6.7,88,2.45,2.58,In-State,FALSE,25,2,0,5,41480,8490,Employed Full-Time,0.5,Systems Administrator,Infrastructure & Cloud,Chesapeake Defense Systems,Defense & Aerospace,"Baltimore, MD",99250,FALSE,Return Offer from Internship
CID-214657,Information Systems,Bachelor of Science,General,Fall 2018,2018,Transfer,1.7,120,3.32,3.38,In-State,FALSE,19,0,0,6,7780,4820,Employed Full-Time,1.4,Junior Systems Analyst,IT Business & Product,Lumen Grid Software,Software Products,"Baltimore, MD",67250,FALSE,Faculty or Staff Referral
CID-768097,Information Systems,Bachelor of Science,General,Spring 2024,2024,First-Time Freshman,4.7,121,2.93,3.05,In-State,FALSE,2,2,0,2,35320,17230,No Response,Not Applicable,Not Applicable,Not Applicable,Not Applicable,Not Applicable,Not Applicable,Not Applicable,Not Applicable,Not Applicable
CID-470560,Information Systems,Bachelor of Science,General,Spring 2017,2017,First-Time Freshman,4.0,121,3.07,2.95,In-State,FALSE,0,0,0,3,35300,13800,Employed Full-Time,1.0,IT Support Specialist,IT Support & Operations,Chesapeake Community College,Higher Education,"Columbia/Howard County, MD",34000,FALSE,Personal Network
CID-403193,Computer Science,Bachelor of Science,Data Science,Spring 2017,2017,Transfer,3.0,122,3.21,3.06,In-State,FALSE,0,2,0,0,12320,4620,Employed Full-Time,3.9,Data Analyst,Data & Analytics,Meridian National Systems,Federal Contracting,"Washington, DC Metro",76000,FALSE,Online Application
CID-667267,Computer Science,Bachelor of Science,Data Science,Spring 2024,2024,Transfer,2.7,122,3.11,3.32,In-State,FALSE,8,1,1,2,14950,6990,Employed Full-Time,4.6,Software Engineer I,Software Engineering,Chesapeake Defense Systems,Defense & Aerospace,"Baltimore, MD",82000,FALSE,Personal Network
CID-948736,Information Systems,Bachelor of Science,Health Information Technology,Spring 2015,2015,First-Time Freshman,4.0,121,2.77,2.85,In-State,FALSE,14,1,2,4,24540,13310,Employed Full-Time,0.0,Security Analyst I,Cybersecurity,Federal Health Data Office,Federal Government,"Baltimore, MD",57500,FALSE,Recruiter Outreach
CID-596920,Information Systems,Bachelor of Science,Business Analytics,Spring 2018,2018,First-Time Freshman,5.0,121,2.70,2.75,Out-of-State,FALSE,5,1,1,2,82780,49640,No Response,Not Applicable,Not Applicable,Not Applicable,Not Applicable,Not Applicable,Not Applicable,Not Applicable,Not Applicable,Not Applicable
CID-189444,Information Systems,Bachelor of Science,Cybersecurity Management,Spring 2022,2022,Transfer,4.3,120,1.91,2.00,In-State,FALSE,12,1,0,1,14850,14850,Employed Full-Time,2.7,Junior Systems Analyst,IT Business & Product,Chesapeake Community College,Higher Education,"Baltimore, MD",34000,FALSE,Personal Network
CID-296952,Information Systems,Bachelor of Science,Business Analytics,Spring 2020,2020,Transfer,2.0,121,3.51,3.39,Out-of-State,FALSE,10,1,0,5,15740,0,Employed Full-Time,3.2,Associate Software Engineer,Software Engineering,Blue Heron Technologies,Federal Contracting,"Washington, DC Metro",72000,TRUE,Career Fair
CID-993851,Computer Science,Bachelor of Science,Cybersecurity,Fall 2024,2024,First-Time Freshman,4.0,122,3.40,3.27,In-State,FALSE,5,2,0,0,42650,0,Continuing Education,Not Applicable,Not Applicable,Not Applicable,Not Applicable,Not Applicable,Not Applicable,Not Applicable,Not Applicable,Not Applicable
CID-628980,Computer Science,Master of Science,Cybersecurity,Spring 2023,2023,First-Time Freshman,3.7,120,3.53,3.42,In-State,FALSE,10,1,2,4,36350,31620,No Response,Not Applicable,Not Applicable,Not Applicable,Not Applicable,Not Applicable,Not Applicable,Not Applicable,Not Applicable,Not Applicable
CID-616848,Computer Science,Bachelor of Science,Cybersecurity,Fall 2021,2021,First-Time Freshman,4.0,120,3.27,3.15,In-State,FALSE,11,1,0,2,29890,26320,No Response,Not Applicable,Not Applicable,Not Applicable,Not Applicable,Not Applicable,Not Applicable,Not Applicable,Not Applicable,Not Applicable
CID-857486,Computer Science,Bachelor of Science,Software Engineering,Spring 2022,2022,Transfer,2.0,120,2.36,2.38,In-State,FALSE,6,0,0,0,9620,3310,Employed Full-Time,2.1,Business Intelligence Analyst,Data & Analytics,Clarion Clinical Data,Healthcare & Life Sciences,"Washington, DC Metro",59500,FALSE,Career Fair
CID-682430,Computer Science,Bachelor of Science,Cybersecurity,Fall 2024,2024,First-Time Freshman,4.7,120,2.29,2.43,Out-of-State,FALSE,15,3,0,1,92640,55260,Employed Full-Time,0.4,Junior DevOps Engineer,Infrastructure & Cloud,Blue Heron Technologies,Federal Contracting,"Columbia/Howard County, MD",85750,FALSE,Return Offer from Internship
CID-413209,Computer Science,Bachelor of Science,Software Engineering,Summer 2025,2025,First-Time Freshman,4.0,120,3.22,3.00,In-State,FALSE,5,0,0,1,36980,27310,Continuing Education,Not Applicable,Not Applicable,Not Applicable,Not Applicable,Not Applicable,Not Applicable,Not Applicable,Not Applicable,Not Applicable
CID-235850,Information Systems,Master of Science,Business Analytics,Spring 2020,2020,First-Time Freshman,4.0,121,3.17,3.10,In-State,TRUE,17,0,0,0,29700,14850,Employed Full-Time,7.1,Data Analyst,Data & Analytics,Federal Health Data Office,Federal Government,Remote - United States,51000,TRUE,Online Application
CID-358047,Computer Science,Bachelor of Science,Data Science,Spring 2017,2017,First-Time Freshman,4.0,122,3.25,3.27,In-State,FALSE,0,2,2,2,31130,19360,Still Seeking,Not Applicable,Not Applicable,Not Applicable,Not Applicable,Not Applicable,Not Applicable,Not Applicable,Not Applicable,Not Applicable
CID-155523,Computer Science,Bachelor of Science,Cybersecurity,Fall 2020,2020,First-Time Freshman,3.7,120,2.98,2.80,In-State,FALSE,21,2,2,5,25440,6970,Military,Not Applicable,Not Applicable,Not Applicable,Not Applicable,Not Applicable,Not Applicable,Not Applicable,Not Applicable,Not Applicable
CID-730539,Computer Science,Bachelor of Science,Artificial Intelligence,Fall 2024,2024,First-Time Freshman,5.3,122,2.33,2.17,In-State,FALSE,17,1,1,0,48150,18450,Employed Full-Time,1.3,Junior ML Engineer,Machine Learning & AI,Chesapeake Defense Systems,Defense & Aerospace,"Baltimore, MD",79250,FALSE,Online Application
CID-325789,Computer Science,Bachelor of Science,Software Engineering,Fall 2023,2023,Transfer,3.0,122,2.88,3.10,In-State,FALSE,7,0,0,3,13440,9810,Employed Full-Time,5.1,Software Engineer I,Software Engineering,Tidewater Defense Group,Defense & Aerospace,"Baltimore, MD",81500,FALSE,Personal Network
CID-191663,Information Systems,Bachelor of Science,Business Analytics,Spring 2024,2024,First-Time Freshman,6.0,121,1.98,1.91,In-State,FALSE,6,1,2,2,58160,42070,Employed Part-Time,4.1,IT Analyst,IT Business & Product,Catoctin Analytics Group,Federal Contracting,"Columbia/Howard County, MD",81000,FALSE,Personal Network
CID-158023,Information Systems,Bachelor of Science,Business Analytics,Spring 2025,2025,Transfer,2.3,120,2.54,2.53,In-State,FALSE,3,0,0,2,15790,4050,No Response,Not Applicable,Not Applicable,Not Applicable,Not Applicable,Not Applicable,Not Applicable,Not Applicable,Not Applicable,Not Applicable
CID-144055,Information Systems,Bachelor of Science,Business Analytics,Spring 2016,2016,Transfer,2.3,120,3.82,3.88,In-State,FALSE,6,1,1,0,10370,3680,Employed Full-Time,2.8,SOC Analyst,Cybersecurity,Office of Technology Policy,Federal Government,"Baltimore, MD",67500,FALSE,Career Fair
CID-468939,Information Systems,Bachelor of Science,General,Spring 2020,2020,First-Time Freshman,4.0,121,3.30,3.15,In-State,FALSE,15,2,2,4,37530,18630,Employed Full-Time,2.6,Junior Systems Analyst,IT Business & Product,Greenspring Health Systems,Healthcare & Life Sciences,"Baltimore, MD",67250,FALSE,Online Application
CID-834524,Information Systems,Bachelor of Science,Cybersecurity Management,Spring 2020,2020,First-Time Freshman,3.3,121,3.19,3.10,In-State,FALSE,6,1,0,2,30970,9900,Employed Full-Time,4.3,Junior Systems Analyst,IT Business & Product,Allied Shield Insurance Group,Insurance,Remote - United States,86000,TRUE,Student Organization Connection
CID-293697,Information Systems,Bachelor of Science,Software Development,Fall 2022,2022,First-Time Freshman,4.3,121,2.70,2.95,In-State,FALSE,7,2,0,2,40190,16450,Employed Full-Time,2.2,Junior Systems Analyst,IT Business & Product,Quarry Road Software,Software Products,Northern Virginia,87500,TRUE,Online Application
CID-745895,Computer Science,Bachelor of Science,General,Fall 2023,2023,First-Time Freshman,4.3,122,2.98,3.10,In-State,FALSE,11,0,1,3,43710,14400,Still Seeking,Not Applicable,Not Applicable,Not Applicable,Not Applicable,Not Applicable,Not Applicable,Not Applicable,Not Applicable,Not Applicable
CID-538805,Computer Science,Bachelor of Science,Data Science,Fall 2023,2023,First-Time Freshman,3.7,120,3.19,3.20,In-State,FALSE,15,3,0,2,33740,23560,Employed Full-Time,2.3,Data Analyst,Data & Analytics,Meridian National Systems,Federal Contracting,"Washington, DC Metro",79500,FALSE,Online Application
CID-557456,Computer Science,Bachelor of Science,Artificial Intelligence,Fall 2022,2022,Transfer,3.0,122,3.10,3.22,In-State,FALSE,1,2,0,1,17300,7780,Employed Full-Time,2.0,Software Engineer I,Software Engineering,Piedmont Energy Partners,Energy & Utilities,Northern Virginia,92250,FALSE,Faculty or Staff Referral
CID-108816,Computer Science,Bachelor of Science,General,Fall 2015,2015,Transfer,2.0,121,3.29,3.37,In-State,FALSE,9,1,0,2,7740,2810,Employed Full-Time,0.9,Systems Administrator,Infrastructure & Cloud,Calvert Advisory Group,Consulting & Professional Services,"Baltimore, MD",74250,FALSE,Career Fair
CID-993949,Computer Science,Bachelor of Science,Data Science,Fall 2018,2018,First-Time Freshman,4.3,120,2.65,2.63,In-State,FALSE,29,1,0,2,38600,27910,No Response,Not Applicable,Not Applicable,Not Applicable,Not Applicable,Not Applicable,Not Applicable,Not Applicable,Not Applicable,Not Applicable
CID-514198,Information Systems,Bachelor of Science,General,Spring 2024,2024,First-Time Freshman,4.7,121,3.11,3.20,In-State,FALSE,3,3,1,2,42170,9210,No Response,Not Applicable,Not Applicable,Not Applicable,Not Applicable,Not Applicable,Not Applicable,Not Applicable,Not Applicable,Not Applicable
CID-911160,Computer Science,Bachelor of Science,Software Engineering,Fall 2022,2022,First-Time Freshman,7.3,122,2.98,3.17,Out-of-State,FALSE,24,2,1,3,77150,41900,Employed Full-Time,0.0,Junior Developer,Software Engineering,Potomac Mission Solutions,Federal Contracting,"Washington, DC Metro",93000,FALSE,Online Application
CID-244632,Computer Science,Bachelor of Science,Artificial Intelligence,Spring 2015,2015,Transfer,2.3,121,3.57,3.43,In-State,FALSE,7,0,0,4,9910,4580,Continuing Education,Not Applicable,Not Applicable,Not Applicable,Not Applicable,Not Applicable,Not Applicable,Not Applicable,Not Applicable,Not Applicable
CID-118188,Computer Science,Bachelor of Science,Cybersecurity,Fall 2021,2021,First-Time Freshman,8.7,122,1.87,1.97,In-State,FALSE,19,3,0,5,40460,18770,Employed Full-Time,0.1,Systems Administrator,Infrastructure & Cloud,Bayview Medical Informatics,Healthcare & Life Sciences,Remote - United States,81500,TRUE,Return Offer from Internship
CID-503663,Computer Science,Bachelor of Science,Data Science,Spring 2019,2019,First-Time Freshman,4.3,122,2.88,2.90,Out-of-State,FALSE,11,3,0,6,75980,48010,No Response,Not Applicable,Not Applicable,Not Applicable,Not Applicable,Not Applicable,Not Applicable,Not Applicable,Not Applicable,Not Applicable
CID-301198,Information Systems,Bachelor of Science,Business Analytics,Spring 2024,2024,First-Time Freshman,4.0,121,3.46,3.45,In-State,FALSE,13,2,0,2,37350,30520,Employed Full-Time,1.2,Machine Learning Engineer I,Machine Learning & AI,Lumen Grid Software,Software Products,"Baltimore, MD",112000,FALSE,Student Organization Connection
CID-676706,Computer Science,Bachelor of Science,Data Science,Spring 2024,2024,First-Time Freshman,3.3,120,3.36,3.30,In-State,FALSE,9,1,0,7,40490,35190,Employed Full-Time,0.3,Business Intelligence Analyst,Data & Analytics,Potomac Mission Solutions,Federal Contracting,"Washington, DC Metro",80750,FALSE,Return Offer from Internship
CID-315858,Computer Science,Bachelor of Science,General,Spring 2016,2016,Transfer,3.0,120,2.48,2.47,In-State,FALSE,9,0,2,3,12640,9980,Employed Full-Time,3.2,Systems Administrator,Infrastructure & Cloud,Tessellate Labs,Software Products,"Washington, DC Metro",74000,FALSE,Online Application
CID-418903,Computer Science,Bachelor of Science,Cybersecurity,Fall 2024,2024,First-Time Freshman,4.7,122,2.34,2.24,In-State,FALSE,11,1,0,3,44970,23850,No Response,Not Applicable,Not Applicable,Not Applicable,Not Applicable,Not Applicable,Not Applicable,Not Applicable,Not Applicable,Not Applicable
CID-239383,Information Systems,Master of Science,Software Development,Spring 2019,2019,First-Time Freshman,4.7,121,2.64,2.75,In-State,TRUE,12,1,1,1,28830,6370,Employed Part-Time,1.2,EHR Support Analyst,Health IT,Keystone Federal Services,Federal Contracting,"Washington, DC Metro",71250,FALSE,Student Organization Connection
CID-406984,Information Systems,Bachelor of Science,Business Analytics,Spring 2021,2021,First-Time Freshman,4.7,121,2.71,2.90,In-State,FALSE,19,0,0,2,32380,0,Employed Full-Time,3.6,IT Analyst,IT Business & Product,Marketside Digital,E-Commerce & Retail Tech,"Washington, DC Metro",75750,FALSE,Online Application
CID-255765,Computer Science,Bachelor of Science,Cybersecurity,Fall 2022,2022,First-Time Freshman,6.7,122,3.50,3.41,In-State,FALSE,21,2,2,5,35630,5450,Employed Full-Time,0.5,SOC Analyst,Cybersecurity,Sentinel Peak Security,Cybersecurity Services,"Baltimore, MD",109000,TRUE,Return Offer from Internship
CID-852612,Information Systems,Bachelor of Science,Software Development,Fall 2016,2016,First-Time Freshman,4.7,121,3.07,3.05,In-State,FALSE,3,1,0,1,25220,21260,Employed Full-Time,1.3,Junior Data Analyst,Data & Analytics,Anvil Compute,Cloud & Infrastructure,Remote - United States,73500,TRUE,Alumni Network
CID-857159,Computer Science,Bachelor of Science,Software Engineering,Spring 2023,2023,First-Time Freshman,4.0,122,2.92,2.93,In-State,FALSE,9,0,0,0,41310,26680,No Response,Not Applicable,Not Applicable,Not Applicable,Not Applicable,Not Applicable,Not Applicable,Not Applicable,Not Applicable,Not Applicable
CID-717378,Computer Science,Bachelor of Science,Data Science,Spring 2016,2016,Transfer,2.7,120,3.78,3.80,In-State,FALSE,3,1,0,1,10740,6160,No Response,Not Applicable,Not Applicable,Not Applicable,Not Applicable,Not Applicable,Not Applicable,Not Applicable,Not Applicable,Not Applicable
CID-557464,Computer Science,Bachelor of Science,Software Engineering,Spring 2025,2025,First-Time Freshman,4.3,122,3.11,3.03,Out-of-State,FALSE,16,2,1,3,83920,7230,Continuing Education,Not Applicable,Not Applicable,Not Applicable,Not Applicable,Not Applicable,Not Applicable,Not Applicable,Not Applicable,Not Applicable
CID-932375,Computer Science,Bachelor of Science,Cybersecurity,Fall 2023,2023,Transfer,3.3,121,2.82,2.81,In-State,FALSE,2,0,0,1,15970,6770,Employed Full-Time,5.8,Junior Data Analyst,Data & Analytics,Sterling Ridge Consulting,Consulting & Professional Services,Northern Virginia,78250,FALSE,Online Application
CID-974190,Computer Science,Bachelor of Science,Cybersecurity,Spring 2025,2025,Transfer,1.3,121,2.51,2.47,In-State,FALSE,10,0,1,1,13110,11730,No Response,Not Applicable,Not Applicable,Not Applicable,Not Applicable,Not Applicable,Not Applicable,Not Applicable,Not Applicable,Not Applicable
CID-609416,Computer Science,Bachelor of Science,Data Science,Fall 2022,2022,First-Time Freshman,3.7,120,2.89,2.82,In-State,FALSE,7,1,0,2,46130,34160,Employed Full-Time,0.0,Business Intelligence Analyst,Data & Analytics,Monument Bank Technology,Financial Services,Northern Virginia,79500,FALSE,Personal Network
CID-549044,Computer Science,Bachelor of Science,General,Spring 2023,2023,Transfer,3.3,122,3.46,3.40,In-State,FALSE,9,2,0,2,12930,6660,Employed Full-Time,0.2,Junior Developer,Software Engineering,Redoubt Security Partners,Cybersecurity Services,"Washington, DC Metro",89750,FALSE,Return Offer from Internship
CID-695654,Information Systems,Bachelor of Science,Business Analytics,Spring 2021,2021,First-Time Freshman,4.0,121,3.31,3.25,In-State,FALSE,9,2,0,1,33150,15100,Continuing Education,Not Applicable,Not Applicable,Not Applicable,Not Applicable,Not Applicable,Not Applicable,Not Applicable,Not Applicable,Not Applicable
CID-434207,Computer Science,Bachelor of Science,Data Science,Spring 2020,2020,Transfer,3.0,121,2.67,2.59,Out-of-State,FALSE,5,1,2,3,29760,26750,Employed Full-Time,0.2,Business Intelligence Analyst,Data & Analytics,Tidewater Defense Group,Defense & Aerospace,"Columbia/Howard County, MD",86000,FALSE,Return Offer from Internship
CID-280142,Computer Science,Bachelor of Science,General,Spring 2018,2018,First-Time Freshman,3.0,121,3.40,3.33,In-State,FALSE,9,0,1,3,41520,26780,Employed Full-Time,5.1,Junior Security Engineer,Cybersecurity,Redoubt Security Partners,Cybersecurity Services,"Baltimore, MD",67500,FALSE,Recruiter Outreach
CID-858198,Computer Science,Bachelor of Science,Cybersecurity,Spring 2020,2020,First-Time Freshman,4.0,120,2.92,2.72,In-State,FALSE,5,0,2,1,37710,16890,Continuing Education,Not Applicable,Not Applicable,Not Applicable,Not Applicable,Not Applicable,Not Applicable,Not Applicable,Not Applicable,Not Applicable
CID-221580,Computer Science,Bachelor of Science,Cybersecurity,Spring 2022,2022,Transfer,2.3,121,2.97,3.15,In-State,FALSE,16,1,1,4,13200,12280,Employed Full-Time,2.0,Data Analyst,Data & Analytics,Cartway Commerce,E-Commerce & Retail Tech,Northern Virginia,87000,FALSE,Student Organization Connection
CID-185481,Information Systems,Bachelor of Science,Health Information Technology,Spring 2020,2020,Transfer,3.3,121,3.04,3.00,In-State,FALSE,8,2,2,2,15490,11580,No Response,Not Applicable,Not Applicable,Not Applicable,Not Applicable,Not Applicable,Not Applicable,Not Applicable,Not Applicable,Not Applicable
CID-272779,Information Systems,Bachelor of Science,General,Fall 2020,2020,Transfer,2.7,120,3.18,3.12,In-State,FALSE,16,1,0,1,11020,5290,Employed Full-Time,3.9,Clinical Systems Analyst,Health IT,Clarion Clinical Data,Healthcare & Life Sciences,"Baltimore, MD",68500,FALSE,Recruiter Outreach
CID-600652,Information Systems,Bachelor of Science,Cybersecurity Management,Spring 2019,2019,Transfer,2.7,120,3.30,3.22,In-State,FALSE,2,1,0,2,12090,2710,Continuing Education,Not Applicable,Not Applicable,Not Applicable,Not Applicable,Not Applicable,Not Applicable,Not Applicable,Not Applicable,Not Applicable
CID-572872,Computer Science,Bachelor of Science,General,Spring 2025,2025,First-Time Freshman,4.0,120,2.56,2.68,Out-of-State,FALSE,15,2,0,2,81340,44780,Employed Full-Time,2.0,Junior ML Engineer,Machine Learning & AI,Federal Health Data Office,Federal Government,"Baltimore, MD",62000,FALSE,Career Fair
CID-413851,Information Systems,Bachelor of Science,Health Information Technology,Spring 2024,2024,First-Time Freshman,4.0,121,3.17,3.30,In-State,FALSE,4,2,0,6,37810,22120,Employed Full-Time,1.9,Business Intelligence Analyst,Data & Analytics,Fidelis Capital Partners,Financial Services,"Washington, DC Metro",83750,FALSE,Personal Network
CID-198095,Computer Science,Bachelor of Science,General,Spring 2015,2015,Transfer,2.7,122,2.72,2.80,In-State,FALSE,6,0,0,1,9860,7150,Continuing Education,Not Applicable,Not Applicable,Not Applicable,Not Applicable,Not Applicable,Not Applicable,Not Applicable,Not Applicable,Not Applicable
CID-449301,Information Systems,Master of Science,General,Fall 2015,2015,Transfer,4.0,120,3.26,3.24,In-State,TRUE,23,2,0,1,12750,6970,Employed Full-Time,2.7,Data Analyst,Data & Analytics,Maryland Department of IT,Federal Government,"Columbia/Howard County, MD",55500,FALSE,Online Application
CID-375802,Computer Science,Bachelor of Science,Cybersecurity,Fall 2021,2021,Transfer,3.7,121,2.34,2.24,In-State,FALSE,8,0,0,2,17520,2490,Employed Full-Time,2.8,Systems Administrator,Infrastructure & Cloud,Clarion Clinical Data,Healthcare & Life Sciences,"Columbia/Howard County, MD",67000,FALSE,Online Application
CID-504022,Information Systems,Bachelor of Science,General,Spring 2025,2025,First-Time Freshman,5.0,121,2.22,2.15,Out-of-State,FALSE,24,0,0,3,87950,82560,No Response,Not Applicable,Not Applicable,Not Applicable,Not Applicable,Not Applicable,Not Applicable,Not Applicable,Not Applicable,Not Applicable
CID-579854,Information Systems,Bachelor of Science,Business Analytics,Spring 2026,2026,First-Time Freshman,9.7,121,2.30,2.40,In-State,FALSE,22,3,1,2,52740,28300,Employed Full-Time,0.4,Junior Developer,Software Engineering,Potomac Mission Solutions,Federal Contracting,"Washington, DC Metro",72500,FALSE,Return Offer from Internship
CID-680223,Computer Science,Bachelor of Science,General,Fall 2020,2020,First-Time Freshman,5.0,120,1.86,1.86,In-State,FALSE,26,0,0,3,46540,18330,Still Seeking,Not Applicable,Not Applicable,Not Applicable,Not Applicable,Not Applicable,Not Applicable,Not Applicable,Not Applicable,Not Applicable
CID-608872,Information Systems,Bachelor of Science,General,Spring 2020,2020,First-Time Freshman,4.0,121,3.50,3.45,In-State,FALSE,6,2,1,1,27720,11560,Employed Full-Time,0.2,Health Data Analyst,Health IT,Allied Shield Insurance Group,Insurance,"Washington, DC Metro",80500,FALSE,Return Offer from Internship
CID-439126,Computer Science,Bachelor of Science,General,Spring 2019,2019,First-Time Freshman,3.3,123,3.11,3.11,Out-of-State,FALSE,11,1,0,0,82240,54330,Employed Full-Time,0.4,Associate Software Engineer,Software Engineering,Catoctin Analytics Group,Federal Contracting,Northern Virginia,80000,FALSE,Return Offer from Internship
CID-931785,Computer Science,Bachelor of Science,Cybersecurity,Fall 2019,2019,Transfer,2.0,122,2.68,2.76,In-State,FALSE,12,1,0,1,5960,4720,Employed Full-Time,0.0,Systems Administrator,Infrastructure & Cloud,Arbor Peak Technologies,Software Products,"New York, NY",101000,FALSE,Online Application
CID-569566,Computer Science,Bachelor of Science,Data Science,Spring 2021,2021,First-Time Freshman,4.0,120,2.71,2.78,In-State,FALSE,4,1,0,0,40850,12130,Still Seeking,Not Applicable,Not Applicable,Not Applicable,Not Applicable,Not Applicable,Not Applicable,Not Applicable,Not Applicable,Not Applicable
CID-387001,Information Systems,Bachelor of Science,Software Development,Spring 2021,2021,Transfer,2.3,120,2.97,3.18,In-State,FALSE,7,1,0,2,14180,11270,Employed Part-Time,3.3,Junior Systems Analyst,IT Business & Product,Bayview Medical Informatics,Healthcare & Life Sciences,"Baltimore, MD",60000,FALSE,Alumni Network
CID-295907,Computer Science,Bachelor of Science,Data Science,Spring 2023,2023,First-Time Freshman,4.0,120,2.89,2.76,In-State,FALSE,6,0,0,0,31180,27240,Employed Full-Time,4.4,Junior Data Analyst,Data & Analytics,Shoreline Retail Group,E-Commerce & Retail Tech,"Baltimore, MD",61750,FALSE,Alumni Network
CID-992519,Information Systems,Bachelor of Science,Cybersecurity Management,Spring 2024,2024,First-Time Freshman,4.7,121,2.95,2.95,In-State,FALSE,12,3,0,2,36360,32990,Employed Full-Time,0.2,Business Analyst,IT Business & Product,Blue Heron Technologies,Federal Contracting,"Baltimore, MD",90250,FALSE,Return Offer from Internship
CID-174894,Computer Science,Bachelor of Science,Software Engineering,Fall 2016,2016,First-Time Freshman,4.0,122,3.82,3.75,Out-of-State,FALSE,2,3,3,1,43220,36760,Employed Full-Time,0.4,Associate Software Engineer,Software Engineering,Copper Ridge Data Centers,Cloud & Infrastructure,"Boston, MA",115500,FALSE,Return Offer from Internship
CID-254534,Computer Science,Bachelor of Science,Data Science,Fall 2026,2026,Transfer,2.3,96,2.43,2.33,In-State,FALSE,8,0,0,1,13250,5700,Still Seeking,Not Applicable,Not Applicable,Not Applicable,Not Applicable,Not Applicable,Not Applicable,Not Applicable,Not Applicable,Not Applicable
CID-579138,Computer Science,Bachelor of Science,General,Fall 2022,2022,First-Time Freshman,4.0,120,2.62,2.58,In-State,FALSE,20,2,1,5,29410,20440,Employed Full-Time,0.3,Systems Administrator,Infrastructure & Cloud,Antietam Systems Integration,Federal Contracting,"Washington, DC Metro",91500,FALSE,Return Offer from Internship
CID-137294,Information Systems,Bachelor of Science,Cybersecurity Management,Spring 2020,2020,First-Time Freshman,4.7,121,3.05,3.00,In-State,FALSE,7,1,0,2,28110,8710,Employed Full-Time,3.8,Junior Security Engineer,Cybersecurity,Catoctin Analytics Group,Federal Contracting,"Baltimore, MD",77750,FALSE,Online Application
CID-139093,Computer Science,Bachelor of Science,Data Science,Spring 2021,2021,First-Time Freshman,4.0,122,2.93,3.24,In-State,FALSE,13,1,2,2,44930,37170,Employed Full-Time,0.0,Security Analyst I,Cybersecurity,Piedmont Energy Partners,Energy & Utilities,"New York, NY",104000,FALSE,Recruiter Outreach
CID-710248,Computer Science,Bachelor of Science,Software Engineering,Spring 2018,2018,First-Time Freshman,3.0,120,3.50,3.35,In-State,FALSE,9,1,2,8,36010,20990,Employed Full-Time,0.4,Junior Developer,Software Engineering,Dockside Logistics Systems,Logistics & Transportation,Northern Virginia,91250,FALSE,Return Offer from Internship
CID-672060,Computer Science,Bachelor of Science,Cybersecurity,Fall 2022,2022,First-Time Freshman,5.3,122,2.39,2.21,Out-of-State,FALSE,11,1,0,4,77640,36930,Employed Full-Time,1.2,Cloud Support Engineer,Infrastructure & Cloud,Piedmont Energy Partners,Energy & Utilities,Northern Virginia,84500,FALSE,Career Fair
CID-371207,Computer Science,Bachelor of Science,Software Engineering,Fall 2023,2023,First-Time Freshman,4.3,122,3.56,3.48,Out-of-State,FALSE,7,1,0,2,59690,16330,Employed Full-Time,3.8,Junior Developer,Software Engineering,Tidewater Defense Group,Defense & Aerospace,Northern Virginia,75750,FALSE,Online Application
CID-105240,Information Systems,Bachelor of Science,Business Analytics,Spring 2019,2019,Transfer,2.0,120,2.70,2.71,In-State,FALSE,13,0,0,2,10460,5470,Employed Full-Time,3.4,Business Analyst,IT Business & Product,Lumen Grid Software,Software Products,"Baltimore, MD",68500,FALSE,Online Application
CID-984585,Computer Science,Bachelor of Science,Cybersecurity,Spring 2022,2022,First-Time Freshman,3.7,120,2.98,3.04,Out-of-State,FALSE,4,0,2,2,69910,27300,No Response,Not Applicable,Not Applicable,Not Applicable,Not Applicable,Not Applicable,Not Applicable,Not Applicable,Not Applicable,Not Applicable
CID-334998,Information Systems,Bachelor of Science,General,Spring 2024,2024,Transfer,2.3,121,2.49,2.44,In-State,FALSE,12,1,0,2,15760,8220,Employed Full-Time,4.8,IT Analyst,IT Business & Product,Arbor Peak Technologies,Software Products,"Baltimore, MD",62750,FALSE,Faculty or Staff Referral
CID-868308,Computer Science,Bachelor of Science,Cybersecurity,Spring 2026,2026,First-Time Freshman,3.7,120,2.89,2.74,In-State,FALSE,5,1,0,2,45870,13550,Employed Full-Time,0.0,Help Desk Technician,IT Support & Operations,Fidelis Capital Partners,Financial Services,"Baltimore, MD",69750,TRUE,Faculty or Staff Referral
CID-184966,Computer Science,Bachelor of Science,General,Spring 2023,2023,Transfer,2.7,122,2.74,2.73,In-State,FALSE,14,1,2,4,12370,2640,Employed Full-Time,1.2,Associate Software Engineer,Software Engineering,CareBridge Technology,Healthcare & Life Sciences,"Baltimore, MD",63000,FALSE,Career Fair
CID-500243,Computer Science,Bachelor of Science,General,Spring 2023,2023,First-Time Freshman,4.0,120,3.12,3.05,In-State,FALSE,12,1,3,3,43160,13400,No Response,Not Applicable,Not Applicable,Not Applicable,Not Applicable,Not Applicable,Not Applicable,Not Applicable,Not Applicable,Not Applicable
CID-374663,Computer Science,Bachelor of Science,Cybersecurity,Fall 2020,2020,First-Time Freshman,8.3,122,2.66,2.62,Out-of-State,FALSE,14,0,1,2,99910,37580,Still Seeking,Not Applicable,Not Applicable,Not Applicable,Not Applicable,Not Applicable,Not Applicable,Not Applicable,Not Applicable,Not Applicable
CID-912300,Information Systems,Bachelor of Science,Health Information Technology,Spring 2023,2023,First-Time Freshman,4.0,121,3.36,3.40,In-State,FALSE,8,1,1,1,37820,34320,Still Seeking,Not Applicable,Not Applicable,Not Applicable,Not Applicable,Not Applicable,Not Applicable,Not Applicable,Not Applicable,Not Applicable
CID-263849,Information Systems,Bachelor of Science,Business Analytics,Spring 2025,2025,First-Time Freshman,6.7,121,2.65,2.75,In-State,FALSE,18,2,0,1,35870,22550,Still Seeking,Not Applicable,Not Applicable,Not Applicable,Not Applicable,Not Applicable,Not Applicable,Not Applicable,Not Applicable,Not Applicable
CID-275320,Computer Science,Bachelor of Science,Data Science,Spring 2015,2015,First-Time Freshman,4.7,122,2.69,2.72,In-State,FALSE,10,0,0,0,28490,9480,Employed Full-Time,4.6,Machine Learning Engineer I,Machine Learning & AI,Anvil Compute,Cloud & Infrastructure,Northern Virginia,75750,FALSE,Career Fair
CID-199608,Computer Science,Bachelor of Science,Software Engineering,Spring 2016,2016,First-Time Freshman,3.7,123,2.94,2.75,Out-of-State,FALSE,2,2,0,2,61580,21290,Employed Full-Time,0.3,Associate Software Engineer,Software Engineering,Sterling Ridge Consulting,Consulting & Professional Services,Northern Virginia,86500,FALSE,Return Offer from Internship
CID-307118,Computer Science,Master of Science,General,Fall 2022,2022,Transfer,2.3,120,3.38,3.62,In-State,TRUE,22,0,0,1,11190,3820,Employed Full-Time,5.4,Software Engineer I,Software Engineering,Arbor Peak Technologies,Software Products,Remote - United States,84000,TRUE,Personal Network
CID-336889,Information Systems,Bachelor of Science,Cybersecurity Management,Fall 2018,2018,Transfer,3.7,121,2.41,2.44,In-State,FALSE,7,1,0,2,13580,0,No Response,Not Applicable,Not Applicable,Not Applicable,Not Applicable,Not Applicable,Not Applicable,Not Applicable,Not Applicable,Not Applicable
CID-339387,Computer Science,Bachelor of Science,General,Fall 2021,2021,Transfer,3.0,120,3.18,3.20,Out-of-State,FALSE,10,2,0,2,19200,15310,Employed Full-Time,0.3,Associate Software Engineer,Software Engineering,Chesterfield Asset Management,Financial Services,Remote - United States,82250,TRUE,Student Organization Connection
CID-430877,Computer Science,Bachelor of Science,Data Science,Fall 2020,2020,First-Time Freshman,7.0,120,2.75,2.86,In-State,FALSE,30,0,0,2,43100,27140,Employed Full-Time,5.6,Data Analyst,Data & Analytics,Bastion Threat Labs,Cybersecurity Services,"Washington, DC Metro",63000,TRUE,Alumni Network
CID-800645,Computer Science,Bachelor of Science,Cybersecurity,Spring 2026,2026,First-Time Freshman,7.0,100,2.53,2.63,In-State,FALSE,15,1,0,2,39070,24070,Employed Full-Time,0.1,Junior Developer,Software Engineering,Severn River Consulting,Federal Contracting,"Baltimore, MD",90500,FALSE,Return Offer from Internship
CID-185594,Computer Science,Bachelor of Science,Cybersecurity,Fall 2022,2022,First-Time Freshman,4.0,120,3.86,3.82,In-State,FALSE,13,3,1,5,22890,22890,Employed Full-Time,0.1,Security Analyst I,Cybersecurity,Tidewater Defense Group,Defense & Aerospace,Northern Virginia,127000,FALSE,Return Offer from Internship
CID-491270,Information Systems,Bachelor of Science,Cybersecurity Management,Spring 2025,2025,First-Time Freshman,3.7,121,3.24,3.10,In-State,FALSE,12,1,0,2,29790,13560,Still Seeking,Not Applicable,Not Applicable,Not Applicable,Not Applicable,Not Applicable,Not Applicable,Not Applicable,Not Applicable,Not Applicable
CID-176507,Computer Science,Bachelor of Science,Cybersecurity,Fall 2025,2025,First-Time Freshman,3.7,120,3.69,3.57,Out-of-State,FALSE,1,3,1,2,87860,58960,Employed Full-Time,0.3,Cloud Support Engineer,Infrastructure & Cloud,Beacon Telecom Services,Telecommunications,"Washington, DC Metro",120500,FALSE,Return Offer from Internship
CID-871454,Computer Science,Master of Science,Software Engineering,Fall 2019,2019,Transfer,2.7,121,3.38,3.29,In-State,TRUE,4,1,0,1,12070,5070,Employed Full-Time,0.3,Cloud Support Engineer,Infrastructure & Cloud,Anvil Compute,Cloud & Infrastructure,San Francisco Bay Area,122500,FALSE,Return Offer from Internship
CID-408416,Information Systems,Bachelor of Science,Business Analytics,Spring 2024,2024,First-Time Freshman,3.7,121,3.59,3.45,In-State,FALSE,19,0,1,5,34950,22370,Continuing Education,Not Applicable,Not Applicable,Not Applicable,Not Applicable,Not Applicable,Not Applicable,Not Applicable,Not Applicable,Not Applicable
CID-669060,Computer Science,Bachelor of Science,General,Fall 2016,2016,Transfer,2.0,121,3.47,3.50,In-State,FALSE,6,0,0,2,5870,910,No Response,Not Applicable,Not Applicable,Not Applicable,Not Applicable,Not Applicable,Not Applicable,Not Applicable,Not Applicable,Not Applicable
CID-913180,Computer Science,Bachelor of Science,Data Science,Fall 2024,2024,Transfer,3.3,121,3.18,3.20,Out-of-State,FALSE,9,1,0,2,29290,16830,Continuing Education,Not Applicable,Not Applicable,Not Applicable,Not Applicable,Not Applicable,Not Applicable,Not Applicable,Not Applicable,Not Applicable
CID-405478,Computer Science,Bachelor of Science,Data Science,Spring 2026,2026,First-Time Freshman,3.7,120,3.29,3.42,In-State,FALSE,5,2,1,1,40530,11020,No Response,Not Applicable,Not Applicable,Not Applicable,Not Applicable,Not Applicable,Not Applicable,Not Applicable,Not Applicable,Not Applicable
CID-907642,Information Systems,Master of Science,Business Analytics,Spring 2015,2015,First-Time Freshman,3.3,121,3.38,3.30,Out-of-State,TRUE,3,2,0,3,51310,25670,Employed Full-Time,0.1,IT Analyst,IT Business & Product,Potomac Mission Solutions,Federal Contracting,"Baltimore, MD",62500,FALSE,Online Application
CID-392029,Computer Science,Bachelor of Science,Data Science,Spring 2015,2015,First-Time Freshman,3.7,120,3.27,3.28,Out-of-State,FALSE,10,1,0,4,58830,24320,Continuing Education,Not Applicable,Not Applicable,Not Applicable,Not Applicable,Not Applicable,Not Applicable,Not Applicable,Not Applicable,Not Applicable
CID-202585,Computer Science,Bachelor of Science,Data Science,Fall 2025,2025,Transfer,2.3,122,2.83,2.82,In-State,FALSE,10,1,0,4,11940,9060,Continuing Education,Not Applicable,Not Applicable,Not Applicable,Not Applicable,Not Applicable,Not Applicable,Not Applicable,Not Applicable,Not Applicable
CID-441381,Computer Science,Bachelor of Science,General,Spring 2021,2021,First-Time Freshman,3.3,120,3.08,3.27,In-State,FALSE,8,1,0,3,34290,25520,Employed Full-Time,0.3,Cloud Support Engineer,Infrastructure & Cloud,Redoubt Security Partners,Cybersecurity Services,"Baltimore, MD",87000,FALSE,Return Offer from Internship
CID-650768,Information Systems,Bachelor of Science,Business Analytics,Fall 2020,2020,Transfer,4.7,121,2.02,2.21,In-State,FALSE,9,0,0,0,18550,6630,Employed Full-Time,8.4,Associate Software Engineer,Software Engineering,Lumen Grid Software,Software Products,"Baltimore, MD",42250,TRUE,Online Application
CID-288844,Information Systems,Bachelor of Science,Health Information Technology,Fall 2025,2025,Transfer,2.7,122,2.93,2.83,Out-of-State,FALSE,12,2,0,2,18470,9800,Employed Full-Time,0.1,Junior Systems Analyst,IT Business & Product,Falconview Systems,Software Products,"Baltimore, MD",83250,FALSE,Return Offer from Internship
CID-770895,Information Systems,Bachelor of Science,Software Development,Fall 2020,2020,Transfer,2.7,122,2.79,2.67,In-State,FALSE,14,1,1,5,11060,0,No Response,Not Applicable,Not Applicable,Not Applicable,Not Applicable,Not Applicable,Not Applicable,Not Applicable,Not Applicable,Not Applicable
CID-845072,Information Systems,Bachelor of Science,General,Fall 2023,2023,First-Time Freshman,4.7,121,2.88,3.05,In-State,FALSE,0,3,0,1,37590,26620,Employed Full-Time,3.6,Desktop Support Analyst,IT Support & Operations,Severn River Consulting,Federal Contracting,"Baltimore, MD",47750,FALSE,Personal Network
CID-954916,Computer Science,Bachelor of Science,Data Science,Spring 2026,2026,First-Time Freshman,4.3,119,2.54,2.47,In-State,FALSE,15,1,0,1,37370,33650,Employed Part-Time,2.9,Junior Systems Analyst,IT Business & Product,Dockside Logistics Systems,Logistics & Transportation,"Washington, DC Metro",90250,FALSE,Online Application
CID-284738,Computer Science,Bachelor of Science,Data Science,Fall 2017,2017,Transfer,3.0,121,3.01,2.80,In-State,FALSE,3,1,0,3,8980,3590,No Response,Not Applicable,Not Applicable,Not Applicable,Not Applicable,Not Applicable,Not Applicable,Not Applicable,Not Applicable,Not Applicable
CID-993231,Computer Science,Bachelor of Science,Artificial Intelligence,Spring 2016,2016,First-Time Freshman,4.0,120,3.23,3.33,Out-of-State,FALSE,18,2,2,2,46220,14040,No Response,Not Applicable,Not Applicable,Not Applicable,Not Applicable,Not Applicable,Not Applicable,Not Applicable,Not Applicable,Not Applicable
CID-101426,Computer Science,Bachelor of Science,Data Science,Spring 2024,2024,First-Time Freshman,3.3,120,3.61,3.56,In-State,FALSE,27,0,1,6,28030,17680,Employed Full-Time,3.3,Systems Administrator,Infrastructure & Cloud,Chesapeake Defense Systems,Defense & Aerospace,"Baltimore, MD",102500,FALSE,Career Fair
CID-577266,Computer Science,Bachelor of Science,Software Engineering,Fall 2025,2025,Transfer,2.3,120,2.74,2.68,In-State,FALSE,9,0,1,4,13530,13530,Employed Full-Time,7.8,Software Engineer I,Software Engineering,Maryland Department of IT,Federal Government,"Washington, DC Metro",52500,FALSE,Faculty or Staff Referral
CID-591356,Information Systems,Bachelor of Science,General,Spring 2026,2026,First-Time Freshman,3.7,121,3.84,3.80,Out-of-State,FALSE,16,3,1,3,66790,19720,Employed Full-Time,0.0,Junior Data Analyst,Data & Analytics,Catoctin Analytics Group,Federal Contracting,"Baltimore, MD",104000,FALSE,Return Offer from Internship
CID-871698,Computer Science,Bachelor of Science,Cybersecurity,Fall 2023,2023,First-Time Freshman,4.0,123,3.06,3.08,In-State,FALSE,12,1,1,1,31350,2790,Continuing Education,Not Applicable,Not Applicable,Not Applicable,Not Applicable,Not Applicable,Not Applicable,Not Applicable,Not Applicable,Not Applicable
CID-192605,Information Systems,Bachelor of Science,General,Spring 2019,2019,Transfer,2.0,122,3.81,3.78,In-State,FALSE,3,1,2,5,9040,5590,Continuing Education,Not Applicable,Not Applicable,Not Applicable,Not Applicable,Not Applicable,Not Applicable,Not Applicable,Not Applicable,Not Applicable
CID-716467,Computer Science,Bachelor of Science,Data Science,Summer 2021,2021,First-Time Freshman,5.0,120,2.48,2.28,In-State,FALSE,24,2,2,2,42470,30040,Employed Full-Time,0.6,Cloud Support Engineer,Infrastructure & Cloud,Chesapeake Defense Systems,Defense & Aerospace,"Baltimore, MD",89750,FALSE,Return Offer from Internship
CID-180626,Information Systems,Bachelor of Science,Health Information Technology,Fall 2022,2022,Transfer,3.0,121,3.39,3.50,In-State,FALSE,17,0,0,0,15380,11170,No Response,Not Applicable,Not Applicable,Not Applicable,Not Applicable,Not Applicable,Not Applicable,Not Applicable,Not Applicable,Not Applicable
CID-698265,Computer Science,Bachelor of Science,Data Science,Fall 2025,2025,First-Time Freshman,5.7,122,2.12,1.95,Out-of-State,FALSE,18,1,1,2,85060,1440,Employed Full-Time,0.1,Junior Developer,Software Engineering,Northfield Biosciences,Healthcare & Life Sciences,"Washington, DC Metro",68000,FALSE,Return Offer from Internship
CID-537118,Computer Science,Bachelor of Science,General,Fall 2018,2018,Transfer,3.3,122,2.47,2.73,Out-of-State,FALSE,18,1,0,3,27820,12820,Employed Full-Time,2.2,Associate Software Engineer,Software Engineering,Continental Wireless,Telecommunications,"Washington, DC Metro",61750,FALSE,Student Organization Connection
CID-300299,Information Systems,Bachelor of Science,General,Spring 2022,2022,First-Time Freshman,4.3,121,2.65,2.75,Out-of-State,FALSE,9,1,0,0,70430,65720,Employed Full-Time,0.0,IT Support Specialist,IT Support & Operations,Severn River Consulting,Federal Contracting,"Columbia/Howard County, MD",66250,FALSE,Online Application
CID-123913,Computer Science,Bachelor of Science,General,Spring 2023,2023,First-Time Freshman,3.3,120,2.64,2.62,In-State,FALSE,13,2,2,2,27570,17400,Employed Full-Time,0.5,Junior DevOps Engineer,Infrastructure & Cloud,Federal Health Data Office,Federal Government,"Boston, MA",103500,FALSE,Return Offer from Internship
CID-691682,Information Systems,Bachelor of Science,Business Analytics,Fall 2024,2024,First-Time Freshman,4.7,121,2.98,3.20,In-State,FALSE,17,1,0,1,44360,32380,No Response,Not Applicable,Not Applicable,Not Applicable,Not Applicable,Not Applicable,Not Applicable,Not Applicable,Not Applicable,Not Applicable
CID-962634,Information Systems,Bachelor of Science,Business Analytics,Spring 2024,2024,First-Time Freshman,4.0,121,3.60,3.45,In-State,FALSE,12,1,2,3,29730,3800,Employed Full-Time,3.2,Business Intelligence Analyst,Data & Analytics,Meridian National Systems,Federal Contracting,"Baltimore, MD",87750,FALSE,Online Application
CID-684354,Computer Science,Bachelor of Science,Artificial Intelligence,Spring 2026,2026,First-Time Freshman,5.0,121,2.06,2.16,In-State,FALSE,1,2,2,5,58970,25110,Employed Full-Time,0.0,Junior Data Analyst,Data & Analytics,Meridian National Systems,Federal Contracting,"Austin, TX",88500,FALSE,Online Application
CID-316337,Information Systems,Bachelor of Science,General,Fall 2015,2015,Transfer,3.3,122,3.06,3.22,In-State,FALSE,7,1,0,4,10250,5330,Employed Full-Time,0.1,Junior Data Analyst,Data & Analytics,Patapsco Aerospace,Defense & Aerospace,"Baltimore, MD",58250,FALSE,Return Offer from Internship
CID-862149,Information Systems,Bachelor of Science,Health Information Technology,Spring 2022,2022,First-Time Freshman,4.3,121,2.70,2.70,In-State,FALSE,7,3,0,3,35420,25000,No Response,Not Applicable,Not Applicable,Not Applicable,Not Applicable,Not Applicable,Not Applicable,Not Applicable,Not Applicable,Not Applicable
CID-944025,Computer Science,Bachelor of Science,General,Spring 2021,2021,First-Time Freshman,4.7,120,2.41,2.40,In-State,FALSE,7,2,0,0,50800,29080,Employed Full-Time,0.0,Associate Software Engineer,Software Engineering,Patapsco Aerospace,Defense & Aerospace,"Washington, DC Metro",78750,FALSE,Online Application
CID-437352,Information Systems,Bachelor of Science,Cybersecurity Management,Spring 2016,2016,First-Time Freshman,4.0,121,3.05,3.05,In-State,FALSE,11,1,0,1,16610,5410,Employed Full-Time,3.5,Security Analyst I,Cybersecurity,Federal Health Data Office,Federal Government,"Baltimore, MD",71750,FALSE,Online Application
CID-640228,Computer Science,Master of Science,Data Science,Fall 2022,2022,First-Time Freshman,3.7,122,3.50,3.56,Out-of-State,TRUE,5,2,3,5,57110,29370,Employed Full-Time,0.0,Software Engineer I,Software Engineering,Patapsco Aerospace,Defense & Aerospace,"Washington, DC Metro",88000,FALSE,Student Organization Connection
CID-140205,Information Systems,Bachelor of Science,Business Analytics,Spring 2022,2022,First-Time Freshman,9.7,121,2.63,2.55,In-State,FALSE,16,1,1,3,57530,28530,Employed Full-Time,0.1,Junior Security Engineer,Cybersecurity,National Data Services Agency,Federal Government,"Washington, DC Metro",93000,TRUE,Return Offer from Internship
CID-565376,Information Systems,Bachelor of Science,Business Analytics,Fall 2019,2019,First-Time Freshman,6.7,121,3.45,3.30,In-State,FALSE,24,4,1,8,51070,14480,No Response,Not Applicable,Not Applicable,Not Applicable,Not Applicable,Not Applicable,Not Applicable,Not Applicable,Not Applicable,Not Applicable
CID-179177,Computer Science,Bachelor of Science,General,Spring 2022,2022,First-Time Freshman,5.0,122,2.25,2.20,Out-of-State,FALSE,5,1,0,5,77790,39690,Still Seeking,Not Applicable,Not Applicable,Not Applicable,Not Applicable,Not Applicable,Not Applicable,Not Applicable,Not Applicable,Not Applicable
CID-715470,Computer Science,Bachelor of Science,Cybersecurity,Spring 2016,2016,Transfer,1.7,124,3.18,3.29,In-State,FALSE,2,1,0,3,10580,5690,Employed Full-Time,0.8,Health Data Analyst,Health IT,Monument Bank Technology,Financial Services,"Columbia/Howard County, MD",63500,FALSE,Recruiter Outreach
CID-858099,Computer Science,Bachelor of Science,General,Fall 2021,2021,Transfer,2.3,120,3.08,3.18,In-State,FALSE,14,1,2,4,12240,4210,Employed Full-Time,2.2,Junior Developer,Software Engineering,Keystone Federal Services,Federal Contracting,"Baltimore, MD",81000,TRUE,Career Fair
CID-592614,Computer Science,Bachelor of Science,General,Fall 2016,2016,Transfer,2.7,120,2.58,2.51,In-State,FALSE,15,0,0,2,14150,4060,Employed Full-Time,5.9,Junior Security Engineer,Cybersecurity,Blue Heron Technologies,Federal Contracting,"Washington, DC Metro",85000,FALSE,Career Fair
CID-698817,Information Systems,Bachelor of Science,General,Fall 2024,2024,First-Time Freshman,4.7,121,2.67,2.45,Out-of-State,FALSE,12,1,0,2,95210,25560,Employed Full-Time,5.3,Junior Developer,Software Engineering,Chesterfield Asset Management,Financial Services,Northern Virginia,82750,FALSE,Personal Network
CID-883804,Computer Science,Bachelor of Science,Software Engineering,Fall 2025,2025,First-Time Freshman,4.0,122,3.25,3.18,In-State,FALSE,10,0,1,1,51980,28710,Military,Not Applicable,Not Applicable,Not Applicable,Not Applicable,Not Applicable,Not Applicable,Not Applicable,Not Applicable,Not Applicable
CID-183255,Information Systems,Bachelor of Science,General,Spring 2025,2025,First-Time Freshman,4.3,121,3.19,3.10,In-State,FALSE,11,2,1,4,57470,20350,Employed Full-Time,0.5,Business Analyst,IT Business & Product,Beacon Telecom Services,Telecommunications,Remote - United States,92250,TRUE,Return Offer from Internship
CID-710870,Computer Science,Bachelor of Science,Cybersecurity,Spring 2019,2019,First-Time Freshman,3.3,120,2.83,2.81,In-State,FALSE,14,0,1,4,32700,22180,Employed Full-Time,1.4,Junior Security Engineer,Cybersecurity,Harborline Networks,Cloud & Infrastructure,"Washington, DC Metro",90000,FALSE,Alumni Network
CID-482388,Computer Science,Bachelor of Science,Cybersecurity,Fall 2022,2022,First-Time Freshman,4.0,120,3.02,2.77,In-State,FALSE,5,2,2,3,40080,17990,Employed Full-Time,0.0,Junior Developer,Software Engineering,Anvil Compute,Cloud & Infrastructure,"Columbia/Howard County, MD",96500,FALSE,Online Application
CID-273998,Information Systems,Bachelor of Science,Health Information Technology,Fall 2023,2023,Transfer,4.3,121,2.80,2.67,In-State,FALSE,23,1,3,6,14000,9760,Employed Full-Time,5.5,Help Desk Technician,IT Support & Operations,Federal Health Data Office,Federal Government,"Washington, DC Metro",46250,FALSE,Faculty or Staff Referral
CID-621116,Information Systems,Bachelor of Science,Software Development,Fall 2023,2023,Transfer,2.7,122,2.07,2.16,In-State,FALSE,14,2,2,2,13140,6790,Employed Full-Time,0.3,Junior Systems Analyst,IT Business & Product,Patapsco Aerospace,Defense & Aerospace,"Baltimore, MD",77500,FALSE,Return Offer from Internship
CID-274743,Computer Science,Bachelor of Science,Cybersecurity,Fall 2015,2015,First-Time Freshman,3.0,120,3.32,3.40,Out-of-State,FALSE,6,1,0,3,75540,38600,Continuing Education,Not Applicable,Not Applicable,Not Applicable,Not Applicable,Not Applicable,Not Applicable,Not Applicable,Not Applicable,Not Applicable
CID-948111,Computer Science,Bachelor of Science,General,Spring 2023,2023,First-Time Freshman,3.7,120,3.41,3.33,Out-of-State,FALSE,9,2,0,3,60060,39060,Employed Part-Time,1.5,Junior Developer,Software Engineering,Cartway Commerce,E-Commerce & Retail Tech,Remote - United States,71250,TRUE,Online Application
CID-620776,Computer Science,Bachelor of Science,Data Science,Spring 2021,2021,First-Time Freshman,3.3,120,2.81,2.63,In-State,FALSE,16,2,0,4,44260,2600,Employed Full-Time,0.4,Data Analyst,Data & Analytics,Fidelis Capital Partners,Financial Services,"Baltimore, MD",81500,FALSE,Return Offer from Internship
CID-744030,Computer Science,Bachelor of Science,General,Spring 2024,2024,First-Time Freshman,4.7,120,2.20,2.05,In-State,FALSE,12,3,0,0,43780,30850,No Response,Not Applicable,Not Applicable,Not Applicable,Not Applicable,Not Applicable,Not Applicable,Not Applicable,Not Applicable,Not Applicable
CID-685049,Information Systems,Bachelor of Science,Business Analytics,Fall 2017,2017,First-Time Freshman,5.7,121,2.32,2.40,In-State,FALSE,19,2,2,1,28330,18800,Employed Full-Time,0.0,Business Intelligence Analyst,Data & Analytics,Maryland Department of IT,Federal Government,"Washington, DC Metro",65000,FALSE,Alumni Network
CID-608922,Information Systems,Bachelor of Science,Health Information Technology,Spring 2018,2018,Transfer,3.0,120,3.05,3.11,In-State,FALSE,11,2,1,0,10880,5370,Employed Full-Time,0.0,Desktop Support Analyst,IT Support & Operations,National Data Services Agency,Federal Government,"Baltimore, MD",61250,FALSE,Recruiter Outreach
CID-986006,Computer Science,Bachelor of Science,General,Fall 2019,2019,Transfer,2.3,122,2.69,2.50,In-State,FALSE,17,0,0,0,15010,6040,Employed Full-Time,1.1,Software Engineer I,Software Engineering,Copper Ridge Data Centers,Cloud & Infrastructure,"Washington, DC Metro",63250,FALSE,Recruiter Outreach
CID-955941,Information Systems,Bachelor of Science,General,Fall 2022,2022,Transfer,2.7,120,3.08,3.12,In-State,FALSE,11,1,0,4,14870,7340,Continuing Education,Not Applicable,Not Applicable,Not Applicable,Not Applicable,Not Applicable,Not Applicable,Not Applicable,Not Applicable,Not Applicable
CID-536714,Information Systems,Bachelor of Science,Business Analytics,Fall 2016,2016,First-Time Freshman,4.0,121,3.09,3.20,Out-of-State,FALSE,11,0,0,1,68310,48230,Military,Not Applicable,Not Applicable,Not Applicable,Not Applicable,Not Applicable,Not Applicable,Not Applicable,Not Applicable,Not Applicable
CID-324251,Computer Science,Bachelor of Science,General,Spring 2021,2021,First-Time Freshman,3.3,121,3.09,3.13,Out-of-State,FALSE,11,2,2,2,60620,36550,No Response,Not Applicable,Not Applicable,Not Applicable,Not Applicable,Not Applicable,Not Applicable,Not Applicable,Not Applicable,Not Applicable
CID-114655,Information Systems,Bachelor of Science,General,Spring 2021,2021,First-Time Freshman,4.0,121,2.60,2.60,In-State,FALSE,0,1,0,2,39500,11890,Employed Full-Time,1.7,Junior Systems Analyst,IT Business & Product,Office of Technology Policy,Federal Government,"Baltimore, MD",52500,FALSE,Online Application
CID-284857,Information Systems,Bachelor of Science,General,Spring 2020,2020,First-Time Freshman,4.3,121,2.88,2.80,In-State,FALSE,9,2,1,2,48720,44680,No Response,Not Applicable,Not Applicable,Not Applicable,Not Applicable,Not Applicable,Not Applicable,Not Applicable,Not Applicable,Not Applicable
CID-661680,Computer Science,Bachelor of Science,Software Engineering,Spring 2020,2020,Transfer,1.3,123,3.46,3.74,In-State,FALSE,5,0,0,1,6630,1790,Still Seeking,Not Applicable,Not Applicable,Not Applicable,Not Applicable,Not Applicable,Not Applicable,Not Applicable,Not Applicable,Not Applicable
CID-185025,Computer Science,Bachelor of Science,General,Spring 2022,2022,First-Time Freshman,3.3,120,3.20,3.18,Out-of-State,FALSE,9,2,3,4,89440,43150,Employed Full-Time,0.0,Junior Data Analyst,Data & Analytics,Anvil Compute,Cloud & Infrastructure,"Baltimore, MD",102500,FALSE,Alumni Network
CID-660234,Information Systems,Bachelor of Science,Business Analytics,Fall 2020,2020,Transfer,2.0,122,2.90,2.76,In-State,FALSE,3,0,2,2,7310,2790,No Response,Not Applicable,Not Applicable,Not Applicable,Not Applicable,Not Applicable,Not Applicable,Not Applicable,Not Applicable,Not Applicable
CID-392562,Computer Science,Bachelor of Science,Cybersecurity,Spring 2026,2026,First-Time Freshman,4.0,96,2.20,2.08,In-State,FALSE,25,2,2,0,31920,9760,Employed Full-Time,0.3,Cloud Support Engineer,Infrastructure & Cloud,Federal Health Data Office,Federal Government,"Columbia/Howard County, MD",82500,FALSE,Return Offer from Internship
CID-785051,Information Systems,Bachelor of Science,Business Analytics,Spring 2025,2025,First-Time Freshman,4.0,121,3.40,3.50,In-State,FALSE,12,2,1,3,45820,15990,No Response,Not Applicable,Not Applicable,Not Applicable,Not Applicable,Not Applicable,Not Applicable,Not Applicable,Not Applicable,Not Applicable
CID-580957,Information Systems,Bachelor of Science,Business Analytics,Spring 2023,2023,Transfer,2.0,121,3.47,3.44,In-State,FALSE,1,1,0,2,9830,2180,Employed Full-Time,2.8,IT Analyst,IT Business & Product,Sentinel Peak Security,Cybersecurity Services,"Washington, DC Metro",88500,FALSE,Career Fair
CID-663046,Computer Science,Master of Science,Software Engineering,Fall 2015,2015,Transfer,1.7,126,3.48,3.39,In-State,TRUE,13,1,0,7,9150,1950,Continuing Education,Not Applicable,Not Applicable,Not Applicable,Not Applicable,Not Applicable,Not Applicable,Not Applicable,Not Applicable,Not Applicable
CID-845998,Information Systems,Bachelor of Science,Business Analytics,Spring 2025,2025,First-Time Freshman,4.0,121,3.21,3.30,In-State,FALSE,6,1,0,2,40550,9800,Employed Full-Time,6.1,Junior Data Analyst,Data & Analytics,Open Harbor Foundation,Nonprofit & Civic Tech,"Baltimore, MD",58750,TRUE,Faculty or Staff Referral
CID-783784,Information Systems,Bachelor of Science,Health Information Technology,Fall 2025,2025,First-Time Freshman,4.0,121,3.40,3.60,In-State,FALSE,2,2,3,1,43010,24880,Employed Full-Time,0.5,Data Analyst,Data & Analytics,Chesapeake Defense Systems,Defense & Aerospace,"Columbia/Howard County, MD",110000,TRUE,Return Offer from Internship
CID-454410,Computer Science,Bachelor of Science,Software Engineering,Spring 2024,2024,Transfer,3.7,122,2.75,2.91,In-State,FALSE,7,0,0,1,17030,2370,Employed Full-Time,6.9,Associate Software Engineer,Software Engineering,Chesapeake Defense Systems,Defense & Aerospace,"Washington, DC Metro",65000,FALSE,Career Fair
CID-260188,Computer Science,Bachelor of Science,Cybersecurity,Spring 2017,2017,First-Time Freshman,4.0,123,3.73,3.55,In-State,FALSE,7,2,0,0,21840,17970,Employed Full-Time,0.5,Systems Administrator,Infrastructure & Cloud,Continental Wireless,Telecommunications,"Washington, DC Metro",108000,FALSE,Return Offer from Internship
CID-322314,Computer Science,Bachelor of Science,Data Science,Fall 2021,2021,Transfer,2.0,120,3.38,3.28,In-State,FALSE,11,0,0,5,10760,1860,Still Seeking,Not Applicable,Not Applicable,Not Applicable,Not Applicable,Not Applicable,Not Applicable,Not Applicable,Not Applicable,Not Applicable
CID-419304,Computer Science,Bachelor of Science,Software Engineering,Fall 2022,2022,First-Time Freshman,4.7,122,2.93,2.88,In-State,FALSE,0,1,0,2,45350,26250,No Response,Not Applicable,Not Applicable,Not Applicable,Not Applicable,Not Applicable,Not Applicable,Not Applicable,Not Applicable,Not Applicable
CID-525672,Information Systems,Bachelor of Science,Business Analytics,Spring 2015,2015,First-Time Freshman,3.3,121,3.23,3.30,In-State,FALSE,7,2,0,5,32130,13430,Employed Full-Time,0.0,Data Analyst,Data & Analytics,Potomac Mission Solutions,Federal Contracting,"Columbia/Howard County, MD",71000,FALSE,Return Offer from Internship
CID-100500,Computer Science,Master of Science,General,Spring 2021,2021,First-Time Freshman,4.0,122,3.20,3.11,In-State,TRUE,17,0,0,2,41420,13070,Employed Full-Time,5.3,Cloud Support Engineer,Infrastructure & Cloud,Monument Bank Technology,Financial Services,Remote - United States,84500,TRUE,Career Fair
CID-387225,Information Systems,Master of Science,Software Development,Fall 2023,2023,First-Time Freshman,4.0,121,3.39,3.15,In-State,TRUE,14,3,0,2,29410,29410,Employed Full-Time,0.2,Help Desk Technician,IT Support & Operations,Chesapeake Defense Systems,Defense & Aerospace,"Washington, DC Metro",80750,FALSE,Return Offer from Internship
CID-473747,Computer Science,Bachelor of Science,Software Engineering,Spring 2017,2017,First-Time Freshman,3.3,121,2.89,2.95,In-State,FALSE,4,0,0,1,25890,7540,Continuing Education,Not Applicable,Not Applicable,Not Applicable,Not Applicable,Not Applicable,Not Applicable,Not Applicable,Not Applicable,Not Applicable
CID-476807,Information Systems,Bachelor of Science,General,Spring 2021,2021,First-Time Freshman,6.0,121,3.13,3.00,Out-of-State,FALSE,13,2,0,3,67690,30200,Employed Full-Time,0.0,Business Intelligence Analyst,Data & Analytics,Monument Bank Technology,Financial Services,"Washington, DC Metro",89500,FALSE,Recruiter Outreach
CID-535374,Information Systems,Bachelor of Science,General,Spring 2019,2019,Transfer,3.0,122,2.76,2.67,In-State,FALSE,6,2,2,1,13140,5350,Still Seeking,Not Applicable,Not Applicable,Not Applicable,Not Applicable,Not Applicable,Not Applicable,Not Applicable,Not Applicable,Not Applicable
CID-300927,Information Systems,Bachelor of Science,General,Fall 2025,2025,First-Time Freshman,4.3,121,3.64,3.75,In-State,FALSE,8,1,2,2,42170,34030,No Response,Not Applicable,Not Applicable,Not Applicable,Not Applicable,Not Applicable,Not Applicable,Not Applicable,Not Applicable,Not Applicable
CID-795457,Information Systems,Bachelor of Science,General,Spring 2021,2021,First-Time Freshman,4.3,121,2.98,3.10,Out-of-State,FALSE,8,2,0,5,54140,37460,Employed Full-Time,0.4,Business Intelligence Analyst,Data & Analytics,Piedmont Energy Partners,Energy & Utilities,Northern Virginia,70250,FALSE,Return Offer from Internship
CID-232890,Information Systems,Bachelor of Science,Business Analytics,Spring 2026,2026,First-Time Freshman,7.3,121,3.15,3.15,In-State,FALSE,28,0,0,2,51080,4900,Employed Full-Time,4.3,Clinical Systems Analyst,Health IT,Bayview Medical Informatics,Healthcare & Life Sciences,"Baltimore, MD",76500,FALSE,Career Fair
CID-208099,Computer Science,Master of Science,General,Spring 2026,2026,First-Time Freshman,4.0,121,2.77,2.67,In-State,FALSE,7,1,0,4,49240,17680,Employed Full-Time,0.9,Junior Security Engineer,Cybersecurity,Patapsco Aerospace,Defense & Aerospace,"Columbia/Howard County, MD",112000,FALSE,Recruiter Outreach
CID-581903,Computer Science,Bachelor of Science,Cybersecurity,Spring 2026,2026,Transfer,3.0,121,2.21,2.40,In-State,FALSE,17,0,1,0,21000,14900,No Response,Not Applicable,Not Applicable,Not Applicable,Not Applicable,Not Applicable,Not Applicable,Not Applicable,Not Applicable,Not Applicable
CID-352448,Computer Science,Bachelor of Science,General,Spring 2023,2023,First-Time Freshman,4.0,120,2.99,2.75,In-State,FALSE,16,3,0,5,31890,9200,Still Seeking,Not Applicable,Not Applicable,Not Applicable,Not Applicable,Not Applicable,Not Applicable,Not Applicable,Not Applicable,Not Applicable
CID-165688,Information Systems,Bachelor of Science,Cybersecurity Management,Spring 2026,2026,Transfer,5.0,115,2.78,2.88,In-State,FALSE,20,2,0,4,19850,7880,Employed Full-Time,0.4,Security Analyst I,Cybersecurity,Office of Technology Policy,Federal Government,"Baltimore, MD",82500,FALSE,Personal Network
CID-328560,Information Systems,Bachelor of Science,Business Analytics,Fall 2023,2023,First-Time Freshman,3.7,121,3.57,3.65,In-State,FALSE,14,2,0,2,36910,12130,Employed Full-Time,2.2,Business Analyst,IT Business & Product,Meridian National Systems,Federal Contracting,"Baltimore, MD",85250,FALSE,Faculty or Staff Referral
CID-430461,Information Systems,Bachelor of Science,Software Development,Fall 2024,2024,First-Time Freshman,3.7,121,3.21,3.45,In-State,FALSE,7,3,0,1,39820,16070,Employed Full-Time,0.4,AI Research Assistant,Machine Learning & AI,Greenspring Health Systems,Healthcare & Life Sciences,"Washington, DC Metro",91000,FALSE,Return Offer from Internship
CID-193828,Computer Science,Bachelor of Science,General,Fall 2017,2017,Transfer,2.3,121,3.16,3.19,In-State,FALSE,5,1,0,2,10370,2980,Continuing Education,Not Applicable,Not Applicable,Not Applicable,Not Applicable,Not Applicable,Not Applicable,Not Applicable,Not Applicable,Not Applicable
CID-977865,Computer Science,Bachelor of Science,Software Engineering,Spring 2024,2024,First-Time Freshman,3.7,121,3.21,3.24,In-State,FALSE,9,1,0,1,31300,8360,No Response,Not Applicable,Not Applicable,Not Applicable,Not Applicable,Not Applicable,Not Applicable,Not Applicable,Not Applicable,Not Applicable
CID-487872,Information Systems,Bachelor of Science,General,Fall 2021,2021,Transfer,4.3,122,2.91,2.95,Out-of-State,FALSE,4,1,0,1,43470,43470,Continuing Education,Not Applicable,Not Applicable,Not Applicable,Not Applicable,Not Applicable,Not Applicable,Not Applicable,Not Applicable,Not Applicable
CID-603596,Computer Science,Bachelor of Science,Software Engineering,Fall 2015,2015,Transfer,3.7,121,2.90,2.87,In-State,FALSE,15,2,0,0,14530,3140,Employed Part-Time,0.4,Junior Data Analyst,Data & Analytics,Federal Health Data Office,Federal Government,"Washington, DC Metro",75000,FALSE,Career Fair
CID-247171,Computer Science,Master of Science,Software Engineering,Fall 2015,2015,Transfer,2.0,121,2.92,2.92,In-State,TRUE,6,1,0,2,10510,6810,Employed Full-Time,3.5,IT Support Specialist,IT Support & Operations,Parcel & Post Technologies,Logistics & Transportation,"Columbia/Howard County, MD",49750,FALSE,Student Organization Connection
CID-113308,Computer Science,Bachelor of Science,General,Spring 2025,2025,First-Time Freshman,4.0,120,2.94,3.04,In-State,FALSE,8,2,0,0,36560,34950,No Response,Not Applicable,Not Applicable,Not Applicable,Not Applicable,Not Applicable,Not Applicable,Not Applicable,Not Applicable,Not Applicable
CID-319072,Information Systems,Master of Science,Software Development,Spring 2023,2023,First-Time Freshman,4.3,121,2.68,2.60,In-State,FALSE,12,1,0,1,41990,15130,Employed Full-Time,0.4,Security Analyst I,Cybersecurity,Severn River Consulting,Federal Contracting,Northern Virginia,90500,FALSE,Return Offer from Internship
CID-300075,Computer Science,Bachelor of Science,General,Fall 2018,2018,First-Time Freshman,3.7,120,3.50,3.61,In-State,FALSE,9,2,1,1,34220,30340,Employed Full-Time,0.0,Associate Software Engineer,Software Engineering,Meridian National Systems,Federal Contracting,"Washington, DC Metro",72750,FALSE,Personal Network
CID-788845,Information Systems,Bachelor of Science,General,Spring 2024,2024,Transfer,2.7,120,3.54,3.50,In-State,FALSE,7,0,0,0,15720,12300,Employed Full-Time,4.5,IT Analyst,IT Business & Product,Pinnacle Bridge Partners,Consulting & Professional Services,"Columbia/Howard County, MD",80000,FALSE,Online Application
CID-369113,Computer Science,Bachelor of Science,General,Fall 2019,2019,First-Time Freshman,4.0,122,3.34,3.18,In-State,FALSE,9,1,0,1,36090,7810,Employed Full-Time,1.4,Cloud Support Engineer,Infrastructure & Cloud,Parcel & Post Technologies,Logistics & Transportation,"Washington, DC Metro",81000,FALSE,Career Fair
CID-526330,Computer Science,Bachelor of Science,Cybersecurity,Fall 2023,2023,First-Time Freshman,4.7,120,2.13,2.12,In-State,FALSE,7,1,0,0,46260,46260,Employed Full-Time,0.9,IT Analyst,IT Business & Product,Civic Code Alliance,Nonprofit & Civic Tech,"Baltimore, MD",50000,FALSE,Alumni Network
CID-665503,Computer Science,Bachelor of Science,General,Fall 2016,2016,Transfer,5.3,121,2.97,2.80,In-State,FALSE,16,2,0,7,20530,1870,Employed Full-Time,0.1,Machine Learning Engineer I,Machine Learning & AI,Sterling Ridge Consulting,Consulting & Professional Services,"Baltimore, MD",74500,FALSE,Return Offer from Internship
CID-223276,Computer Science,Bachelor of Science,General,Fall 2025,2025,First-Time Freshman,3.7,122,3.85,3.86,In-State,FALSE,7,2,1,3,29100,21240,Employed Full-Time,0.4,Junior Developer,Software Engineering,Arbor Peak Technologies,Software Products,"Columbia/Howard County, MD",113000,FALSE,Return Offer from Internship
CID-454763,Computer Science,Bachelor of Science,General,Spring 2019,2019,Transfer,2.0,120,3.18,3.12,In-State,FALSE,6,0,0,2,13460,3170,Employed Part-Time,3.9,Business Intelligence Analyst,Data & Analytics,Antietam Systems Integration,Federal Contracting,"Columbia/Howard County, MD",62500,FALSE,Career Fair
CID-768560,Computer Science,Bachelor of Science,General,Spring 2018,2018,Transfer,2.7,122,3.65,3.79,In-State,FALSE,7,2,0,3,11370,730,Employed Full-Time,0.1,Junior Developer,Software Engineering,Sentinel Peak Security,Cybersecurity Services,Northern Virginia,104500,FALSE,Return Offer from Internship
CID-359015,Computer Science,Bachelor of Science,Cybersecurity,Spring 2021,2021,First-Time Freshman,6.3,122,3.46,3.48,In-State,FALSE,11,1,0,2,37870,28050,Employed Full-Time,0.0,SOC Analyst,Cybersecurity,Clarion Clinical Data,Healthcare & Life Sciences,"Washington, DC Metro",111500,FALSE,Career Fair
CID-585199,Computer Science,Bachelor of Science,General,Fall 2018,2018,Transfer,3.0,121,2.82,2.61,In-State,FALSE,13,1,0,0,15940,7690,Still Seeking,Not Applicable,Not Applicable,Not Applicable,Not Applicable,Not Applicable,Not Applicable,Not Applicable,Not Applicable,Not Applicable
CID-616802,Information Systems,Bachelor of Science,Cybersecurity Management,Fall 2021,2021,First-Time Freshman,4.3,121,2.83,2.90,In-State,FALSE,11,0,1,2,46810,29680,No Response,Not Applicable,Not Applicable,Not Applicable,Not Applicable,Not Applicable,Not Applicable,Not Applicable,Not Applicable,Not Applicable
CID-119675,Computer Science,Bachelor of Science,Cybersecurity,Fall 2024,2024,Transfer,2.3,120,3.32,3.34,In-State,FALSE,9,1,0,1,12450,4850,No Response,Not Applicable,Not Applicable,Not Applicable,Not Applicable,Not Applicable,Not Applicable,Not Applicable,Not Applicable,Not Applicable
CID-629618,Computer Science,Bachelor of Science,Artificial Intelligence,Spring 2026,2026,First-Time Freshman,4.0,115,2.87,3.21,In-State,FALSE,3,2,0,2,46360,25930,Employed Full-Time,0.0,Junior Developer,Software Engineering,Blue Heron Technologies,Federal Contracting,Northern Virginia,86500,FALSE,Online Application
CID-666381,Computer Science,Bachelor of Science,General,Fall 2016,2016,First-Time Freshman,3.7,120,3.47,3.56,Out-of-State,FALSE,10,0,0,1,68260,42580,Employed Full-Time,5.1,Help Desk Technician,IT Support & Operations,Potomac Mission Solutions,Federal Contracting,"Baltimore, MD",52750,FALSE,Online Application
CID-391401,Computer Science,Bachelor of Science,Data Science,Summer 2016,2016,First-Time Freshman,4.0,122,3.77,3.67,In-State,FALSE,11,3,0,3,13700,8910,No Response,Not Applicable,Not Applicable,Not Applicable,Not Applicable,Not Applicable,Not Applicable,Not Applicable,Not Applicable,Not Applicable
CID-452501,Computer Science,Bachelor of Science,Artificial Intelligence,Spring 2022,2022,Transfer,2.7,120,3.62,3.60,Out-of-State,FALSE,0,0,0,4,33260,12720,Employed Full-Time,0.0,Associate Software Engineer,Software Engineering,Vantage Point Applications,Software Products,"Baltimore, MD",80500,FALSE,Alumni Network
CID-557911,Information Systems,Bachelor of Science,Health Information Technology,Spring 2024,2024,First-Time Freshman,4.0,121,3.07,2.90,In-State,FALSE,1,1,0,1,38190,35220,Employed Full-Time,3.7,Junior Developer,Software Engineering,Marketside Digital,E-Commerce & Retail Tech,"Baltimore, MD",79250,FALSE,Student Organization Connection
CID-631205,Information Systems,Bachelor of Science,Cybersecurity Management,Spring 2025,2025,Transfer,3.3,122,2.45,2.33,In-State,FALSE,8,1,0,1,17180,8920,Employed Full-Time,0.0,SOC Analyst,Cybersecurity,Continental Wireless,Telecommunications,Remote - United States,84750,TRUE,Alumni Network
CID-577986,Computer Science,Bachelor of Science,Software Engineering,Spring 2016,2016,First-Time Freshman,3.3,120,2.69,2.77,In-State,FALSE,12,0,0,5,36630,25700,Employed Full-Time,3.3,AI Research Assistant,Machine Learning & AI,Chesapeake Defense Systems,Defense & Aerospace,"Baltimore, MD",49250,FALSE,Career Fair
CID-517680,Information Systems,Bachelor of Science,Business Analytics,Fall 2015,2015,Transfer,5.7,122,2.70,2.78,In-State,FALSE,30,2,1,3,13460,8820,Employed Full-Time,0.3,Business Intelligence Analyst,Data & Analytics,Potomac Mission Solutions,Federal Contracting,"Baltimore, MD",70250,FALSE,Return Offer from Internship
CID-914120,Computer Science,Bachelor of Science,General,Spring 2021,2021,First-Time Freshman,3.7,120,3.16,3.13,Out-of-State,FALSE,23,2,2,0,39990,8580,Employed Full-Time,0.0,Associate Software Engineer,Software Engineering,Maryland Department of IT,Federal Government,Northern Virginia,82500,TRUE,Recruiter Outreach
CID-294623,Information Systems,Bachelor of Science,General,Spring 2022,2022,First-Time Freshman,4.7,121,2.86,2.65,Out-of-State,FALSE,14,1,2,2,83720,61730,Employed Full-Time,0.0,IT Analyst,IT Business & Product,Chesapeake Defense Systems,Defense & Aerospace,"Washington, DC Metro",83750,FALSE,Online Application
CID-723641,Computer Science,Bachelor of Science,Software Engineering,Fall 2018,2018,Transfer,3.3,122,3.03,2.98,In-State,FALSE,6,1,0,2,18390,10680,Employed Full-Time,0.2,Junior Systems Analyst,IT Business & Product,Blue Heron Technologies,Federal Contracting,"Baltimore, MD",95000,FALSE,Return Offer from Internship
CID-411402,Computer Science,Bachelor of Science,Software Engineering,Fall 2020,2020,First-Time Freshman,6.7,122,3.15,3.11,In-State,FALSE,14,1,0,4,44970,4600,Employed Full-Time,1.8,Junior Security Engineer,Cybersecurity,Chesapeake Defense Systems,Defense & Aerospace,"Baltimore, MD",88750,TRUE,Faculty or Staff Referral
CID-942739,Computer Science,Bachelor of Science,Software Engineering,Fall 2022,2022,First-Time Freshman,4.3,123,3.54,3.46,In-State,FALSE,10,1,3,6,25620,16640,Employed Full-Time,1.6,Desktop Support Analyst,IT Support & Operations,Tidewater Defense Group,Defense & Aerospace,"Washington, DC Metro",73000,FALSE,Career Fair
CID-912349,Computer Science,Bachelor of Science,Cybersecurity,Fall 2025,2025,Transfer,3.3,120,2.66,2.70,In-State,FALSE,16,1,0,1,15000,2940,Employed Full-Time,0.2,Cloud Support Engineer,Infrastructure & Cloud,Copper Ridge Data Centers,Cloud & Infrastructure,Remote - United States,88000,TRUE,Return Offer from Internship
CID-151950,Computer Science,Bachelor of Science,Software Engineering,Fall 2018,2018,Transfer,2.3,120,2.46,2.62,In-State,FALSE,12,0,0,1,12240,4570,Employed Full-Time,3.7,Junior Systems Analyst,IT Business & Product,Keystone Federal Services,Federal Contracting,"Baltimore, MD",49500,FALSE,Career Fair
CID-913837,Information Systems,Bachelor of Science,Cybersecurity Management,Fall 2019,2019,First-Time Freshman,4.3,121,2.79,2.60,Out-of-State,FALSE,4,1,3,0,67860,12320,Employed Full-Time,4.1,Junior Systems Analyst,IT Business & Product,Keystone Federal Services,Federal Contracting,"Washington, DC Metro",61750,FALSE,Career Fair
CID-962669,Information Systems,Bachelor of Science,Cybersecurity Management,Fall 2019,2019,First-Time Freshman,6.3,121,3.26,3.25,In-State,FALSE,24,2,2,5,38050,13170,No Response,Not Applicable,Not Applicable,Not Applicable,Not Applicable,Not Applicable,Not Applicable,Not Applicable,Not Applicable,Not Applicable
CID-265261,Computer Science,Bachelor of Science,Artificial Intelligence,Spring 2026,2026,Transfer,3.7,119,2.18,2.15,In-State,FALSE,8,0,0,1,22700,2030,Still Seeking,Not Applicable,Not Applicable,Not Applicable,Not Applicable,Not Applicable,Not Applicable,Not Applicable,Not Applicable,Not Applicable
CID-496300,Computer Science,Bachelor of Science,Artificial Intelligence,Fall 2021,2021,First-Time Freshman,4.3,122,3.64,3.60,In-State,FALSE,7,2,0,3,34530,27340,Employed Full-Time,0.5,Associate Software Engineer,Software Engineering,National Data Services Agency,Federal Government,Remote - United States,87250,TRUE,Online Application
CID-271314,Computer Science,Bachelor of Science,General,Fall 2022,2022,First-Time Freshman,4.0,122,2.90,2.98,Out-of-State,FALSE,2,1,0,2,66580,65480,Employed Full-Time,2.8,Junior Developer,Software Engineering,Shoreline Retail Group,E-Commerce & Retail Tech,"New York, NY",108500,FALSE,Online Application
CID-578689,Information Systems,Bachelor of Science,General,Spring 2017,2017,Transfer,2.3,120,2.65,2.71,Out-of-State,FALSE,11,0,0,5,17320,4980,No Response,Not Applicable,Not Applicable,Not Applicable,Not Applicable,Not Applicable,Not Applicable,Not Applicable,Not Applicable,Not Applicable
CID-384684,Information Systems,Bachelor of Science,General,Fall 2017,2017,First-Time Freshman,4.3,121,3.19,3.20,Out-of-State,FALSE,7,2,2,3,70650,33240,Employed Full-Time,0.0,Clinical Systems Analyst,Health IT,Greenspring Health Systems,Healthcare & Life Sciences,"Washington, DC Metro",66250,FALSE,Career Fair
CID-557695,Information Systems,Bachelor of Science,Cybersecurity Management,Fall 2020,2020,Transfer,2.0,122,3.45,3.41,In-State,FALSE,7,1,0,5,9960,1670,No Response,Not Applicable,Not Applicable,Not Applicable,Not Applicable,Not Applicable,Not Applicable,Not Applicable,Not Applicable,Not Applicable
CID-921636,Computer Science,Bachelor of Science,Data Science,Spring 2022,2022,First-Time Freshman,4.3,122,2.80,2.68,In-State,FALSE,6,0,0,0,30690,19350,Employed Full-Time,2.6,Junior Security Engineer,Cybersecurity,Office of Technology Policy,Federal Government,"Columbia/Howard County, MD",77750,FALSE,Online Application
CID-140320,Computer Science,Bachelor of Science,General,Fall 2017,2017,First-Time Freshman,3.3,121,3.55,3.43,In-State,FALSE,9,2,0,2,40930,9590,Employed Full-Time,0.2,IT Support Specialist,IT Support & Operations,Bayview Medical Informatics,Healthcare & Life Sciences,"Columbia/Howard County, MD",67750,FALSE,Return Offer from Internship
CID-623425,Computer Science,Bachelor of Science,General,Spring 2026,2026,First-Time Freshman,3.7,120,3.12,3.14,Out-of-State,FALSE,11,2,0,3,52590,35500,Employed Full-Time,0.0,Software Engineer I,Software Engineering,Beacon Telecom Services,Telecommunications,"Washington, DC Metro",87000,FALSE,Student Organization Connection
CID-542560,Information Systems,Bachelor of Science,Business Analytics,Spring 2016,2016,Transfer,2.7,120,3.07,3.18,In-State,FALSE,12,1,0,2,13550,2220,Employed Full-Time,0.0,Business Intelligence Analyst,Data & Analytics,Cartway Commerce,E-Commerce & Retail Tech,Northern Virginia,69750,FALSE,Personal Network
CID-948114,Computer Science,Bachelor of Science,Software Engineering,Spring 2019,2019,First-Time Freshman,4.0,121,2.55,2.54,Out-of-State,FALSE,9,1,0,2,69110,16500,Employed Full-Time,0.5,Junior Developer,Software Engineering,Allied Shield Insurance Group,Insurance,"Baltimore, MD",61000,FALSE,Return Offer from Internship
CID-166469,Information Systems,Bachelor of Science,Health Information Technology,Fall 2021,2021,First-Time Freshman,4.0,121,3.26,3.35,Out-of-State,FALSE,11,1,0,1,78790,42640,Employed Full-Time,1.2,Business Intelligence Analyst,Data & Analytics,Northwind Platform Co.,Software Products,Other - United States,63500,FALSE,Personal Network
CID-348057,Computer Science,Bachelor of Science,General,Spring 2023,2023,Transfer,2.0,120,3.66,3.51,In-State,FALSE,13,1,0,2,8410,6870,Employed Full-Time,2.4,Software Engineer I,Software Engineering,Cartway Commerce,E-Commerce & Retail Tech,"Raleigh-Durham, NC",87500,FALSE,Recruiter Outreach
CID-971960,Information Systems,Bachelor of Science,General,Spring 2022,2022,Transfer,4.3,122,3.34,3.39,In-State,FALSE,25,1,0,1,7390,6020,Employed Full-Time,0.1,Junior Systems Analyst,IT Business & Product,Potomac Mission Solutions,Federal Contracting,"Baltimore, MD",63500,TRUE,Personal Network
CID-473171,Information Systems,Bachelor of Science,Cybersecurity Management,Spring 2022,2022,First-Time Freshman,8.3,121,2.44,2.38,In-State,FALSE,25,2,0,4,30390,19590,No Response,Not Applicable,Not Applicable,Not Applicable,Not Applicable,Not Applicable,Not Applicable,Not Applicable,Not Applicable,Not Applicable
CID-110234,Information Systems,Bachelor of Science,Cybersecurity Management,Fall 2024,2024,Transfer,4.0,121,2.93,2.68,In-State,FALSE,15,3,2,2,17990,6160,No Response,Not Applicable,Not Applicable,Not Applicable,Not Applicable,Not Applicable,Not Applicable,Not Applicable,Not Applicable,Not Applicable
CID-981828,Information Systems,Bachelor of Science,Business Analytics,Spring 2023,2023,First-Time Freshman,8.0,121,3.19,3.35,In-State,FALSE,23,1,0,4,33710,20180,Employed Full-Time,1.8,Data Analyst,Data & Analytics,Chesapeake Defense Systems,Defense & Aerospace,"Baltimore, MD",82500,FALSE,Student Organization Connection
CID-895402,Computer Science,Bachelor of Science,General,Fall 2016,2016,Transfer,2.0,120,3.27,3.28,In-State,FALSE,6,0,0,1,7770,980,Employed Full-Time,4.2,Associate Software Engineer,Software Engineering,Cartway Commerce,E-Commerce & Retail Tech,"Washington, DC Metro",67750,FALSE,Personal Network
CID-531319,Computer Science,Bachelor of Science,General,Spring 2017,2017,First-Time Freshman,4.0,122,3.49,3.35,In-State,FALSE,7,2,0,3,42070,18530,Employed Full-Time,1.3,Junior DevOps Engineer,Infrastructure & Cloud,Keystone Federal Services,Federal Contracting,"Baltimore, MD",73500,FALSE,Career Fair
CID-927491,Computer Science,Bachelor of Science,Data Science,Spring 2026,2026,First-Time Freshman,5.7,119,2.04,2.10,In-State,FALSE,8,0,0,1,49930,45830,No Response,Not Applicable,Not Applicable,Not Applicable,Not Applicable,Not Applicable,Not Applicable,Not Applicable,Not Applicable,Not Applicable
CID-568064,Computer Science,Bachelor of Science,General,Fall 2020,2020,First-Time Freshman,3.7,120,2.80,2.73,In-State,FALSE,12,2,0,4,35910,21330,Employed Full-Time,0.1,Business Intelligence Analyst,Data & Analytics,Greenspring Health Systems,Healthcare & Life Sciences,Northern Virginia,76750,FALSE,Return Offer from Internship
CID-919927,Information Systems,Bachelor of Science,General,Spring 2017,2017,First-Time Freshman,4.3,121,2.85,2.60,In-State,FALSE,4,2,0,0,46880,29740,Employed Full-Time,0.7,Clinical Systems Analyst,Health IT,Federal Health Data Office,Federal Government,"Baltimore, MD",46750,FALSE,Faculty or Staff Referral
CID-635457,Computer Science,Bachelor of Science,General,Fall 2025,2025,First-Time Freshman,4.0,121,2.99,2.82,In-State,FALSE,7,0,0,1,46730,31250,Employed Part-Time,6.2,Software Engineer I,Software Engineering,Vantage Point Applications,Software Products,"Washington, DC Metro",87250,FALSE,Online Application
CID-662947,Computer Science,Bachelor of Science,Cybersecurity,Spring 2015,2015,Transfer,2.3,120,2.62,2.80,In-State,FALSE,8,1,1,3,12490,5970,Employed Full-Time,1.0,SOC Analyst,Cybersecurity,Meridian National Systems,Federal Contracting,Northern Virginia,90000,FALSE,Career Fair
CID-540792,Computer Science,Bachelor of Science,Software Engineering,Spring 2021,2021,Transfer,3.0,120,2.91,2.78,In-State,FALSE,3,2,0,1,14910,8680,No Response,Not Applicable,Not Applicable,Not Applicable,Not Applicable,Not Applicable,Not Applicable,Not Applicable,Not Applicable,Not Applicable
CID-244977,Computer Science,Bachelor of Science,General,Spring 2022,2022,First-Time Freshman,3.7,120,3.16,2.98,In-State,FALSE,8,0,0,6,27480,13090,Employed Full-Time,0.0,Help Desk Technician,IT Support & Operations,Keystone Federal Services,Federal Contracting,"Baltimore, MD",60250,FALSE,Faculty or Staff Referral
CID-241351,Computer Science,Bachelor of Science,General,Spring 2023,2023,First-Time Freshman,4.0,122,3.02,2.92,In-State,FALSE,11,1,2,2,30140,10300,Employed Full-Time,0.1,Security Analyst I,Cybersecurity,Catoctin Analytics Group,Federal Contracting,"Baltimore, MD",107000,TRUE,Return Offer from Internship
CID-884508,Computer Science,Bachelor of Science,Data Science,Spring 2023,2023,Transfer,4.0,122,2.35,2.32,In-State,FALSE,15,2,0,4,20070,6480,Employed Full-Time,0.4,Associate Software Engineer,Software Engineering,Tidewater Defense Group,Defense & Aerospace,"Baltimore, MD",74750,FALSE,Return Offer from Internship
CID-178573,Computer Science,Bachelor of Science,Data Science,Fall 2015,2015,First-Time Freshman,6.7,121,3.45,3.53,In-State,FALSE,16,2,3,2,25350,8700,Employed Full-Time,0.0,Data Analyst,Data & Analytics,Ironwood Cyber,Cybersecurity Services,"Baltimore, MD",90750,FALSE,Online Application
CID-856052,Information Systems,Bachelor of Science,Health Information Technology,Fall 2025,2025,Transfer,4.0,121,2.12,2.06,In-State,FALSE,9,0,0,5,22570,13350,Employed Full-Time,6.7,Clinical Systems Analyst,Health IT,Federal Health Data Office,Federal Government,"Washington, DC Metro",49750,FALSE,Online Application
CID-511787,Computer Science,Bachelor of Science,Software Engineering,Spring 2025,2025,First-Time Freshman,5.0,123,2.24,2.33,Out-of-State,FALSE,23,0,0,1,101960,48630,Still Seeking,Not Applicable,Not Applicable,Not Applicable,Not Applicable,Not Applicable,Not Applicable,Not Applicable,Not Applicable,Not Applicable
CID-409907,Computer Science,Bachelor of Science,General,Spring 2026,2026,Transfer,5.0,107,1.62,1.82,In-State,FALSE,27,1,0,2,19910,15570,Employed Full-Time,0.0,Junior Data Analyst,Data & Analytics,Stratus Cloud Works,Cloud & Infrastructure,Remote - United States,72500,TRUE,Career Fair
CID-344439,Information Systems,Bachelor of Science,Health Information Technology,Fall 2015,2015,Transfer,2.7,121,2.79,2.72,In-State,FALSE,5,1,0,0,11090,6170,Employed Full-Time,4.2,Data Analyst,Data & Analytics,Stratus Cloud Works,Cloud & Infrastructure,"Boston, MA",79500,FALSE,Recruiter Outreach
CID-730782,Information Systems,Bachelor of Science,Health Information Technology,Spring 2016,2016,Transfer,2.3,120,2.38,2.47,In-State,FALSE,8,0,0,0,11420,1880,Employed Full-Time,2.9,EHR Support Analyst,Health IT,Meridian National Systems,Federal Contracting,"Washington, DC Metro",43250,TRUE,Online Application
CID-860770,Information Systems,Bachelor of Science,General,Fall 2023,2023,Transfer,3.0,122,2.50,2.56,In-State,FALSE,23,2,0,3,12750,7960,Employed Full-Time,1.2,Associate Software Engineer,Software Engineering,CareBridge Technology,Healthcare & Life Sciences,Northern Virginia,66000,FALSE,Career Fair
CID-932805,Computer Science,Bachelor of Science,Data Science,Spring 2017,2017,Transfer,1.3,124,3.00,3.11,In-State,FALSE,4,0,0,2,9050,2640,Employed Full-Time,4.5,Cloud Support Engineer,Infrastructure & Cloud,CareBridge Technology,Healthcare & Life Sciences,"Baltimore, MD",61500,FALSE,Personal Network
CID-445019,Computer Science,Bachelor of Science,Data Science,Spring 2019,2019,Transfer,2.7,122,2.97,2.85,In-State,FALSE,8,1,1,5,4300,1180,Employed Full-Time,0.8,Junior DevOps Engineer,Infrastructure & Cloud,Vantage Point Applications,Software Products,"Baltimore, MD",78500,FALSE,Online Application
CID-682554,Information Systems,Bachelor of Science,Health Information Technology,Fall 2018,2018,Transfer,3.0,122,3.49,3.53,Out-of-State,FALSE,12,1,0,1,15530,15180,Employed Full-Time,0.0,Software Engineer I,Software Engineering,Dockside Logistics Systems,Logistics & Transportation,"Columbia/Howard County, MD",65250,FALSE,Return Offer from Internship
CID-354782,Information Systems,Bachelor of Science,Software Development,Fall 2023,2023,First-Time Freshman,4.3,121,3.18,3.00,Out-of-State,FALSE,8,2,2,2,101530,17410,Employed Full-Time,0.5,Business Intelligence Analyst,Data & Analytics,Parcel & Post Technologies,Logistics & Transportation,Northern Virginia,91500,FALSE,Return Offer from Internship
CID-426969,Computer Science,Bachelor of Science,Artificial Intelligence,Spring 2026,2026,First-Time Freshman,3.7,121,2.83,2.86,In-State,FALSE,1,1,0,3,43010,21000,Employed Full-Time,0.4,AI Research Assistant,Machine Learning & AI,Potomac Mission Solutions,Federal Contracting,"Baltimore, MD",97000,FALSE,Return Offer from Internship
CID-608142,Information Systems,Bachelor of Science,Software Development,Spring 2023,2023,Transfer,3.0,121,2.61,2.44,In-State,FALSE,13,2,2,4,17140,9380,Still Seeking,Not Applicable,Not Applicable,Not Applicable,Not Applicable,Not Applicable,Not Applicable,Not Applicable,Not Applicable,Not Applicable
CID-944656,Information Systems,Bachelor of Science,General,Spring 2018,2018,Transfer,2.7,121,2.95,2.94,In-State,FALSE,14,0,1,0,9500,7040,Employed Full-Time,2.3,IT Analyst,IT Business & Product,Keystone Federal Services,Federal Contracting,"Columbia/Howard County, MD",59000,FALSE,Alumni Network
CID-761681,Information Systems,Master of Science,Software Development,Fall 2022,2022,First-Time Freshman,6.0,121,3.31,3.10,In-State,TRUE,27,2,0,3,28010,15050,No Response,Not Applicable,Not Applicable,Not Applicable,Not Applicable,Not Applicable,Not Applicable,Not Applicable,Not Applicable,Not Applicable
CID-626804,Information Systems,Bachelor of Science,Cybersecurity Management,Spring 2020,2020,First-Time Freshman,5.0,121,2.49,2.50,Out-of-State,FALSE,10,0,2,4,65090,39310,Employed Full-Time,4.4,Junior Systems Analyst,IT Business & Product,Meridian National Systems,Federal Contracting,"Washington, DC Metro",66250,TRUE,Online Application
CID-330911,Computer Science,Bachelor of Science,General,Fall 2015,2015,First-Time Freshman,4.0,122,3.27,3.06,In-State,FALSE,13,2,0,3,28220,10010,Employed Full-Time,0.0,Machine Learning Engineer I,Machine Learning & AI,Stratus Cloud Works,Cloud & Infrastructure,"Philadelphia, PA",84750,FALSE,Return Offer from Internship
CID-613142,Computer Science,Bachelor of Science,Software Engineering,Spring 2026,2026,First-Time Freshman,9.0,118,2.11,2.13,In-State,FALSE,18,3,3,0,63130,51310,Continuing Education,Not Applicable,Not Applicable,Not Applicable,Not Applicable,Not Applicable,Not Applicable,Not Applicable,Not Applicable,Not Applicable
CID-706190,Computer Science,Bachelor of Science,General,Spring 2016,2016,First-Time Freshman,3.7,120,3.23,3.12,In-State,FALSE,5,1,0,4,22810,2070,Employed Full-Time,0.8,Machine Learning Engineer I,Machine Learning & AI,Chesterfield Asset Management,Financial Services,"Baltimore, MD",64000,FALSE,Alumni Network
CID-964300,Computer Science,Bachelor of Science,Data Science,Spring 2026,2026,First-Time Freshman,3.3,119,3.08,3.02,Out-of-State,FALSE,10,1,0,4,97600,50140,Employed Full-Time,2.9,Data Analyst,Data & Analytics,Harborline Networks,Cloud & Infrastructure,Remote - United States,75750,TRUE,Personal Network
CID-390541,Computer Science,Bachelor of Science,Software Engineering,Spring 2020,2020,Transfer,1.7,130,3.20,3.28,Out-of-State,FALSE,4,0,0,3,22430,9590,Still Seeking,Not Applicable,Not Applicable,Not Applicable,Not Applicable,Not Applicable,Not Applicable,Not Applicable,Not Applicable,Not Applicable
CID-423021,Computer Science,Bachelor of Science,General,Fall 2025,2025,First-Time Freshman,4.0,122,2.71,2.56,Out-of-State,FALSE,4,2,2,3,62450,33710,Employed Full-Time,0.4,Junior ML Engineer,Machine Learning & AI,Fidelis Capital Partners,Financial Services,Remote - United States,105000,TRUE,Return Offer from Internship
CID-931786,Computer Science,Bachelor of Science,Software Engineering,Fall 2024,2024,First-Time Freshman,4.3,120,3.33,3.17,In-State,FALSE,0,2,0,3,37590,28890,Continuing Education,Not Applicable,Not Applicable,Not Applicable,Not Applicable,Not Applicable,Not Applicable,Not Applicable,Not Applicable,Not Applicable
CID-305117,Computer Science,Bachelor of Science,Cybersecurity,Spring 2022,2022,First-Time Freshman,4.0,122,2.75,2.83,In-State,FALSE,8,2,0,1,49980,24120,Employed Full-Time,0.0,Clinical Systems Analyst,Health IT,Harborline Networks,Cloud & Infrastructure,"Washington, DC Metro",91750,FALSE,Online Application
CID-552810,Computer Science,Bachelor of Science,Software Engineering,Spring 2018,2018,First-Time Freshman,3.3,120,3.58,3.51,In-State,FALSE,12,1,0,4,23920,12830,No Response,Not Applicable,Not Applicable,Not Applicable,Not Applicable,Not Applicable,Not Applicable,Not Applicable,Not Applicable,Not Applicable
CID-209221,Computer Science,Bachelor of Science,General,Fall 2025,2025,First-Time Freshman,4.3,122,3.39,3.32,Out-of-State,FALSE,13,2,0,5,62420,38380,Employed Full-Time,1.9,Software Engineer I,Software Engineering,Tidewater Defense Group,Defense & Aerospace,"Columbia/Howard County, MD",93500,FALSE,Personal Network
CID-656254,Computer Science,Bachelor of Science,Cybersecurity,Spring 2026,2026,First-Time Freshman,5.0,123,2.31,2.17,Out-of-State,FALSE,13,0,0,2,89840,44800,Still Seeking,Not Applicable,Not Applicable,Not Applicable,Not Applicable,Not Applicable,Not Applicable,Not Applicable,Not Applicable,Not Applicable
CID-159368,Computer Science,Bachelor of Science,General,Spring 2026,2026,Transfer,4.7,110,2.42,2.69,In-State,FALSE,22,1,0,4,11790,3010,Employed Part-Time,0.2,Business Analyst,IT Business & Product,Meridian National Systems,Federal Contracting,"Washington, DC Metro",90750,FALSE,Student Organization Connection
CID-879684,Computer Science,Bachelor of Science,General,Fall 2020,2020,First-Time Freshman,3.7,120,2.59,2.61,In-State,FALSE,13,1,0,3,36300,27820,Employed Full-Time,0.4,Junior Developer,Software Engineering,Stratus Cloud Works,Cloud & Infrastructure,"Philadelphia, PA",73250,FALSE,Return Offer from Internship
CID-846197,Computer Science,Bachelor of Science,General,Spring 2026,2026,Transfer,2.7,123,3.14,2.93,In-State,FALSE,9,2,2,5,23230,2710,No Response,Not Applicable,Not Applicable,Not Applicable,Not Applicable,Not Applicable,Not Applicable,Not Applicable,Not Applicable,Not Applicable
CID-243977,Information Systems,Bachelor of Science,General,Spring 2018,2018,First-Time Freshman,3.3,121,2.75,2.60,In-State,FALSE,10,1,0,5,43620,28060,Military,Not Applicable,Not Applicable,Not Applicable,Not Applicable,Not Applicable,Not Applicable,Not Applicable,Not Applicable,Not Applicable
CID-164539,Computer Science,Bachelor of Science,Data Science,Fall 2024,2024,First-Time Freshman,7.7,120,3.21,3.10,In-State,FALSE,13,2,1,3,46860,33010,No Response,Not Applicable,Not Applicable,Not Applicable,Not Applicable,Not Applicable,Not Applicable,Not Applicable,Not Applicable,Not Applicable
CID-886200,Computer Science,Bachelor of Science,Cybersecurity,Spring 2015,2015,First-Time Freshman,3.7,123,3.33,3.37,In-State,FALSE,12,2,1,1,34770,31330,Continuing Education,Not Applicable,Not Applicable,Not Applicable,Not Applicable,Not Applicable,Not Applicable,Not Applicable,Not Applicable,Not Applicable
CID-988340,Information Systems,Bachelor of Science,Business Analytics,Spring 2023,2023,Transfer,2.7,120,2.39,2.59,In-State,FALSE,4,0,1,6,13090,0,Employed Full-Time,3.4,IT Analyst,IT Business & Product,Catoctin Analytics Group,Federal Contracting,"Baltimore, MD",66000,FALSE,Career Fair
CID-113403,Information Systems,Master of Science,General,Spring 2024,2024,Transfer,2.0,121,2.70,2.76,In-State,TRUE,11,0,1,0,10650,4090,Employed Full-Time,9.5,Junior Security Engineer,Cybersecurity,Bastion Threat Labs,Cybersecurity Services,"Baltimore, MD",92500,FALSE,Alumni Network
CID-240196,Information Systems,Bachelor of Science,Cybersecurity Management,Spring 2016,2016,Transfer,2.7,120,2.39,2.47,In-State,FALSE,3,0,0,1,11720,3620,Employed Full-Time,4.3,Cloud Support Engineer,Infrastructure & Cloud,Potomac Mission Solutions,Federal Contracting,"Columbia/Howard County, MD",55250,FALSE,Online Application
CID-620544,Computer Science,Bachelor of Science,Cybersecurity,Spring 2024,2024,First-Time Freshman,4.0,120,2.93,3.00,In-State,FALSE,14,0,0,5,36610,18690,Employed Full-Time,2.6,Associate Software Engineer,Software Engineering,Chesapeake Community College,Higher Education,"Washington, DC Metro",63250,FALSE,Personal Network
CID-171546,Information Systems,Bachelor of Science,Business Analytics,Spring 2020,2020,Transfer,2.3,121,2.26,2.33,Out-of-State,FALSE,12,1,0,3,17180,8000,No Response,Not Applicable,Not Applicable,Not Applicable,Not Applicable,Not Applicable,Not Applicable,Not Applicable,Not Applicable,Not Applicable
CID-281435,Information Systems,Bachelor of Science,General,Spring 2021,2021,Transfer,2.3,121,3.51,3.56,In-State,FALSE,10,1,0,2,9000,2660,Employed Full-Time,1.5,Health Data Analyst,Health IT,Northfield Biosciences,Healthcare & Life Sciences,Northern Virginia,96000,FALSE,Personal Network
CID-616982,Information Systems,Bachelor of Science,Cybersecurity Management,Fall 2015,2015,First-Time Freshman,4.3,121,2.94,3.10,Out-of-State,FALSE,14,2,2,4,80700,18170,Employed Full-Time,3.1,Junior Systems Analyst,IT Business & Product,Office of Technology Policy,Federal Government,"Washington, DC Metro",65250,FALSE,Student Organization Connection
CID-693846,Computer Science,Bachelor of Science,Data Science,Spring 2025,2025,Transfer,1.3,123,2.64,2.70,In-State,FALSE,7,0,0,1,14700,13280,Employed Full-Time,7.1,Cloud Support Engineer,Infrastructure & Cloud,Copper Ridge Data Centers,Cloud & Infrastructure,"Columbia/Howard County, MD",79000,FALSE,Personal Network
CID-358023,Computer Science,Bachelor of Science,Software Engineering,Spring 2020,2020,Transfer,3.0,120,2.68,2.78,In-State,FALSE,6,1,0,2,7980,3290,Employed Part-Time,4.1,Junior DevOps Engineer,Infrastructure & Cloud,Anvil Compute,Cloud & Infrastructure,Remote - United States,90000,TRUE,Online Application
CID-516839,Computer Science,Bachelor of Science,Data Science,Fall 2020,2020,Transfer,3.0,122,2.46,2.28,In-State,FALSE,8,1,0,4,19420,10380,Employed Full-Time,0.1,Business Intelligence Analyst,Data & Analytics,Anvil Compute,Cloud & Infrastructure,"Baltimore, MD",73250,FALSE,Return Offer from Internship
CID-935699,Computer Science,Bachelor of Science,Software Engineering,Spring 2024,2024,First-Time Freshman,5.0,122,2.12,1.96,Out-of-State,FALSE,13,1,1,2,87670,57330,Employed Full-Time,3.2,Associate Software Engineer,Software Engineering,Antietam Systems Integration,Federal Contracting,Remote - United States,65750,TRUE,Recruiter Outreach
CID-481393,Information Systems,Bachelor of Science,General,Spring 2022,2022,First-Time Freshman,6.3,121,3.59,3.65,In-State,FALSE,25,2,0,3,39190,16430,Military,Not Applicable,Not Applicable,Not Applicable,Not Applicable,Not Applicable,Not Applicable,Not Applicable,Not Applicable,Not Applicable
CID-956280,Information Systems,Bachelor of Science,Business Analytics,Fall 2017,2017,First-Time Freshman,4.3,121,3.20,3.45,Out-of-State,FALSE,6,3,2,3,80640,9350,Employed Full-Time,0.2,Data Analyst,Data & Analytics,Bayview Medical Informatics,Healthcare & Life Sciences,"Washington, DC Metro",83250,FALSE,Return Offer from Internship
CID-212193,Computer Science,Bachelor of Science,General,Fall 2023,2023,First-Time Freshman,4.3,122,2.79,2.56,Out-of-State,FALSE,8,1,0,1,81320,30660,No Response,Not Applicable,Not Applicable,Not Applicable,Not Applicable,Not Applicable,Not Applicable,Not Applicable,Not Applicable,Not Applicable
CID-108805,Information Systems,Master of Science,Cybersecurity Management,Spring 2026,2026,Transfer,2.3,118,3.71,3.71,In-State,TRUE,10,1,0,5,17730,4560,Still Seeking,Not Applicable,Not Applicable,Not Applicable,Not Applicable,Not Applicable,Not Applicable,Not Applicable,Not Applicable,Not Applicable
CID-696476,Information Systems,Bachelor of Science,General,Spring 2019,2019,Transfer,2.0,120,3.54,3.59,In-State,FALSE,18,0,0,1,8520,5890,Still Seeking,Not Applicable,Not Applicable,Not Applicable,Not Applicable,Not Applicable,Not Applicable,Not Applicable,Not Applicable,Not Applicable
CID-887914,Computer Science,Bachelor of Science,Software Engineering,Fall 2020,2020,First-Time Freshman,4.3,123,3.78,3.72,Out-of-State,FALSE,5,3,0,0,65890,30700,Employed Full-Time,3.3,AI Research Assistant,Machine Learning & AI,Shoreline Retail Group,E-Commerce & Retail Tech,"Baltimore, MD",84250,TRUE,Faculty or Staff Referral
CID-767277,Information Systems,Bachelor of Science,Software Development,Spring 2020,2020,First-Time Freshman,4.3,121,2.73,2.86,In-State,FALSE,17,1,1,1,34830,20840,Employed Full-Time,0.5,Junior Developer,Software Engineering,Catoctin Analytics Group,Federal Contracting,Northern Virginia,81000,FALSE,Return Offer from Internship
CID-641804,Information Systems,Bachelor of Science,Health Information Technology,Spring 2021,2021,First-Time Freshman,4.0,121,3.42,3.40,In-State,FALSE,14,2,1,7,24120,16750,Employed Full-Time,1.5,Health Data Analyst,Health IT,Blue Heron Technologies,Federal Contracting,"Baltimore, MD",62250,FALSE,Faculty or Staff Referral
CID-912063,Computer Science,Bachelor of Science,Artificial Intelligence,Spring 2015,2015,First-Time Freshman,3.7,120,3.68,3.37,In-State,FALSE,6,1,0,2,26380,18190,Employed Full-Time,2.1,Software Engineer I,Software Engineering,Blue Heron Technologies,Federal Contracting,"Columbia/Howard County, MD",87750,FALSE,Online Application
CID-509509,Information Systems,Bachelor of Science,Cybersecurity Management,Fall 2018,2018,Transfer,3.3,122,3.27,3.22,In-State,FALSE,11,0,0,1,14200,7520,Employed Full-Time,4.8,Clinical Systems Analyst,Health IT,Clarion Clinical Data,Healthcare & Life Sciences,Northern Virginia,72000,FALSE,Personal Network
CID-187308,Information Systems,Bachelor of Science,Business Analytics,Fall 2025,2025,First-Time Freshman,6.3,121,2.50,2.65,In-State,FALSE,12,2,0,2,41130,31790,Continuing Education,Not Applicable,Not Applicable,Not Applicable,Not Applicable,Not Applicable,Not Applicable,Not Applicable,Not Applicable,Not Applicable
CID-262014,Information Systems,Bachelor of Science,General,Spring 2026,2026,First-Time Freshman,7.7,109,2.64,2.76,In-State,FALSE,21,0,1,6,36670,12300,Employed Full-Time,3.1,Desktop Support Analyst,IT Support & Operations,Catoctin Analytics Group,Federal Contracting,"Columbia/Howard County, MD",63000,FALSE,Personal Network
CID-840137,Computer Science,Bachelor of Science,Cybersecurity,Spring 2021,2021,First-Time Freshman,4.3,122,2.75,2.88,In-State,FALSE,10,1,1,1,37980,19780,Employed Part-Time,0.0,Associate Software Engineer,Software Engineering,Sterling Ridge Consulting,Consulting & Professional Services,"Baltimore, MD",71500,FALSE,Online Application
CID-102059,Computer Science,Bachelor of Science,Cybersecurity,Spring 2024,2024,Transfer,2.3,121,3.42,3.48,In-State,FALSE,6,0,1,0,17730,10720,Employed Full-Time,4.1,SOC Analyst,Cybersecurity,Clarion Clinical Data,Healthcare & Life Sciences,"Washington, DC Metro",107000,TRUE,Faculty or Staff Referral
CID-594784,Information Systems,Bachelor of Science,Business Analytics,Spring 2017,2017,First-Time Freshman,3.7,121,3.60,3.40,Out-of-State,FALSE,13,3,0,6,39140,0,Employed Full-Time,0.0,Systems Administrator,Infrastructure & Cloud,Catoctin Analytics Group,Federal Contracting,"Baltimore, MD",85750,FALSE,Student Organization Connection
CID-809643,Computer Science,Bachelor of Science,Artificial Intelligence,Summer 2020,2020,First-Time Freshman,4.0,121,2.78,2.84,In-State,FALSE,22,2,2,5,35450,9640,Still Seeking,Not Applicable,Not Applicable,Not Applicable,Not Applicable,Not Applicable,Not Applicable,Not Applicable,Not Applicable,Not Applicable
CID-144481,Computer Science,Bachelor of Science,Data Science,Spring 2020,2020,First-Time Freshman,7.7,120,2.68,2.61,Out-of-State,FALSE,18,4,0,5,73790,25220,Employed Full-Time,3.5,Desktop Support Analyst,IT Support & Operations,Catoctin Analytics Group,Federal Contracting,"Washington, DC Metro",63000,FALSE,Online Application
CID-454001,Computer Science,Bachelor of Science,Data Science,Spring 2019,2019,Transfer,2.7,121,2.94,3.08,In-State,FALSE,12,2,0,2,17820,14430,Employed Full-Time,0.0,Associate Software Engineer,Software Engineering,Blue Heron Technologies,Federal Contracting,Northern Virginia,75000,FALSE,Return Offer from Internship
CID-453504,Information Systems,Bachelor of Science,Business Analytics,Spring 2026,2026,First-Time Freshman,5.7,121,2.29,2.24,In-State,FALSE,14,2,0,2,52690,16890,Employed Full-Time,0.2,Associate Software Engineer,Software Engineering,Brightline Software Group,Software Products,"Baltimore, MD",67750,TRUE,Faculty or Staff Referral
CID-503138,Computer Science,Master of Science,Cybersecurity,Fall 2025,2025,First-Time Freshman,4.3,122,3.31,3.46,Out-of-State,FALSE,5,1,0,5,76360,41930,Employed Full-Time,1.9,Security Analyst I,Cybersecurity,Greenspring Health Systems,Healthcare & Life Sciences,"Baltimore, MD",98500,FALSE,Personal Network
CID-936777,Information Systems,Bachelor of Science,Cybersecurity Management,Spring 2021,2021,First-Time Freshman,4.0,121,2.56,2.60,In-State,FALSE,4,1,1,7,31840,12820,Employed Full-Time,1.3,Junior Systems Analyst,IT Business & Product,Office of Technology Policy,Federal Government,Remote - United States,54250,TRUE,Career Fair
CID-140963,Computer Science,Bachelor of Science,General,Spring 2026,2026,First-Time Freshman,4.0,119,3.08,2.98,In-State,FALSE,15,0,0,1,40880,14960,Employed Full-Time,3.9,Associate Software Engineer,Software Engineering,Patapsco Aerospace,Defense & Aerospace,Remote - United States,74500,TRUE,Online Application
CID-155928,Computer Science,Bachelor of Science,Data Science,Spring 2018,2018,First-Time Freshman,4.0,120,3.23,3.02,Out-of-State,FALSE,6,1,0,6,47220,12930,Employed Full-Time,0.0,Security Analyst I,Cybersecurity,Piedmont Energy Partners,Energy & Utilities,"Columbia/Howard County, MD",84250,FALSE,Student Organization Connection
CID-131320,Computer Science,Bachelor of Science,Cybersecurity,Spring 2019,2019,Transfer,2.7,120,3.34,3.37,In-State,FALSE,2,0,2,1,17010,4930,Continuing Education,Not Applicable,Not Applicable,Not Applicable,Not Applicable,Not Applicable,Not Applicable,Not Applicable,Not Applicable,Not Applicable
CID-928983,Computer Science,Bachelor of Science,Cybersecurity,Spring 2018,2018,First-Time Freshman,4.0,122,2.74,2.89,In-State,FALSE,12,2,0,3,36590,20390,Employed Full-Time,0.0,Security Analyst I,Cybersecurity,Chesapeake Defense Systems,Defense & Aerospace,"Washington, DC Metro",96500,FALSE,Return Offer from Internship
CID-729675,Computer Science,Bachelor of Science,Data Science,Spring 2015,2015,First-Time Freshman,3.7,120,3.29,3.27,Out-of-State,FALSE,6,1,0,2,53080,25170,No Response,Not Applicable,Not Applicable,Not Applicable,Not Applicable,Not Applicable,Not Applicable,Not Applicable,Not Applicable,Not Applicable
CID-327386,Information Systems,Bachelor of Science,General,Spring 2024,2024,First-Time Freshman,4.0,121,3.19,3.30,In-State,FALSE,4,1,0,5,39510,36890,Still Seeking,Not Applicable,Not Applicable,Not Applicable,Not Applicable,Not Applicable,Not Applicable,Not Applicable,Not Applicable,Not Applicable
CID-849673,Computer Science,Bachelor of Science,Cybersecurity,Fall 2018,2018,First-Time Freshman,4.0,122,3.84,3.81,In-State,FALSE,8,3,1,4,28350,19040,Continuing Education,Not Applicable,Not Applicable,Not Applicable,Not Applicable,Not Applicable,Not Applicable,Not Applicable,Not Applicable,Not Applicable
CID-179632,Computer Science,Bachelor of Science,Software Engineering,Fall 2016,2016,First-Time Freshman,4.3,121,2.62,2.59,Out-of-State,FALSE,4,0,0,1,87510,40040,Employed Full-Time,6.7,AI Research Assistant,Machine Learning & AI,Pinnacle Bridge Partners,Consulting & Professional Services,"Baltimore, MD",67750,FALSE,Career Fair
CID-628324,Computer Science,Bachelor of Science,General,Spring 2019,2019,First-Time Freshman,4.0,120,2.62,2.53,In-State,FALSE,8,1,0,3,24740,22210,Employed Full-Time,0.0,Machine Learning Engineer I,Machine Learning & AI,Sentinel Peak Security,Cybersecurity Services,"Washington, DC Metro",80750,FALSE,Alumni Network
CID-887046,Computer Science,Bachelor of Science,Data Science,Fall 2024,2024,Transfer,3.0,122,3.01,2.88,In-State,FALSE,4,1,0,3,23080,20200,Employed Full-Time,2.2,Junior DevOps Engineer,Infrastructure & Cloud,National Data Services Agency,Federal Government,Northern Virginia,94250,FALSE,Online Application
CID-173260,Computer Science,Bachelor of Science,Artificial Intelligence,Spring 2018,2018,First-Time Freshman,5.3,122,2.57,2.70,In-State,FALSE,12,0,0,2,40150,37760,No Response,Not Applicable,Not Applicable,Not Applicable,Not Applicable,Not Applicable,Not Applicable,Not Applicable,Not Applicable,Not Applicable
CID-270965,Computer Science,Bachelor of Science,Software Engineering,Fall 2024,2024,First-Time Freshman,4.7,122,2.80,2.59,In-State,FALSE,17,1,0,3,25010,24660,Employed Full-Time,2.9,Junior ML Engineer,Machine Learning & AI,Tidewater Defense Group,Defense & Aerospace,"Columbia/Howard County, MD",79500,FALSE,Personal Network
CID-597299,Computer Science,Bachelor of Science,Artificial Intelligence,Spring 2020,2020,First-Time Freshman,3.7,121,3.42,3.35,In-State,FALSE,18,0,3,2,24250,17560,No Response,Not Applicable,Not Applicable,Not Applicable,Not Applicable,Not Applicable,Not Applicable,Not Applicable,Not Applicable,Not Applicable
CID-473557,Computer Science,Bachelor of Science,Cybersecurity,Fall 2015,2015,First-Time Freshman,4.3,120,2.43,2.43,Out-of-State,FALSE,9,1,0,2,52670,22570,Employed Full-Time,0.6,SOC Analyst,Cybersecurity,Continental Wireless,Telecommunications,"Baltimore, MD",66250,FALSE,Return Offer from Internship
CID-703870,Computer Science,Bachelor of Science,Cybersecurity,Spring 2018,2018,First-Time Freshman,3.3,120,3.17,3.18,In-State,FALSE,3,2,0,4,38710,37790,Employed Full-Time,0.0,Security Analyst I,Cybersecurity,Chesapeake Defense Systems,Defense & Aerospace,"Columbia/Howard County, MD",93250,FALSE,Online Application
CID-925624,Computer Science,Bachelor of Science,Software Engineering,Spring 2022,2022,First-Time Freshman,3.7,121,2.83,2.81,In-State,FALSE,19,0,0,4,45080,8580,No Response,Not Applicable,Not Applicable,Not Applicable,Not Applicable,Not Applicable,Not Applicable,Not Applicable,Not Applicable,Not Applicable
CID-124211,Information Systems,Bachelor of Science,Health Information Technology,Spring 2018,2018,First-Time Freshman,5.3,121,2.41,2.45,Out-of-State,FALSE,16,2,1,5,79800,0,Employed Full-Time,0.0,Associate Software Engineer,Software Engineering,Vantage Point Applications,Software Products,"Boston, MA",66750,FALSE,Student Organization Connection
CID-568811,Information Systems,Bachelor of Science,Cybersecurity Management,Spring 2020,2020,First-Time Freshman,4.0,121,2.70,2.55,In-State,FALSE,20,0,0,2,40050,17070,Employed Full-Time,8.7,SOC Analyst,Cybersecurity,National Data Services Agency,Federal Government,"Baltimore, MD",66750,FALSE,Faculty or Staff Referral
CID-572915,Information Systems,Bachelor of Science,General,Spring 2016,2016,First-Time Freshman,4.0,121,3.12,3.29,In-State,FALSE,9,1,1,4,36570,22190,No Response,Not Applicable,Not Applicable,Not Applicable,Not Applicable,Not Applicable,Not Applicable,Not Applicable,Not Applicable,Not Applicable
CID-201015,Computer Science,Bachelor of Science,General,Spring 2026,2026,Transfer,3.3,120,2.62,2.81,In-State,FALSE,10,0,0,1,21970,17760,Employed Full-Time,2.1,Software Engineer I,Software Engineering,Chesapeake Community College,Higher Education,"Columbia/Howard County, MD",47000,FALSE,Personal Network
CID-598441,Information Systems,Bachelor of Science,Business Analytics,Spring 2015,2015,Transfer,2.7,122,2.42,2.38,In-State,FALSE,19,0,1,1,7420,560,Employed Full-Time,2.1,Data Analyst,Data & Analytics,National Data Services Agency,Federal Government,"Baltimore, MD",36250,FALSE,Online Application
CID-272338,Information Systems,Bachelor of Science,Cybersecurity Management,Spring 2025,2025,First-Time Freshman,4.0,121,3.17,3.20,In-State,FALSE,2,1,0,1,40280,27090,Employed Full-Time,1.6,Business Analyst,IT Business & Product,Catoctin Analytics Group,Federal Contracting,"Washington, DC Metro",97500,FALSE,Alumni Network
CID-175781,Information Systems,Bachelor of Science,General,Spring 2019,2019,Transfer,4.0,122,3.16,3.17,Out-of-State,FALSE,9,3,0,2,26320,18480,Employed Full-Time,0.1,IT Analyst,IT Business & Product,Falconview Systems,Software Products,"Philadelphia, PA",71500,FALSE,Online Application
CID-124309,Computer Science,Bachelor of Science,Software Engineering,Spring 2026,2026,First-Time Freshman,3.7,123,3.43,3.62,In-State,FALSE,0,1,0,3,54340,44200,Employed Full-Time,2.4,IT Support Specialist,IT Support & Operations,Potomac Mission Solutions,Federal Contracting,"Baltimore, MD",77750,FALSE,Online Application
CID-537926,Computer Science,Bachelor of Science,Software Engineering,Spring 2024,2024,First-Time Freshman,4.3,122,2.35,2.32,In-State,FALSE,10,1,0,0,36730,16920,Employed Full-Time,5.7,IT Support Specialist,IT Support & Operations,Clarion Clinical Data,Healthcare & Life Sciences,"Baltimore, MD",54250,FALSE,Recruiter Outreach
CID-664350,Computer Science,Bachelor of Science,Data Science,Fall 2017,2017,First-Time Freshman,3.7,120,3.19,3.23,In-State,FALSE,8,1,1,6,32180,7750,Continuing Education,Not Applicable,Not Applicable,Not Applicable,Not Applicable,Not Applicable,Not Applicable,Not Applicable,Not Applicable,Not Applicable
CID-755202,Computer Science,Bachelor of Science,Software Engineering,Spring 2024,2024,First-Time Freshman,3.7,120,3.14,3.06,In-State,FALSE,9,2,0,1,40460,15370,Employed Full-Time,1.9,Desktop Support Analyst,IT Support & Operations,Chesapeake Community College,Higher Education,"Washington, DC Metro",60250,FALSE,Faculty or Staff Referral
CID-576477,Computer Science,Bachelor of Science,Data Science,Spring 2025,2025,First-Time Freshman,4.7,122,2.44,2.52,In-State,FALSE,10,1,0,0,33580,26870,Employed Part-Time,3.7,Help Desk Technician,IT Support & Operations,Federal Health Data Office,Federal Government,"Baltimore, MD",58500,FALSE,Personal Network
CID-139396,Information Systems,Bachelor of Science,Software Development,Spring 2023,2023,First-Time Freshman,3.3,121,3.20,3.20,Out-of-State,FALSE,12,2,0,4,60730,37810,Employed Full-Time,0.8,Junior ML Engineer,Machine Learning & AI,Monument Bank Technology,Financial Services,"Washington, DC Metro",89500,FALSE,Online Application
CID-446088,Computer Science,Bachelor of Science,Data Science,Spring 2017,2017,First-Time Freshman,3.3,120,3.85,3.72,Out-of-State,FALSE,4,1,2,3,57020,23310,Employed Part-Time,0.0,Junior ML Engineer,Machine Learning & AI,Lumen Grid Software,Software Products,"Baltimore, MD",96000,FALSE,Faculty or Staff Referral
CID-975671,Computer Science,Bachelor of Science,Artificial Intelligence,Fall 2020,2020,First-Time Freshman,4.7,122,2.99,2.98,In-State,FALSE,13,2,1,2,34920,32380,Employed Full-Time,4.3,Data Analyst,Data & Analytics,Catoctin Analytics Group,Federal Contracting,"Washington, DC Metro",80000,FALSE,Personal Network
CID-805621,Computer Science,Bachelor of Science,Data Science,Fall 2025,2025,First-Time Freshman,4.3,123,3.08,2.91,In-State,FALSE,9,3,0,3,48500,30040,Employed Full-Time,0.6,Cloud Support Engineer,Infrastructure & Cloud,Meridian National Systems,Federal Contracting,"Baltimore, MD",96500,FALSE,Online Application
CID-440536,Computer Science,Bachelor of Science,Artificial Intelligence,Spring 2026,2026,First-Time Freshman,3.3,108,2.49,2.48,In-State,FALSE,10,1,2,5,44030,24630,No Response,Not Applicable,Not Applicable,Not Applicable,Not Applicable,Not Applicable,Not Applicable,Not Applicable,Not Applicable,Not Applicable
CID-836365,Computer Science,Bachelor of Science,Software Engineering,Fall 2015,2015,First-Time Freshman,4.3,120,3.42,3.33,In-State,FALSE,2,2,2,4,25100,21710,Employed Part-Time,0.4,Associate Software Engineer,Software Engineering,Harborline Networks,Cloud & Infrastructure,"Baltimore, MD",79000,FALSE,Return Offer from Internship
CID-513318,Information Systems,Bachelor of Science,Business Analytics,Spring 2019,2019,Transfer,1.7,121,3.79,3.81,In-State,FALSE,4,1,0,4,4840,1380,Still Seeking,Not Applicable,Not Applicable,Not Applicable,Not Applicable,Not Applicable,Not Applicable,Not Applicable,Not Applicable,Not Applicable
CID-161211,Computer Science,Bachelor of Science,Software Engineering,Fall 2015,2015,First-Time Freshman,4.0,122,2.82,2.70,Out-of-State,FALSE,9,2,0,1,57240,38160,Employed Full-Time,1.5,Junior Data Analyst,Data & Analytics,Meridian National Systems,Federal Contracting,"Washington, DC Metro",71750,FALSE,Online Application
CID-591101,Computer Science,Bachelor of Science,Cybersecurity,Spring 2022,2022,First-Time Freshman,7.0,121,2.99,2.98,Out-of-State,FALSE,19,2,0,2,93650,45000,Still Seeking,Not Applicable,Not Applicable,Not Applicable,Not Applicable,Not Applicable,Not Applicable,Not Applicable,Not Applicable,Not Applicable
CID-750039,Information Systems,Bachelor of Science,Business Analytics,Spring 2020,2020,Transfer,5.0,121,3.18,3.06,In-State,FALSE,17,1,1,4,22370,22300,Military,Not Applicable,Not Applicable,Not Applicable,Not Applicable,Not Applicable,Not Applicable,Not Applicable,Not Applicable,Not Applicable
CID-518063,Information Systems,Bachelor of Science,General,Fall 2019,2019,Transfer,3.3,122,2.52,2.78,In-State,FALSE,6,1,2,5,14670,2280,Employed Full-Time,0.0,Junior Data Analyst,Data & Analytics,Lumen Grid Software,Software Products,"Baltimore, MD",71250,FALSE,Student Organization Connection
CID-769464,Information Systems,Master of Science,Software Development,Spring 2021,2021,Transfer,3.0,120,2.20,2.12,In-State,FALSE,6,1,2,1,10830,7210,Employed Full-Time,0.1,Business Intelligence Analyst,Data & Analytics,Federal Health Data Office,Federal Government,Northern Virginia,58000,FALSE,Career Fair
CID-475796,Computer Science,Bachelor of Science,Data Science,Fall 2021,2021,Transfer,2.3,120,2.97,2.95,In-State,FALSE,3,0,0,1,14130,9600,No Response,Not Applicable,Not Applicable,Not Applicable,Not Applicable,Not Applicable,Not Applicable,Not Applicable,Not Applicable,Not Applicable
CID-488513,Computer Science,Bachelor of Science,Software Engineering,Spring 2025,2025,Transfer,2.0,121,2.90,2.77,In-State,FALSE,13,1,2,2,17140,10890,Employed Full-Time,6.6,Software Engineer I,Software Engineering,Catoctin Analytics Group,Federal Contracting,"Washington, DC Metro",92500,TRUE,Online Application
CID-489169,Information Systems,Bachelor of Science,General,Spring 2019,2019,Transfer,5.7,120,3.70,3.67,In-State,FALSE,35,0,2,3,7450,3670,Employed Full-Time,2.0,Junior Security Engineer,Cybersecurity,Allied Shield Insurance Group,Insurance,"Baltimore, MD",84500,FALSE,Personal Network
CID-917196,Computer Science,Bachelor of Science,Data Science,Fall 2019,2019,Transfer,2.7,121,2.30,2.22,In-State,FALSE,7,0,0,5,14790,6170,Still Seeking,Not Applicable,Not Applicable,Not Applicable,Not Applicable,Not Applicable,Not Applicable,Not Applicable,Not Applicable,Not Applicable
CID-374195,Information Systems,Bachelor of Science,Software Development,Spring 2026,2026,First-Time Freshman,4.3,121,2.82,3.00,In-State,FALSE,10,0,0,3,58190,33770,Still Seeking,Not Applicable,Not Applicable,Not Applicable,Not Applicable,Not Applicable,Not Applicable,Not Applicable,Not Applicable,Not Applicable
CID-672490,Information Systems,Bachelor of Science,General,Spring 2015,2015,First-Time Freshman,4.0,121,2.93,2.85,In-State,FALSE,14,0,0,1,31890,20310,Employed Full-Time,3.3,Security Analyst I,Cybersecurity,Copper Ridge Data Centers,Cloud & Infrastructure,"Boston, MA",77500,FALSE,Online Application
CID-300386,Computer Science,Bachelor of Science,General,Spring 2024,2024,Transfer,2.3,120,3.92,3.94,In-State,FALSE,15,1,1,3,8310,4280,Employed Full-Time,0.0,Junior Data Analyst,Data & Analytics,Patapsco Aerospace,Defense & Aerospace,"Columbia/Howard County, MD",101500,FALSE,Return Offer from Internship
CID-319548,Information Systems,Bachelor of Science,General,Fall 2017,2017,First-Time Freshman,7.0,121,2.55,2.55,In-State,FALSE,15,3,2,2,30620,15030,No Response,Not Applicable,Not Applicable,Not Applicable,Not Applicable,Not Applicable,Not Applicable,Not Applicable,Not Applicable,Not Applicable
CID-707963,Information Systems,Bachelor of Science,General,Spring 2026,2026,First-Time Freshman,8.7,80,1.77,1.92,In-State,FALSE,26,0,1,1,44470,24550,Still Seeking,Not Applicable,Not Applicable,Not Applicable,Not Applicable,Not Applicable,Not Applicable,Not Applicable,Not Applicable,Not Applicable
CID-601229,Information Systems,Bachelor of Science,Cybersecurity Management,Spring 2019,2019,First-Time Freshman,4.7,121,2.88,2.90,In-State,FALSE,13,1,0,2,34440,21770,Employed Full-Time,1.0,Security Analyst I,Cybersecurity,Clearfield Assurance,Cybersecurity Services,"Baltimore, MD",80250,FALSE,Career Fair
CID-716511,Computer Science,Bachelor of Science,Artificial Intelligence,Fall 2024,2024,First-Time Freshman,4.3,120,2.89,2.95,In-State,FALSE,26,1,0,4,40310,20690,Employed Full-Time,4.2,Security Analyst I,Cybersecurity,Blue Heron Technologies,Federal Contracting,"Baltimore, MD",97500,FALSE,Student Organization Connection
CID-617555,Computer Science,Bachelor of Science,General,Fall 2025,2025,First-Time Freshman,4.0,123,2.83,2.83,In-State,FALSE,7,0,0,3,47400,9700,Continuing Education,Not Applicable,Not Applicable,Not Applicable,Not Applicable,Not Applicable,Not Applicable,Not Applicable,Not Applicable,Not Applicable
CID-258197,Computer Science,Bachelor of Science,Data Science,Spring 2023,2023,First-Time Freshman,3.7,121,3.55,3.53,Out-of-State,FALSE,7,2,1,6,82330,45560,Employed Full-Time,0.0,Junior ML Engineer,Machine Learning & AI,Cartway Commerce,E-Commerce & Retail Tech,"Baltimore, MD",88750,FALSE,Return Offer from Internship
CID-338513,Computer Science,Bachelor of Science,Software Engineering,Fall 2015,2015,Transfer,4.3,120,2.64,2.68,In-State,FALSE,19,1,0,6,11690,3430,Still Seeking,Not Applicable,Not Applicable,Not Applicable,Not Applicable,Not Applicable,Not Applicable,Not Applicable,Not Applicable,Not Applicable
CID-311476,Computer Science,Bachelor of Science,Software Engineering,Fall 2016,2016,First-Time Freshman,4.0,120,2.86,2.63,Out-of-State,FALSE,11,1,0,3,64280,18010,Employed Full-Time,5.0,Junior Data Analyst,Data & Analytics,Shoreline Retail Group,E-Commerce & Retail Tech,"Baltimore, MD",64000,FALSE,Online Application
CID-310026,Information Systems,Bachelor of Science,General,Fall 2024,2024,Transfer,3.0,122,3.02,3.28,In-State,FALSE,15,2,0,6,11240,8420,Employed Full-Time,0.3,Business Intelligence Analyst,Data & Analytics,Keystone Federal Services,Federal Contracting,"Baltimore, MD",65750,FALSE,Return Offer from Internship
CID-860814,Computer Science,Bachelor of Science,Artificial Intelligence,Fall 2015,2015,Transfer,3.7,121,3.35,3.55,In-State,FALSE,21,2,1,1,9890,8740,Employed Full-Time,0.5,Junior ML Engineer,Machine Learning & AI,Arbor Peak Technologies,Software Products,Northern Virginia,97750,FALSE,Return Offer from Internship
CID-905780,Computer Science,Bachelor of Science,Software Engineering,Summer 2020,2020,First-Time Freshman,4.0,122,3.36,3.22,In-State,FALSE,5,2,2,0,41390,9810,Employed Full-Time,0.1,Associate Software Engineer,Software Engineering,Tidal Power Cooperative,Energy & Utilities,"Washington, DC Metro",79750,FALSE,Return Offer from Internship
CID-542819,Computer Science,Bachelor of Science,Artificial Intelligence,Fall 2021,2021,First-Time Freshman,4.7,120,2.36,2.27,Out-of-State,FALSE,14,1,0,2,75770,36690,Employed Full-Time,0.8,AI Research Assistant,Machine Learning & AI,Monument Bank Technology,Financial Services,"Baltimore, MD",71750,FALSE,Online Application
CID-802523,Computer Science,Bachelor of Science,Cybersecurity,Spring 2021,2021,Transfer,3.7,124,3.18,3.00,In-State,FALSE,24,1,0,1,11260,8240,Employed Full-Time,0.1,IT Support Specialist,IT Support & Operations,Patapsco Aerospace,Defense & Aerospace,"Washington, DC Metro",77000,FALSE,Personal Network
CID-873931,Computer Science,Bachelor of Science,Artificial Intelligence,Spring 2019,2019,First-Time Freshman,4.0,120,2.88,2.86,In-State,FALSE,11,2,1,2,40940,24710,Employed Full-Time,0.4,Security Analyst I,Cybersecurity,Pinnacle Bridge Partners,Consulting & Professional Services,Northern Virginia,95750,FALSE,Return Offer from Internship
CID-646688,Computer Science,Bachelor of Science,Software Engineering,Spring 2020,2020,First-Time Freshman,4.0,122,3.66,3.57,Out-of-State,FALSE,9,2,1,2,22540,11010,Continuing Education,Not Applicable,Not Applicable,Not Applicable,Not Applicable,Not Applicable,Not Applicable,Not Applicable,Not Applicable,Not Applicable
CID-789897,Information Systems,Bachelor of Science,Cybersecurity Management,Spring 2026,2026,Transfer,2.7,119,3.12,3.06,In-State,FALSE,0,1,1,2,18150,9670,Employed Full-Time,1.4,Associate Software Engineer,Software Engineering,Patapsco Aerospace,Defense & Aerospace,"Columbia/Howard County, MD",71250,FALSE,Online Application
CID-899244,Computer Science,Bachelor of Science,General,Fall 2020,2020,First-Time Freshman,5.3,122,2.38,2.52,In-State,FALSE,6,0,0,1,25960,11220,Employed Full-Time,4.6,Associate Software Engineer,Software Engineering,Falconview Systems,Software Products,"Washington, DC Metro",64500,FALSE,Personal Network
CID-143175,Computer Science,Bachelor of Science,Data Science,Fall 2018,2018,Transfer,2.0,120,2.50,2.54,In-State,FALSE,13,0,0,2,9860,0,Continuing Education,Not Applicable,Not Applicable,Not Applicable,Not Applicable,Not Applicable,Not Applicable,Not Applicable,Not Applicable,Not Applicable
CID-221917,Computer Science,Bachelor of Science,Cybersecurity,Spring 2026,2026,Transfer,5.0,119,2.32,2.21,Out-of-State,FALSE,23,1,1,1,26930,22930,Employed Full-Time,1.9,Junior Developer,Software Engineering,Vantage Point Applications,Software Products,"Denver, CO",90750,TRUE,Student Organization Connection
CID-576699,Computer Science,Bachelor of Science,Artificial Intelligence,Spring 2019,2019,Transfer,2.3,122,3.03,3.06,In-State,FALSE,10,1,3,4,13840,8350,Employed Full-Time,0.3,SOC Analyst,Cybersecurity,Chesterfield Asset Management,Financial Services,"Washington, DC Metro",92500,FALSE,Recruiter Outreach
CID-555233,Computer Science,Bachelor of Science,Software Engineering,Spring 2024,2024,Transfer,8.3,112,1.82,1.81,In-State,FALSE,20,1,0,0,36090,28920,Employed Full-Time,4.4,Software Engineer I,Software Engineering,Maryland Department of IT,Federal Government,"Baltimore, MD",42750,FALSE,Personal Network
CID-935402,Computer Science,Bachelor of Science,General,Fall 2022,2022,First-Time Freshman,4.0,120,2.71,2.54,Out-of-State,FALSE,1,1,0,1,91380,36200,Employed Full-Time,0.0,Junior DevOps Engineer,Infrastructure & Cloud,Severn River Consulting,Federal Contracting,Northern Virginia,85250,FALSE,Faculty or Staff Referral
CID-658688,Computer Science,Bachelor of Science,Cybersecurity,Fall 2018,2018,First-Time Freshman,3.7,122,3.42,3.33,In-State,FALSE,6,1,0,3,44740,5780,Still Seeking,Not Applicable,Not Applicable,Not Applicable,Not Applicable,Not Applicable,Not Applicable,Not Applicable,Not Applicable,Not Applicable
CID-791427,Computer Science,Bachelor of Science,General,Spring 2022,2022,Transfer,2.3,121,3.17,3.19,Out-of-State,FALSE,17,0,0,2,26790,20900,No Response,Not Applicable,Not Applicable,Not Applicable,Not Applicable,Not Applicable,Not Applicable,Not Applicable,Not Applicable,Not Applicable
CID-920240,Information Systems,Bachelor of Science,General,Spring 2023,2023,Transfer,4.7,120,2.72,2.71,In-State,FALSE,19,0,0,3,15450,13800,Employed Full-Time,4.4,Clinical Systems Analyst,Health IT,Federal Health Data Office,Federal Government,"Baltimore, MD",39250,FALSE,Career Fair
CID-192554,Computer Science,Bachelor of Science,General,Spring 2022,2022,Transfer,2.3,121,2.91,2.92,In-State,FALSE,11,0,0,1,14590,13410,Employed Full-Time,5.0,Junior ML Engineer,Machine Learning & AI,Tidewater Defense Group,Defense & Aerospace,"Washington, DC Metro",77500,FALSE,Personal Network
CID-264487,Computer Science,Bachelor of Science,General,Spring 2026,2026,First-Time Freshman,5.0,122,2.64,2.70,Out-of-State,FALSE,17,1,2,5,122450,73210,Employed Full-Time,1.8,Junior DevOps Engineer,Infrastructure & Cloud,Harborline Networks,Cloud & Infrastructure,"Washington, DC Metro",107500,FALSE,Online Application
CID-849038,Computer Science,Bachelor of Science,General,Spring 2025,2025,Transfer,3.0,122,3.01,3.04,In-State,FALSE,11,1,0,2,13390,6620,Employed Full-Time,0.0,Junior Developer,Software Engineering,Meridian National Systems,Federal Contracting,"Baltimore, MD",89000,FALSE,Return Offer from Internship
CID-540481,Computer Science,Bachelor of Science,Artificial Intelligence,Fall 2017,2017,Transfer,4.3,123,2.09,2.02,In-State,FALSE,12,1,0,0,19370,10980,Employed Full-Time,0.0,Associate Software Engineer,Software Engineering,Copper Ridge Data Centers,Cloud & Infrastructure,"Washington, DC Metro",58750,FALSE,Return Offer from Internship
CID-707274,Computer Science,Bachelor of Science,Data Science,Fall 2022,2022,Transfer,2.3,121,2.73,2.68,In-State,FALSE,12,1,3,3,12550,6120,Employed Full-Time,0.0,Software Engineer I,Software Engineering,Pinnacle Bridge Partners,Consulting & Professional Services,"Washington, DC Metro",85000,FALSE,Faculty or Staff Referral
CID-137281,Computer Science,Bachelor of Science,Artificial Intelligence,Spring 2015,2015,First-Time Freshman,4.0,122,2.72,2.51,In-State,FALSE,15,1,0,2,39660,29300,Employed Full-Time,0.4,Software Engineer I,Software Engineering,Maryland Department of IT,Federal Government,"Columbia/Howard County, MD",56500,FALSE,Return Offer from Internship
CID-220743,Computer Science,Bachelor of Science,General,Spring 2022,2022,Transfer,2.0,123,3.36,3.07,In-State,FALSE,6,0,0,1,6790,3370,Employed Full-Time,1.3,SOC Analyst,Cybersecurity,Greenspring Health Systems,Healthcare & Life Sciences,"Washington, DC Metro",89500,FALSE,Career Fair
CID-653011,Computer Science,Bachelor of Science,Data Science,Fall 2016,2016,Transfer,2.7,122,3.15,3.10,In-State,FALSE,3,2,0,2,11260,1320,Employed Full-Time,0.0,Junior Data Analyst,Data & Analytics,Anvil Compute,Cloud & Infrastructure,"Baltimore, MD",77250,FALSE,Career Fair
CID-461078,Information Systems,Bachelor of Science,General,Spring 2020,2020,First-Time Freshman,4.0,121,3.30,3.40,In-State,FALSE,3,1,0,3,39580,31350,Employed Full-Time,6.0,SOC Analyst,Cybersecurity,Calvert Advisory Group,Consulting & Professional Services,"Baltimore, MD",88500,FALSE,Alumni Network
CID-723574,Computer Science,Bachelor of Science,General,Spring 2020,2020,Transfer,1.3,123,2.98,2.98,In-State,FALSE,10,0,0,4,9090,70,Employed Part-Time,5.0,AI Research Assistant,Machine Learning & AI,Office of Technology Policy,Federal Government,"Baltimore, MD",51750,FALSE,Career Fair
CID-309129,Computer Science,Bachelor of Science,Software Engineering,Spring 2021,2021,Transfer,2.7,122,2.77,2.80,In-State,FALSE,19,0,0,2,9460,3600,No Response,Not Applicable,Not Applicable,Not Applicable,Not Applicable,Not Applicable,Not Applicable,Not Applicable,Not Applicable,Not Applicable
CID-886260,Computer Science,Bachelor of Science,General,Spring 2020,2020,First-Time Freshman,3.7,120,3.10,2.98,In-State,FALSE,11,2,0,4,28560,24510,Employed Full-Time,0.0,Software Engineer I,Software Engineering,Meridian National Systems,Federal Contracting,"Baltimore, MD",85750,FALSE,Return Offer from Internship
CID-445007,Information Systems,Bachelor of Science,Health Information Technology,Fall 2023,2023,First-Time Freshman,4.7,121,3.01,2.95,In-State,FALSE,10,1,0,2,33490,10270,No Response,Not Applicable,Not Applicable,Not Applicable,Not Applicable,Not Applicable,Not Applicable,Not Applicable,Not Applicable,Not Applicable
CID-764160,Computer Science,Bachelor of Science,Software Engineering,Spring 2026,2026,Transfer,3.0,120,2.49,2.48,In-State,FALSE,11,1,1,4,19400,0,Employed Full-Time,1.7,Systems Administrator,Infrastructure & Cloud,Arbor Peak Technologies,Software Products,"Washington, DC Metro",106500,FALSE,Career Fair
CID-766775,Information Systems,Bachelor of Science,General,Spring 2018,2018,Transfer,3.3,121,3.27,3.44,In-State,FALSE,15,1,0,1,10820,1010,Still Seeking,Not Applicable,Not Applicable,Not Applicable,Not Applicable,Not Applicable,Not Applicable,Not Applicable,Not Applicable,Not Applicable
CID-582286,Information Systems,Bachelor of Science,Business Analytics,Spring 2024,2024,First-Time Freshman,4.7,121,2.78,2.80,Out-of-State,FALSE,12,1,1,0,59110,26900,Employed Full-Time,2.7,Associate Software Engineer,Software Engineering,Cartway Commerce,E-Commerce & Retail Tech,Remote - United States,79250,TRUE,Online Application
CID-558499,Computer Science,Bachelor of Science,General,Fall 2025,2025,Transfer,3.0,122,3.39,3.26,In-State,FALSE,5,1,0,3,14510,7410,Employed Full-Time,2.9,Cloud Support Engineer,Infrastructure & Cloud,Tidewater Defense Group,Defense & Aerospace,"Columbia/Howard County, MD",93750,FALSE,Student Organization Connection
CID-518749,Computer Science,Bachelor of Science,Data Science,Fall 2015,2015,First-Time Freshman,7.0,120,3.09,3.04,Out-of-State,FALSE,22,0,0,5,72730,13170,Employed Full-Time,4.9,Junior Developer,Software Engineering,Patapsco Aerospace,Defense & Aerospace,"Washington, DC Metro",67750,FALSE,Online Application
CID-771184,Computer Science,Bachelor of Science,Cybersecurity,Spring 2017,2017,First-Time Freshman,4.0,120,3.63,3.67,In-State,FALSE,9,1,0,1,31750,18610,Continuing Education,Not Applicable,Not Applicable,Not Applicable,Not Applicable,Not Applicable,Not Applicable,Not Applicable,Not Applicable,Not Applicable
CID-821907,Information Systems,Bachelor of Science,General,Spring 2018,2018,First-Time Freshman,6.0,121,3.26,3.30,In-State,FALSE,21,3,2,4,38190,29740,Employed Full-Time,0.3,Business Analyst,IT Business & Product,Chesterfield Asset Management,Financial Services,"Baltimore, MD",92750,FALSE,Return Offer from Internship
CID-887742,Computer Science,Bachelor of Science,General,Spring 2016,2016,Transfer,1.3,123,3.43,3.47,In-State,FALSE,4,0,0,8,13470,6450,Employed Full-Time,4.8,Associate Software Engineer,Software Engineering,Catoctin Analytics Group,Federal Contracting,"Washington, DC Metro",67500,FALSE,Career Fair
CID-157969,Computer Science,Bachelor of Science,Artificial Intelligence,Fall 2022,2022,First-Time Freshman,3.0,120,2.85,2.76,Out-of-State,FALSE,7,0,0,2,77530,26660,Employed Full-Time,3.2,Machine Learning Engineer I,Machine Learning & AI,Ironwood Cyber,Cybersecurity Services,"Columbia/Howard County, MD",77750,FALSE,Online Application
CID-968554,Computer Science,Bachelor of Science,Cybersecurity,Spring 2020,2020,First-Time Freshman,4.7,122,3.11,3.08,In-State,FALSE,19,1,2,2,22230,6900,Employed Full-Time,5.2,Junior Security Engineer,Cybersecurity,Office of Technology Policy,Federal Government,"Washington, DC Metro",96750,FALSE,Online Application
CID-185974,Computer Science,Bachelor of Science,Artificial Intelligence,Spring 2024,2024,Transfer,3.0,120,2.68,2.91,In-State,FALSE,14,0,0,1,14770,11140,No Response,Not Applicable,Not Applicable,Not Applicable,Not Applicable,Not Applicable,Not Applicable,Not Applicable,Not Applicable,Not Applicable
CID-613295,Computer Science,Bachelor of Science,Artificial Intelligence,Fall 2023,2023,First-Time Freshman,4.0,120,3.11,2.91,Out-of-State,FALSE,7,2,0,2,105680,31870,Employed Full-Time,4.8,Security Analyst I,Cybersecurity,Arbor Peak Technologies,Software Products,Remote - United States,97500,TRUE,Personal Network
CID-360751,Information Systems,Bachelor of Science,Cybersecurity Management,Spring 2026,2026,Transfer,2.7,109,3.59,3.71,In-State,FALSE,12,0,0,4,8560,4430,Employed Full-Time,2.0,Junior DevOps Engineer,Infrastructure & Cloud,Lumen Grid Software,Software Products,"Washington, DC Metro",121500,FALSE,Online Application
CID-114100,Information Systems,Bachelor of Science,General,Spring 2018,2018,First-Time Freshman,6.3,121,2.79,2.67,In-State,FALSE,14,1,0,2,43270,34300,Still Seeking,Not Applicable,Not Applicable,Not Applicable,Not Applicable,Not Applicable,Not Applicable,Not Applicable,Not Applicable,Not Applicable
CID-133789,Computer Science,Bachelor of Science,Data Science,Fall 2023,2023,First-Time Freshman,4.3,120,2.98,2.84,In-State,FALSE,22,1,0,1,49000,31820,Employed Full-Time,0.3,Data Analyst,Data & Analytics,Tessellate Labs,Software Products,"Seattle, WA",108000,FALSE,Return Offer from Internship
CID-230549,Computer Science,Bachelor of Science,Cybersecurity,Spring 2020,2020,Transfer,4.0,120,3.32,3.19,In-State,FALSE,23,1,0,5,12560,11360,Employed Part-Time,5.6,SOC Analyst,Cybersecurity,Potomac Mission Solutions,Federal Contracting,Remote - United States,92750,TRUE,Personal Network
CID-857970,Computer Science,Bachelor of Science,Artificial Intelligence,Spring 2022,2022,Transfer,3.0,122,3.38,3.28,In-State,FALSE,19,1,2,3,17650,9950,Employed Full-Time,0.0,Machine Learning Engineer I,Machine Learning & AI,Keystone Federal Services,Federal Contracting,"Columbia/Howard County, MD",83000,FALSE,Faculty or Staff Referral
CID-398413,Computer Science,Bachelor of Science,Cybersecurity,Spring 2026,2026,Transfer,3.7,122,3.18,3.20,In-State,FALSE,18,2,1,1,17270,4410,Employed Full-Time,0.6,Junior Data Analyst,Data & Analytics,Allied Shield Insurance Group,Insurance,"Baltimore, MD",75250,FALSE,Online Application
CID-439460,Computer Science,Master of Science,Data Science,Spring 2021,2021,First-Time Freshman,4.7,122,3.25,3.18,Out-of-State,TRUE,16,2,1,7,82290,36260,Continuing Education,Not Applicable,Not Applicable,Not Applicable,Not Applicable,Not Applicable,Not Applicable,Not Applicable,Not Applicable,Not Applicable
CID-682445,Information Systems,Bachelor of Science,Cybersecurity Management,Fall 2024,2024,Transfer,6.3,122,3.16,3.05,In-State,FALSE,19,1,1,1,17940,7280,Employed Full-Time,0.3,Junior Security Engineer,Cybersecurity,Severn River Consulting,Federal Contracting,"Washington, DC Metro",99250,FALSE,Return Offer from Internship
CID-610040,Computer Science,Bachelor of Science,General,Spring 2025,2025,First-Time Freshman,4.0,120,3.12,3.11,In-State,FALSE,5,1,1,3,39970,26930,Employed Full-Time,0.0,Cloud Support Engineer,Infrastructure & Cloud,Patapsco Aerospace,Defense & Aerospace,"Washington, DC Metro",118000,FALSE,Personal Network
CID-950285,Computer Science,Master of Science,Software Engineering,Spring 2024,2024,First-Time Freshman,3.7,120,3.55,3.53,Out-of-State,FALSE,10,2,1,6,91720,52870,No Response,Not Applicable,Not Applicable,Not Applicable,Not Applicable,Not Applicable,Not Applicable,Not Applicable,Not Applicable,Not Applicable
CID-520150,Computer Science,Bachelor of Science,Data Science,Fall 2021,2021,First-Time Freshman,4.7,122,2.60,2.72,In-State,FALSE,6,2,0,3,35700,9980,Employed Full-Time,0.4,Software Engineer I,Software Engineering,Maryland Department of IT,Federal Government,"Washington, DC Metro",53250,FALSE,Recruiter Outreach
CID-940185,Computer Science,Bachelor of Science,Data Science,Fall 2021,2021,Transfer,3.3,121,2.25,2.15,In-State,FALSE,13,1,0,3,18520,14150,Employed Full-Time,0.1,Software Engineer I,Software Engineering,Meridian National Systems,Federal Contracting,Northern Virginia,71250,FALSE,Return Offer from Internship
CID-271468,Computer Science,Bachelor of Science,Data Science,Fall 2017,2017,Transfer,3.0,121,3.36,3.24,In-State,FALSE,9,2,0,7,11720,9590,Employed Full-Time,0.1,Junior ML Engineer,Machine Learning & AI,Bastion Threat Labs,Cybersecurity Services,"Baltimore, MD",79750,FALSE,Return Offer from Internship
CID-347666,Information Systems,Bachelor of Science,General,Spring 2023,2023,First-Time Freshman,3.7,121,3.15,3.20,In-State,FALSE,9,1,3,2,41790,27030,Employed Full-Time,0.0,Junior Data Analyst,Data & Analytics,Greenspring Health Systems,Healthcare & Life Sciences,"Washington, DC Metro",66250,FALSE,Career Fair
CID-175416,Computer Science,Bachelor of Science,General,Spring 2023,2023,Transfer,3.7,120,1.88,1.90,In-State,FALSE,9,1,0,4,21960,6010,No Response,Not Applicable,Not Applicable,Not Applicable,Not Applicable,Not Applicable,Not Applicable,Not Applicable,Not Applicable,Not Applicable
CID-645475,Information Systems,Bachelor of Science,Health Information Technology,Fall 2018,2018,First-Time Freshman,5.3,121,2.23,2.20,In-State,FALSE,22,1,1,2,29620,22960,Employed Part-Time,1.7,Junior Data Analyst,Data & Analytics,Continental Wireless,Telecommunications,"Baltimore, MD",50000,FALSE,Career Fair
CID-530490,Computer Science,Bachelor of Science,Software Engineering,Spring 2023,2023,First-Time Freshman,7.7,122,2.48,2.50,In-State,FALSE,22,0,0,1,33850,13650,Employed Full-Time,4.6,Junior Developer,Software Engineering,Tessellate Labs,Software Products,"Baltimore, MD",62250,FALSE,Online Application
CID-126966,Computer Science,Bachelor of Science,General,Spring 2025,2025,First-Time Freshman,3.7,120,3.38,3.46,In-State,FALSE,2,0,0,0,41000,16910,Employed Full-Time,6.6,Data Analyst,Data & Analytics,Chesterfield Asset Management,Financial Services,"Baltimore, MD",88250,FALSE,Personal Network
CID-358505,Computer Science,Bachelor of Science,General,Spring 2022,2022,Transfer,3.7,121,2.77,2.67,In-State,FALSE,7,3,0,2,14530,5740,Employed Part-Time,0.4,AI Research Assistant,Machine Learning & AI,Blue Heron Technologies,Federal Contracting,Northern Virginia,78250,FALSE,Return Offer from Internship
CID-943465,Computer Science,Bachelor of Science,Cybersecurity,Spring 2026,2026,Transfer,2.7,119,3.12,3.11,In-State,FALSE,5,1,1,0,13900,11500,No Response,Not Applicable,Not Applicable,Not Applicable,Not Applicable,Not Applicable,Not Applicable,Not Applicable,Not Applicable,Not Applicable
CID-413233,Computer Science,Bachelor of Science,General,Spring 2025,2025,First-Time Freshman,3.3,120,3.17,3.02,In-State,FALSE,10,1,0,1,54220,19180,Employed Full-Time,0.1,Associate Software Engineer,Software Engineering,Catoctin Analytics Group,Federal Contracting,Northern Virginia,91500,FALSE,Return Offer from Internship
CID-984774,Information Systems,Bachelor of Science,General,Spring 2023,2023,First-Time Freshman,3.3,121,3.42,3.40,In-State,FALSE,8,2,0,2,28730,21530,Continuing Education,Not Applicable,Not Applicable,Not Applicable,Not Applicable,Not Applicable,Not Applicable,Not Applicable,Not Applicable,Not Applicable
CID-270449,Computer Science,Bachelor of Science,Software Engineering,Spring 2016,2016,Transfer,2.3,150,2.42,2.43,In-State,FALSE,4,0,1,0,15680,1010,Employed Full-Time,1.6,Junior Developer,Software Engineering,Potomac Mission Solutions,Federal Contracting,"Baltimore, MD",57250,FALSE,Online Application
CID-905652,Computer Science,Bachelor of Science,General,Spring 2022,2022,First-Time Freshman,3.7,120,2.43,2.54,In-State,FALSE,16,0,0,1,39590,24190,Military,Not Applicable,Not Applicable,Not Applicable,Not Applicable,Not Applicable,Not Applicable,Not Applicable,Not Applicable,Not Applicable
CID-996495,Computer Science,Bachelor of Science,Software Engineering,Summer 2015,2015,First-Time Freshman,3.7,122,3.45,3.44,In-State,FALSE,8,2,0,2,22570,8900,Continuing Education,Not Applicable,Not Applicable,Not Applicable,Not Applicable,Not Applicable,Not Applicable,Not Applicable,Not Applicable,Not Applicable
CID-420688,Computer Science,Bachelor of Science,Cybersecurity,Fall 2017,2017,First-Time Freshman,4.0,120,2.70,2.63,In-State,FALSE,12,2,0,6,44450,20550,No Response,Not Applicable,Not Applicable,Not Applicable,Not Applicable,Not Applicable,Not Applicable,Not Applicable,Not Applicable,Not Applicable
CID-419542,Computer Science,Bachelor of Science,General,Spring 2017,2017,First-Time Freshman,4.3,122,2.89,2.84,Out-of-State,FALSE,7,1,0,1,72520,27850,Employed Full-Time,0.4,Systems Administrator,Infrastructure & Cloud,Federal Health Data Office,Federal Government,"Washington, DC Metro",73500,FALSE,Return Offer from Internship
CID-585609,Computer Science,Bachelor of Science,Artificial Intelligence,Spring 2024,2024,Transfer,3.0,123,2.88,2.70,In-State,FALSE,5,2,0,7,17760,7140,Employed Full-Time,0.4,AI Research Assistant,Machine Learning & AI,Marketside Digital,E-Commerce & Retail Tech,Remote - United States,83750,TRUE,Return Offer from Internship
CID-447671,Computer Science,Bachelor of Science,General,Fall 2024,2024,First-Time Freshman,3.7,120,2.92,2.87,Out-of-State,FALSE,13,1,0,2,96740,84070,Military,Not Applicable,Not Applicable,Not Applicable,Not Applicable,Not Applicable,Not Applicable,Not Applicable,Not Applicable,Not Applicable
CID-316288,Computer Science,Bachelor of Science,Data Science,Spring 2015,2015,Transfer,1.3,121,2.77,2.93,In-State,FALSE,3,1,2,4,11110,6820,Employed Part-Time,5.2,SOC Analyst,Cybersecurity,Potomac Mission Solutions,Federal Contracting,"Baltimore, MD",72500,FALSE,Student Organization Connection
CID-970606,Computer Science,Bachelor of Science,Artificial Intelligence,Fall 2021,2021,First-Time Freshman,3.7,120,2.99,2.98,In-State,FALSE,5,2,0,2,32480,25010,Employed Full-Time,1.0,Associate Software Engineer,Software Engineering,Patapsco Aerospace,Defense & Aerospace,"Baltimore, MD",66500,FALSE,Online Application
CID-827343,Computer Science,Bachelor of Science,Artificial Intelligence,Fall 2023,2023,First-Time Freshman,3.3,120,3.33,3.21,Out-of-State,FALSE,6,2,0,4,68300,32570,Employed Full-Time,1.1,Business Intelligence Analyst,Data & Analytics,Harbor Mutual Insurance,Insurance,"Baltimore, MD",63750,TRUE,Personal Network
CID-772764,Computer Science,Master of Science,General,Fall 2018,2018,Transfer,3.0,122,1.98,1.94,In-State,TRUE,9,0,0,0,17180,8220,Employed Full-Time,3.5,SOC Analyst,Cybersecurity,Northwind Platform Co.,Software Products,"Baltimore, MD",66500,FALSE,Online Application
CID-407540,Computer Science,Bachelor of Science,Cybersecurity,Spring 2019,2019,First-Time Freshman,4.3,122,2.93,2.78,Out-of-State,FALSE,10,3,2,6,75030,37750,Employed Full-Time,0.5,Junior Security Engineer,Cybersecurity,Northwind Platform Co.,Software Products,Northern Virginia,130000,FALSE,Return Offer from Internship
CID-845127,Computer Science,Bachelor of Science,Cybersecurity,Spring 2022,2022,Transfer,6.3,122,2.62,2.54,In-State,FALSE,39,2,0,2,22020,11670,Employed Full-Time,0.0,Associate Software Engineer,Software Engineering,Keystone Federal Services,Federal Contracting,"Baltimore, MD",83750,FALSE,Return Offer from Internship
CID-353999,Information Systems,Master of Science,Business Analytics,Spring 2020,2020,First-Time Freshman,3.7,121,3.24,3.10,In-State,FALSE,11,1,2,1,26170,18000,Employed Full-Time,2.3,Security Analyst I,Cybersecurity,Vantage Point Applications,Software Products,"Washington, DC Metro",102500,FALSE,Online Application
CID-560023,Information Systems,Bachelor of Science,Business Analytics,Fall 2020,2020,First-Time Freshman,4.0,121,3.19,3.25,Out-of-State,FALSE,13,1,2,2,73760,26460,No Response,Not Applicable,Not Applicable,Not Applicable,Not Applicable,Not Applicable,Not Applicable,Not Applicable,Not Applicable,Not Applicable
CID-775185,Information Systems,Bachelor of Science,Cybersecurity Management,Spring 2018,2018,First-Time Freshman,3.3,121,3.02,3.05,In-State,FALSE,11,1,0,1,36770,27110,Employed Full-Time,0.0,Cloud Support Engineer,Infrastructure & Cloud,Patapsco Aerospace,Defense & Aerospace,"Baltimore, MD",63750,FALSE,Career Fair
CID-107164,Computer Science,Bachelor of Science,General,Spring 2020,2020,Transfer,3.0,121,2.94,3.06,In-State,FALSE,10,2,0,2,12500,9810,No Response,Not Applicable,Not Applicable,Not Applicable,Not Applicable,Not Applicable,Not Applicable,Not Applicable,Not Applicable,Not Applicable
CID-187537,Computer Science,Bachelor of Science,General,Fall 2018,2018,First-Time Freshman,4.3,120,3.03,2.85,In-State,FALSE,7,2,0,2,35280,29860,Still Seeking,Not Applicable,Not Applicable,Not Applicable,Not Applicable,Not Applicable,Not Applicable,Not Applicable,Not Applicable,Not Applicable
CID-259948,Information Systems,Bachelor of Science,Business Analytics,Spring 2020,2020,First-Time Freshman,4.0,121,3.00,2.85,In-State,FALSE,9,0,0,2,37400,25320,Employed Full-Time,7.6,IT Analyst,IT Business & Product,Harbor Mutual Insurance,Insurance,"Washington, DC Metro",63250,FALSE,Personal Network
CID-705269,Computer Science,Bachelor of Science,General,Spring 2024,2024,First-Time Freshman,3.7,121,3.23,3.10,In-State,FALSE,11,2,0,1,34560,13440,Employed Full-Time,0.4,Junior Data Analyst,Data & Analytics,Harbor Mutual Insurance,Insurance,"New York, NY",102500,FALSE,Return Offer from Internship
CID-118857,Information Systems,Bachelor of Science,Business Analytics,Fall 2023,2023,Transfer,3.3,122,3.06,3.44,In-State,FALSE,3,2,0,3,13350,6320,Employed Full-Time,0.2,Cloud Support Engineer,Infrastructure & Cloud,Quarry Road Software,Software Products,"Denver, CO",82250,FALSE,Personal Network
CID-862562,Computer Science,Bachelor of Science,General,Fall 2023,2023,First-Time Freshman,3.7,120,3.33,3.30,In-State,FALSE,10,2,0,6,42390,27050,Employed Full-Time,0.8,Help Desk Technician,IT Support & Operations,Sterling Ridge Consulting,Consulting & Professional Services,"Washington, DC Metro",90750,TRUE,Student Organization Connection
CID-923485,Information Systems,Bachelor of Science,Business Analytics,Spring 2019,2019,First-Time Freshman,4.3,121,2.80,2.85,In-State,FALSE,15,1,1,3,38980,25160,Employed Full-Time,0.2,Security Analyst I,Cybersecurity,Monument Bank Technology,Financial Services,Northern Virginia,86000,FALSE,Return Offer from Internship
CID-701624,Computer Science,Bachelor of Science,Software Engineering,Fall 2022,2022,Transfer,3.0,121,3.05,3.17,In-State,FALSE,10,2,0,0,19190,6980,Employed Full-Time,0.0,Health Data Analyst,Health IT,Allied Shield Insurance Group,Insurance,"Baltimore, MD",78000,FALSE,Alumni Network
CID-730222,Information Systems,Bachelor of Science,Software Development,Fall 2024,2024,Transfer,2.3,120,3.41,3.47,In-State,FALSE,11,1,2,6,15050,11680,Employed Full-Time,0.5,IT Analyst,IT Business & Product,Marketside Digital,E-Commerce & Retail Tech,"Baltimore, MD",81000,FALSE,Recruiter Outreach
CID-191189,Computer Science,Bachelor of Science,Cybersecurity,Fall 2020,2020,Transfer,2.3,121,2.47,2.29,In-State,FALSE,6,0,0,3,8950,3820,No Response,Not Applicable,Not Applicable,Not Applicable,Not Applicable,Not Applicable,Not Applicable,Not Applicable,Not Applicable,Not Applicable
CID-511613,Computer Science,Bachelor of Science,General,Spring 2023,2023,Transfer,6.3,120,2.17,2.11,In-State,FALSE,23,2,2,4,23550,5850,Employed Full-Time,0.3,Software Engineer I,Software Engineering,Marketside Digital,E-Commerce & Retail Tech,Northern Virginia,88750,FALSE,Return Offer from Internship
CID-516279,Computer Science,Bachelor of Science,General,Spring 2017,2017,First-Time Freshman,4.7,122,3.34,3.22,Out-of-State,FALSE,8,3,1,3,62790,14040,No Response,Not Applicable,Not Applicable,Not Applicable,Not Applicable,Not Applicable,Not Applicable,Not Applicable,Not Applicable,Not Applicable
CID-257645,Computer Science,Master of Science,Artificial Intelligence,Fall 2022,2022,First-Time Freshman,4.3,120,3.09,3.02,In-State,FALSE,12,1,0,3,31270,15480,Still Seeking,Not Applicable,Not Applicable,Not Applicable,Not Applicable,Not Applicable,Not Applicable,Not Applicable,Not Applicable,Not Applicable
CID-260753,Computer Science,Bachelor of Science,Software Engineering,Fall 2015,2015,Transfer,2.0,120,3.21,3.26,In-State,FALSE,18,0,2,0,8980,4690,Employed Full-Time,2.9,Business Analyst,IT Business & Product,Keystone Federal Services,Federal Contracting,"Columbia/Howard County, MD",57250,FALSE,Career Fair
CID-300460,Computer Science,Bachelor of Science,Software Engineering,Spring 2026,2026,First-Time Freshman,4.0,108,2.14,2.15,In-State,FALSE,15,2,0,4,32520,19680,Employed Full-Time,0.8,Junior DevOps Engineer,Infrastructure & Cloud,Chesapeake Defense Systems,Defense & Aerospace,"Columbia/Howard County, MD",101000,FALSE,Alumni Network
CID-370722,Information Systems,Bachelor of Science,General,Fall 2019,2019,First-Time Freshman,4.0,121,3.02,2.95,In-State,FALSE,9,2,1,4,43190,29780,Employed Full-Time,3.4,Junior Systems Analyst,IT Business & Product,Potomac Mission Solutions,Federal Contracting,"Baltimore, MD",70000,FALSE,Alumni Network
CID-721460,Information Systems,Bachelor of Science,Business Analytics,Spring 2017,2017,First-Time Freshman,4.0,121,3.07,3.00,In-State,FALSE,9,0,0,1,24580,14830,Employed Full-Time,2.5,Data Analyst,Data & Analytics,University of Maryland System,Higher Education,"Washington, DC Metro",43500,FALSE,Online Application
CID-836731,Computer Science,Bachelor of Science,Cybersecurity,Spring 2017,2017,Transfer,2.0,120,2.47,2.55,In-State,FALSE,8,1,0,4,7590,5670,Employed Full-Time,0.7,Associate Software Engineer,Software Engineering,Severn River Consulting,Federal Contracting,"Baltimore, MD",52750,FALSE,Personal Network
CID-250962,Information Systems,Bachelor of Science,Business Analytics,Fall 2021,2021,First-Time Freshman,5.3,121,2.56,2.52,Out-of-State,FALSE,5,1,0,0,92080,34510,Employed Full-Time,4.0,IT Analyst,IT Business & Product,Bayview Medical Informatics,Healthcare & Life Sciences,Northern Virginia,68500,TRUE,Recruiter Outreach
CID-159859,Computer Science,Bachelor of Science,Cybersecurity,Spring 2023,2023,Transfer,1.7,126,2.43,2.48,In-State,FALSE,12,1,3,7,14110,2550,Employed Full-Time,0.0,Junior ML Engineer,Machine Learning & AI,Harborline Networks,Cloud & Infrastructure,"Baltimore, MD",83250,TRUE,Return Offer from Internship
CID-956335,Computer Science,Bachelor of Science,Software Engineering,Spring 2022,2022,First-Time Freshman,5.7,122,2.40,2.30,In-State,FALSE,13,1,3,2,49840,18730,Employed Full-Time,0.0,Software Engineer I,Software Engineering,Northfield Biosciences,Healthcare & Life Sciences,Other - United States,59250,FALSE,Recruiter Outreach
CID-964580,Computer Science,Bachelor of Science,General,Spring 2020,2020,Transfer,2.3,120,3.82,3.82,In-State,FALSE,19,1,1,5,7430,3610,Still Seeking,Not Applicable,Not Applicable,Not Applicable,Not Applicable,Not Applicable,Not Applicable,Not Applicable,Not Applicable,Not Applicable
CID-265597,Information Systems,Master of Science,Cybersecurity Management,Spring 2018,2018,Transfer,1.3,120,3.37,3.44,In-State,TRUE,7,1,0,3,8390,7590,Employed Full-Time,1.1,Business Analyst,IT Business & Product,Keystone Federal Services,Federal Contracting,Northern Virginia,84500,FALSE,Personal Network
CID-716619,Information Systems,Bachelor of Science,Software Development,Spring 2015,2015,First-Time Freshman,4.0,121,2.63,2.50,In-State,FALSE,11,1,1,4,30120,19310,Employed Full-Time,0.7,Junior Developer,Software Engineering,Parcel & Post Technologies,Logistics & Transportation,"Baltimore, MD",44250,FALSE,Personal Network
CID-713648,Information Systems,Bachelor of Science,Cybersecurity Management,Spring 2024,2024,First-Time Freshman,4.7,121,2.79,2.85,In-State,FALSE,16,0,2,4,38560,26100,Still Seeking,Not Applicable,Not Applicable,Not Applicable,Not Applicable,Not Applicable,Not Applicable,Not Applicable,Not Applicable,Not Applicable
CID-931067,Information Systems,Bachelor of Science,Software Development,Spring 2024,2024,First-Time Freshman,4.0,121,2.66,2.70,In-State,FALSE,16,3,0,8,39210,29930,Employed Part-Time,0.1,Junior Developer,Software Engineering,Chesapeake Community College,Higher Education,"Columbia/Howard County, MD",53500,FALSE,Return Offer from Internship
CID-383049,Information Systems,Bachelor of Science,Cybersecurity Management,Fall 2023,2023,Transfer,2.7,122,2.76,2.72,In-State,FALSE,9,0,0,0,13820,5400,Employed Full-Time,7.5,Clinical Systems Analyst,Health IT,Greenspring Health Systems,Healthcare & Life Sciences,Northern Virginia,75250,FALSE,Personal Network
CID-905798,Information Systems,Bachelor of Science,Software Development,Fall 2025,2025,First-Time Freshman,4.3,121,3.57,3.35,In-State,FALSE,13,1,3,5,35160,34130,Employed Full-Time,0.2,EHR Support Analyst,Health IT,Meridian National Systems,Federal Contracting,"Washington, DC Metro",93750,FALSE,Return Offer from Internship
CID-130669,Computer Science,Bachelor of Science,Data Science,Fall 2016,2016,First-Time Freshman,4.0,122,3.16,3.15,Out-of-State,FALSE,15,1,0,2,53600,26900,Employed Full-Time,2.7,Junior Systems Analyst,IT Business & Product,Potomac Mission Solutions,Federal Contracting,Northern Virginia,83000,FALSE,Recruiter Outreach
CID-305152,Computer Science,Bachelor of Science,Cybersecurity,Spring 2016,2016,First-Time Freshman,3.7,120,3.38,3.33,In-State,FALSE,10,2,1,0,42380,16310,Employed Full-Time,0.0,SOC Analyst,Cybersecurity,Harbor Mutual Insurance,Insurance,"Baltimore, MD",86750,FALSE,Career Fair
CID-328613,Information Systems,Bachelor of Science,General,Spring 2019,2019,First-Time Freshman,3.3,121,3.47,3.45,In-State,FALSE,7,2,1,6,35370,26410,Employed Full-Time,0.3,SOC Analyst,Cybersecurity,Tidewater Defense Group,Defense & Aerospace,"Washington, DC Metro",93500,FALSE,Alumni Network
CID-899044,Information Systems,Bachelor of Science,General,Spring 2018,2018,First-Time Freshman,4.7,121,3.02,2.85,In-State,FALSE,13,3,0,6,28680,19970,Employed Full-Time,0.0,Security Analyst I,Cybersecurity,Stratus Cloud Works,Cloud & Infrastructure,"Baltimore, MD",94000,FALSE,Return Offer from Internship
CID-305721,Information Systems,Bachelor of Science,General,Spring 2022,2022,First-Time Freshman,4.0,121,3.49,3.45,In-State,FALSE,9,2,1,3,35040,20110,No Response,Not Applicable,Not Applicable,Not Applicable,Not Applicable,Not Applicable,Not Applicable,Not Applicable,Not Applicable,Not Applicable
CID-977021,Computer Science,Bachelor of Science,Cybersecurity,Fall 2019,2019,First-Time Freshman,4.0,120,3.19,3.18,In-State,FALSE,5,1,0,3,39450,21750,Continuing Education,Not Applicable,Not Applicable,Not Applicable,Not Applicable,Not Applicable,Not Applicable,Not Applicable,Not Applicable,Not Applicable
CID-595716,Computer Science,Bachelor of Science,General,Fall 2020,2020,Transfer,2.0,121,2.83,2.79,In-State,FALSE,6,1,0,4,16410,11950,Still Seeking,Not Applicable,Not Applicable,Not Applicable,Not Applicable,Not Applicable,Not Applicable,Not Applicable,Not Applicable,Not Applicable
CID-405305,Computer Science,Bachelor of Science,Software Engineering,Spring 2024,2024,First-Time Freshman,4.3,120,2.20,2.20,In-State,FALSE,5,1,0,2,49490,19230,No Response,Not Applicable,Not Applicable,Not Applicable,Not Applicable,Not Applicable,Not Applicable,Not Applicable,Not Applicable,Not Applicable
CID-564539,Computer Science,Bachelor of Science,Software Engineering,Fall 2024,2024,First-Time Freshman,4.0,120,2.08,1.95,In-State,FALSE,3,0,0,3,42180,18870,No Response,Not Applicable,Not Applicable,Not Applicable,Not Applicable,Not Applicable,Not Applicable,Not Applicable,Not Applicable,Not Applicable
CID-426445,Computer Science,Bachelor of Science,Artificial Intelligence,Spring 2021,2021,Transfer,3.0,122,3.38,3.32,In-State,FALSE,19,2,0,6,10350,10350,Employed Full-Time,0.1,Junior Developer,Software Engineering,Marketside Digital,E-Commerce & Retail Tech,Northern Virginia,108500,FALSE,Return Offer from Internship
CID-441945,Computer Science,Bachelor of Science,Artificial Intelligence,Spring 2020,2020,Transfer,1.3,120,3.56,3.58,In-State,FALSE,4,0,0,2,11000,1430,Employed Full-Time,6.3,Software Engineer I,Software Engineering,Arbor Peak Technologies,Software Products,"Baltimore, MD",71250,FALSE,Career Fair
CID-492942,Information Systems,Bachelor of Science,General,Spring 2020,2020,First-Time Freshman,3.3,121,3.56,3.55,In-State,FALSE,4,2,0,3,36830,23510,Employed Part-Time,0.5,EHR Support Analyst,Health IT,Marketside Digital,E-Commerce & Retail Tech,"Seattle, WA",99500,FALSE,Return Offer from Internship
CID-794317,Computer Science,Bachelor of Science,Software Engineering,Spring 2025,2025,First-Time Freshman,5.7,120,3.50,3.52,In-State,FALSE,16,2,2,3,45950,23460,Employed Full-Time,0.2,AI Research Assistant,Machine Learning & AI,Shoreline Retail Group,E-Commerce & Retail Tech,"Baltimore, MD",102000,TRUE,Return Offer from Internship
CID-318510,Information Systems,Bachelor of Science,Cybersecurity Management,Spring 2020,2020,First-Time Freshman,4.0,121,3.07,3.05,In-State,FALSE,12,0,0,2,26650,11200,Employed Full-Time,3.3,Junior Systems Analyst,IT Business & Product,Harbor Mutual Insurance,Insurance,"Washington, DC Metro",71000,FALSE,Career Fair
CID-641337,Information Systems,Bachelor of Science,Software Development,Spring 2023,2023,First-Time Freshman,4.0,121,3.31,3.24,Out-of-State,FALSE,14,2,2,3,50850,22840,Continuing Education,Not Applicable,Not Applicable,Not Applicable,Not Applicable,Not Applicable,Not Applicable,Not Applicable,Not Applicable,Not Applicable
CID-191162,Computer Science,Bachelor of Science,Software Engineering,Fall 2019,2019,First-Time Freshman,9.3,122,2.46,2.35,In-State,FALSE,21,1,1,1,44010,22900,No Response,Not Applicable,Not Applicable,Not Applicable,Not Applicable,Not Applicable,Not Applicable,Not Applicable,Not Applicable,Not Applicable
CID-797558,Information Systems,Bachelor of Science,General,Fall 2016,2016,First-Time Freshman,4.0,121,3.00,2.90,In-State,FALSE,10,2,3,1,37060,7140,Employed Full-Time,0.4,Junior Data Analyst,Data & Analytics,National Data Services Agency,Federal Government,"Baltimore, MD",64250,FALSE,Return Offer from Internship
CID-950335,Computer Science,Bachelor of Science,Data Science,Spring 2017,2017,First-Time Freshman,3.0,121,3.41,3.48,In-State,FALSE,8,1,0,1,36310,18930,Employed Full-Time,0.1,Junior Developer,Software Engineering,Keystone Federal Services,Federal Contracting,"Washington, DC Metro",65750,FALSE,Career Fair
CID-221078,Computer Science,Bachelor of Science,General,Fall 2023,2023,First-Time Freshman,4.7,123,3.07,3.12,In-State,FALSE,14,1,0,3,30810,28010,Employed Full-Time,3.3,Junior DevOps Engineer,Infrastructure & Cloud,Blue Heron Technologies,Federal Contracting,"Washington, DC Metro",87250,FALSE,Recruiter Outreach
CID-537378,Computer Science,Bachelor of Science,Artificial Intelligence,Spring 2021,2021,Transfer,3.0,122,2.84,2.88,Out-of-State,FALSE,13,1,2,2,23970,10520,Employed Full-Time,0.0,Junior ML Engineer,Machine Learning & AI,Arbor Peak Technologies,Software Products,Remote - United States,92750,TRUE,Career Fair
CID-265374,Computer Science,Bachelor of Science,General,Fall 2025,2025,Transfer,2.3,121,3.58,3.66,In-State,FALSE,21,1,0,2,10680,4850,Continuing Education,Not Applicable,Not Applicable,Not Applicable,Not Applicable,Not Applicable,Not Applicable,Not Applicable,Not Applicable,Not Applicable
CID-466713,Computer Science,Bachelor of Science,Artificial Intelligence,Spring 2016,2016,First-Time Freshman,4.7,120,2.33,2.25,Out-of-State,FALSE,10,1,0,1,50420,22940,Employed Part-Time,0.6,Software Engineer I,Software Engineering,Stratus Cloud Works,Cloud & Infrastructure,"Boston, MA",77500,FALSE,Return Offer from Internship
CID-963182,Information Systems,Bachelor of Science,General,Spring 2025,2025,Transfer,4.3,121,3.58,3.67,In-State,FALSE,14,1,0,2,18540,8700,Continuing Education,Not Applicable,Not Applicable,Not Applicable,Not Applicable,Not Applicable,Not Applicable,Not Applicable,Not Applicable,Not Applicable
CID-863428,Information Systems,Bachelor of Science,Health Information Technology,Spring 2026,2026,First-Time Freshman,3.0,102,3.04,3.07,Out-of-State,FALSE,12,0,0,0,81750,30040,Employed Part-Time,4.6,Junior Systems Analyst,IT Business & Product,Federal Health Data Office,Federal Government,"Washington, DC Metro",73500,FALSE,Recruiter Outreach
CID-381719,Computer Science,Bachelor of Science,Software Engineering,Spring 2024,2024,First-Time Freshman,3.7,120,2.59,2.54,Out-of-State,FALSE,2,2,0,6,74760,49030,Employed Full-Time,0.2,Software Engineer I,Software Engineering,Monument Bank Technology,Financial Services,"Washington, DC Metro",84000,FALSE,Return Offer from Internship
CID-881865,Computer Science,Master of Science,Software Engineering,Spring 2023,2023,First-Time Freshman,3.3,120,3.17,3.12,In-State,FALSE,8,1,2,3,35710,10270,Still Seeking,Not Applicable,Not Applicable,Not Applicable,Not Applicable,Not Applicable,Not Applicable,Not Applicable,Not Applicable,Not Applicable
CID-719843,Information Systems,Bachelor of Science,General,Spring 2022,2022,First-Time Freshman,4.0,121,3.27,3.20,Out-of-State,FALSE,20,2,0,8,70040,50520,No Response,Not Applicable,Not Applicable,Not Applicable,Not Applicable,Not Applicable,Not Applicable,Not Applicable,Not Applicable,Not Applicable
CID-813462,Information Systems,Bachelor of Science,Health Information Technology,Spring 2024,2024,Transfer,3.0,121,2.89,2.95,In-State,FALSE,5,0,1,3,18320,4540,No Response,Not Applicable,Not Applicable,Not Applicable,Not Applicable,Not Applicable,Not Applicable,Not Applicable,Not Applicable,Not Applicable
CID-979578,Computer Science,Bachelor of Science,Artificial Intelligence,Spring 2021,2021,First-Time Freshman,4.7,122,2.53,2.37,In-State,FALSE,13,2,0,3,35740,17480,Employed Full-Time,0.0,Associate Software Engineer,Software Engineering,Blue Heron Technologies,Federal Contracting,"Washington, DC Metro",83000,FALSE,Return Offer from Internship
CID-117000,Computer Science,Bachelor of Science,General,Spring 2017,2017,First-Time Freshman,3.3,120,3.54,3.61,In-State,FALSE,14,1,0,3,25710,8410,Continuing Education,Not Applicable,Not Applicable,Not Applicable,Not Applicable,Not Applicable,Not Applicable,Not Applicable,Not Applicable,Not Applicable
CID-485256,Information Systems,Bachelor of Science,Cybersecurity Management,Spring 2025,2025,First-Time Freshman,4.0,121,3.32,3.55,In-State,FALSE,3,2,0,5,49800,34660,Employed Full-Time,0.3,Help Desk Technician,IT Support & Operations,Arbor Peak Technologies,Software Products,"New York, NY",91750,FALSE,Return Offer from Internship
CID-209082,Information Systems,Bachelor of Science,General,Fall 2019,2019,Transfer,3.0,121,3.00,3.11,In-State,FALSE,0,2,0,0,18700,10770,Employed Full-Time,0.0,Business Intelligence Analyst,Data & Analytics,Wayfinder Technology Advisors,Consulting & Professional Services,"Baltimore, MD",55000,FALSE,Online Application
CID-660188,Information Systems,Bachelor of Science,Business Analytics,Spring 2025,2025,First-Time Freshman,6.0,121,3.78,3.80,In-State,FALSE,24,3,2,3,37070,30830,Employed Full-Time,0.4,Data Analyst,Data & Analytics,Meridian National Systems,Federal Contracting,"Baltimore, MD",94750,FALSE,Return Offer from Internship
CID-587886,Computer Science,Master of Science,Software Engineering,Fall 2017,2017,First-Time Freshman,3.7,120,3.52,3.45,In-State,FALSE,11,2,0,1,23110,13150,Continuing Education,Not Applicable,Not Applicable,Not Applicable,Not Applicable,Not Applicable,Not Applicable,Not Applicable,Not Applicable,Not Applicable
CID-147619,Computer Science,Bachelor of Science,General,Fall 2024,2024,First-Time Freshman,7.7,120,2.62,2.56,In-State,FALSE,15,2,0,0,48100,14700,Employed Full-Time,2.0,Data Analyst,Data & Analytics,Chesterfield Asset Management,Financial Services,Northern Virginia,89750,FALSE,Online Application
CID-112536,Computer Science,Bachelor of Science,Software Engineering,Fall 2024,2024,First-Time Freshman,3.7,120,2.28,2.46,Out-of-State,FALSE,7,0,0,1,80720,35240,Employed Part-Time,9.0,Cloud Support Engineer,Infrastructure & Cloud,Tidewater Defense Group,Defense & Aerospace,"Washington, DC Metro",77000,FALSE,Student Organization Connection
CID-826024,Information Systems,Bachelor of Science,Business Analytics,Spring 2016,2016,First-Time Freshman,4.0,121,2.62,2.70,In-State,FALSE,6,2,0,3,36630,12160,Still Seeking,Not Applicable,Not Applicable,Not Applicable,Not Applicable,Not Applicable,Not Applicable,Not Applicable,Not Applicable,Not Applicable
CID-186109,Computer Science,Bachelor of Science,Software Engineering,Spring 2018,2018,First-Time Freshman,3.7,120,3.67,3.61,In-State,FALSE,11,1,1,7,33680,7160,No Response,Not Applicable,Not Applicable,Not Applicable,Not Applicable,Not Applicable,Not Applicable,Not Applicable,Not Applicable,Not Applicable
CID-446145,Computer Science,Bachelor of Science,Data Science,Fall 2015,2015,First-Time Freshman,4.0,120,2.78,2.72,In-State,FALSE,6,1,0,0,32180,21420,Employed Full-Time,1.6,Business Analyst,IT Business & Product,Office of Technology Policy,Federal Government,"Baltimore, MD",49500,FALSE,Student Organization Connection
CID-264022,Information Systems,Bachelor of Science,Business Analytics,Fall 2019,2019,Transfer,4.3,122,3.09,3.16,In-State,FALSE,0,0,0,3,18010,7590,Employed Full-Time,2.9,Business Intelligence Analyst,Data & Analytics,Catoctin Analytics Group,Federal Contracting,Northern Virginia,57750,FALSE,Career Fair
CID-424433,Computer Science,Bachelor of Science,Data Science,Spring 2025,2025,First-Time Freshman,4.0,122,3.57,3.55,Out-of-State,FALSE,16,2,2,2,64930,47660,Employed Full-Time,0.0,Security Analyst I,Cybersecurity,Ironwood Cyber,Cybersecurity Services,Northern Virginia,126500,FALSE,Alumni Network
CID-559445,Information Systems,Bachelor of Science,Health Information Technology,Fall 2017,2017,Transfer,2.7,122,3.92,3.95,Out-of-State,FALSE,1,2,0,1,12980,5810,Continuing Education,Not Applicable,Not Applicable,Not Applicable,Not Applicable,Not Applicable,Not Applicable,Not Applicable,Not Applicable,Not Applicable
CID-928906,Computer Science,Bachelor of Science,Artificial Intelligence,Spring 2024,2024,Transfer,3.7,122,2.65,2.65,In-State,FALSE,11,2,0,1,18210,18210,Continuing Education,Not Applicable,Not Applicable,Not Applicable,Not Applicable,Not Applicable,Not Applicable,Not Applicable,Not Applicable,Not Applicable
CID-596485,Computer Science,Bachelor of Science,Cybersecurity,Spring 2026,2026,First-Time Freshman,4.0,120,2.81,2.84,In-State,FALSE,15,1,0,3,46760,25440,Employed Full-Time,2.1,Junior Developer,Software Engineering,Falconview Systems,Software Products,"Baltimore, MD",74750,TRUE,Career Fair
CID-717658,Computer Science,Bachelor of Science,Data Science,Fall 2015,2015,First-Time Freshman,3.7,120,3.59,3.56,In-State,FALSE,4,0,1,0,23950,3920,Employed Full-Time,1.8,Junior Developer,Software Engineering,National Data Services Agency,Federal Government,"Baltimore, MD",70250,FALSE,Recruiter Outreach
CID-487030,Information Systems,Bachelor of Science,Business Analytics,Spring 2021,2021,First-Time Freshman,9.7,118,2.22,2.20,In-State,FALSE,20,0,0,0,58680,43480,Employed Full-Time,3.6,Machine Learning Engineer I,Machine Learning & AI,Copper Ridge Data Centers,Cloud & Infrastructure,"Baltimore, MD",53500,FALSE,Online Application
CID-151724,Computer Science,Bachelor of Science,Cybersecurity,Fall 2024,2024,Transfer,2.3,120,3.27,3.36,In-State,FALSE,8,1,0,1,10060,6590,No Response,Not Applicable,Not Applicable,Not Applicable,Not Applicable,Not Applicable,Not Applicable,Not Applicable,Not Applicable,Not Applicable
CID-872671,Computer Science,Bachelor of Science,Software Engineering,Spring 2017,2017,Transfer,2.3,120,3.09,3.00,In-State,FALSE,9,1,0,2,8270,4160,Employed Full-Time,0.1,SOC Analyst,Cybersecurity,Tidewater Defense Group,Defense & Aerospace,Northern Virginia,93000,FALSE,Return Offer from Internship
CID-249672,Computer Science,Bachelor of Science,General,Spring 2015,2015,Transfer,2.3,123,3.08,3.21,Out-of-State,FALSE,15,1,2,0,18670,11420,Still Seeking,Not Applicable,Not Applicable,Not Applicable,Not Applicable,Not Applicable,Not Applicable,Not Applicable,Not Applicable,Not Applicable
CID-797560,Computer Science,Bachelor of Science,General,Fall 2024,2024,Transfer,2.0,125,2.62,2.57,In-State,FALSE,7,1,0,2,13670,12580,Employed Part-Time,6.3,EHR Support Analyst,Health IT,Severn River Consulting,Federal Contracting,"Washington, DC Metro",80750,FALSE,Online Application
CID-114223,Information Systems,Bachelor of Science,Health Information Technology,Fall 2017,2017,First-Time Freshman,4.3,121,2.73,2.62,In-State,FALSE,11,0,0,3,35900,1430,Employed Full-Time,3.6,IT Analyst,IT Business & Product,Federal Health Data Office,Federal Government,"Washington, DC Metro",41000,FALSE,Recruiter Outreach
CID-871943,Computer Science,Bachelor of Science,Software Engineering,Fall 2025,2025,First-Time Freshman,4.0,120,2.96,2.97,In-State,FALSE,2,3,0,2,51690,21900,Employed Full-Time,0.3,Associate Software Engineer,Software Engineering,Lumen Grid Software,Software Products,"Baltimore, MD",96500,FALSE,Return Offer from Internship
CID-607819,Information Systems,Master of Science,Software Development,Fall 2016,2016,Transfer,3.7,122,2.90,2.89,In-State,TRUE,19,2,0,3,15410,12960,Employed Full-Time,0.5,SOC Analyst,Cybersecurity,Wayfinder Technology Advisors,Consulting & Professional Services,"Washington, DC Metro",78500,FALSE,Return Offer from Internship
CID-314249,Information Systems,Bachelor of Science,Software Development,Spring 2023,2023,First-Time Freshman,4.0,121,3.36,3.25,Out-of-State,FALSE,0,2,0,0,56510,38010,Employed Full-Time,0.1,IT Support Specialist,IT Support & Operations,Maryland Department of IT,Federal Government,"Washington, DC Metro",64750,FALSE,Alumni Network
CID-619293,Computer Science,Bachelor of Science,Cybersecurity,Fall 2021,2021,Transfer,2.0,120,2.90,2.74,Out-of-State,FALSE,5,0,0,1,17610,12300,Employed Full-Time,2.1,Desktop Support Analyst,IT Support & Operations,Keystone Federal Services,Federal Contracting,"Baltimore, MD",43250,FALSE,Career Fair
CID-669774,Information Systems,Bachelor of Science,Cybersecurity Management,Spring 2020,2020,First-Time Freshman,4.0,121,3.77,3.85,Out-of-State,FALSE,0,1,0,2,44210,25870,Employed Full-Time,0.3,IT Analyst,IT Business & Product,Blue Heron Technologies,Federal Contracting,"Washington, DC Metro",93500,TRUE,Return Offer from Internship
CID-554339,Computer Science,Bachelor of Science,General,Spring 2015,2015,Transfer,1.3,121,3.00,3.00,In-State,FALSE,17,1,0,5,7180,3280,Employed Full-Time,0.5,Data Analyst,Data & Analytics,Sterling Ridge Consulting,Consulting & Professional Services,"Baltimore, MD",65250,FALSE,Return Offer from Internship
CID-414962,Information Systems,Bachelor of Science,Business Analytics,Fall 2024,2024,Transfer,3.3,120,3.46,3.44,In-State,FALSE,18,0,0,0,16980,9030,Employed Full-Time,6.2,IT Analyst,IT Business & Product,Office of Technology Policy,Federal Government,"Washington, DC Metro",66500,FALSE,Online Application
CID-858299,Computer Science,Bachelor of Science,Data Science,Spring 2023,2023,First-Time Freshman,3.3,122,3.32,3.38,In-State,FALSE,20,0,1,4,26320,21370,Employed Part-Time,3.9,Junior ML Engineer,Machine Learning & AI,Quarry Road Software,Software Products,Northern Virginia,93250,TRUE,Career Fair
CID-990253,Computer Science,Bachelor of Science,Data Science,Fall 2022,2022,First-Time Freshman,4.3,120,3.02,3.10,In-State,FALSE,7,2,0,3,35690,18680,Employed Full-Time,0.0,Junior ML Engineer,Machine Learning & AI,Potomac Mission Solutions,Federal Contracting,"Washington, DC Metro",83500,FALSE,Personal Network
CID-938161,Computer Science,Bachelor of Science,Artificial Intelligence,Spring 2024,2024,First-Time Freshman,4.3,120,2.57,2.72,Out-of-State,FALSE,21,0,0,0,57760,35680,Employed Full-Time,5.4,IT Analyst,IT Business & Product,Open Harbor Foundation,Nonprofit & Civic Tech,"Columbia/Howard County, MD",59250,FALSE,Faculty or Staff Referral
CID-407659,Computer Science,Bachelor of Science,Data Science,Spring 2024,2024,Transfer,2.0,120,3.43,3.43,In-State,FALSE,4,1,3,2,8580,2320,Employed Full-Time,0.0,IT Analyst,IT Business & Product,National Data Services Agency,Federal Government,"Washington, DC Metro",91750,FALSE,Return Offer from Internship
CID-986403,Information Systems,Bachelor of Science,Cybersecurity Management,Fall 2019,2019,First-Time Freshman,4.3,121,3.60,3.60,In-State,FALSE,15,2,1,1,25830,17850,Employed Full-Time,0.0,SOC Analyst,Cybersecurity,Marketside Digital,E-Commerce & Retail Tech,"Washington, DC Metro",101500,FALSE,Personal Network
CID-692814,Information Systems,Bachelor of Science,Health Information Technology,Spring 2018,2018,First-Time Freshman,4.0,121,3.36,3.25,Out-of-State,FALSE,18,1,0,6,71810,27730,Employed Full-Time,0.8,IT Analyst,IT Business & Product,Chesterfield Asset Management,Financial Services,"Chicago, IL",75250,FALSE,Alumni Network
CID-476899,Computer Science,Bachelor of Science,Data Science,Spring 2018,2018,First-Time Freshman,5.0,122,2.54,2.61,In-State,FALSE,11,2,0,2,28510,21780,Employed Full-Time,0.5,Business Intelligence Analyst,Data & Analytics,Meridian National Systems,Federal Contracting,"Washington, DC Metro",79750,FALSE,Personal Network
CID-646264,Computer Science,Bachelor of Science,Artificial Intelligence,Fall 2015,2015,Transfer,2.7,122,3.04,3.10,Out-of-State,FALSE,3,1,0,4,26990,11740,Employed Full-Time,1.7,Junior Systems Analyst,IT Business & Product,Falconview Systems,Software Products,"Washington, DC Metro",65750,FALSE,Career Fair
CID-453897,Computer Science,Bachelor of Science,Artificial Intelligence,Spring 2026,2026,First-Time Freshman,3.0,97,2.92,2.82,In-State,FALSE,3,1,0,1,30120,11170,No Response,Not Applicable,Not Applicable,Not Applicable,Not Applicable,Not Applicable,Not Applicable,Not Applicable,Not Applicable,Not Applicable
CID-671129,Information Systems,Bachelor of Science,Business Analytics,Spring 2018,2018,First-Time Freshman,3.3,121,3.60,3.65,In-State,FALSE,16,2,0,3,33410,16730,No Response,Not Applicable,Not Applicable,Not Applicable,Not Applicable,Not Applicable,Not Applicable,Not Applicable,Not Applicable,Not Applicable
CID-238601,Computer Science,Bachelor of Science,Software Engineering,Fall 2026,2026,Transfer,2.3,99,2.61,2.56,In-State,FALSE,4,0,0,2,13580,7420,Still Seeking,Not Applicable,Not Applicable,Not Applicable,Not Applicable,Not Applicable,Not Applicable,Not Applicable,Not Applicable,Not Applicable
CID-786896,Computer Science,Bachelor of Science,Data Science,Fall 2015,2015,First-Time Freshman,4.3,120,2.71,2.56,Out-of-State,FALSE,5,2,0,4,81260,3750,Employed Full-Time,0.9,Data Analyst,Data & Analytics,Maryland Department of IT,Federal Government,Northern Virginia,49500,FALSE,Recruiter Outreach
CID-614706,Information Systems,Bachelor of Science,Cybersecurity Management,Spring 2023,2023,Transfer,3.7,122,3.84,3.84,In-State,FALSE,18,2,0,0,13290,7510,No Response,Not Applicable,Not Applicable,Not Applicable,Not Applicable,Not Applicable,Not Applicable,Not Applicable,Not Applicable,Not Applicable
CID-247472,Information Systems,Bachelor of Science,Business Analytics,Fall 2017,2017,Transfer,3.3,122,3.17,3.26,In-State,FALSE,15,2,2,6,16040,2830,No Response,Not Applicable,Not Applicable,Not Applicable,Not Applicable,Not Applicable,Not Applicable,Not Applicable,Not Applicable,Not Applicable
CID-224315,Computer Science,Bachelor of Science,General,Fall 2018,2018,First-Time Freshman,4.3,120,2.46,2.26,In-State,FALSE,3,2,0,5,33720,15460,Employed Full-Time,0.0,Help Desk Technician,IT Support & Operations,Antietam Systems Integration,Federal Contracting,"Washington, DC Metro",67750,FALSE,Return Offer from Internship
CID-399159,Information Systems,Bachelor of Science,Software Development,Spring 2024,2024,First-Time Freshman,5.0,121,2.62,2.65,In-State,FALSE,12,3,0,4,42440,12880,Employed Full-Time,0.5,Business Analyst,IT Business & Product,Redoubt Security Partners,Cybersecurity Services,"Washington, DC Metro",86500,TRUE,Return Offer from Internship
CID-832322,Information Systems,Bachelor of Science,General,Spring 2026,2026,First-Time Freshman,4.0,121,3.11,2.95,Out-of-State,FALSE,9,1,0,4,97830,68620,Employed Full-Time,3.4,Software Engineer I,Software Engineering,Arbor Peak Technologies,Software Products,"Columbia/Howard County, MD",78250,FALSE,Alumni Network
CID-923800,Information Systems,Bachelor of Science,Business Analytics,Spring 2019,2019,First-Time Freshman,8.0,121,3.26,3.15,In-State,FALSE,26,1,0,2,35200,18510,No Response,Not Applicable,Not Applicable,Not Applicable,Not Applicable,Not Applicable,Not Applicable,Not Applicable,Not Applicable,Not Applicable
CID-491817,Information Systems,Bachelor of Science,General,Spring 2026,2026,Transfer,3.3,120,2.55,2.56,In-State,FALSE,0,2,2,2,21190,3380,Employed Full-Time,0.8,Data Analyst,Data & Analytics,Greenspring Health Systems,Healthcare & Life Sciences,"Baltimore, MD",66250,FALSE,Return Offer from Internship
CID-555884,Information Systems,Bachelor of Science,Business Analytics,Spring 2020,2020,First-Time Freshman,4.0,121,3.01,3.05,In-State,FALSE,18,0,0,0,30740,28440,Employed Full-Time,6.1,Clinical Systems Analyst,Health IT,Office of Technology Policy,Federal Government,"Washington, DC Metro",57250,FALSE,Online Application
CID-558485,Computer Science,Master of Science,Data Science,Fall 2017,2017,First-Time Freshman,4.0,121,3.10,3.16,In-State,FALSE,5,0,0,0,29320,23120,Employed Full-Time,4.3,Associate Software Engineer,Software Engineering,Marketside Digital,E-Commerce & Retail Tech,"Philadelphia, PA",67750,FALSE,Personal Network
CID-121057,Computer Science,Master of Science,Software Engineering,Fall 2018,2018,First-Time Freshman,4.0,122,3.19,3.08,In-State,TRUE,5,2,0,0,31540,30910,Employed Full-Time,2.7,Cloud Support Engineer,Infrastructure & Cloud,Catoctin Analytics Group,Federal Contracting,"Baltimore, MD",81500,FALSE,Online Application
CID-328152,Computer Science,Bachelor of Science,Cybersecurity,Spring 2024,2024,First-Time Freshman,4.0,120,2.76,2.81,Out-of-State,FALSE,6,0,0,1,89250,21350,Employed Full-Time,7.3,Security Analyst I,Cybersecurity,Keystone Federal Services,Federal Contracting,Northern Virginia,94500,FALSE,Alumni Network
CID-808023,Computer Science,Bachelor of Science,General,Spring 2026,2026,First-Time Freshman,3.7,111,2.92,2.78,In-State,FALSE,11,2,0,1,44070,36840,Employed Full-Time,0.2,Machine Learning Engineer I,Machine Learning & AI,Meridian National Systems,Federal Contracting,"Washington, DC Metro",98250,TRUE,Return Offer from Internship
CID-935367,Computer Science,Bachelor of Science,Artificial Intelligence,Spring 2024,2024,First-Time Freshman,4.3,120,2.48,2.70,Out-of-State,FALSE,9,1,1,3,98270,41830,Continuing Education,Not Applicable,Not Applicable,Not Applicable,Not Applicable,Not Applicable,Not Applicable,Not Applicable,Not Applicable,Not Applicable
CID-814104,Information Systems,Bachelor of Science,Cybersecurity Management,Spring 2017,2017,Transfer,3.0,120,3.28,3.17,In-State,FALSE,6,0,2,2,13710,9750,Employed Full-Time,6.1,Business Analyst,IT Business & Product,Falconview Systems,Software Products,"Washington, DC Metro",61500,FALSE,Recruiter Outreach
CID-931200,Computer Science,Bachelor of Science,General,Fall 2019,2019,First-Time Freshman,3.7,120,2.77,2.65,In-State,FALSE,11,1,2,5,27190,12880,Employed Full-Time,2.1,Junior Developer,Software Engineering,Antietam Systems Integration,Federal Contracting,"Washington, DC Metro",81750,FALSE,Student Organization Connection
CID-234708,Computer Science,Bachelor of Science,Software Engineering,Spring 2020,2020,Transfer,1.7,121,3.25,3.40,In-State,FALSE,15,1,0,1,14430,11690,Continuing Education,Not Applicable,Not Applicable,Not Applicable,Not Applicable,Not Applicable,Not Applicable,Not Applicable,Not Applicable,Not Applicable
CID-774559,Computer Science,Bachelor of Science,Data Science,Spring 2015,2015,Transfer,3.0,122,3.23,3.16,In-State,FALSE,0,1,3,4,13840,9160,No Response,Not Applicable,Not Applicable,Not Applicable,Not Applicable,Not Applicable,Not Applicable,Not Applicable,Not Applicable,Not Applicable
CID-699690,Computer Science,Bachelor of Science,General,Fall 2018,2018,First-Time Freshman,4.3,120,2.81,2.70,In-State,FALSE,7,1,0,4,41650,30620,Employed Full-Time,0.5,Business Intelligence Analyst,Data & Analytics,Lumen Grid Software,Software Products,"Baltimore, MD",70000,FALSE,Return Offer from Internship
CID-371461,Computer Science,Bachelor of Science,Software Engineering,Fall 2018,2018,First-Time Freshman,7.0,122,3.00,3.05,Out-of-State,FALSE,29,1,1,1,64510,34480,Military,Not Applicable,Not Applicable,Not Applicable,Not Applicable,Not Applicable,Not Applicable,Not Applicable,Not Applicable,Not Applicable
CID-218006,Computer Science,Bachelor of Science,Software Engineering,Spring 2021,2021,First-Time Freshman,3.0,121,3.03,3.05,In-State,FALSE,5,1,2,4,33650,14580,Military,Not Applicable,Not Applicable,Not Applicable,Not Applicable,Not Applicable,Not Applicable,Not Applicable,Not Applicable,Not Applicable
CID-588059,Computer Science,Bachelor of Science,Software Engineering,Fall 2017,2017,First-Time Freshman,7.7,122,3.44,3.35,In-State,FALSE,21,1,1,5,17460,8840,Employed Full-Time,0.3,Associate Software Engineer,Software Engineering,Copper Ridge Data Centers,Cloud & Infrastructure,Northern Virginia,90750,FALSE,Return Offer from Internship
CID-395550,Information Systems,Bachelor of Science,Software Development,Spring 2020,2020,First-Time Freshman,3.7,121,3.50,3.45,Out-of-State,FALSE,10,1,0,3,54890,24610,Still Seeking,Not Applicable,Not Applicable,Not Applicable,Not Applicable,Not Applicable,Not Applicable,Not Applicable,Not Applicable,Not Applicable
CID-332569,Information Systems,Bachelor of Science,Software Development,Spring 2026,2026,Transfer,2.3,121,3.33,3.33,In-State,FALSE,2,1,0,1,12590,8470,No Response,Not Applicable,Not Applicable,Not Applicable,Not Applicable,Not Applicable,Not Applicable,Not Applicable,Not Applicable,Not Applicable
CID-221299,Computer Science,Bachelor of Science,Data Science,Spring 2026,2026,Transfer,3.0,117,2.78,2.76,In-State,FALSE,7,0,0,2,18720,8320,Employed Full-Time,4.6,Systems Administrator,Infrastructure & Cloud,Northfield Biosciences,Healthcare & Life Sciences,"Washington, DC Metro",92750,FALSE,Online Application
CID-728482,Information Systems,Bachelor of Science,Health Information Technology,Spring 2019,2019,Transfer,2.3,122,2.67,2.72,In-State,FALSE,5,0,0,2,10310,6090,Employed Full-Time,4.0,Data Analyst,Data & Analytics,Federal Health Data Office,Federal Government,"Washington, DC Metro",43750,FALSE,Online Application
CID-332646,Computer Science,Bachelor of Science,Cybersecurity,Fall 2025,2025,First-Time Freshman,4.3,120,2.54,2.57,In-State,FALSE,10,1,0,2,48790,18060,Employed Full-Time,2.2,Junior Security Engineer,Cybersecurity,National Data Services Agency,Federal Government,"Columbia/Howard County, MD",99000,FALSE,Recruiter Outreach
CID-808632,Information Systems,Bachelor of Science,Business Analytics,Spring 2024,2024,Transfer,2.7,121,2.87,2.89,In-State,FALSE,8,0,0,3,17320,8880,Employed Full-Time,2.0,Business Analyst,IT Business & Product,Allied Shield Insurance Group,Insurance,San Francisco Bay Area,83250,TRUE,Student Organization Connection
CID-554607,Computer Science,Bachelor of Science,General,Fall 2024,2024,First-Time Freshman,4.3,121,2.63,2.62,Out-of-State,FALSE,9,0,2,3,78640,47060,No Response,Not Applicable,Not Applicable,Not Applicable,Not Applicable,Not Applicable,Not Applicable,Not Applicable,Not Applicable,Not Applicable
CID-660202,Computer Science,Bachelor of Science,General,Spring 2024,2024,First-Time Freshman,4.0,120,3.08,2.88,Out-of-State,FALSE,10,1,0,2,89410,10590,Still Seeking,Not Applicable,Not Applicable,Not Applicable,Not Applicable,Not Applicable,Not Applicable,Not Applicable,Not Applicable,Not Applicable
CID-865334,Computer Science,Bachelor of Science,Cybersecurity,Fall 2024,2024,First-Time Freshman,5.0,122,2.28,2.19,In-State,FALSE,12,1,0,5,56590,30610,Employed Full-Time,1.6,Software Engineer I,Software Engineering,Chesapeake Defense Systems,Defense & Aerospace,"Baltimore, MD",70750,FALSE,Online Application
CID-980434,Computer Science,Bachelor of Science,General,Fall 2020,2020,Transfer,2.0,120,3.01,3.02,Out-of-State,FALSE,10,0,1,2,20180,9260,Still Seeking,Not Applicable,Not Applicable,Not Applicable,Not Applicable,Not Applicable,Not Applicable,Not Applicable,Not Applicable,Not Applicable
CID-441316,Computer Science,Bachelor of Science,Cybersecurity,Fall 2022,2022,First-Time Freshman,3.0,120,3.41,3.58,Out-of-State,FALSE,14,1,2,5,68810,36140,No Response,Not Applicable,Not Applicable,Not Applicable,Not Applicable,Not Applicable,Not Applicable,Not Applicable,Not Applicable,Not Applicable
CID-668678,Information Systems,Bachelor of Science,General,Fall 2025,2025,Transfer,3.3,122,3.19,3.06,In-State,FALSE,10,1,0,0,20810,7550,Employed Full-Time,2.5,Machine Learning Engineer I,Machine Learning & AI,Arbor Peak Technologies,Software Products,"Washington, DC Metro",97750,FALSE,Online Application
CID-461410,Computer Science,Bachelor of Science,Cybersecurity,Summer 2022,2022,First-Time Freshman,4.3,122,2.22,2.04,In-State,FALSE,16,1,3,1,40280,22970,Employed Full-Time,0.3,Software Engineer I,Software Engineering,Bayview Medical Informatics,Healthcare & Life Sciences,"Baltimore, MD",71750,TRUE,Return Offer from Internship
CID-142528,Computer Science,Bachelor of Science,Cybersecurity,Spring 2022,2022,First-Time Freshman,4.0,122,3.76,3.73,In-State,FALSE,2,2,0,2,28600,20680,Employed Full-Time,0.2,Junior DevOps Engineer,Infrastructure & Cloud,Tidewater Defense Group,Defense & Aerospace,"Columbia/Howard County, MD",107500,FALSE,Return Offer from Internship
CID-997776,Information Systems,Bachelor of Science,Cybersecurity Management,Fall 2016,2016,First-Time Freshman,6.3,121,3.18,3.20,In-State,FALSE,11,0,2,3,40130,15250,Employed Full-Time,4.8,Business Intelligence Analyst,Data & Analytics,Northfield Biosciences,Healthcare & Life Sciences,"Baltimore, MD",48000,FALSE,Online Application
CID-986895,Computer Science,Bachelor of Science,Artificial Intelligence,Spring 2019,2019,Transfer,3.7,122,3.32,3.35,In-State,FALSE,11,3,0,5,19520,9400,Employed Full-Time,4.0,AI Research Assistant,Machine Learning & AI,Harborline Networks,Cloud & Infrastructure,"Washington, DC Metro",83500,FALSE,Career Fair
CID-716380,Information Systems,Bachelor of Science,Business Analytics,Fall 2020,2020,First-Time Freshman,4.7,121,2.95,3.05,In-State,FALSE,18,0,0,0,43710,14240,No Response,Not Applicable,Not Applicable,Not Applicable,Not Applicable,Not Applicable,Not Applicable,Not Applicable,Not Applicable,Not Applicable
CID-427945,Information Systems,Bachelor of Science,Software Development,Fall 2024,2024,First-Time Freshman,4.7,121,2.10,2.05,Out-of-State,FALSE,10,1,0,3,72000,66230,Employed Full-Time,0.7,Junior DevOps Engineer,Infrastructure & Cloud,Anvil Compute,Cloud & Infrastructure,"Washington, DC Metro",104000,FALSE,Return Offer from Internship
CID-734634,Computer Science,Bachelor of Science,General,Fall 2018,2018,Transfer,2.7,121,2.90,2.75,In-State,FALSE,13,1,0,3,16330,8250,Employed Full-Time,1.4,Cloud Support Engineer,Infrastructure & Cloud,Shoreline Retail Group,E-Commerce & Retail Tech,"Baltimore, MD",68250,FALSE,Career Fair
CID-104771,Computer Science,Bachelor of Science,General,Spring 2019,2019,First-Time Freshman,4.7,123,2.72,2.73,In-State,FALSE,22,1,2,1,54050,32230,Employed Full-Time,0.0,Junior Systems Analyst,IT Business & Product,Federal Health Data Office,Federal Government,"Washington, DC Metro",78250,FALSE,Student Organization Connection
CID-215122,Information Systems,Bachelor of Science,Cybersecurity Management,Spring 2022,2022,First-Time Freshman,4.0,121,2.99,2.85,In-State,FALSE,5,1,0,1,40730,15370,Employed Full-Time,2.8,Business Analyst,IT Business & Product,Blue Heron Technologies,Federal Contracting,"Washington, DC Metro",93750,FALSE,Career Fair
CID-343865,Computer Science,Bachelor of Science,Artificial Intelligence,Spring 2023,2023,Transfer,1.3,123,3.48,3.54,In-State,FALSE,7,1,1,5,10180,420,Employed Part-Time,0.0,Junior Security Engineer,Cybersecurity,Tessellate Labs,Software Products,"Baltimore, MD",109000,FALSE,Student Organization Connection
CID-877470,Computer Science,Bachelor of Science,Software Engineering,Fall 2021,2021,First-Time Freshman,4.7,123,3.24,3.13,In-State,FALSE,10,3,2,3,40660,20810,No Response,Not Applicable,Not Applicable,Not Applicable,Not Applicable,Not Applicable,Not Applicable,Not Applicable,Not Applicable,Not Applicable
CID-415803,Computer Science,Bachelor of Science,Data Science,Fall 2023,2023,First-Time Freshman,4.0,120,2.78,2.61,Out-of-State,FALSE,8,2,0,0,77820,25750,Employed Full-Time,2.3,Business Analyst,IT Business & Product,Severn River Consulting,Federal Contracting,Northern Virginia,83750,FALSE,Online Application
CID-911267,Information Systems,Bachelor of Science,General,Fall 2025,2025,First-Time Freshman,4.3,121,2.85,2.70,In-State,FALSE,7,1,0,3,54260,10690,Continuing Education,Not Applicable,Not Applicable,Not Applicable,Not Applicable,Not Applicable,Not Applicable,Not Applicable,Not Applicable,Not Applicable
CID-597924,Computer Science,Bachelor of Science,Software Engineering,Fall 2020,2020,First-Time Freshman,4.7,120,3.05,2.80,In-State,FALSE,11,1,2,5,33370,23060,Employed Part-Time,3.6,Business Intelligence Analyst,Data & Analytics,Meridian National Systems,Federal Contracting,"Baltimore, MD",85000,TRUE,Career Fair
CID-414287,Computer Science,Bachelor of Science,General,Fall 2018,2018,Transfer,3.3,120,3.16,3.11,Out-of-State,FALSE,10,1,0,4,34740,20090,Still Seeking,Not Applicable,Not Applicable,Not Applicable,Not Applicable,Not Applicable,Not Applicable,Not Applicable,Not Applicable,Not Applicable
CID-981746,Information Systems,Bachelor of Science,Software Development,Fall 2018,2018,First-Time Freshman,4.0,121,2.87,3.00,In-State,FALSE,18,2,2,1,43860,7700,Employed Full-Time,0.0,Junior Developer,Software Engineering,University of Maryland System,Higher Education,"Baltimore, MD",60250,FALSE,Recruiter Outreach
CID-530737,Computer Science,Bachelor of Science,Artificial Intelligence,Spring 2016,2016,First-Time Freshman,3.7,122,3.15,3.27,Out-of-State,FALSE,1,2,2,1,79610,26840,No Response,Not Applicable,Not Applicable,Not Applicable,Not Applicable,Not Applicable,Not Applicable,Not Applicable,Not Applicable,Not Applicable
CID-455185,Information Systems,Bachelor of Science,Business Analytics,Fall 2020,2020,Transfer,1.7,121,2.89,2.94,In-State,FALSE,2,1,0,0,9360,7620,Employed Full-Time,5.8,IT Support Specialist,IT Support & Operations,Blue Heron Technologies,Federal Contracting,"Baltimore, MD",40000,FALSE,Online Application
CID-996110,Information Systems,Master of Science,General,Spring 2016,2016,First-Time Freshman,3.7,121,3.57,3.45,In-State,TRUE,13,1,1,1,18130,6110,Still Seeking,Not Applicable,Not Applicable,Not Applicable,Not Applicable,Not Applicable,Not Applicable,Not Applicable,Not Applicable,Not Applicable
CID-805968,Computer Science,Bachelor of Science,Cybersecurity,Spring 2017,2017,Transfer,1.7,124,2.84,2.97,In-State,FALSE,2,0,0,0,10020,1660,Employed Full-Time,2.3,SOC Analyst,Cybersecurity,Catoctin Analytics Group,Federal Contracting,Northern Virginia,72500,FALSE,Online Application
CID-281901,Computer Science,Bachelor of Science,Cybersecurity,Spring 2020,2020,Transfer,2.0,120,3.75,3.74,In-State,FALSE,9,1,0,2,7350,5920,Employed Full-Time,4.3,Junior Developer,Software Engineering,Chesterfield Asset Management,Financial Services,"Chicago, IL",86250,FALSE,Online Application
CID-417765,Computer Science,Bachelor of Science,General,Fall 2023,2023,First-Time Freshman,6.0,120,2.93,2.72,Out-of-State,FALSE,18,1,2,1,76720,19100,Employed Full-Time,1.0,Help Desk Technician,IT Support & Operations,Cartway Commerce,E-Commerce & Retail Tech,"Baltimore, MD",63500,FALSE,Online Application
CID-356229,Computer Science,Master of Science,Artificial Intelligence,Spring 2025,2025,Transfer,2.7,121,3.25,3.26,In-State,FALSE,13,1,2,1,17300,9510,Employed Part-Time,2.6,Data Analyst,Data & Analytics,National Data Services Agency,Federal Government,"Columbia/Howard County, MD",78250,TRUE,Online Application
CID-588627,Computer Science,Bachelor of Science,General,Fall 2023,2023,Transfer,2.7,120,2.73,2.66,In-State,FALSE,16,0,0,1,12420,3670,No Response,Not Applicable,Not Applicable,Not Applicable,Not Applicable,Not Applicable,Not Applicable,Not Applicable,Not Applicable,Not Applicable
CID-532542,Information Systems,Master of Science,Health Information Technology,Spring 2021,2021,Transfer,3.3,121,3.25,3.39,In-State,TRUE,14,1,0,1,10010,5750,Employed Full-Time,3.2,Associate Software Engineer,Software Engineering,Chesapeake Defense Systems,Defense & Aerospace,Remote - United States,69250,TRUE,Online Application
CID-236844,Information Systems,Bachelor of Science,Business Analytics,Spring 2021,2021,First-Time Freshman,4.3,121,3.13,2.95,Out-of-State,FALSE,9,1,2,2,80290,53610,No Response,Not Applicable,Not Applicable,Not Applicable,Not Applicable,Not Applicable,Not Applicable,Not Applicable,Not Applicable,Not Applicable
CID-166709,Computer Science,Bachelor of Science,Cybersecurity,Spring 2016,2016,First-Time Freshman,3.3,121,3.48,3.52,In-State,FALSE,0,2,0,3,33220,18050,Continuing Education,Not Applicable,Not Applicable,Not Applicable,Not Applicable,Not Applicable,Not Applicable,Not Applicable,Not Applicable,Not Applicable
CID-993543,Computer Science,Bachelor of Science,Cybersecurity,Fall 2019,2019,Transfer,2.0,120,3.45,3.46,In-State,FALSE,16,0,0,4,9760,3570,Employed Full-Time,6.7,Software Engineer I,Software Engineering,Shoreline Retail Group,E-Commerce & Retail Tech,"Columbia/Howard County, MD",67750,FALSE,Student Organization Connection
CID-920176,Information Systems,Bachelor of Science,Health Information Technology,Spring 2026,2026,First-Time Freshman,3.7,121,3.93,3.90,Out-of-State,FALSE,10,3,2,4,73240,22030,Employed Full-Time,0.5,Data Analyst,Data & Analytics,Bastion Threat Labs,Cybersecurity Services,"Washington, DC Metro",113000,FALSE,Return Offer from Internship
CID-490984,Information Systems,Bachelor of Science,Business Analytics,Spring 2026,2026,First-Time Freshman,3.0,95,2.83,3.14,In-State,FALSE,13,2,0,7,41780,30640,Employed Full-Time,0.1,Security Analyst I,Cybersecurity,Greenspring Health Systems,Healthcare & Life Sciences,Northern Virginia,103000,FALSE,Return Offer from Internship
CID-361269,Information Systems,Bachelor of Science,Cybersecurity Management,Fall 2016,2016,Transfer,3.3,121,3.46,3.68,In-State,FALSE,9,1,0,4,16610,11140,Employed Full-Time,0.3,EHR Support Analyst,Health IT,Keystone Federal Services,Federal Contracting,"Baltimore, MD",76750,FALSE,Return Offer from Internship
CID-309838,Information Systems,Bachelor of Science,General,Spring 2016,2016,Transfer,2.3,120,3.69,3.65,In-State,FALSE,13,0,0,0,4800,0,Employed Full-Time,3.1,Junior Data Analyst,Data & Analytics,Arbor Peak Technologies,Software Products,"Baltimore, MD",64000,FALSE,Career Fair
CID-179654,Information Systems,Bachelor of Science,Business Analytics,Spring 2023,2023,First-Time Freshman,7.7,121,2.50,2.60,In-State,FALSE,19,0,0,0,51090,41020,Employed Full-Time,5.7,Data Analyst,Data & Analytics,Meridian National Systems,Federal Contracting,Northern Virginia,70500,FALSE,Online Application
CID-443263,Information Systems,Bachelor of Science,General,Spring 2019,2019,First-Time Freshman,3.3,121,3.60,3.50,Out-of-State,FALSE,0,1,0,0,72770,54290,Still Seeking,Not Applicable,Not Applicable,Not Applicable,Not Applicable,Not Applicable,Not Applicable,Not Applicable,Not Applicable,Not Applicable
CID-747388,Information Systems,Bachelor of Science,Business Analytics,Spring 2021,2021,First-Time Freshman,6.3,121,3.13,3.10,In-State,FALSE,13,3,0,1,32740,4200,Employed Full-Time,0.0,Junior Security Engineer,Cybersecurity,Anvil Compute,Cloud & Infrastructure,Remote - United States,108000,TRUE,Recruiter Outreach
CID-215498,Computer Science,Bachelor of Science,Software Engineering,Spring 2017,2017,First-Time Freshman,4.7,122,2.87,2.48,In-State,FALSE,15,0,1,4,31120,11110,Employed Full-Time,5.7,Junior Developer,Software Engineering,Beacon Telecom Services,Telecommunications,Northern Virginia,65000,FALSE,Personal Network
CID-442533,Information Systems,Master of Science,General,Spring 2022,2022,First-Time Freshman,7.0,121,3.59,3.60,In-State,TRUE,19,3,0,4,31320,4010,Employed Full-Time,0.1,Clinical Systems Analyst,Health IT,Catoctin Analytics Group,Federal Contracting,Remote - United States,85500,TRUE,Return Offer from Internship
CID-571540,Computer Science,Bachelor of Science,Cybersecurity,Spring 2025,2025,Transfer,2.3,122,2.36,2.47,In-State,FALSE,4,1,0,1,21830,16090,Employed Full-Time,2.0,Junior Data Analyst,Data & Analytics,Chesterfield Asset Management,Financial Services,Northern Virginia,73250,FALSE,Online Application
CID-267568,Information Systems,Bachelor of Science,Business Analytics,Fall 2015,2015,Transfer,2.7,122,3.33,3.32,In-State,FALSE,11,1,0,5,8810,4750,Employed Full-Time,0.4,Junior Developer,Software Engineering,Sentinel Peak Security,Cybersecurity Services,"Columbia/Howard County, MD",73000,FALSE,Return Offer from Internship
CID-156203,Information Systems,Bachelor of Science,Business Analytics,Spring 2026,2026,First-Time Freshman,7.7,96,2.16,2.27,In-State,FALSE,21,0,0,0,43440,18930,Still Seeking,Not Applicable,Not Applicable,Not Applicable,Not Applicable,Not Applicable,Not Applicable,Not Applicable,Not Applicable,Not Applicable
CID-576392,Computer Science,Bachelor of Science,General,Fall 2021,2021,Transfer,8.3,121,2.26,2.27,In-State,FALSE,40,1,0,1,27230,20010,Still Seeking,Not Applicable,Not Applicable,Not Applicable,Not Applicable,Not Applicable,Not Applicable,Not Applicable,Not Applicable,Not Applicable
CID-473206,Computer Science,Bachelor of Science,General,Spring 2016,2016,First-Time Freshman,4.3,120,2.33,2.13,In-State,FALSE,24,1,0,3,28670,20630,Employed Full-Time,4.3,Machine Learning Engineer I,Machine Learning & AI,Keystone Federal Services,Federal Contracting,"Washington, DC Metro",56250,FALSE,Student Organization Connection
CID-157052,Computer Science,Bachelor of Science,General,Fall 2020,2020,Transfer,4.3,120,2.90,3.18,In-State,FALSE,28,0,2,6,16910,4350,Employed Full-Time,7.4,Junior Data Analyst,Data & Analytics,Clearfield Assurance,Cybersecurity Services,"Washington, DC Metro",96750,FALSE,Online Application
CID-903147,Information Systems,Bachelor of Science,Business Analytics,Fall 2019,2019,First-Time Freshman,4.7,121,2.57,2.70,In-State,FALSE,7,4,2,2,36820,17310,No Response,Not Applicable,Not Applicable,Not Applicable,Not Applicable,Not Applicable,Not Applicable,Not Applicable,Not Applicable,Not Applicable
CID-483535,Computer Science,Bachelor of Science,Cybersecurity,Spring 2020,2020,First-Time Freshman,4.7,122,3.64,3.67,In-State,FALSE,12,2,0,1,20590,13370,Employed Full-Time,3.9,Associate Software Engineer,Software Engineering,Meridian National Systems,Federal Contracting,Northern Virginia,99250,FALSE,Recruiter Outreach
CID-481258,Information Systems,Bachelor of Science,Software Development,Spring 2021,2021,First-Time Freshman,4.0,121,2.98,3.00,In-State,FALSE,3,1,1,2,37460,21140,No Response,Not Applicable,Not Applicable,Not Applicable,Not Applicable,Not Applicable,Not Applicable,Not Applicable,Not Applicable,Not Applicable
CID-159367,Information Systems,Master of Science,Software Development,Spring 2024,2024,First-Time Freshman,4.0,121,3.00,3.05,Out-of-State,TRUE,4,2,1,1,88010,80960,Employed Full-Time,3.3,Data Analyst,Data & Analytics,Monument Bank Technology,Financial Services,"Washington, DC Metro",71250,FALSE,Career Fair
CID-174087,Computer Science,Bachelor of Science,General,Spring 2016,2016,First-Time Freshman,4.3,122,2.68,2.65,In-State,FALSE,7,3,0,3,35120,35120,Employed Full-Time,0.1,Machine Learning Engineer I,Machine Learning & AI,Chesapeake Defense Systems,Defense & Aerospace,"Washington, DC Metro",77000,FALSE,Return Offer from Internship
CID-671505,Information Systems,Bachelor of Science,Health Information Technology,Spring 2019,2019,Transfer,2.7,121,3.52,3.56,In-State,FALSE,6,2,0,5,12940,8000,Employed Full-Time,0.5,Junior Data Analyst,Data & Analytics,Northwind Platform Co.,Software Products,"Baltimore, MD",78500,FALSE,Return Offer from Internship
CID-235122,Computer Science,Bachelor of Science,Software Engineering,Summer 2025,2025,First-Time Freshman,3.7,120,2.68,2.53,In-State,FALSE,9,1,0,2,42860,26930,Employed Full-Time,3.4,Software Engineer I,Software Engineering,Shoreline Retail Group,E-Commerce & Retail Tech,"Baltimore, MD",69750,FALSE,Online Application
CID-701238,Information Systems,Bachelor of Science,Business Analytics,Spring 2022,2022,First-Time Freshman,4.0,121,3.14,2.95,Out-of-State,FALSE,1,3,1,2,85620,41280,Continuing Education,Not Applicable,Not Applicable,Not Applicable,Not Applicable,Not Applicable,Not Applicable,Not Applicable,Not Applicable,Not Applicable
CID-458702,Computer Science,Bachelor of Science,Cybersecurity,Spring 2016,2016,First-Time Freshman,4.0,120,2.34,2.28,In-State,FALSE,12,1,0,4,23420,7600,Employed Full-Time,2.8,Business Intelligence Analyst,Data & Analytics,Potomac Mission Solutions,Federal Contracting,"Washington, DC Metro",60000,FALSE,Student Organization Connection
CID-186716,Information Systems,Bachelor of Science,General,Fall 2018,2018,Transfer,2.0,121,2.53,2.62,In-State,FALSE,7,1,2,3,10700,10210,Employed Full-Time,0.2,Junior Security Engineer,Cybersecurity,Catoctin Analytics Group,Federal Contracting,"Baltimore, MD",57500,FALSE,Online Application
CID-200967,Computer Science,Bachelor of Science,General,Spring 2022,2022,First-Time Freshman,8.0,122,2.44,2.48,In-State,FALSE,19,2,0,3,57850,25590,Employed Full-Time,0.0,Junior Developer,Software Engineering,Potomac Mission Solutions,Federal Contracting,"Baltimore, MD",69500,FALSE,Personal Network
CID-489022,Computer Science,Bachelor of Science,Data Science,Fall 2023,2023,First-Time Freshman,4.7,122,3.30,3.25,In-State,FALSE,13,1,0,2,21300,18240,Employed Full-Time,5.7,AI Research Assistant,Machine Learning & AI,Arbor Peak Technologies,Software Products,"Washington, DC Metro",93000,FALSE,Recruiter Outreach
CID-266361,Information Systems,Master of Science,Health Information Technology,Fall 2022,2022,First-Time Freshman,4.0,121,3.07,3.15,In-State,FALSE,8,1,0,4,30670,20580,Continuing Education,Not Applicable,Not Applicable,Not Applicable,Not Applicable,Not Applicable,Not Applicable,Not Applicable,Not Applicable,Not Applicable
CID-479298,Computer Science,Bachelor of Science,Software Engineering,Fall 2025,2025,First-Time Freshman,3.7,120,3.16,3.16,Out-of-State,FALSE,7,2,3,0,94390,26580,Employed Full-Time,0.0,Associate Software Engineer,Software Engineering,Chesapeake Defense Systems,Defense & Aerospace,Remote - United States,87500,TRUE,Online Application
CID-629089,Computer Science,Bachelor of Science,General,Fall 2022,2022,First-Time Freshman,3.7,120,3.22,3.22,In-State,FALSE,2,1,0,0,39220,31550,No Response,Not Applicable,Not Applicable,Not Applicable,Not Applicable,Not Applicable,Not Applicable,Not Applicable,Not Applicable,Not Applicable
CID-560082,Information Systems,Bachelor of Science,Cybersecurity Management,Spring 2016,2016,Transfer,2.7,120,3.07,3.12,In-State,FALSE,18,0,1,3,10890,1620,Employed Full-Time,2.2,SOC Analyst,Cybersecurity,Meridian National Systems,Federal Contracting,"Baltimore, MD",70500,FALSE,Student Organization Connection
CID-169248,Computer Science,Bachelor of Science,Software Engineering,Fall 2022,2022,First-Time Freshman,3.3,120,3.44,3.50,In-State,FALSE,8,1,2,3,37850,24710,Employed Full-Time,0.0,Business Intelligence Analyst,Data & Analytics,Fidelis Capital Partners,Financial Services,San Francisco Bay Area,111500,FALSE,Online Application
CID-297619,Computer Science,Bachelor of Science,General,Fall 2020,2020,First-Time Freshman,3.0,120,3.61,3.70,In-State,FALSE,4,1,1,2,35140,17080,Still Seeking,Not Applicable,Not Applicable,Not Applicable,Not Applicable,Not Applicable,Not Applicable,Not Applicable,Not Applicable,Not Applicable
CID-709933,Computer Science,Bachelor of Science,Cybersecurity,Fall 2019,2019,First-Time Freshman,4.0,122,3.22,3.13,Out-of-State,FALSE,0,1,0,1,84510,0,Employed Full-Time,5.1,Clinical Systems Analyst,Health IT,Office of Technology Policy,Federal Government,"Baltimore, MD",76000,FALSE,Career Fair
CID-581093,Information Systems,Bachelor of Science,General,Spring 2026,2026,First-Time Freshman,3.7,121,3.79,3.80,In-State,FALSE,5,2,0,3,44300,7850,Employed Full-Time,0.4,Security Analyst I,Cybersecurity,Northfield Biosciences,Healthcare & Life Sciences,"Baltimore, MD",93250,FALSE,Return Offer from Internship
CID-511095,Information Systems,Bachelor of Science,General,Fall 2022,2022,First-Time Freshman,4.3,121,3.14,3.35,Out-of-State,FALSE,26,1,0,2,45880,20550,Continuing Education,Not Applicable,Not Applicable,Not Applicable,Not Applicable,Not Applicable,Not Applicable,Not Applicable,Not Applicable,Not Applicable
CID-162666,Computer Science,Bachelor of Science,General,Spring 2018,2018,First-Time Freshman,4.3,122,3.12,2.95,In-State,FALSE,11,2,0,5,34490,4310,No Response,Not Applicable,Not Applicable,Not Applicable,Not Applicable,Not Applicable,Not Applicable,Not Applicable,Not Applicable,Not Applicable
CID-503368,Information Systems,Bachelor of Science,Software Development,Spring 2016,2016,First-Time Freshman,4.7,121,3.20,3.00,Out-of-State,FALSE,19,2,0,2,50560,13300,Employed Full-Time,1.4,IT Support Specialist,IT Support & Operations,Copper Ridge Data Centers,Cloud & Infrastructure,Northern Virginia,57250,FALSE,Online Application
CID-193735,Computer Science,Bachelor of Science,Cybersecurity,Spring 2025,2025,First-Time Freshman,4.0,120,2.86,2.95,Out-of-State,FALSE,16,2,0,0,95190,67550,Employed Full-Time,0.4,IT Support Specialist,IT Support & Operations,Harborline Networks,Cloud & Infrastructure,"New York, NY",106500,FALSE,Return Offer from Internship
CID-175111,Information Systems,Bachelor of Science,Business Analytics,Fall 2024,2024,First-Time Freshman,4.3,121,2.84,2.75,In-State,FALSE,0,2,0,5,53700,18870,Employed Full-Time,0.6,Cloud Support Engineer,Infrastructure & Cloud,Anvil Compute,Cloud & Infrastructure,"Washington, DC Metro",117500,FALSE,Return Offer from Internship
CID-764215,Computer Science,Bachelor of Science,Cybersecurity,Spring 2015,2015,Transfer,1.7,120,3.38,3.29,In-State,FALSE,0,0,0,0,9450,4670,Employed Full-Time,4.9,Cloud Support Engineer,Infrastructure & Cloud,Dockside Logistics Systems,Logistics & Transportation,"Baltimore, MD",58000,FALSE,Personal Network
CID-672005,Information Systems,Bachelor of Science,Business Analytics,Spring 2016,2016,First-Time Freshman,7.3,121,2.58,2.40,Out-of-State,FALSE,27,2,1,6,69710,24820,Employed Full-Time,0.3,Junior Systems Analyst,IT Business & Product,Clarion Clinical Data,Healthcare & Life Sciences,Northern Virginia,76000,FALSE,Return Offer from Internship
CID-114246,Computer Science,Bachelor of Science,Software Engineering,Spring 2025,2025,Transfer,2.0,120,3.18,3.06,In-State,FALSE,10,0,0,0,11470,5020,Employed Part-Time,1.2,Software Engineer I,Software Engineering,Sentinel Peak Security,Cybersecurity Services,"Baltimore, MD",88500,FALSE,Student Organization Connection
CID-863286,Computer Science,Bachelor of Science,Artificial Intelligence,Fall 2017,2017,First-Time Freshman,4.3,122,3.15,3.13,Out-of-State,FALSE,12,3,0,3,63200,36730,Employed Full-Time,0.0,AI Research Assistant,Machine Learning & AI,Vantage Point Applications,Software Products,Northern Virginia,81750,FALSE,Career Fair
CID-403141,Information Systems,Bachelor of Science,Health Information Technology,Spring 2019,2019,First-Time Freshman,3.3,121,3.28,3.25,In-State,FALSE,10,0,2,2,36400,14520,Employed Full-Time,3.8,Junior Systems Analyst,IT Business & Product,Beacon Telecom Services,Telecommunications,"Washington, DC Metro",62750,FALSE,Personal Network
CID-562640,Information Systems,Bachelor of Science,General,Fall 2020,2020,First-Time Freshman,4.3,121,2.84,2.85,In-State,FALSE,11,3,0,5,33370,6890,Employed Full-Time,5.8,Junior Security Engineer,Cybersecurity,Potomac Mission Solutions,Federal Contracting,Remote - United States,99750,TRUE,Student Organization Connection
CID-356388,Information Systems,Bachelor of Science,Cybersecurity Management,Spring 2024,2024,Transfer,5.0,122,2.58,2.62,In-State,FALSE,18,0,0,1,13090,8120,Employed Full-Time,5.7,Junior Systems Analyst,IT Business & Product,Federal Health Data Office,Federal Government,Remote - United States,56750,TRUE,Online Application
CID-401345,Information Systems,Bachelor of Science,General,Spring 2025,2025,First-Time Freshman,3.7,121,2.82,2.85,In-State,FALSE,14,2,2,3,45550,7910,No Response,Not Applicable,Not Applicable,Not Applicable,Not Applicable,Not Applicable,Not Applicable,Not Applicable,Not Applicable,Not Applicable
CID-751595,Computer Science,Bachelor of Science,Software Engineering,Spring 2026,2026,First-Time Freshman,3.0,107,3.28,2.96,Out-of-State,FALSE,12,1,1,3,72250,58680,Employed Full-Time,0.2,Junior Developer,Software Engineering,Keystone Federal Services,Federal Contracting,"Baltimore, MD",100500,FALSE,Return Offer from Internship
CID-395186,Computer Science,Bachelor of Science,General,Fall 2017,2017,Transfer,3.3,123,3.41,3.39,In-State,FALSE,13,2,0,5,12050,12050,Employed Full-Time,0.0,Junior Systems Analyst,IT Business & Product,Antietam Systems Integration,Federal Contracting,"Columbia/Howard County, MD",75000,FALSE,Online Application
CID-513190,Information Systems,Master of Science,General,Spring 2018,2018,First-Time Freshman,4.7,121,2.82,2.90,In-State,FALSE,12,1,0,2,26900,3880,No Response,Not Applicable,Not Applicable,Not Applicable,Not Applicable,Not Applicable,Not Applicable,Not Applicable,Not Applicable,Not Applicable
CID-996781,Information Systems,Bachelor of Science,Health Information Technology,Spring 2023,2023,First-Time Freshman,5.0,121,2.01,2.05,In-State,FALSE,18,2,0,4,42300,15140,Employed Full-Time,1.6,EHR Support Analyst,Health IT,Meridian National Systems,Federal Contracting,"Baltimore, MD",52250,TRUE,Recruiter Outreach
CID-963416,Computer Science,Bachelor of Science,Data Science,Spring 2018,2018,Transfer,1.3,126,3.74,3.77,In-State,FALSE,10,1,0,3,7780,3530,Continuing Education,Not Applicable,Not Applicable,Not Applicable,Not Applicable,Not Applicable,Not Applicable,Not Applicable,Not Applicable,Not Applicable
CID-233061,Computer Science,Bachelor of Science,General,Fall 2020,2020,First-Time Freshman,4.0,120,2.75,2.77,Out-of-State,FALSE,15,0,0,0,76260,36640,Employed Full-Time,7.7,SOC Analyst,Cybersecurity,Office of Technology Policy,Federal Government,Northern Virginia,74250,FALSE,Recruiter Outreach
CID-352265,Information Systems,Bachelor of Science,Cybersecurity Management,Spring 2018,2018,First-Time Freshman,3.7,121,3.18,3.10,In-State,FALSE,15,0,0,2,26690,14980,Employed Full-Time,3.7,Business Intelligence Analyst,Data & Analytics,National Data Services Agency,Federal Government,"Baltimore, MD",55000,TRUE,Recruiter Outreach
CID-554458,Information Systems,Bachelor of Science,Business Analytics,Spring 2015,2015,First-Time Freshman,3.7,121,3.49,3.45,In-State,FALSE,5,2,0,3,26640,7090,Still Seeking,Not Applicable,Not Applicable,Not Applicable,Not Applicable,Not Applicable,Not Applicable,Not Applicable,Not Applicable,Not Applicable
CID-642672,Computer Science,Bachelor of Science,Cybersecurity,Fall 2023,2023,First-Time Freshman,5.0,122,2.55,2.70,In-State,FALSE,4,3,0,4,51910,13660,Employed Part-Time,0.7,Junior DevOps Engineer,Infrastructure & Cloud,Marketside Digital,E-Commerce & Retail Tech,"Chicago, IL",96500,FALSE,Return Offer from Internship
CID-804774,Computer Science,Bachelor of Science,General,Spring 2023,2023,Transfer,3.3,120,2.68,2.87,In-State,FALSE,21,1,1,2,14350,8350,Employed Full-Time,0.4,Junior Systems Analyst,IT Business & Product,Harborline Networks,Cloud & Infrastructure,Remote - United States,81000,TRUE,Return Offer from Internship
CID-884491,Information Systems,Bachelor of Science,Health Information Technology,Fall 2021,2021,First-Time Freshman,4.7,121,2.34,2.25,Out-of-State,FALSE,11,0,0,1,71180,27060,Employed Full-Time,2.5,Junior Systems Analyst,IT Business & Product,Chesapeake Defense Systems,Defense & Aerospace,"Washington, DC Metro",71750,FALSE,Personal Network
CID-346681,Computer Science,Bachelor of Science,Cybersecurity,Fall 2017,2017,Transfer,2.3,120,3.31,3.27,In-State,FALSE,8,1,0,0,11400,9970,Employed Full-Time,4.5,SOC Analyst,Cybersecurity,Bastion Threat Labs,Cybersecurity Services,"Baltimore, MD",85250,FALSE,Online Application
CID-120385,Information Systems,Bachelor of Science,Software Development,Fall 2020,2020,First-Time Freshman,5.0,121,2.42,2.55,In-State,FALSE,6,2,0,1,47210,33600,Employed Full-Time,0.3,Security Analyst I,Cybersecurity,Keystone Federal Services,Federal Contracting,"Baltimore, MD",72250,FALSE,Return Offer from Internship
CID-915912,Information Systems,Bachelor of Science,General,Fall 2024,2024,First-Time Freshman,4.3,121,3.29,3.40,In-State,FALSE,7,1,0,1,34790,27380,No Response,Not Applicable,Not Applicable,Not Applicable,Not Applicable,Not Applicable,Not Applicable,Not Applicable,Not Applicable,Not Applicable
CID-744887,Computer Science,Bachelor of Science,Cybersecurity,Spring 2026,2026,Transfer,3.3,121,2.27,2.15,In-State,FALSE,6,0,1,2,23410,8390,Employed Full-Time,2.8,Junior ML Engineer,Machine Learning & AI,Northwind Platform Co.,Software Products,Remote - United States,83750,TRUE,Online Application
CID-358803,Computer Science,Bachelor of Science,General,Fall 2021,2021,First-Time Freshman,4.7,123,2.33,2.54,In-State,FALSE,21,1,2,3,36500,7210,Still Seeking,Not Applicable,Not Applicable,Not Applicable,Not Applicable,Not Applicable,Not Applicable,Not Applicable,Not Applicable,Not Applicable
CID-640323,Computer Science,Bachelor of Science,Data Science,Fall 2024,2024,First-Time Freshman,3.7,120,3.36,3.21,In-State,FALSE,9,2,1,2,40300,26530,Employed Full-Time,4.4,Cloud Support Engineer,Infrastructure & Cloud,Potomac Mission Solutions,Federal Contracting,"Baltimore, MD",94250,FALSE,Recruiter Outreach
CID-686782,Computer Science,Bachelor of Science,Data Science,Fall 2023,2023,First-Time Freshman,8.0,122,2.45,2.41,In-State,FALSE,24,0,0,2,45000,30230,No Response,Not Applicable,Not Applicable,Not Applicable,Not Applicable,Not Applicable,Not Applicable,Not Applicable,Not Applicable,Not Applicable
CID-639931,Computer Science,Bachelor of Science,General,Spring 2025,2025,First-Time Freshman,4.7,122,3.23,3.13,In-State,FALSE,11,0,0,2,45790,20190,Continuing Education,Not Applicable,Not Applicable,Not Applicable,Not Applicable,Not Applicable,Not Applicable,Not Applicable,Not Applicable,Not Applicable
CID-728966,Computer Science,Bachelor of Science,Data Science,Spring 2018,2018,Transfer,2.7,121,2.56,2.50,In-State,FALSE,7,0,3,4,13710,13710,Employed Full-Time,3.7,Clinical Systems Analyst,Health IT,Federal Health Data Office,Federal Government,"Baltimore, MD",44000,FALSE,Online Application
CID-398020,Information Systems,Bachelor of Science,Health Information Technology,Fall 2020,2020,First-Time Freshman,4.3,121,3.07,3.10,Out-of-State,FALSE,11,2,0,0,68480,22640,Still Seeking,Not Applicable,Not Applicable,Not Applicable,Not Applicable,Not Applicable,Not Applicable,Not Applicable,Not Applicable,Not Applicable
CID-675893,Information Systems,Master of Science,Business Analytics,Fall 2018,2018,First-Time Freshman,4.7,121,2.66,2.65,Out-of-State,FALSE,11,1,1,3,63690,40850,Employed Full-Time,2.4,Data Analyst,Data & Analytics,Severn River Consulting,Federal Contracting,"Washington, DC Metro",62250,FALSE,Personal Network
CID-188219,Computer Science,Bachelor of Science,Software Engineering,Fall 2015,2015,Transfer,2.0,120,3.25,3.47,In-State,FALSE,15,1,0,2,5650,5060,Employed Full-Time,1.6,Clinical Systems Analyst,Health IT,Blue Heron Technologies,Federal Contracting,"Washington, DC Metro",78750,FALSE,Alumni Network
CID-456930,Information Systems,Bachelor of Science,Cybersecurity Management,Spring 2025,2025,Transfer,1.7,125,3.70,3.71,In-State,FALSE,5,1,0,4,10620,70,No Response,Not Applicable,Not Applicable,Not Applicable,Not Applicable,Not Applicable,Not Applicable,Not Applicable,Not Applicable,Not Applicable
CID-767474,Information Systems,Bachelor of Science,Cybersecurity Management,Spring 2022,2022,First-Time Freshman,3.7,121,3.65,3.70,Out-of-State,FALSE,10,1,0,4,65370,31900,Employed Full-Time,1.6,Junior Security Engineer,Cybersecurity,Greenspring Health Systems,Healthcare & Life Sciences,"Baltimore, MD",79250,FALSE,Online Application
CID-786169,Computer Science,Bachelor of Science,Cybersecurity,Fall 2020,2020,First-Time Freshman,3.7,121,3.45,3.38,In-State,FALSE,17,0,3,2,35610,20430,Employed Part-Time,3.2,Software Engineer I,Software Engineering,Marketside Digital,E-Commerce & Retail Tech,Remote - United States,84500,TRUE,Recruiter Outreach
CID-840587,Computer Science,Bachelor of Science,Data Science,Fall 2018,2018,First-Time Freshman,4.7,122,3.53,3.54,In-State,FALSE,18,1,1,6,9520,5300,No Response,Not Applicable,Not Applicable,Not Applicable,Not Applicable,Not Applicable,Not Applicable,Not Applicable,Not Applicable,Not Applicable
CID-810496,Computer Science,Bachelor of Science,Cybersecurity,Fall 2016,2016,First-Time Freshman,4.0,120,3.22,3.06,Out-of-State,FALSE,8,0,0,2,52040,24270,Continuing Education,Not Applicable,Not Applicable,Not Applicable,Not Applicable,Not Applicable,Not Applicable,Not Applicable,Not Applicable,Not Applicable
CID-568001,Computer Science,Master of Science,Data Science,Spring 2023,2023,First-Time Freshman,3.7,120,3.42,3.38,In-State,TRUE,3,2,0,1,53370,16460,Employed Full-Time,0.5,Associate Software Engineer,Software Engineering,Antietam Systems Integration,Federal Contracting,"Baltimore, MD",83000,TRUE,Student Organization Connection
CID-936941,Information Systems,Bachelor of Science,Health Information Technology,Spring 2019,2019,Transfer,2.7,121,2.87,2.78,In-State,FALSE,9,1,0,2,13960,2200,No Response,Not Applicable,Not Applicable,Not Applicable,Not Applicable,Not Applicable,Not Applicable,Not Applicable,Not Applicable,Not Applicable
CID-779069,Information Systems,Bachelor of Science,Business Analytics,Spring 2016,2016,Transfer,2.0,120,3.18,3.18,In-State,FALSE,0,1,0,3,10390,6890,Continuing Education,Not Applicable,Not Applicable,Not Applicable,Not Applicable,Not Applicable,Not Applicable,Not Applicable,Not Applicable,Not Applicable
CID-397335,Information Systems,Bachelor of Science,Cybersecurity Management,Fall 2020,2020,First-Time Freshman,4.3,121,2.88,2.75,In-State,FALSE,13,1,1,4,38800,11870,Employed Full-Time,0.3,Security Analyst I,Cybersecurity,Blue Heron Technologies,Federal Contracting,Northern Virginia,98250,FALSE,Return Offer from Internship
CID-574104,Computer Science,Bachelor of Science,Software Engineering,Spring 2025,2025,First-Time Freshman,7.3,120,2.59,2.44,In-State,FALSE,27,2,2,3,49150,27330,Employed Part-Time,0.0,Junior Developer,Software Engineering,Northwind Platform Co.,Software Products,Remote - United States,117000,TRUE,Recruiter Outreach
CID-666914,Information Systems,Bachelor of Science,Business Analytics,Spring 2024,2024,Transfer,5.0,121,2.91,2.88,Out-of-State,FALSE,15,0,0,3,23440,14270,Still Seeking,Not Applicable,Not Applicable,Not Applicable,Not Applicable,Not Applicable,Not Applicable,Not Applicable,Not Applicable,Not Applicable
CID-304877,Information Systems,Bachelor of Science,Business Analytics,Fall 2020,2020,First-Time Freshman,4.0,121,2.79,2.85,In-State,FALSE,10,1,0,6,33350,7580,No Response,Not Applicable,Not Applicable,Not Applicable,Not Applicable,Not Applicable,Not Applicable,Not Applicable,Not Applicable,Not Applicable
CID-806993,Information Systems,Bachelor of Science,Business Analytics,Spring 2025,2025,First-Time Freshman,4.7,121,2.23,2.15,In-State,FALSE,19,1,0,2,32870,21950,Employed Full-Time,4.7,EHR Support Analyst,Health IT,CareBridge Technology,Healthcare & Life Sciences,"New York, NY",77500,FALSE,Career Fair
CID-731001,Computer Science,Bachelor of Science,General,Fall 2015,2015,First-Time Freshman,4.7,122,3.12,2.95,In-State,FALSE,0,0,0,1,28790,12560,Employed Full-Time,5.5,Associate Software Engineer,Software Engineering,National Data Services Agency,Federal Government,Northern Virginia,55250,FALSE,Personal Network
CID-732637,Computer Science,Bachelor of Science,General,Spring 2020,2020,Transfer,2.3,120,2.71,2.86,In-State,FALSE,12,1,0,3,16680,9220,Employed Full-Time,2.9,Junior Security Engineer,Cybersecurity,Parcel & Post Technologies,Logistics & Transportation,"Baltimore, MD",73000,FALSE,Faculty or Staff Referral
CID-941303,Computer Science,Bachelor of Science,General,Spring 2019,2019,First-Time Freshman,4.0,120,2.68,2.53,In-State,FALSE,12,1,0,1,26880,14740,Employed Full-Time,2.7,Associate Software Engineer,Software Engineering,Office of Technology Policy,Federal Government,"Washington, DC Metro",62750,FALSE,Online Application
CID-478424,Information Systems,Bachelor of Science,Business Analytics,Spring 2026,2026,First-Time Freshman,4.0,121,2.89,2.90,In-State,FALSE,17,0,0,2,35350,18420,Still Seeking,Not Applicable,Not Applicable,Not Applicable,Not Applicable,Not Applicable,Not Applicable,Not Applicable,Not Applicable,Not Applicable
CID-725906,Computer Science,Bachelor of Science,Data Science,Fall 2023,2023,First-Time Freshman,3.0,120,3.22,3.24,In-State,FALSE,9,2,0,3,37090,19650,Employed Full-Time,3.7,Junior DevOps Engineer,Infrastructure & Cloud,Office of Technology Policy,Federal Government,Remote - United States,89000,TRUE,Student Organization Connection
CID-941000,Computer Science,Bachelor of Science,Data Science,Spring 2018,2018,Transfer,6.3,121,2.11,2.11,In-State,FALSE,21,1,1,0,24380,20,Employed Full-Time,1.7,SOC Analyst,Cybersecurity,Meridian National Systems,Federal Contracting,"Washington, DC Metro",81500,FALSE,Online Application
CID-107788,Computer Science,Bachelor of Science,General,Fall 2018,2018,Transfer,3.0,122,2.03,2.07,In-State,FALSE,0,1,0,4,14370,8240,Employed Full-Time,0.5,Associate Software Engineer,Software Engineering,Chesapeake Defense Systems,Defense & Aerospace,"Washington, DC Metro",67500,FALSE,Return Offer from Internship
CID-371786,Computer Science,Bachelor of Science,Artificial Intelligence,Spring 2020,2020,Transfer,2.7,122,3.35,3.29,Out-of-State,FALSE,13,2,2,3,19710,0,Employed Full-Time,3.8,AI Research Assistant,Machine Learning & AI,Open Harbor Foundation,Nonprofit & Civic Tech,"Washington, DC Metro",70750,FALSE,Student Organization Connection
CID-726581,Computer Science,Bachelor of Science,General,Fall 2015,2015,Transfer,2.0,128,3.46,3.34,In-State,FALSE,10,0,0,2,8040,3150,Employed Full-Time,5.5,Software Engineer I,Software Engineering,Greenspring Health Systems,Healthcare & Life Sciences,"Washington, DC Metro",58000,FALSE,Faculty or Staff Referral
CID-725236,Computer Science,Bachelor of Science,Data Science,Spring 2015,2015,First-Time Freshman,4.0,120,3.12,3.08,In-State,FALSE,17,3,1,2,24460,14760,Still Seeking,Not Applicable,Not Applicable,Not Applicable,Not Applicable,Not Applicable,Not Applicable,Not Applicable,Not Applicable,Not Applicable
CID-644073,Computer Science,Bachelor of Science,General,Fall 2018,2018,Transfer,2.7,120,3.36,3.27,In-State,FALSE,15,0,0,5,20580,16580,Employed Full-Time,4.1,Junior Developer,Software Engineering,Patapsco Aerospace,Defense & Aerospace,Northern Virginia,69500,FALSE,Career Fair
CID-780199,Computer Science,Bachelor of Science,Data Science,Fall 2024,2024,First-Time Freshman,5.7,122,2.24,2.07,In-State,FALSE,6,2,0,3,51470,27760,Still Seeking,Not Applicable,Not Applicable,Not Applicable,Not Applicable,Not Applicable,Not Applicable,Not Applicable,Not Applicable,Not Applicable
CID-529502,Computer Science,Bachelor of Science,General,Summer 2016,2016,First-Time Freshman,3.7,122,2.92,2.78,In-State,FALSE,21,1,0,3,33950,33950,Employed Full-Time,0.4,Machine Learning Engineer I,Machine Learning & AI,Continental Wireless,Telecommunications,"Baltimore, MD",71000,FALSE,Return Offer from Internship
CID-101247,Information Systems,Bachelor of Science,General,Spring 2015,2015,First-Time Freshman,4.0,121,3.50,3.55,In-State,FALSE,11,2,2,6,30330,17390,Employed Full-Time,0.0,EHR Support Analyst,Health IT,Clarion Clinical Data,Healthcare & Life Sciences,"Washington, DC Metro",82500,FALSE,Career Fair
CID-684413,Information Systems,Bachelor of Science,Software Development,Spring 2019,2019,First-Time Freshman,4.0,121,2.94,3.15,Out-of-State,FALSE,6,0,0,1,60780,26070,Continuing Education,Not Applicable,Not Applicable,Not Applicable,Not Applicable,Not Applicable,Not Applicable,Not Applicable,Not Applicable,Not Applicable
CID-284462,Computer Science,Bachelor of Science,Cybersecurity,Spring 2015,2015,Transfer,1.3,126,2.48,2.48,In-State,FALSE,3,1,0,5,10620,3220,No Response,Not Applicable,Not Applicable,Not Applicable,Not Applicable,Not Applicable,Not Applicable,Not Applicable,Not Applicable,Not Applicable
CID-509344,Information Systems,Bachelor of Science,Cybersecurity Management,Fall 2015,2015,First-Time Freshman,4.3,121,3.02,3.10,In-State,FALSE,17,2,1,2,27020,19210,Continuing Education,Not Applicable,Not Applicable,Not Applicable,Not Applicable,Not Applicable,Not Applicable,Not Applicable,Not Applicable,Not Applicable
CID-169478,Computer Science,Bachelor of Science,Cybersecurity,Fall 2016,2016,First-Time Freshman,4.7,122,3.05,2.98,In-State,FALSE,12,4,2,1,32260,23230,Still Seeking,Not Applicable,Not Applicable,Not Applicable,Not Applicable,Not Applicable,Not Applicable,Not Applicable,Not Applicable,Not Applicable
CID-548333,Information Systems,Bachelor of Science,Software Development,Fall 2023,2023,Transfer,3.3,122,2.84,2.89,In-State,FALSE,10,0,1,1,14790,7960,Employed Full-Time,6.1,Business Analyst,IT Business & Product,Bayview Medical Informatics,Healthcare & Life Sciences,Remote - United States,53750,TRUE,Online Application
CID-700238,Information Systems,Bachelor of Science,General,Fall 2025,2025,First-Time Freshman,7.0,121,3.05,2.85,In-State,FALSE,20,2,2,4,42010,31720,Employed Full-Time,2.6,Business Intelligence Analyst,Data & Analytics,Marketside Digital,E-Commerce & Retail Tech,Remote - United States,81500,TRUE,Career Fair
CID-120894,Computer Science,Master of Science,General,Spring 2021,2021,Transfer,2.7,122,3.61,3.77,In-State,TRUE,6,1,0,4,6480,4600,Employed Full-Time,0.0,Associate Software Engineer,Software Engineering,Meridian National Systems,Federal Contracting,Northern Virginia,87750,TRUE,Career Fair
CID-935798,Information Systems,Bachelor of Science,General,Spring 2025,2025,Transfer,2.3,121,3.56,3.63,In-State,FALSE,2,1,0,3,17110,8640,Employed Full-Time,0.5,Health Data Analyst,Health IT,Calvert Advisory Group,Consulting & Professional Services,"Washington, DC Metro",110500,FALSE,Return Offer from Internship
CID-179686,Information Systems,Bachelor of Science,General,Fall 2015,2015,First-Time Freshman,4.3,121,2.46,2.50,In-State,FALSE,12,3,0,1,31600,10380,Employed Full-Time,0.7,Junior Systems Analyst,IT Business & Product,Blue Heron Technologies,Federal Contracting,"Baltimore, MD",74000,FALSE,Return Offer from Internship
CID-258142,Information Systems,Master of Science,Business Analytics,Spring 2023,2023,Transfer,2.0,121,2.94,2.94,In-State,TRUE,9,1,0,1,12070,5310,Still Seeking,Not Applicable,Not Applicable,Not Applicable,Not Applicable,Not Applicable,Not Applicable,Not Applicable,Not Applicable,Not Applicable
CID-790003,Information Systems,Bachelor of Science,Business Analytics,Spring 2026,2026,First-Time Freshman,3.7,118,3.49,3.58,In-State,FALSE,13,0,0,3,33140,9170,Employed Full-Time,3.5,IT Analyst,IT Business & Product,Shoreline Retail Group,E-Commerce & Retail Tech,"Washington, DC Metro",84250,FALSE,Career Fair
CID-504685,Computer Science,Bachelor of Science,General,Summer 2024,2024,First-Time Freshman,4.3,122,2.29,2.20,In-State,FALSE,0,2,3,4,43740,13260,Employed Full-Time,0.5,Associate Software Engineer,Software Engineering,Meridian National Systems,Federal Contracting,"Baltimore, MD",69250,FALSE,Return Offer from Internship
CID-689145,Information Systems,Bachelor of Science,Software Development,Spring 2023,2023,Transfer,2.7,120,2.46,2.41,In-State,FALSE,18,1,0,4,10940,5830,Employed Full-Time,0.6,Business Intelligence Analyst,Data & Analytics,Office of Technology Policy,Federal Government,San Francisco Bay Area,75750,TRUE,Return Offer from Internship
CID-692382,Information Systems,Master of Science,General,Spring 2026,2026,Transfer,2.7,115,3.54,3.81,In-State,TRUE,8,2,0,5,12530,3960,No Response,Not Applicable,Not Applicable,Not Applicable,Not Applicable,Not Applicable,Not Applicable,Not Applicable,Not Applicable,Not Applicable
CID-370764,Information Systems,Bachelor of Science,General,Spring 2019,2019,First-Time Freshman,3.7,121,3.18,3.30,Out-of-State,FALSE,0,1,1,2,49610,21750,Still Seeking,Not Applicable,Not Applicable,Not Applicable,Not Applicable,Not Applicable,Not Applicable,Not Applicable,Not Applicable,Not Applicable
CID-278043,Computer Science,Bachelor of Science,General,Fall 2016,2016,Transfer,2.3,120,3.41,3.50,In-State,FALSE,16,1,2,3,10090,640,No Response,Not Applicable,Not Applicable,Not Applicable,Not Applicable,Not Applicable,Not Applicable,Not Applicable,Not Applicable,Not Applicable
CID-860958,Computer Science,Bachelor of Science,Cybersecurity,Spring 2018,2018,First-Time Freshman,4.0,120,3.49,3.48,In-State,FALSE,12,1,0,3,24370,17560,Continuing Education,Not Applicable,Not Applicable,Not Applicable,Not Applicable,Not Applicable,Not Applicable,Not Applicable,Not Applicable,Not Applicable
CID-458597,Computer Science,Bachelor of Science,Artificial Intelligence,Fall 2019,2019,First-Time Freshman,4.3,122,2.92,2.88,Out-of-State,FALSE,4,1,0,1,83400,36910,No Response,Not Applicable,Not Applicable,Not Applicable,Not Applicable,Not Applicable,Not Applicable,Not Applicable,Not Applicable,Not Applicable
CID-357750,Information Systems,Bachelor of Science,Software Development,Spring 2015,2015,First-Time Freshman,4.0,121,3.27,3.35,In-State,FALSE,7,3,1,5,27650,17670,Employed Part-Time,1.6,Data Analyst,Data & Analytics,Greenspring Health Systems,Healthcare & Life Sciences,"Baltimore, MD",57250,FALSE,Alumni Network
CID-245801,Information Systems,Bachelor of Science,Health Information Technology,Spring 2022,2022,First-Time Freshman,4.0,121,3.60,3.45,In-State,FALSE,0,2,2,2,18780,10600,No Response,Not Applicable,Not Applicable,Not Applicable,Not Applicable,Not Applicable,Not Applicable,Not Applicable,Not Applicable,Not Applicable
CID-108442,Information Systems,Bachelor of Science,Health Information Technology,Spring 2022,2022,First-Time Freshman,3.3,121,3.32,3.25,In-State,FALSE,8,2,2,4,25480,9260,Employed Part-Time,0.0,Junior Security Engineer,Cybersecurity,Federal Health Data Office,Federal Government,"Washington, DC Metro",100500,FALSE,Career Fair
CID-155289,Information Systems,Bachelor of Science,Cybersecurity Management,Spring 2025,2025,First-Time Freshman,4.3,121,2.90,2.70,In-State,FALSE,19,2,0,4,40390,21910,Employed Full-Time,0.3,Associate Software Engineer,Software Engineering,Potomac Mission Solutions,Federal Contracting,Remote - United States,79000,TRUE,Return Offer from Internship
CID-838970,Information Systems,Bachelor of Science,General,Fall 2017,2017,Transfer,4.3,122,3.01,2.94,In-State,FALSE,20,1,0,1,9650,4160,No Response,Not Applicable,Not Applicable,Not Applicable,Not Applicable,Not Applicable,Not Applicable,Not Applicable,Not Applicable,Not Applicable
CID-694032,Computer Science,Bachelor of Science,Cybersecurity,Fall 2022,2022,Transfer,3.3,121,3.28,3.11,In-State,FALSE,8,0,0,1,8800,4150,Employed Full-Time,4.4,Junior ML Engineer,Machine Learning & AI,Fidelis Capital Partners,Financial Services,"Baltimore, MD",82250,FALSE,Recruiter Outreach
CID-527658,Information Systems,Bachelor of Science,Software Development,Spring 2022,2022,First-Time Freshman,3.7,121,3.59,3.55,In-State,FALSE,8,2,0,2,22950,21260,Employed Full-Time,0.2,Cloud Support Engineer,Infrastructure & Cloud,Piedmont Energy Partners,Energy & Utilities,Northern Virginia,106500,FALSE,Return Offer from Internship
CID-919962,Information Systems,Bachelor of Science,Business Analytics,Spring 2022,2022,First-Time Freshman,4.3,121,3.46,3.55,In-State,FALSE,8,1,2,5,28580,18060,Continuing Education,Not Applicable,Not Applicable,Not Applicable,Not Applicable,Not Applicable,Not Applicable,Not Applicable,Not Applicable,Not Applicable
CID-363850,Computer Science,Bachelor of Science,Artificial Intelligence,Fall 2025,2025,First-Time Freshman,4.0,122,2.75,2.61,In-State,FALSE,11,0,1,1,46160,26500,Still Seeking,Not Applicable,Not Applicable,Not Applicable,Not Applicable,Not Applicable,Not Applicable,Not Applicable,Not Applicable,Not Applicable
CID-664478,Information Systems,Master of Science,Software Development,Fall 2015,2015,Transfer,3.0,121,3.37,3.32,In-State,FALSE,11,0,0,2,9080,5960,Employed Full-Time,5.5,Junior Data Analyst,Data & Analytics,Severn River Consulting,Federal Contracting,"Baltimore, MD",52750,FALSE,Career Fair
CID-243884,Computer Science,Bachelor of Science,Cybersecurity,Fall 2025,2025,First-Time Freshman,3.7,120,3.19,3.10,In-State,FALSE,3,3,1,3,35680,17690,Employed Full-Time,0.6,SOC Analyst,Cybersecurity,Keystone Federal Services,Federal Contracting,"Baltimore, MD",105500,FALSE,Return Offer from Internship
CID-669269,Computer Science,Bachelor of Science,Cybersecurity,Fall 2019,2019,Transfer,4.0,122,3.16,3.24,In-State,FALSE,26,1,1,4,9240,5340,Military,Not Applicable,Not Applicable,Not Applicable,Not Applicable,Not Applicable,Not Applicable,Not Applicable,Not Applicable,Not Applicable
CID-812924,Information Systems,Bachelor of Science,General,Spring 2026,2026,First-Time Freshman,3.7,118,3.95,3.95,In-State,FALSE,15,1,0,5,17130,5960,No Response,Not Applicable,Not Applicable,Not Applicable,Not Applicable,Not Applicable,Not Applicable,Not Applicable,Not Applicable,Not Applicable
CID-908267,Computer Science,Bachelor of Science,Data Science,Fall 2022,2022,First-Time Freshman,4.3,122,2.70,2.73,Out-of-State,FALSE,6,1,0,1,61680,23110,Employed Full-Time,0.9,Junior Developer,Software Engineering,National Data Services Agency,Federal Government,"Washington, DC Metro",72000,FALSE,Student Organization Connection
CID-382353,Computer Science,Bachelor of Science,General,Spring 2017,2017,First-Time Freshman,3.3,120,3.36,3.09,In-State,FALSE,9,1,0,0,30620,12490,No Response,Not Applicable,Not Applicable,Not Applicable,Not Applicable,Not Applicable,Not Applicable,Not Applicable,Not Applicable,Not Applicable
CID-438934,Information Systems,Bachelor of Science,Cybersecurity Management,Spring 2024,2024,Transfer,3.3,121,2.94,3.05,Out-of-State,FALSE,17,1,0,3,20890,1320,No Response,Not Applicable,Not Applicable,Not Applicable,Not Applicable,Not Applicable,Not Applicable,Not Applicable,Not Applicable,Not Applicable
CID-651703,Information Systems,Bachelor of Science,Business Analytics,Spring 2026,2026,Transfer,3.0,120,3.74,3.88,In-State,FALSE,17,2,1,5,10580,0,Employed Full-Time,0.1,EHR Support Analyst,Health IT,Calvert Advisory Group,Consulting & Professional Services,"Washington, DC Metro",109500,FALSE,Return Offer from Internship
CID-520556,Information Systems,Bachelor of Science,General,Fall 2023,2023,First-Time Freshman,4.0,121,2.79,2.65,In-State,FALSE,18,0,0,2,43080,27760,No Response,Not Applicable,Not Applicable,Not Applicable,Not Applicable,Not Applicable,Not Applicable,Not Applicable,Not Applicable,Not Applicable
CID-314704,Information Systems,Bachelor of Science,General,Spring 2021,2021,Transfer,2.7,120,3.52,3.53,In-State,FALSE,2,1,0,2,11890,10200,Employed Full-Time,0.3,IT Analyst,IT Business & Product,University of Maryland System,Higher Education,"Columbia/Howard County, MD",70250,FALSE,Return Offer from Internship
CID-897641,Computer Science,Bachelor of Science,Software Engineering,Spring 2024,2024,First-Time Freshman,7.0,122,3.07,3.00,Out-of-State,FALSE,31,0,1,2,62630,41580,No Response,Not Applicable,Not Applicable,Not Applicable,Not Applicable,Not Applicable,Not Applicable,Not Applicable,Not Applicable,Not Applicable
CID-852412,Information Systems,Bachelor of Science,Cybersecurity Management,Spring 2025,2025,First-Time Freshman,4.3,121,2.93,2.85,Out-of-State,FALSE,5,1,0,2,85350,41240,Employed Full-Time,4.8,SOC Analyst,Cybersecurity,Harbor Mutual Insurance,Insurance,"Philadelphia, PA",82000,FALSE,Recruiter Outreach
CID-124225,Computer Science,Bachelor of Science,General,Spring 2019,2019,First-Time Freshman,8.3,122,2.87,2.85,In-State,FALSE,21,1,0,1,36130,6910,Employed Full-Time,0.1,Systems Administrator,Infrastructure & Cloud,Chesapeake Defense Systems,Defense & Aerospace,"Washington, DC Metro",100500,FALSE,Return Offer from Internship
CID-826132,Computer Science,Bachelor of Science,Artificial Intelligence,Spring 2020,2020,First-Time Freshman,4.0,120,2.58,2.43,In-State,FALSE,4,1,3,2,40650,5450,Employed Full-Time,3.0,Systems Administrator,Infrastructure & Cloud,Arbor Peak Technologies,Software Products,"Baltimore, MD",89750,FALSE,Career Fair
CID-823546,Computer Science,Bachelor of Science,Software Engineering,Spring 2026,2026,First-Time Freshman,6.3,97,2.11,1.93,In-State,FALSE,23,0,0,3,53810,33680,Still Seeking,Not Applicable,Not Applicable,Not Applicable,Not Applicable,Not Applicable,Not Applicable,Not Applicable,Not Applicable,Not Applicable
CID-567018,Information Systems,Bachelor of Science,Cybersecurity Management,Spring 2019,2019,Transfer,4.3,120,2.15,2.18,In-State,FALSE,21,1,2,1,14890,7080,Employed Full-Time,0.2,Systems Administrator,Infrastructure & Cloud,Federal Health Data Office,Federal Government,"Washington, DC Metro",72000,FALSE,Return Offer from Internship
CID-891739,Information Systems,Bachelor of Science,Cybersecurity Management,Spring 2015,2015,Transfer,2.7,121,3.19,3.11,In-State,FALSE,14,0,0,3,8420,7760,Employed Full-Time,8.3,Junior Developer,Software Engineering,Copper Ridge Data Centers,Cloud & Infrastructure,"Columbia/Howard County, MD",55000,FALSE,Alumni Network
CID-791696,Computer Science,Bachelor of Science,General,Fall 2018,2018,Transfer,3.3,121,2.71,2.50,In-State,FALSE,18,1,0,3,14450,8590,Employed Full-Time,3.1,Cloud Support Engineer,Infrastructure & Cloud,Tessellate Labs,Software Products,"Atlanta, GA",65750,FALSE,Online Application
CID-601867,Computer Science,Bachelor of Science,General,Fall 2015,2015,First-Time Freshman,3.7,120,3.54,3.28,In-State,FALSE,14,1,0,2,29430,10740,Employed Full-Time,5.2,Software Engineer I,Software Engineering,Wayfinder Technology Advisors,Consulting & Professional Services,"Washington, DC Metro",80250,FALSE,Online Application
CID-951348,Computer Science,Bachelor of Science,General,Spring 2026,2026,First-Time Freshman,3.7,118,2.61,2.63,Out-of-State,FALSE,19,1,1,2,92110,33360,Employed Full-Time,0.4,Systems Administrator,Infrastructure & Cloud,Northwind Platform Co.,Software Products,"Denver, CO",114000,FALSE,Return Offer from Internship
CID-543365,Computer Science,Bachelor of Science,General,Fall 2024,2024,First-Time Freshman,4.3,120,2.92,2.96,In-State,FALSE,17,0,0,3,36620,16500,Employed Full-Time,2.1,Cloud Support Engineer,Infrastructure & Cloud,Falconview Systems,Software Products,Northern Virginia,98750,FALSE,Student Organization Connection
CID-976174,Computer Science,Bachelor of Science,General,Spring 2026,2026,First-Time Freshman,6.7,95,2.39,2.41,Out-of-State,FALSE,20,0,0,3,87330,62860,No Response,Not Applicable,Not Applicable,Not Applicable,Not Applicable,Not Applicable,Not Applicable,Not Applicable,Not Applicable,Not Applicable
CID-372168,Information Systems,Bachelor of Science,General,Spring 2019,2019,First-Time Freshman,3.3,121,3.77,3.80,In-State,FALSE,0,1,0,2,36020,16060,No Response,Not Applicable,Not Applicable,Not Applicable,Not Applicable,Not Applicable,Not Applicable,Not Applicable,Not Applicable,Not Applicable
CID-190818,Computer Science,Bachelor of Science,General,Fall 2025,2025,First-Time Freshman,3.7,120,2.90,2.95,In-State,FALSE,6,0,0,0,41810,17140,No Response,Not Applicable,Not Applicable,Not Applicable,Not Applicable,Not Applicable,Not Applicable,Not Applicable,Not Applicable,Not Applicable
CID-522340,Computer Science,Bachelor of Science,General,Fall 2016,2016,Transfer,5.3,120,2.65,2.61,In-State,FALSE,27,2,3,4,12190,7050,Employed Full-Time,0.5,SOC Analyst,Cybersecurity,Patapsco Aerospace,Defense & Aerospace,Northern Virginia,102000,FALSE,Return Offer from Internship
CID-748092,Computer Science,Bachelor of Science,General,Fall 2015,2015,First-Time Freshman,4.0,123,2.67,2.62,In-State,FALSE,12,0,0,2,30200,4370,Still Seeking,Not Applicable,Not Applicable,Not Applicable,Not Applicable,Not Applicable,Not Applicable,Not Applicable,Not Applicable,Not Applicable
CID-457603,Information Systems,Bachelor of Science,Business Analytics,Spring 2020,2020,First-Time Freshman,6.7,121,3.22,3.30,In-State,FALSE,16,0,0,1,50830,23890,Employed Full-Time,8.7,Business Analyst,IT Business & Product,Calvert Advisory Group,Consulting & Professional Services,"Baltimore, MD",57250,FALSE,Alumni Network
CID-217380,Computer Science,Bachelor of Science,Software Engineering,Fall 2024,2024,First-Time Freshman,4.3,120,2.74,2.60,In-State,FALSE,8,0,0,2,34960,19870,Employed Full-Time,7.1,Machine Learning Engineer I,Machine Learning & AI,Brightline Software Group,Software Products,Northern Virginia,83750,FALSE,Career Fair
CID-210469,Information Systems,Bachelor of Science,Cybersecurity Management,Spring 2025,2025,Transfer,2.7,120,2.53,2.50,In-State,FALSE,25,1,0,1,11000,4610,Employed Full-Time,0.3,Junior Security Engineer,Cybersecurity,Meridian National Systems,Federal Contracting,"Washington, DC Metro",77250,FALSE,Return Offer from Internship
CID-273432,Computer Science,Bachelor of Science,Artificial Intelligence,Fall 2022,2022,Transfer,5.7,126,1.49,1.43,In-State,FALSE,15,1,0,3,26610,21770,Employed Full-Time,0.0,Junior ML Engineer,Machine Learning & AI,Harborline Networks,Cloud & Infrastructure,Remote - United States,61250,TRUE,Personal Network
CID-411195,Computer Science,Bachelor of Science,Software Engineering,Spring 2025,2025,First-Time Freshman,3.7,120,3.07,3.05,In-State,FALSE,9,1,2,2,46350,27300,Employed Part-Time,1.3,Software Engineer I,Software Engineering,Maryland Department of IT,Federal Government,"Baltimore, MD",68750,FALSE,Recruiter Outreach
CID-484205,Computer Science,Bachelor of Science,Cybersecurity,Spring 2026,2026,First-Time Freshman,5.0,120,2.17,2.39,In-State,FALSE,11,1,0,0,51610,15660,Employed Full-Time,0.0,Help Desk Technician,IT Support & Operations,Chesapeake Defense Systems,Defense & Aerospace,Remote - United States,66500,TRUE,Faculty or Staff Referral
CID-367790,Computer Science,Bachelor of Science,General,Fall 2019,2019,Transfer,2.7,121,3.19,3.29,In-State,FALSE,7,1,0,3,10330,3130,No Response,Not Applicable,Not Applicable,Not Applicable,Not Applicable,Not Applicable,Not Applicable,Not Applicable,Not Applicable,Not Applicable
CID-306353,Computer Science,Bachelor of Science,General,Fall 2019,2019,Transfer,2.7,122,3.25,3.43,In-State,FALSE,13,2,0,2,14480,7310,Employed Full-Time,0.3,Junior ML Engineer,Machine Learning & AI,Northwind Platform Co.,Software Products,"Washington, DC Metro",92250,FALSE,Return Offer from Internship
CID-467584,Computer Science,Bachelor of Science,General,Fall 2023,2023,First-Time Freshman,5.7,120,3.37,3.18,In-State,FALSE,20,2,0,1,38210,29750,Employed Full-Time,0.2,Junior Security Engineer,Cybersecurity,National Data Services Agency,Federal Government,"Washington, DC Metro",97750,FALSE,Return Offer from Internship
CID-738737,Information Systems,Bachelor of Science,General,Fall 2016,2016,Transfer,3.3,122,3.39,3.39,In-State,FALSE,14,0,0,3,10900,4410,Employed Full-Time,4.6,IT Analyst,IT Business & Product,Potomac Mission Solutions,Federal Contracting,"Baltimore, MD",72500,FALSE,Online Application
CID-546524,Computer Science,Bachelor of Science,General,Spring 2025,2025,First-Time Freshman,5.7,122,2.48,2.58,In-State,FALSE,18,3,0,4,53540,12000,Employed Full-Time,0.3,SOC Analyst,Cybersecurity,CareBridge Technology,Healthcare & Life Sciences,"Baltimore, MD",87500,FALSE,Return Offer from Internship
CID-492237,Computer Science,Bachelor of Science,Data Science,Spring 2017,2017,First-Time Freshman,4.0,122,3.40,3.37,Out-of-State,FALSE,2,1,0,2,69750,31040,No Response,Not Applicable,Not Applicable,Not Applicable,Not Applicable,Not Applicable,Not Applicable,Not Applicable,Not Applicable,Not Applicable
CID-518342,Information Systems,Bachelor of Science,Software Development,Spring 2020,2020,First-Time Freshman,4.0,121,2.64,2.75,In-State,FALSE,10,1,0,0,31640,16680,Continuing Education,Not Applicable,Not Applicable,Not Applicable,Not Applicable,Not Applicable,Not Applicable,Not Applicable,Not Applicable,Not Applicable
CID-317387,Computer Science,Bachelor of Science,General,Fall 2022,2022,First-Time Freshman,4.0,120,2.92,2.75,In-State,FALSE,0,1,0,4,50160,14730,Employed Part-Time,0.0,Machine Learning Engineer I,Machine Learning & AI,Cartway Commerce,E-Commerce & Retail Tech,"Baltimore, MD",73250,FALSE,Return Offer from Internship
CID-666565,Computer Science,Bachelor of Science,Software Engineering,Fall 2022,2022,First-Time Freshman,10.0,118,2.02,2.07,Out-of-State,FALSE,25,1,0,1,103950,78670,Employed Full-Time,0.0,Junior Developer,Software Engineering,Federal Health Data Office,Federal Government,"Washington, DC Metro",59750,FALSE,Alumni Network
CID-896854,Computer Science,Bachelor of Science,Data Science,Spring 2020,2020,First-Time Freshman,4.0,120,2.70,2.57,In-State,FALSE,8,1,3,2,42890,14500,No Response,Not Applicable,Not Applicable,Not Applicable,Not Applicable,Not Applicable,Not Applicable,Not Applicable,Not Applicable,Not Applicable
CID-435731,Information Systems,Bachelor of Science,Cybersecurity Management,Fall 2021,2021,Transfer,3.3,121,3.36,3.32,In-State,FALSE,12,0,1,1,16470,12690,Employed Full-Time,1.2,Security Analyst I,Cybersecurity,Quarry Road Software,Software Products,"Baltimore, MD",65250,FALSE,Recruiter Outreach
CID-257052,Computer Science,Bachelor of Science,Data Science,Spring 2022,2022,First-Time Freshman,3.3,121,3.19,3.06,In-State,FALSE,15,2,0,2,29610,18720,Employed Full-Time,0.6,AI Research Assistant,Machine Learning & AI,Fidelis Capital Partners,Financial Services,Remote - United States,92000,TRUE,Return Offer from Internship
CID-603720,Computer Science,Bachelor of Science,General,Spring 2025,2025,Transfer,1.3,131,2.93,2.91,In-State,FALSE,10,0,0,2,14790,8470,No Response,Not Applicable,Not Applicable,Not Applicable,Not Applicable,Not Applicable,Not Applicable,Not Applicable,Not Applicable,Not Applicable
CID-248417,Computer Science,Bachelor of Science,General,Spring 2021,2021,First-Time Freshman,8.7,122,2.55,2.57,In-State,FALSE,19,2,1,2,59120,16430,Employed Full-Time,0.0,Junior Developer,Software Engineering,Shoreline Retail Group,E-Commerce & Retail Tech,"Columbia/Howard County, MD",77500,FALSE,Online Application
CID-754177,Computer Science,Bachelor of Science,Software Engineering,Spring 2026,2026,First-Time Freshman,3.7,100,2.43,2.39,In-State,FALSE,1,0,0,2,37490,17510,Still Seeking,Not Applicable,Not Applicable,Not Applicable,Not Applicable,Not Applicable,Not Applicable,Not Applicable,Not Applicable,Not Applicable
CID-805564,Computer Science,Bachelor of Science,Artificial Intelligence,Fall 2022,2022,First-Time Freshman,3.3,120,3.37,3.23,In-State,FALSE,6,0,3,3,36070,27200,Still Seeking,Not Applicable,Not Applicable,Not Applicable,Not Applicable,Not Applicable,Not Applicable,Not Applicable,Not Applicable,Not Applicable
CID-824749,Information Systems,Bachelor of Science,Health Information Technology,Spring 2026,2026,First-Time Freshman,6.0,121,1.67,1.81,Out-of-State,FALSE,5,1,0,1,122590,69950,Employed Full-Time,2.9,Security Analyst I,Cybersecurity,Allied Shield Insurance Group,Insurance,Northern Virginia,80500,FALSE,Student Organization Connection
CID-259388,Computer Science,Bachelor of Science,Data Science,Fall 2022,2022,First-Time Freshman,3.7,121,3.11,3.12,Out-of-State,FALSE,1,1,2,1,60490,45380,Employed Full-Time,0.0,Business Intelligence Analyst,Data & Analytics,Cartway Commerce,E-Commerce & Retail Tech,"Washington, DC Metro",90250,FALSE,Personal Network
CID-325553,Information Systems,Bachelor of Science,General,Spring 2021,2021,Transfer,3.7,120,3.12,3.26,In-State,FALSE,0,2,0,1,13030,8620,Continuing Education,Not Applicable,Not Applicable,Not Applicable,Not Applicable,Not Applicable,Not Applicable,Not Applicable,Not Applicable,Not Applicable
CID-800517,Computer Science,Bachelor of Science,General,Fall 2018,2018,Transfer,2.0,121,3.72,3.64,In-State,FALSE,7,1,3,6,2860,2250,Employed Full-Time,0.3,IT Support Specialist,IT Support & Operations,Catoctin Analytics Group,Federal Contracting,"Washington, DC Metro",93750,FALSE,Return Offer from Internship
CID-918649,Computer Science,Bachelor of Science,Software Engineering,Fall 2023,2023,First-Time Freshman,4.3,123,3.61,3.68,In-State,FALSE,3,2,0,1,45520,16360,Employed Full-Time,0.3,Business Intelligence Analyst,Data & Analytics,Chesapeake Defense Systems,Defense & Aerospace,Northern Virginia,94500,FALSE,Return Offer from Internship
CID-407478,Computer Science,Bachelor of Science,General,Spring 2022,2022,First-Time Freshman,3.0,121,3.74,3.65,Out-of-State,FALSE,12,2,0,2,79620,44660,Employed Full-Time,0.0,Junior DevOps Engineer,Infrastructure & Cloud,National Data Services Agency,Federal Government,"Baltimore, MD",82250,FALSE,Student Organization Connection
CID-724552,Information Systems,Bachelor of Science,Cybersecurity Management,Spring 2023,2023,First-Time Freshman,4.0,121,2.83,2.80,In-State,FALSE,10,1,0,1,41800,0,Employed Full-Time,0.3,Security Analyst I,Cybersecurity,Pinnacle Bridge Partners,Consulting & Professional Services,"Washington, DC Metro",113500,FALSE,Return Offer from Internship
CID-752630,Computer Science,Bachelor of Science,General,Fall 2020,2020,First-Time Freshman,3.7,120,2.74,2.81,In-State,FALSE,18,0,0,3,32190,14410,Employed Full-Time,6.9,Machine Learning Engineer I,Machine Learning & AI,Wayfinder Technology Advisors,Consulting & Professional Services,"Baltimore, MD",66250,FALSE,Recruiter Outreach
CID-350043,Information Systems,Bachelor of Science,Software Development,Spring 2025,2025,Transfer,2.3,121,2.67,2.61,In-State,FALSE,12,1,2,3,13370,8500,Continuing Education,Not Applicable,Not Applicable,Not Applicable,Not Applicable,Not Applicable,Not Applicable,Not Applicable,Not Applicable,Not Applicable
CID-545473,Computer Science,Bachelor of Science,Cybersecurity,Fall 2023,2023,First-Time Freshman,3.7,120,3.90,3.86,In-State,FALSE,4,2,0,0,23800,17740,Employed Full-Time,0.3,Software Engineer I,Software Engineering,Copper Ridge Data Centers,Cloud & Infrastructure,"Baltimore, MD",109500,FALSE,Return Offer from Internship
CID-893013,Information Systems,Bachelor of Science,General,Fall 2023,2023,Transfer,2.7,121,2.74,2.72,In-State,FALSE,18,2,0,4,15410,12210,Employed Full-Time,0.5,Junior DevOps Engineer,Infrastructure & Cloud,Chesterfield Asset Management,Financial Services,Northern Virginia,109000,FALSE,Return Offer from Internship
CID-103018,Computer Science,Bachelor of Science,Artificial Intelligence,Spring 2017,2017,First-Time Freshman,3.7,120,3.11,2.98,In-State,FALSE,13,1,0,0,27440,8920,Continuing Education,Not Applicable,Not Applicable,Not Applicable,Not Applicable,Not Applicable,Not Applicable,Not Applicable,Not Applicable,Not Applicable
CID-138674,Computer Science,Bachelor of Science,Artificial Intelligence,Fall 2021,2021,Transfer,2.7,120,3.14,3.28,In-State,FALSE,8,1,2,5,14600,11600,Employed Full-Time,2.0,Junior Systems Analyst,IT Business & Product,Falconview Systems,Software Products,"Baltimore, MD",98500,FALSE,Career Fair
CID-219696,Information Systems,Bachelor of Science,Cybersecurity Management,Spring 2022,2022,Transfer,2.0,121,3.84,3.81,In-State,FALSE,17,1,0,1,6850,530,Employed Full-Time,0.0,IT Analyst,IT Business & Product,Civic Code Alliance,Nonprofit & Civic Tech,"Baltimore, MD",68000,FALSE,Recruiter Outreach
CID-992891,Information Systems,Bachelor of Science,Software Development,Fall 2017,2017,First-Time Freshman,4.3,121,3.37,3.43,In-State,FALSE,17,2,0,2,28190,17570,Continuing Education,Not Applicable,Not Applicable,Not Applicable,Not Applicable,Not Applicable,Not Applicable,Not Applicable,Not Applicable,Not Applicable
CID-795281,Information Systems,Bachelor of Science,General,Spring 2023,2023,First-Time Freshman,3.7,121,2.69,2.50,Out-of-State,FALSE,12,1,0,1,94710,56800,Military,Not Applicable,Not Applicable,Not Applicable,Not Applicable,Not Applicable,Not Applicable,Not Applicable,Not Applicable,Not Applicable
CID-749974,Computer Science,Bachelor of Science,Data Science,Fall 2015,2015,Transfer,3.0,120,3.26,3.26,In-State,FALSE,5,2,0,3,12750,3890,No Response,Not Applicable,Not Applicable,Not Applicable,Not Applicable,Not Applicable,Not Applicable,Not Applicable,Not Applicable,Not Applicable
CID-584856,Information Systems,Master of Science,General,Spring 2023,2023,First-Time Freshman,3.7,121,3.22,3.30,In-State,TRUE,15,0,0,2,35680,6830,Employed Full-Time,3.7,Junior Security Engineer,Cybersecurity,Antietam Systems Integration,Federal Contracting,"Baltimore, MD",86750,FALSE,Career Fair
CID-965140,Computer Science,Bachelor of Science,General,Fall 2022,2022,Transfer,1.7,125,2.97,2.86,In-State,FALSE,10,1,0,2,13590,200,No Response,Not Applicable,Not Applicable,Not Applicable,Not Applicable,Not Applicable,Not Applicable,Not Applicable,Not Applicable,Not Applicable
CID-951961,Information Systems,Bachelor of Science,Business Analytics,Spring 2019,2019,First-Time Freshman,4.0,121,3.05,3.10,In-State,FALSE,12,2,3,5,17250,0,Employed Full-Time,0.0,IT Support Specialist,IT Support & Operations,Shoreline Retail Group,E-Commerce & Retail Tech,"Baltimore, MD",60750,FALSE,Return Offer from Internship
CID-155924,Computer Science,Bachelor of Science,Software Engineering,Fall 2025,2025,Transfer,2.0,120,2.53,2.53,In-State,FALSE,6,0,0,1,17970,8770,Employed Full-Time,6.0,Junior Developer,Software Engineering,Fidelis Capital Partners,Financial Services,"Washington, DC Metro",71500,FALSE,Online Application
CID-392664,Information Systems,Bachelor of Science,General,Fall 2024,2024,First-Time Freshman,3.7,121,3.07,3.00,In-State,FALSE,7,1,0,0,42410,15980,Continuing Education,Not Applicable,Not Applicable,Not Applicable,Not Applicable,Not Applicable,Not Applicable,Not Applicable,Not Applicable,Not Applicable
CID-934816,Computer Science,Bachelor of Science,Cybersecurity,Spring 2017,2017,First-Time Freshman,3.3,120,3.32,3.43,In-State,FALSE,5,1,0,1,18120,9010,Employed Full-Time,0.0,SOC Analyst,Cybersecurity,Civic Code Alliance,Nonprofit & Civic Tech,"Washington, DC Metro",71750,FALSE,Online Application
CID-107259,Information Systems,Bachelor of Science,General,Fall 2022,2022,First-Time Freshman,4.0,121,2.87,2.85,In-State,FALSE,9,2,3,3,29850,23610,No Response,Not Applicable,Not Applicable,Not Applicable,Not Applicable,Not Applicable,Not Applicable,Not Applicable,Not Applicable,Not Applicable
CID-238081,Computer Science,Bachelor of Science,Data Science,Fall 2023,2023,First-Time Freshman,3.3,120,3.42,3.35,In-State,FALSE,10,1,0,2,33760,16820,Continuing Education,Not Applicable,Not Applicable,Not Applicable,Not Applicable,Not Applicable,Not Applicable,Not Applicable,Not Applicable,Not Applicable
CID-848486,Information Systems,Bachelor of Science,Business Analytics,Spring 2026,2026,Transfer,2.7,119,3.07,3.18,In-State,FALSE,9,1,0,1,18020,10510,Continuing Education,Not Applicable,Not Applicable,Not Applicable,Not Applicable,Not Applicable,Not Applicable,Not Applicable,Not Applicable,Not Applicable
CID-520579,Computer Science,Bachelor of Science,Software Engineering,Fall 2019,2019,First-Time Freshman,4.0,122,3.76,3.82,In-State,FALSE,8,2,1,2,30690,22850,Employed Full-Time,0.0,Junior Security Engineer,Cybersecurity,Beacon Telecom Services,Telecommunications,Northern Virginia,127500,FALSE,Recruiter Outreach
CID-902044,Computer Science,Bachelor of Science,General,Fall 2015,2015,First-Time Freshman,4.3,122,3.26,3.35,Out-of-State,FALSE,15,1,0,10,60060,36690,Employed Full-Time,3.1,IT Support Specialist,IT Support & Operations,Chesterfield Asset Management,Financial Services,"Baltimore, MD",56500,FALSE,Student Organization Connection
CID-344362,Computer Science,Bachelor of Science,General,Spring 2024,2024,First-Time Freshman,3.7,120,2.83,2.91,In-State,FALSE,11,1,2,6,42540,24050,Employed Full-Time,0.0,Associate Software Engineer,Software Engineering,Harborline Networks,Cloud & Infrastructure,"Washington, DC Metro",101000,FALSE,Return Offer from Internship
CID-687690,Information Systems,Master of Science,Health Information Technology,Spring 2020,2020,First-Time Freshman,4.0,121,3.24,3.40,Out-of-State,FALSE,11,3,2,6,56530,13020,Employed Full-Time,0.0,SOC Analyst,Cybersecurity,Ironwood Cyber,Cybersecurity Services,"Washington, DC Metro",96500,FALSE,Return Offer from Internship
CID-952289,Information Systems,Bachelor of Science,Cybersecurity Management,Spring 2019,2019,Transfer,3.0,121,3.62,3.67,In-State,FALSE,16,0,0,3,9180,2180,Continuing Education,Not Applicable,Not Applicable,Not Applicable,Not Applicable,Not Applicable,Not Applicable,Not Applicable,Not Applicable,Not Applicable
CID-386167,Information Systems,Bachelor of Science,Business Analytics,Fall 2021,2021,First-Time Freshman,4.0,121,2.87,2.90,In-State,FALSE,11,1,0,3,32140,16970,Employed Full-Time,2.2,Machine Learning Engineer I,Machine Learning & AI,Cartway Commerce,E-Commerce & Retail Tech,"New York, NY",94750,FALSE,Career Fair
CID-561140,Computer Science,Bachelor of Science,General,Spring 2017,2017,First-Time Freshman,3.3,120,3.67,3.67,Out-of-State,FALSE,0,2,1,1,49770,25400,Employed Full-Time,0.1,Security Analyst I,Cybersecurity,Keystone Federal Services,Federal Contracting,"Columbia/Howard County, MD",91250,FALSE,Return Offer from Internship
CID-957504,Information Systems,Bachelor of Science,Business Analytics,Spring 2018,2018,First-Time Freshman,4.0,121,2.57,2.35,In-State,FALSE,8,1,0,2,28300,7240,Employed Full-Time,0.5,Associate Software Engineer,Software Engineering,Keystone Federal Services,Federal Contracting,"Washington, DC Metro",62750,FALSE,Alumni Network
CID-859598,Information Systems,Bachelor of Science,Cybersecurity Management,Spring 2021,2021,Transfer,5.7,122,2.50,2.39,In-State,FALSE,25,1,2,4,21480,14340,Employed Full-Time,0.0,SOC Analyst,Cybersecurity,National Data Services Agency,Federal Government,Remote - United States,79000,TRUE,Career Fair
CID-869078,Information Systems,Bachelor of Science,Business Analytics,Spring 2023,2023,First-Time Freshman,3.3,121,3.40,3.30,In-State,FALSE,3,2,0,4,35130,11850,Employed Full-Time,0.3,Business Analyst,IT Business & Product,Monument Bank Technology,Financial Services,Northern Virginia,83000,FALSE,Return Offer from Internship
CID-440606,Computer Science,Master of Science,Software Engineering,Fall 2017,2017,First-Time Freshman,4.3,122,3.36,3.25,In-State,TRUE,10,1,0,3,25760,11810,Employed Full-Time,0.3,Associate Software Engineer,Software Engineering,Lumen Grid Software,Software Products,"Washington, DC Metro",87750,FALSE,Career Fair
CID-723633,Computer Science,Bachelor of Science,Software Engineering,Spring 2020,2020,First-Time Freshman,5.0,122,2.56,2.54,Out-of-State,FALSE,20,0,2,2,62200,39770,Employed Full-Time,7.7,Junior Developer,Software Engineering,Keystone Federal Services,Federal Contracting,"Baltimore, MD",64750,FALSE,Career Fair
CID-527010,Computer Science,Bachelor of Science,Software Engineering,Spring 2023,2023,Transfer,1.7,122,2.79,2.71,In-State,FALSE,8,0,3,3,11690,5710,Employed Full-Time,5.5,Health Data Analyst,Health IT,Blue Heron Technologies,Federal Contracting,"Baltimore, MD",72250,FALSE,Personal Network
CID-835541,Computer Science,Bachelor of Science,General,Fall 2019,2019,First-Time Freshman,4.0,121,2.95,2.89,In-State,FALSE,15,0,0,1,38980,21350,Continuing Education,Not Applicable,Not Applicable,Not Applicable,Not Applicable,Not Applicable,Not Applicable,Not Applicable,Not Applicable,Not Applicable
CID-645524,Computer Science,Bachelor of Science,Artificial Intelligence,Spring 2020,2020,First-Time Freshman,3.7,120,3.52,3.45,Out-of-State,FALSE,5,1,0,1,56030,28840,Employed Full-Time,2.8,Junior Data Analyst,Data & Analytics,Stratus Cloud Works,Cloud & Infrastructure,Northern Virginia,94250,FALSE,Online Application
CID-782911,Computer Science,Bachelor of Science,Software Engineering,Summer 2017,2017,First-Time Freshman,3.3,120,3.46,3.65,Out-of-State,FALSE,1,1,0,1,63770,23590,Employed Full-Time,0.0,Associate Software Engineer,Software Engineering,Falconview Systems,Software Products,"Baltimore, MD",69500,FALSE,Faculty or Staff Referral
CID-202847,Information Systems,Bachelor of Science,General,Spring 2020,2020,Transfer,3.0,122,3.35,3.33,Out-of-State,FALSE,7,0,0,0,29450,17400,No Response,Not Applicable,Not Applicable,Not Applicable,Not Applicable,Not Applicable,Not Applicable,Not Applicable,Not Applicable,Not Applicable
CID-696968,Computer Science,Bachelor of Science,General,Fall 2018,2018,First-Time Freshman,6.3,122,2.13,2.19,Out-of-State,FALSE,16,2,0,5,65180,15070,Employed Full-Time,0.2,Associate Software Engineer,Software Engineering,Northfield Biosciences,Healthcare & Life Sciences,"Washington, DC Metro",68500,FALSE,Return Offer from Internship
CID-724912,Computer Science,Bachelor of Science,Artificial Intelligence,Spring 2015,2015,Transfer,2.7,120,3.09,3.15,In-State,FALSE,11,0,0,1,10280,6920,Employed Full-Time,5.6,Software Engineer I,Software Engineering,Northfield Biosciences,Healthcare & Life Sciences,"Washington, DC Metro",64000,FALSE,Online Application
CID-634850,Information Systems,Bachelor of Science,Cybersecurity Management,Spring 2021,2021,Transfer,2.7,121,3.39,3.50,In-State,FALSE,8,0,0,2,12700,7360,Employed Full-Time,1.7,Junior Data Analyst,Data & Analytics,Wayfinder Technology Advisors,Consulting & Professional Services,"Washington, DC Metro",84250,FALSE,Career Fair
CID-534402,Computer Science,Bachelor of Science,Data Science,Spring 2017,2017,First-Time Freshman,8.3,121,2.47,2.35,In-State,FALSE,36,0,0,1,39810,14360,Employed Full-Time,6.6,Machine Learning Engineer I,Machine Learning & AI,CareBridge Technology,Healthcare & Life Sciences,Northern Virginia,57500,FALSE,Alumni Network
CID-885025,Information Systems,Bachelor of Science,Health Information Technology,Spring 2024,2024,Transfer,3.3,122,3.03,3.06,In-State,FALSE,13,0,0,2,18670,13670,Employed Full-Time,5.6,Business Intelligence Analyst,Data & Analytics,Meridian National Systems,Federal Contracting,"Baltimore, MD",65750,FALSE,Faculty or Staff Referral
CID-771302,Information Systems,Bachelor of Science,General,Spring 2021,2021,Transfer,2.3,121,3.57,3.50,In-State,FALSE,1,0,0,1,13560,4560,Employed Full-Time,7.0,Health Data Analyst,Health IT,Redoubt Security Partners,Cybersecurity Services,"Baltimore, MD",57250,FALSE,Online Application
CID-248093,Computer Science,Bachelor of Science,General,Spring 2021,2021,First-Time Freshman,4.0,120,2.81,3.00,Out-of-State,FALSE,9,3,1,4,70300,50870,Employed Full-Time,0.0,SOC Analyst,Cybersecurity,Keystone Federal Services,Federal Contracting,"Baltimore, MD",99750,TRUE,Return Offer from Internship
CID-979049,Computer Science,Master of Science,Data Science,Spring 2026,2026,First-Time Freshman,3.3,122,3.50,3.30,In-State,TRUE,8,1,0,9,45630,13750,Employed Full-Time,0.1,Software Engineer I,Software Engineering,Northwind Platform Co.,Software Products,"Washington, DC Metro",104000,FALSE,Return Offer from Internship
CID-224378,Computer Science,Bachelor of Science,General,Fall 2025,2025,Transfer,3.0,121,3.21,3.06,In-State,FALSE,4,2,0,5,21090,7950,Still Seeking,Not Applicable,Not Applicable,Not Applicable,Not Applicable,Not Applicable,Not Applicable,Not Applicable,Not Applicable,Not Applicable
CID-813711,Computer Science,Bachelor of Science,Software Engineering,Fall 2017,2017,First-Time Freshman,3.7,120,3.40,3.41,In-State,FALSE,5,0,0,5,29020,17890,Employed Full-Time,4.4,Software Engineer I,Software Engineering,Federal Health Data Office,Federal Government,"Baltimore, MD",62250,FALSE,Faculty or Staff Referral
CID-691998,Computer Science,Bachelor of Science,Data Science,Fall 2015,2015,First-Time Freshman,4.0,122,3.25,3.15,In-State,FALSE,9,1,2,1,33670,11040,Continuing Education,Not Applicable,Not Applicable,Not Applicable,Not Applicable,Not Applicable,Not Applicable,Not Applicable,Not Applicable,Not Applicable
CID-153942,Information Systems,Bachelor of Science,Business Analytics,Spring 2020,2020,First-Time Freshman,4.0,121,2.46,2.60,In-State,FALSE,10,1,2,1,34390,26520,No Response,Not Applicable,Not Applicable,Not Applicable,Not Applicable,Not Applicable,Not Applicable,Not Applicable,Not Applicable,Not Applicable
CID-161438,Computer Science,Bachelor of Science,Data Science,Fall 2022,2022,First-Time Freshman,6.0,123,3.76,3.73,In-State,FALSE,18,2,0,3,33660,19920,Employed Full-Time,0.0,Security Analyst I,Cybersecurity,Federal Health Data Office,Federal Government,"Washington, DC Metro",120000,FALSE,Return Offer from Internship
CID-799767,Information Systems,Master of Science,Business Analytics,Fall 2021,2021,First-Time Freshman,4.3,121,2.87,2.95,In-State,TRUE,12,3,0,4,41300,14960,Employed Full-Time,0.0,IT Analyst,IT Business & Product,Parcel & Post Technologies,Logistics & Transportation,Remote - United States,74500,TRUE,Student Organization Connection
CID-392814,Information Systems,Bachelor of Science,General,Fall 2017,2017,First-Time Freshman,9.0,121,3.15,3.25,In-State,FALSE,19,2,0,1,29150,20170,Employed Full-Time,0.5,Junior Systems Analyst,IT Business & Product,Severn River Consulting,Federal Contracting,Northern Virginia,66250,FALSE,Online Application
CID-725041,Information Systems,Bachelor of Science,General,Spring 2020,2020,First-Time Freshman,5.0,121,2.12,2.10,In-State,FALSE,9,3,2,2,45720,29420,Employed Full-Time,0.1,Clinical Systems Analyst,Health IT,Northfield Biosciences,Healthcare & Life Sciences,"Chicago, IL",64500,FALSE,Return Offer from Internship
CID-172831,Information Systems,Bachelor of Science,Business Analytics,Spring 2026,2026,Transfer,2.3,120,3.81,3.76,In-State,FALSE,2,1,0,0,9660,4950,Continuing Education,Not Applicable,Not Applicable,Not Applicable,Not Applicable,Not Applicable,Not Applicable,Not Applicable,Not Applicable,Not Applicable
CID-468774,Computer Science,Bachelor of Science,General,Summer 2019,2019,First-Time Freshman,4.0,122,3.75,3.73,In-State,FALSE,1,2,0,3,26700,15250,No Response,Not Applicable,Not Applicable,Not Applicable,Not Applicable,Not Applicable,Not Applicable,Not Applicable,Not Applicable,Not Applicable
CID-601410,Computer Science,Bachelor of Science,Software Engineering,Spring 2020,2020,First-Time Freshman,4.0,120,2.84,2.83,In-State,FALSE,6,1,0,5,31030,23560,Employed Full-Time,3.8,Associate Software Engineer,Software Engineering,Copper Ridge Data Centers,Cloud & Infrastructure,Remote - United States,76000,TRUE,Faculty or Staff Referral
CID-466561,Computer Science,Bachelor of Science,Cybersecurity,Spring 2026,2026,First-Time Freshman,7.0,122,3.16,3.21,In-State,FALSE,16,3,1,7,32210,21410,Employed Full-Time,0.4,Associate Software Engineer,Software Engineering,Blue Heron Technologies,Federal Contracting,"Columbia/Howard County, MD",105500,FALSE,Alumni Network
CID-827595,Computer Science,Bachelor of Science,General,Spring 2020,2020,Transfer,2.7,126,1.96,1.98,In-State,FALSE,15,1,0,1,16760,11410,No Response,Not Applicable,Not Applicable,Not Applicable,Not Applicable,Not Applicable,Not Applicable,Not Applicable,Not Applicable,Not Applicable
CID-146955,Computer Science,Bachelor of Science,General,Spring 2016,2016,First-Time Freshman,4.7,122,2.98,2.93,In-State,FALSE,22,2,0,3,30370,23780,No Response,Not Applicable,Not Applicable,Not Applicable,Not Applicable,Not Applicable,Not Applicable,Not Applicable,Not Applicable,Not Applicable
CID-904615,Information Systems,Bachelor of Science,Business Analytics,Spring 2025,2025,Transfer,2.3,120,3.88,3.83,In-State,FALSE,2,0,0,3,11120,8270,Employed Full-Time,5.2,Junior Systems Analyst,IT Business & Product,Cartway Commerce,E-Commerce & Retail Tech,"Columbia/Howard County, MD",77250,FALSE,Personal Network
CID-325211,Computer Science,Bachelor of Science,Software Engineering,Spring 2022,2022,First-Time Freshman,4.0,122,3.59,3.53,In-State,FALSE,12,3,0,8,26710,22330,Employed Full-Time,0.0,AI Research Assistant,Machine Learning & AI,Maryland Department of IT,Federal Government,"Columbia/Howard County, MD",84500,FALSE,Return Offer from Internship
CID-205220,Information Systems,Bachelor of Science,Business Analytics,Spring 2017,2017,First-Time Freshman,4.7,121,3.26,3.25,In-State,FALSE,0,1,2,0,31400,18220,Employed Part-Time,0.8,Clinical Systems Analyst,Health IT,Catoctin Analytics Group,Federal Contracting,"Baltimore, MD",72500,FALSE,Personal Network
CID-178268,Computer Science,Bachelor of Science,Data Science,Fall 2016,2016,First-Time Freshman,7.0,120,3.12,3.05,In-State,FALSE,30,1,0,5,27900,10030,Employed Full-Time,0.5,Machine Learning Engineer I,Machine Learning & AI,Lumen Grid Software,Software Products,"Washington, DC Metro",93250,FALSE,Return Offer from Internship
CID-627916,Information Systems,Bachelor of Science,Software Development,Spring 2020,2020,Transfer,2.7,120,3.59,3.61,In-State,FALSE,0,0,1,1,14500,7370,Still Seeking,Not Applicable,Not Applicable,Not Applicable,Not Applicable,Not Applicable,Not Applicable,Not Applicable,Not Applicable,Not Applicable
CID-738444,Information Systems,Bachelor of Science,General,Fall 2018,2018,First-Time Freshman,4.7,121,2.82,2.50,In-State,FALSE,5,1,0,0,37650,19150,Employed Full-Time,1.8,Associate Software Engineer,Software Engineering,Cartway Commerce,E-Commerce & Retail Tech,"Columbia/Howard County, MD",59500,FALSE,Career Fair
CID-506620,Information Systems,Bachelor of Science,Business Analytics,Spring 2023,2023,First-Time Freshman,4.7,121,3.16,3.20,In-State,FALSE,11,4,0,3,45640,21090,No Response,Not Applicable,Not Applicable,Not Applicable,Not Applicable,Not Applicable,Not Applicable,Not Applicable,Not Applicable,Not Applicable
CID-960606,Information Systems,Bachelor of Science,Business Analytics,Spring 2019,2019,First-Time Freshman,3.3,121,3.65,3.50,In-State,FALSE,9,2,0,4,23600,11790,Employed Full-Time,0.4,Junior Security Engineer,Cybersecurity,Tidal Power Cooperative,Energy & Utilities,Northern Virginia,96500,FALSE,Return Offer from Internship
CID-613179,Information Systems,Bachelor of Science,Cybersecurity Management,Fall 2018,2018,Transfer,3.7,121,2.26,2.21,In-State,FALSE,10,0,0,2,14200,11060,No Response,Not Applicable,Not Applicable,Not Applicable,Not Applicable,Not Applicable,Not Applicable,Not Applicable,Not Applicable,Not Applicable
CID-467223,Computer Science,Bachelor of Science,Cybersecurity,Spring 2015,2015,First-Time Freshman,3.7,120,3.92,3.91,Out-of-State,FALSE,10,3,0,6,16540,4860,No Response,Not Applicable,Not Applicable,Not Applicable,Not Applicable,Not Applicable,Not Applicable,Not Applicable,Not Applicable,Not Applicable
CID-796170,Computer Science,Bachelor of Science,Artificial Intelligence,Spring 2023,2023,First-Time Freshman,3.7,120,3.02,3.02,In-State,FALSE,12,0,0,3,40510,31580,Continuing Education,Not Applicable,Not Applicable,Not Applicable,Not Applicable,Not Applicable,Not Applicable,Not Applicable,Not Applicable,Not Applicable
CID-637321,Computer Science,Bachelor of Science,Cybersecurity,Spring 2020,2020,First-Time Freshman,3.7,120,3.18,3.10,Out-of-State,FALSE,11,3,0,4,76560,29210,Employed Part-Time,3.0,Business Intelligence Analyst,Data & Analytics,Calvert Advisory Group,Consulting & Professional Services,Northern Virginia,76750,TRUE,Student Organization Connection
CID-986099,Computer Science,Bachelor of Science,General,Spring 2024,2024,Transfer,2.7,121,3.26,3.45,In-State,FALSE,1,0,0,1,11730,7250,Employed Full-Time,6.3,Data Analyst,Data & Analytics,Allied Shield Insurance Group,Insurance,"Washington, DC Metro",70500,FALSE,Personal Network
CID-264128,Computer Science,Bachelor of Science,Cybersecurity,Spring 2021,2021,First-Time Freshman,4.7,122,2.45,2.38,In-State,FALSE,7,2,1,0,36440,25820,Employed Full-Time,0.5,Machine Learning Engineer I,Machine Learning & AI,Pinnacle Bridge Partners,Consulting & Professional Services,"Baltimore, MD",74250,FALSE,Return Offer from Internship
CID-585094,Information Systems,Bachelor of Science,Health Information Technology,Spring 2026,2026,Transfer,2.0,115,2.50,2.56,In-State,FALSE,10,1,0,2,14440,6430,Employed Full-Time,2.9,SOC Analyst,Cybersecurity,Potomac Mission Solutions,Federal Contracting,"Baltimore, MD",82250,FALSE,Personal Network
CID-421283,Computer Science,Bachelor of Science,General,Fall 2021,2021,First-Time Freshman,8.0,123,2.64,2.40,Out-of-State,FALSE,14,2,0,3,82520,52220,Employed Full-Time,0.2,Systems Administrator,Infrastructure & Cloud,Chesterfield Asset Management,Financial Services,Remote - United States,98250,TRUE,Return Offer from Internship
CID-300316,Information Systems,Bachelor of Science,Health Information Technology,Spring 2025,2025,First-Time Freshman,4.0,121,2.90,2.80,In-State,FALSE,7,2,0,2,35250,22730,Employed Full-Time,0.5,Junior Systems Analyst,IT Business & Product,Allied Shield Insurance Group,Insurance,"Washington, DC Metro",85000,FALSE,Return Offer from Internship
CID-688060,Computer Science,Master of Science,Cybersecurity,Spring 2020,2020,First-Time Freshman,7.0,122,3.09,3.19,Out-of-State,TRUE,20,2,1,2,80900,25070,Employed Full-Time,0.1,Security Analyst I,Cybersecurity,Clearfield Assurance,Cybersecurity Services,"Baltimore, MD",115000,FALSE,Return Offer from Internship
CID-648281,Information Systems,Bachelor of Science,Health Information Technology,Spring 2025,2025,First-Time Freshman,4.0,121,3.15,3.25,In-State,FALSE,10,2,2,2,41710,4540,Employed Full-Time,0.6,SOC Analyst,Cybersecurity,Harborline Networks,Cloud & Infrastructure,"Washington, DC Metro",132000,FALSE,Return Offer from Internship
CID-743968,Information Systems,Bachelor of Science,Business Analytics,Spring 2025,2025,Transfer,2.3,122,3.20,3.24,Out-of-State,FALSE,12,1,0,1,22570,6950,Still Seeking,Not Applicable,Not Applicable,Not Applicable,Not Applicable,Not Applicable,Not Applicable,Not Applicable,Not Applicable,Not Applicable
CID-733836,Computer Science,Bachelor of Science,General,Fall 2019,2019,First-Time Freshman,4.0,120,3.10,2.96,In-State,FALSE,15,2,0,4,19230,14460,Military,Not Applicable,Not Applicable,Not Applicable,Not Applicable,Not Applicable,Not Applicable,Not Applicable,Not Applicable,Not Applicable
CID-245283,Information Systems,Bachelor of Science,Business Analytics,Spring 2023,2023,First-Time Freshman,5.3,121,2.67,2.75,In-State,FALSE,8,3,3,3,44110,19610,Continuing Education,Not Applicable,Not Applicable,Not Applicable,Not Applicable,Not Applicable,Not Applicable,Not Applicable,Not Applicable,Not Applicable
CID-174147,Information Systems,Bachelor of Science,Cybersecurity Management,Spring 2024,2024,Transfer,3.3,121,2.90,2.84,In-State,FALSE,26,1,0,3,13980,10750,Still Seeking,Not Applicable,Not Applicable,Not Applicable,Not Applicable,Not Applicable,Not Applicable,Not Applicable,Not Applicable,Not Applicable
CID-156419,Information Systems,Bachelor of Science,Business Analytics,Fall 2024,2024,First-Time Freshman,4.3,121,3.26,3.45,In-State,FALSE,6,2,1,5,39090,18170,No Response,Not Applicable,Not Applicable,Not Applicable,Not Applicable,Not Applicable,Not Applicable,Not Applicable,Not Applicable,Not Applicable
CID-987761,Computer Science,Bachelor of Science,Cybersecurity,Fall 2023,2023,First-Time Freshman,4.0,122,2.56,2.54,In-State,FALSE,15,0,0,2,27310,16190,Still Seeking,Not Applicable,Not Applicable,Not Applicable,Not Applicable,Not Applicable,Not Applicable,Not Applicable,Not Applicable,Not Applicable
CID-721709,Computer Science,Bachelor of Science,General,Fall 2025,2025,First-Time Freshman,4.3,122,3.59,3.54,Out-of-State,FALSE,15,1,0,4,75860,47700,Continuing Education,Not Applicable,Not Applicable,Not Applicable,Not Applicable,Not Applicable,Not Applicable,Not Applicable,Not Applicable,Not Applicable
CID-478573,Information Systems,Bachelor of Science,General,Spring 2016,2016,First-Time Freshman,6.3,121,3.25,3.19,Out-of-State,FALSE,17,1,0,1,65760,13070,Continuing Education,Not Applicable,Not Applicable,Not Applicable,Not Applicable,Not Applicable,Not Applicable,Not Applicable,Not Applicable,Not Applicable
CID-252384,Computer Science,Bachelor of Science,Artificial Intelligence,Spring 2018,2018,Transfer,2.3,120,2.80,2.76,In-State,FALSE,23,1,1,6,11270,7310,Employed Full-Time,0.0,Associate Software Engineer,Software Engineering,Catoctin Analytics Group,Federal Contracting,"Washington, DC Metro",71750,FALSE,Personal Network
CID-227619,Computer Science,Bachelor of Science,Software Engineering,Spring 2025,2025,Transfer,3.3,121,2.31,2.27,In-State,FALSE,13,0,0,2,21000,15700,Employed Full-Time,8.3,Software Engineer I,Software Engineering,Parcel & Post Technologies,Logistics & Transportation,"Columbia/Howard County, MD",61750,FALSE,Career Fair
CID-620017,Computer Science,Bachelor of Science,Artificial Intelligence,Fall 2024,2024,First-Time Freshman,9.0,98,1.76,1.70,In-State,FALSE,23,1,0,3,47140,38510,Employed Full-Time,4.7,Business Analyst,IT Business & Product,Sterling Ridge Consulting,Consulting & Professional Services,Northern Virginia,67250,FALSE,Online Application
CID-584324,Computer Science,Bachelor of Science,Cybersecurity,Spring 2018,2018,Transfer,2.3,121,3.37,3.34,In-State,FALSE,6,1,0,3,12190,3180,Continuing Education,Not Applicable,Not Applicable,Not Applicable,Not Applicable,Not Applicable,Not Applicable,Not Applicable,Not Applicable,Not Applicable
CID-139479,Information Systems,Bachelor of Science,General,Fall 2019,2019,Transfer,1.7,120,2.58,2.53,Out-of-State,FALSE,16,0,1,3,22860,12340,Employed Full-Time,4.9,Software Engineer I,Software Engineering,Copper Ridge Data Centers,Cloud & Infrastructure,Northern Virginia,52250,FALSE,Online Application
CID-341037,Computer Science,Bachelor of Science,Data Science,Fall 2020,2020,First-Time Freshman,3.7,120,3.33,3.25,In-State,FALSE,13,1,0,1,30180,14940,Employed Full-Time,0.5,Data Analyst,Data & Analytics,Greenspring Health Systems,Healthcare & Life Sciences,"Baltimore, MD",78000,FALSE,Return Offer from Internship
CID-490380,Information Systems,Master of Science,General,Spring 2018,2018,First-Time Freshman,3.7,121,3.62,3.65,In-State,FALSE,7,2,0,0,23290,19180,Employed Full-Time,0.2,Business Analyst,IT Business & Product,Piedmont Energy Partners,Energy & Utilities,"Baltimore, MD",74000,FALSE,Return Offer from Internship
CID-208956,Information Systems,Bachelor of Science,Cybersecurity Management,Spring 2026,2026,Transfer,1.7,97,3.34,3.45,In-State,FALSE,16,1,3,4,17350,7420,No Response,Not Applicable,Not Applicable,Not Applicable,Not Applicable,Not Applicable,Not Applicable,Not Applicable,Not Applicable,Not Applicable
CID-526045,Computer Science,Bachelor of Science,Data Science,Fall 2020,2020,First-Time Freshman,4.3,122,3.02,3.02,In-State,FALSE,16,1,2,7,31810,22280,Employed Full-Time,3.4,Junior Security Engineer,Cybersecurity,Clearfield Assurance,Cybersecurity Services,"Washington, DC Metro",89750,FALSE,Alumni Network
CID-244090,Computer Science,Bachelor of Science,Software Engineering,Spring 2026,2026,First-Time Freshman,6.0,120,1.93,1.95,In-State,FALSE,11,3,1,3,47690,14760,Employed Full-Time,0.5,Junior Developer,Software Engineering,Dockside Logistics Systems,Logistics & Transportation,Northern Virginia,81500,FALSE,Online Application
CID-531116,Computer Science,Bachelor of Science,General,Fall 2024,2024,First-Time Freshman,3.7,120,3.28,3.42,In-State,FALSE,5,2,0,3,46030,30340,Employed Full-Time,0.5,Clinical Systems Analyst,Health IT,Sterling Ridge Consulting,Consulting & Professional Services,Northern Virginia,109500,FALSE,Return Offer from Internship
CID-570023,Information Systems,Bachelor of Science,Business Analytics,Fall 2022,2022,Transfer,2.7,120,2.44,2.41,In-State,FALSE,22,1,0,2,14840,10510,Employed Full-Time,0.0,Business Analyst,IT Business & Product,Maryland Department of IT,Federal Government,Northern Virginia,55750,FALSE,Recruiter Outreach
CID-218955,Computer Science,Bachelor of Science,Software Engineering,Fall 2022,2022,Transfer,3.0,122,3.46,3.48,In-State,FALSE,6,1,0,4,16450,6400,Continuing Education,Not Applicable,Not Applicable,Not Applicable,Not Applicable,Not Applicable,Not Applicable,Not Applicable,Not Applicable,Not Applicable
CID-903798,Computer Science,Bachelor of Science,General,Spring 2025,2025,Transfer,1.3,120,2.90,2.98,In-State,FALSE,7,0,2,2,14290,11110,Employed Full-Time,4.3,Data Analyst,Data & Analytics,Patapsco Aerospace,Defense & Aerospace,"Washington, DC Metro",77750,FALSE,Student Organization Connection
CID-589127,Computer Science,Bachelor of Science,General,Fall 2017,2017,First-Time Freshman,4.0,122,2.80,2.77,In-State,FALSE,10,0,2,1,41560,27200,Employed Full-Time,4.1,Software Engineer I,Software Engineering,Brightline Software Group,Software Products,Northern Virginia,68500,FALSE,Career Fair
CID-475890,Information Systems,Bachelor of Science,Software Development,Spring 2020,2020,Transfer,2.3,120,3.25,3.18,In-State,FALSE,1,1,0,2,14910,5620,Continuing Education,Not Applicable,Not Applicable,Not Applicable,Not Applicable,Not Applicable,Not Applicable,Not Applicable,Not Applicable,Not Applicable
CID-244222,Information Systems,Bachelor of Science,General,Spring 2025,2025,Transfer,3.0,120,3.54,3.61,Out-of-State,FALSE,12,0,1,3,38120,22280,Still Seeking,Not Applicable,Not Applicable,Not Applicable,Not Applicable,Not Applicable,Not Applicable,Not Applicable,Not Applicable,Not Applicable
CID-660568,Information Systems,Bachelor of Science,Cybersecurity Management,Spring 2024,2024,First-Time Freshman,7.3,121,2.87,3.15,In-State,FALSE,27,3,0,2,50640,10000,Employed Part-Time,1.9,Business Analyst,IT Business & Product,Harbor Mutual Insurance,Insurance,"Columbia/Howard County, MD",83500,FALSE,Online Application
CID-281342,Computer Science,Bachelor of Science,General,Spring 2020,2020,First-Time Freshman,3.7,121,2.86,2.88,Out-of-State,FALSE,5,0,0,0,68850,50220,Continuing Education,Not Applicable,Not Applicable,Not Applicable,Not Applicable,Not Applicable,Not Applicable,Not Applicable,Not Applicable,Not Applicable
CID-684339,Information Systems,Bachelor of Science,Cybersecurity Management,Spring 2022,2022,First-Time Freshman,6.3,121,3.73,3.85,In-State,FALSE,17,0,0,1,27340,21820,Employed Full-Time,1.4,Security Analyst I,Cybersecurity,Piedmont Energy Partners,Energy & Utilities,"Philadelphia, PA",103500,FALSE,Recruiter Outreach
CID-591250,Computer Science,Bachelor of Science,General,Fall 2016,2016,Transfer,4.0,121,3.63,3.69,In-State,FALSE,17,2,0,6,18060,5840,Continuing Education,Not Applicable,Not Applicable,Not Applicable,Not Applicable,Not Applicable,Not Applicable,Not Applicable,Not Applicable,Not Applicable
CID-611802,Computer Science,Bachelor of Science,Cybersecurity,Fall 2016,2016,First-Time Freshman,3.7,120,3.58,3.52,In-State,FALSE,14,1,0,0,24240,18040,Employed Full-Time,0.0,Junior Developer,Software Engineering,Vantage Point Applications,Software Products,"Seattle, WA",89250,FALSE,Student Organization Connection
CID-725793,Computer Science,Bachelor of Science,Data Science,Spring 2020,2020,First-Time Freshman,4.0,123,3.05,3.01,In-State,FALSE,17,1,0,5,36420,36420,Still Seeking,Not Applicable,Not Applicable,Not Applicable,Not Applicable,Not Applicable,Not Applicable,Not Applicable,Not Applicable,Not Applicable
CID-911774,Computer Science,Bachelor of Science,General,Fall 2021,2021,First-Time Freshman,4.0,120,2.66,2.72,In-State,FALSE,15,1,0,2,41430,17500,Employed Full-Time,1.7,Machine Learning Engineer I,Machine Learning & AI,Chesapeake Defense Systems,Defense & Aerospace,"Columbia/Howard County, MD",92500,FALSE,Career Fair
CID-654484,Computer Science,Bachelor of Science,Cybersecurity,Spring 2019,2019,First-Time Freshman,3.7,120,3.48,3.35,In-State,FALSE,6,1,0,0,37920,26860,Employed Full-Time,0.7,Data Analyst,Data & Analytics,Calvert Advisory Group,Consulting & Professional Services,"Columbia/Howard County, MD",82500,FALSE,Recruiter Outreach
CID-450741,Information Systems,Master of Science,Cybersecurity Management,Spring 2026,2026,First-Time Freshman,3.7,105,2.71,2.50,Out-of-State,TRUE,7,1,1,2,84370,47040,Employed Full-Time,2.1,Junior Data Analyst,Data & Analytics,Allied Shield Insurance Group,Insurance,"Baltimore, MD",62000,FALSE,Online Application
CID-305715,Information Systems,Bachelor of Science,Business Analytics,Spring 2015,2015,First-Time Freshman,3.3,121,3.79,3.70,In-State,FALSE,0,2,0,5,31980,8850,Employed Full-Time,0.0,Desktop Support Analyst,IT Support & Operations,Redoubt Security Partners,Cybersecurity Services,"Columbia/Howard County, MD",64000,FALSE,Online Application
CID-811262,Information Systems,Bachelor of Science,Software Development,Spring 2026,2026,First-Time Freshman,4.0,121,3.30,3.45,In-State,FALSE,2,1,0,2,44010,28460,Employed Full-Time,0.2,SOC Analyst,Cybersecurity,Catoctin Analytics Group,Federal Contracting,Northern Virginia,115500,TRUE,Return Offer from Internship
CID-923548,Computer Science,Bachelor of Science,Data Science,Fall 2022,2022,Transfer,3.3,122,2.89,2.96,In-State,FALSE,5,2,3,4,13900,9760,Employed Part-Time,0.7,Data Analyst,Data & Analytics,Severn River Consulting,Federal Contracting,"Baltimore, MD",68000,FALSE,Alumni Network
CID-275923,Computer Science,Bachelor of Science,Data Science,Spring 2016,2016,Transfer,1.3,120,2.97,3.04,In-State,FALSE,5,1,0,2,10900,7790,Continuing Education,Not Applicable,Not Applicable,Not Applicable,Not Applicable,Not Applicable,Not Applicable,Not Applicable,Not Applicable,Not Applicable
CID-696374,Information Systems,Bachelor of Science,Business Analytics,Fall 2022,2022,Transfer,3.3,122,2.96,2.94,In-State,FALSE,10,1,0,1,9050,3790,No Response,Not Applicable,Not Applicable,Not Applicable,Not Applicable,Not Applicable,Not Applicable,Not Applicable,Not Applicable,Not Applicable
CID-615361,Information Systems,Bachelor of Science,General,Spring 2020,2020,First-Time Freshman,4.0,121,2.96,3.05,In-State,FALSE,18,0,0,2,30420,22510,Employed Full-Time,7.8,Junior Developer,Software Engineering,Greenspring Health Systems,Healthcare & Life Sciences,"Washington, DC Metro",61750,FALSE,Faculty or Staff Referral
CID-989737,Information Systems,Bachelor of Science,Cybersecurity Management,Spring 2026,2026,First-Time Freshman,4.7,121,2.53,2.55,In-State,FALSE,2,2,0,3,58750,22100,Employed Full-Time,0.2,Associate Software Engineer,Software Engineering,Meridian National Systems,Federal Contracting,"Baltimore, MD",87000,FALSE,Return Offer from Internship
CID-928941,Information Systems,Bachelor of Science,Business Analytics,Spring 2022,2022,First-Time Freshman,4.7,121,2.92,2.95,Out-of-State,FALSE,7,1,0,5,78660,58650,Employed Full-Time,1.0,Machine Learning Engineer I,Machine Learning & AI,Arbor Peak Technologies,Software Products,"Baltimore, MD",83250,FALSE,Online Application
CID-569592,Information Systems,Bachelor of Science,Cybersecurity Management,Spring 2026,2026,Transfer,2.7,117,3.01,2.94,In-State,FALSE,4,1,1,2,15850,7690,Employed Full-Time,2.2,Junior Security Engineer,Cybersecurity,Chesapeake Defense Systems,Defense & Aerospace,"Baltimore, MD",95750,FALSE,Recruiter Outreach
CID-588858,Computer Science,Bachelor of Science,Cybersecurity,Spring 2022,2022,Transfer,2.7,120,3.19,3.13,In-State,FALSE,0,2,0,2,15420,7590,Continuing Education,Not Applicable,Not Applicable,Not Applicable,Not Applicable,Not Applicable,Not Applicable,Not Applicable,Not Applicable,Not Applicable
CID-330452,Computer Science,Bachelor of Science,Data Science,Spring 2025,2025,Transfer,2.3,121,2.70,2.72,In-State,FALSE,15,1,0,2,14960,9510,No Response,Not Applicable,Not Applicable,Not Applicable,Not Applicable,Not Applicable,Not Applicable,Not Applicable,Not Applicable,Not Applicable
CID-991926,Information Systems,Bachelor of Science,General,Spring 2018,2018,First-Time Freshman,4.7,121,3.40,3.55,Out-of-State,FALSE,24,0,0,5,29580,2800,Still Seeking,Not Applicable,Not Applicable,Not Applicable,Not Applicable,Not Applicable,Not Applicable,Not Applicable,Not Applicable,Not Applicable
CID-331880,Information Systems,Bachelor of Science,Health Information Technology,Spring 2025,2025,First-Time Freshman,4.0,121,3.44,3.55,In-State,FALSE,6,1,0,0,43540,15050,Employed Full-Time,3.9,IT Support Specialist,IT Support & Operations,Keystone Federal Services,Federal Contracting,Remote - United States,76750,TRUE,Online Application
CID-448755,Computer Science,Bachelor of Science,Software Engineering,Spring 2026,2026,Transfer,1.7,123,2.83,2.98,In-State,FALSE,7,1,2,5,15020,4950,Employed Full-Time,0.5,Help Desk Technician,IT Support & Operations,CareBridge Technology,Healthcare & Life Sciences,Northern Virginia,71750,FALSE,Personal Network
CID-137617,Information Systems,Bachelor of Science,Business Analytics,Fall 2022,2022,First-Time Freshman,4.3,121,2.92,2.90,Out-of-State,FALSE,9,1,0,1,64810,13020,Employed Full-Time,0.0,Business Analyst,IT Business & Product,National Data Services Agency,Federal Government,"Baltimore, MD",70000,FALSE,Recruiter Outreach
CID-564354,Computer Science,Bachelor of Science,Cybersecurity,Fall 2015,2015,First-Time Freshman,4.3,120,3.03,3.10,Out-of-State,FALSE,9,0,0,0,58170,45420,Employed Full-Time,6.6,Associate Software Engineer,Software Engineering,Shoreline Retail Group,E-Commerce & Retail Tech,"Baltimore, MD",63750,FALSE,Personal Network
CID-469368,Computer Science,Bachelor of Science,Artificial Intelligence,Spring 2018,2018,Transfer,1.3,123,3.32,3.32,In-State,FALSE,0,1,0,1,8770,3200,No Response,Not Applicable,Not Applicable,Not Applicable,Not Applicable,Not Applicable,Not Applicable,Not Applicable,Not Applicable,Not Applicable
CID-322871,Computer Science,Bachelor of Science,Data Science,Spring 2017,2017,Transfer,2.7,122,2.42,2.41,In-State,FALSE,20,0,0,2,10460,10460,Employed Full-Time,5.5,Cloud Support Engineer,Infrastructure & Cloud,Potomac Mission Solutions,Federal Contracting,"Washington, DC Metro",60000,FALSE,Recruiter Outreach
CID-831713,Computer Science,Bachelor of Science,General,Spring 2023,2023,Transfer,2.3,122,2.63,2.74,In-State,FALSE,14,1,0,2,18610,12980,Employed Full-Time,3.5,Software Engineer I,Software Engineering,Keystone Federal Services,Federal Contracting,"Baltimore, MD",79000,FALSE,Career Fair
CID-392259,Information Systems,Bachelor of Science,Cybersecurity Management,Spring 2019,2019,Transfer,3.7,122,2.81,2.79,In-State,FALSE,9,3,0,4,12020,5810,Employed Full-Time,1.6,Junior Developer,Software Engineering,Meridian National Systems,Federal Contracting,"Washington, DC Metro",68750,FALSE,Career Fair
CID-758573,Computer Science,Bachelor of Science,Cybersecurity,Fall 2018,2018,Transfer,3.7,123,3.10,3.07,In-State,FALSE,19,1,2,0,15450,8830,Employed Full-Time,0.0,SOC Analyst,Cybersecurity,Greenspring Health Systems,Healthcare & Life Sciences,"Washington, DC Metro",77250,FALSE,Personal Network
CID-242681,Computer Science,Master of Science,Data Science,Fall 2017,2017,First-Time Freshman,4.0,121,2.77,2.58,In-State,TRUE,16,0,0,1,26160,9990,No Response,Not Applicable,Not Applicable,Not Applicable,Not Applicable,Not Applicable,Not Applicable,Not Applicable,Not Applicable,Not Applicable
CID-849863,Computer Science,Bachelor of Science,Cybersecurity,Fall 2024,2024,First-Time Freshman,4.7,122,2.75,2.67,In-State,FALSE,8,3,0,1,56300,33960,Employed Full-Time,0.9,Cloud Support Engineer,Infrastructure & Cloud,Office of Technology Policy,Federal Government,"Baltimore, MD",63000,FALSE,Career Fair
CID-538634,Information Systems,Bachelor of Science,Software Development,Spring 2018,2018,First-Time Freshman,3.3,121,3.26,3.25,In-State,FALSE,7,0,0,5,29130,1690,Employed Full-Time,6.7,Junior Systems Analyst,IT Business & Product,Blue Heron Technologies,Federal Contracting,"Washington, DC Metro",69750,FALSE,Online Application
CID-651167,Computer Science,Bachelor of Science,Software Engineering,Spring 2022,2022,First-Time Freshman,6.0,121,2.37,2.39,Out-of-State,FALSE,16,2,0,2,80420,37050,No Response,Not Applicable,Not Applicable,Not Applicable,Not Applicable,Not Applicable,Not Applicable,Not Applicable,Not Applicable,Not Applicable
CID-691080,Computer Science,Bachelor of Science,Software Engineering,Fall 2020,2020,First-Time Freshman,6.7,120,3.03,2.92,In-State,FALSE,16,1,0,1,41490,28650,Employed Full-Time,0.0,Software Engineer I,Software Engineering,Monument Bank Technology,Financial Services,"Chicago, IL",75750,FALSE,Return Offer from Internship
CID-496012,Computer Science,Bachelor of Science,Artificial Intelligence,Fall 2022,2022,First-Time Freshman,4.0,120,3.35,3.20,In-State,FALSE,15,3,0,2,40230,27160,No Response,Not Applicable,Not Applicable,Not Applicable,Not Applicable,Not Applicable,Not Applicable,Not Applicable,Not Applicable,Not Applicable
CID-607995,Information Systems,Bachelor of Science,General,Spring 2015,2015,First-Time Freshman,3.7,121,3.50,3.40,In-State,FALSE,12,1,0,3,28520,0,Employed Full-Time,0.7,Health Data Analyst,Health IT,Calvert Advisory Group,Consulting & Professional Services,"Baltimore, MD",65250,FALSE,Personal Network
CID-701146,Information Systems,Bachelor of Science,Business Analytics,Spring 2015,2015,Transfer,1.3,120,3.74,3.69,Out-of-State,FALSE,4,1,0,1,14600,12540,Employed Full-Time,1.3,Junior Data Analyst,Data & Analytics,Shoreline Retail Group,E-Commerce & Retail Tech,"Boston, MA",77750,FALSE,Career Fair
CID-839883,Computer Science,Bachelor of Science,Software Engineering,Fall 2025,2025,First-Time Freshman,7.3,122,2.79,2.90,Out-of-State,FALSE,13,0,0,0,96580,68940,Still Seeking,Not Applicable,Not Applicable,Not Applicable,Not Applicable,Not Applicable,Not Applicable,Not Applicable,Not Applicable,Not Applicable
CID-467405,Computer Science,Bachelor of Science,Data Science,Fall 2019,2019,First-Time Freshman,4.3,120,2.83,2.87,Out-of-State,FALSE,5,1,0,1,84520,61530,Employed Full-Time,0.7,EHR Support Analyst,Health IT,CareBridge Technology,Healthcare & Life Sciences,"Washington, DC Metro",71000,FALSE,Online Application
CID-939190,Computer Science,Bachelor of Science,Artificial Intelligence,Spring 2024,2024,First-Time Freshman,4.0,122,3.28,3.23,In-State,FALSE,11,2,0,2,49840,21850,Employed Full-Time,5.4,Junior Developer,Software Engineering,Blue Heron Technologies,Federal Contracting,"Baltimore, MD",85750,TRUE,Recruiter Outreach
CID-424621,Computer Science,Bachelor of Science,Cybersecurity,Spring 2022,2022,Transfer,2.0,120,3.23,3.07,In-State,FALSE,0,0,2,4,8350,4140,No Response,Not Applicable,Not Applicable,Not Applicable,Not Applicable,Not Applicable,Not Applicable,Not Applicable,Not Applicable,Not Applicable
CID-114018,Information Systems,Bachelor of Science,Software Development,Fall 2017,2017,Transfer,3.7,122,2.36,2.47,In-State,FALSE,11,1,0,0,9010,1300,No Response,Not Applicable,Not Applicable,Not Applicable,Not Applicable,Not Applicable,Not Applicable,Not Applicable,Not Applicable,Not Applicable
CID-179362,Computer Science,Bachelor of Science,Software Engineering,Spring 2021,2021,First-Time Freshman,3.7,120,3.65,3.74,Out-of-State,FALSE,22,1,2,3,37180,6840,Employed Full-Time,0.0,AI Research Assistant,Machine Learning & AI,Greenspring Health Systems,Healthcare & Life Sciences,"Washington, DC Metro",90750,TRUE,Recruiter Outreach
CID-817040,Computer Science,Bachelor of Science,General,Spring 2020,2020,First-Time Freshman,3.3,120,3.46,3.53,In-State,FALSE,18,0,0,1,31670,6140,No Response,Not Applicable,Not Applicable,Not Applicable,Not Applicable,Not Applicable,Not Applicable,Not Applicable,Not Applicable,Not Applicable
CID-329966,Computer Science,Bachelor of Science,Data Science,Spring 2023,2023,First-Time Freshman,3.3,121,3.08,2.88,Out-of-State,FALSE,12,1,1,3,67520,30730,Still Seeking,Not Applicable,Not Applicable,Not Applicable,Not Applicable,Not Applicable,Not Applicable,Not Applicable,Not Applicable,Not Applicable
CID-141847,Computer Science,Bachelor of Science,General,Spring 2016,2016,Transfer,3.0,121,2.42,2.50,In-State,FALSE,21,0,0,2,10810,3630,Employed Full-Time,4.8,Junior DevOps Engineer,Infrastructure & Cloud,Keystone Federal Services,Federal Contracting,"Baltimore, MD",54750,FALSE,Career Fair
CID-689198,Computer Science,Bachelor of Science,General,Spring 2023,2023,First-Time Freshman,3.7,120,3.38,3.29,In-State,FALSE,4,2,1,3,30980,19530,Employed Full-Time,0.0,Junior Data Analyst,Data & Analytics,Catoctin Analytics Group,Federal Contracting,"Baltimore, MD",96500,FALSE,Online Application
CID-127277,Information Systems,Master of Science,Business Analytics,Fall 2024,2024,First-Time Freshman,3.7,121,3.76,3.95,In-State,TRUE,13,2,0,5,19640,2560,Still Seeking,Not Applicable,Not Applicable,Not Applicable,Not Applicable,Not Applicable,Not Applicable,Not Applicable,Not Applicable,Not Applicable
CID-934451,Computer Science,Bachelor of Science,Artificial Intelligence,Fall 2024,2024,First-Time Freshman,8.0,120,2.74,2.80,In-State,FALSE,21,1,0,1,56480,12690,No Response,Not Applicable,Not Applicable,Not Applicable,Not Applicable,Not Applicable,Not Applicable,Not Applicable,Not Applicable,Not Applicable
CID-826863,Information Systems,Bachelor of Science,Business Analytics,Spring 2023,2023,Transfer,2.3,120,2.70,2.65,In-State,FALSE,14,0,1,3,10630,0,Employed Full-Time,2.6,Business Intelligence Analyst,Data & Analytics,Office of Technology Policy,Federal Government,"Washington, DC Metro",55250,FALSE,Personal Network
CID-543399,Computer Science,Bachelor of Science,Data Science,Spring 2021,2021,First-Time Freshman,3.3,120,2.83,2.77,In-State,FALSE,14,2,0,3,29530,18550,Employed Full-Time,0.0,Junior ML Engineer,Machine Learning & AI,Northwind Platform Co.,Software Products,Northern Virginia,108500,FALSE,Personal Network
CID-426554,Computer Science,Bachelor of Science,Cybersecurity,Fall 2025,2025,First-Time Freshman,6.0,122,2.16,2.08,Out-of-State,FALSE,4,1,0,0,99080,19760,Still Seeking,Not Applicable,Not Applicable,Not Applicable,Not Applicable,Not Applicable,Not Applicable,Not Applicable,Not Applicable,Not Applicable
CID-714105,Information Systems,Bachelor of Science,Cybersecurity Management,Fall 2025,2025,First-Time Freshman,4.7,121,2.58,2.80,In-State,FALSE,18,1,0,4,43980,22110,Employed Full-Time,1.7,Business Analyst,IT Business & Product,Continental Wireless,Telecommunications,"Washington, DC Metro",80500,FALSE,Career Fair
CID-525914,Computer Science,Bachelor of Science,Cybersecurity,Spring 2023,2023,First-Time Freshman,3.3,120,2.76,2.68,Out-of-State,FALSE,14,0,0,2,97880,44680,Employed Full-Time,5.3,Junior Data Analyst,Data & Analytics,Patapsco Aerospace,Defense & Aerospace,"Baltimore, MD",73000,FALSE,Career Fair
CID-914871,Computer Science,Bachelor of Science,Artificial Intelligence,Spring 2018,2018,First-Time Freshman,5.0,122,2.39,2.37,In-State,FALSE,10,1,0,1,37930,10240,Employed Full-Time,0.3,Associate Software Engineer,Software Engineering,Keystone Federal Services,Federal Contracting,"Baltimore, MD",69500,FALSE,Career Fair
CID-601838,Computer Science,Bachelor of Science,General,Fall 2018,2018,Transfer,7.0,121,2.05,1.79,In-State,FALSE,22,0,0,1,17100,10980,Employed Full-Time,3.8,Junior Developer,Software Engineering,Blue Heron Technologies,Federal Contracting,"Baltimore, MD",36500,FALSE,Recruiter Outreach
CID-381457,Computer Science,Master of Science,Artificial Intelligence,Fall 2025,2025,Transfer,2.3,121,3.55,3.58,In-State,FALSE,12,1,2,4,12410,6930,Employed Full-Time,0.2,Data Analyst,Data & Analytics,Falconview Systems,Software Products,"Baltimore, MD",80750,FALSE,Return Offer from Internship
CID-539572,Computer Science,Bachelor of Science,Cybersecurity,Fall 2024,2024,Transfer,2.3,120,3.16,3.11,In-State,FALSE,18,1,0,5,13440,7550,Employed Full-Time,3.4,Junior ML Engineer,Machine Learning & AI,Bastion Threat Labs,Cybersecurity Services,Northern Virginia,98250,FALSE,Recruiter Outreach
CID-198560,Information Systems,Master of Science,Cybersecurity Management,Spring 2022,2022,Transfer,2.7,121,2.86,2.78,In-State,FALSE,9,1,1,2,13940,1180,No Response,Not Applicable,Not Applicable,Not Applicable,Not Applicable,Not Applicable,Not Applicable,Not Applicable,Not Applicable,Not Applicable
CID-366768,Computer Science,Bachelor of Science,Data Science,Fall 2022,2022,Transfer,3.7,125,3.06,3.18,In-State,FALSE,29,2,1,1,10450,5690,Employed Full-Time,0.2,Software Engineer I,Software Engineering,Meridian National Systems,Federal Contracting,"Columbia/Howard County, MD",84500,TRUE,Return Offer from Internship
CID-561779,Computer Science,Bachelor of Science,Cybersecurity,Fall 2021,2021,First-Time Freshman,4.0,120,2.89,2.78,In-State,FALSE,16,1,2,1,33010,7400,Employed Full-Time,0.0,Cloud Support Engineer,Infrastructure & Cloud,Antietam Systems Integration,Federal Contracting,"Washington, DC Metro",81000,FALSE,Online Application
CID-611557,Information Systems,Bachelor of Science,General,Spring 2017,2017,Transfer,3.7,121,2.83,2.72,In-State,FALSE,15,2,3,5,10230,5270,No Response,Not Applicable,Not Applicable,Not Applicable,Not Applicable,Not Applicable,Not Applicable,Not Applicable,Not Applicable,Not Applicable
CID-997060,Computer Science,Bachelor of Science,Software Engineering,Spring 2018,2018,Transfer,3.0,120,2.45,2.24,In-State,FALSE,9,0,0,0,14810,3040,Employed Full-Time,4.2,Software Engineer I,Software Engineering,Meridian National Systems,Federal Contracting,"Baltimore, MD",50000,FALSE,Alumni Network
CID-560724,Information Systems,Bachelor of Science,Software Development,Fall 2021,2021,First-Time Freshman,9.3,121,2.54,2.55,In-State,FALSE,25,1,0,3,34860,22110,No Response,Not Applicable,Not Applicable,Not Applicable,Not Applicable,Not Applicable,Not Applicable,Not Applicable,Not Applicable,Not Applicable
CID-574986,Information Systems,Bachelor of Science,Business Analytics,Spring 2024,2024,First-Time Freshman,4.3,121,2.25,2.30,In-State,FALSE,15,1,2,7,52570,45130,Employed Full-Time,2.8,Junior Systems Analyst,IT Business & Product,Arbor Peak Technologies,Software Products,"Columbia/Howard County, MD",85750,FALSE,Recruiter Outreach
CID-974800,Computer Science,Bachelor of Science,General,Fall 2023,2023,First-Time Freshman,4.3,120,2.62,2.47,In-State,FALSE,14,1,0,3,50660,9700,Employed Full-Time,0.5,Cloud Support Engineer,Infrastructure & Cloud,Calvert Advisory Group,Consulting & Professional Services,"Baltimore, MD",84500,FALSE,Return Offer from Internship
CID-715639,Information Systems,Bachelor of Science,General,Spring 2025,2025,First-Time Freshman,3.3,121,3.67,3.50,In-State,FALSE,10,2,1,1,23570,13070,Employed Full-Time,0.0,Desktop Support Analyst,IT Support & Operations,Catoctin Analytics Group,Federal Contracting,"Washington, DC Metro",80750,FALSE,Online Application
CID-441734,Computer Science,Bachelor of Science,Data Science,Spring 2020,2020,Transfer,4.0,121,2.91,2.80,In-State,FALSE,20,3,0,4,14220,8600,No Response,Not Applicable,Not Applicable,Not Applicable,Not Applicable,Not Applicable,Not Applicable,Not Applicable,Not Applicable,Not Applicable
CID-417124,Computer Science,Bachelor of Science,Cybersecurity,Fall 2017,2017,Transfer,2.0,120,2.48,2.30,In-State,FALSE,7,0,0,1,8330,2550,No Response,Not Applicable,Not Applicable,Not Applicable,Not Applicable,Not Applicable,Not Applicable,Not Applicable,Not Applicable,Not Applicable
CID-583174,Information Systems,Bachelor of Science,Business Analytics,Fall 2020,2020,Transfer,3.7,122,2.95,2.74,In-State,FALSE,15,2,0,3,14030,9300,Employed Full-Time,1.2,Software Engineer I,Software Engineering,Maryland Department of IT,Federal Government,Northern Virginia,55000,FALSE,Faculty or Staff Referral
CID-945680,Information Systems,Bachelor of Science,General,Spring 2019,2019,First-Time Freshman,3.3,121,3.09,3.00,Out-of-State,FALSE,11,1,1,1,88950,31680,Employed Full-Time,3.0,Junior ML Engineer,Machine Learning & AI,Harborline Networks,Cloud & Infrastructure,"Philadelphia, PA",73750,FALSE,Online Application
CID-612748,Computer Science,Bachelor of Science,Data Science,Spring 2025,2025,Transfer,3.0,123,3.35,3.28,In-State,FALSE,15,0,0,1,14310,5120,Employed Full-Time,5.6,Junior Developer,Software Engineering,Lumen Grid Software,Software Products,"Austin, TX",87500,FALSE,Recruiter Outreach
CID-393592,Computer Science,Bachelor of Science,Cybersecurity,Spring 2026,2026,First-Time Freshman,3.7,75,1.84,1.66,In-State,FALSE,18,1,0,5,38900,14700,Still Seeking,Not Applicable,Not Applicable,Not Applicable,Not Applicable,Not Applicable,Not Applicable,Not Applicable,Not Applicable,Not Applicable
CID-251003,Computer Science,Bachelor of Science,Software Engineering,Spring 2015,2015,Transfer,1.7,123,2.81,2.82,Out-of-State,FALSE,5,1,0,4,19780,11700,Employed Full-Time,0.1,Software Engineer I,Software Engineering,Marketside Digital,E-Commerce & Retail Tech,"Austin, TX",75250,FALSE,Return Offer from Internship
CID-790974,Computer Science,Bachelor of Science,General,Fall 2025,2025,Transfer,2.3,121,3.45,3.42,In-State,FALSE,0,1,0,2,16930,4090,Continuing Education,Not Applicable,Not Applicable,Not Applicable,Not Applicable,Not Applicable,Not Applicable,Not Applicable,Not Applicable,Not Applicable
CID-615012,Computer Science,Bachelor of Science,Cybersecurity,Fall 2016,2016,Transfer,2.3,120,3.03,2.85,Out-of-State,FALSE,5,1,0,3,28350,11640,Employed Full-Time,0.1,Junior Developer,Software Engineering,National Data Services Agency,Federal Government,"Washington, DC Metro",71750,FALSE,Return Offer from Internship
CID-236735,Information Systems,Bachelor of Science,Cybersecurity Management,Fall 2024,2024,First-Time Freshman,4.7,121,2.33,2.35,In-State,FALSE,15,0,1,1,40030,16650,Employed Full-Time,4.1,Junior Security Engineer,Cybersecurity,Office of Technology Policy,Federal Government,Northern Virginia,66750,FALSE,Online Application
CID-146716,Information Systems,Bachelor of Science,Cybersecurity Management,Fall 2015,2015,First-Time Freshman,4.3,121,3.33,3.35,In-State,FALSE,14,1,0,3,33480,8230,Employed Full-Time,0.3,Security Analyst I,Cybersecurity,Maryland Department of IT,Federal Government,"Baltimore, MD",71000,TRUE,Return Offer from Internship
CID-795627,Information Systems,Bachelor of Science,Business Analytics,Spring 2026,2026,Transfer,5.7,104,3.06,3.00,In-State,FALSE,26,0,0,2,16210,7640,Employed Full-Time,3.5,Help Desk Technician,IT Support & Operations,Keystone Federal Services,Federal Contracting,"Columbia/Howard County, MD",58250,FALSE,Career Fair
CID-597201,Information Systems,Bachelor of Science,Business Analytics,Fall 2016,2016,Transfer,3.0,121,3.65,3.53,In-State,FALSE,17,1,0,2,12330,330,Employed Full-Time,0.0,Data Analyst,Data & Analytics,Chesterfield Asset Management,Financial Services,"Washington, DC Metro",75250,FALSE,Personal Network
CID-439647,Information Systems,Bachelor of Science,Business Analytics,Fall 2020,2020,Transfer,3.0,121,3.01,3.00,In-State,FALSE,9,2,0,2,14560,10460,Employed Full-Time,0.1,Data Analyst,Data & Analytics,Open Harbor Foundation,Nonprofit & Civic Tech,Northern Virginia,55000,FALSE,Return Offer from Internship
CID-583581,Computer Science,Bachelor of Science,Data Science,Fall 2023,2023,Transfer,1.7,127,2.66,2.88,In-State,FALSE,21,1,1,3,4590,2560,Employed Full-Time,0.5,AI Research Assistant,Machine Learning & AI,Antietam Systems Integration,Federal Contracting,"Washington, DC Metro",78250,FALSE,Return Offer from Internship
CID-111791,Information Systems,Bachelor of Science,Health Information Technology,Spring 2018,2018,Transfer,3.0,121,3.00,3.00,In-State,FALSE,10,1,0,8,15900,3900,Employed Full-Time,1.1,Business Intelligence Analyst,Data & Analytics,Potomac Mission Solutions,Federal Contracting,"Baltimore, MD",51500,FALSE,Online Application
CID-553965,Information Systems,Bachelor of Science,Health Information Technology,Spring 2026,2026,First-Time Freshman,6.7,71,2.06,2.00,In-State,FALSE,17,1,0,2,35860,35320,Employed Full-Time,3.1,Junior Security Engineer,Cybersecurity,National Data Services Agency,Federal Government,Remote - United States,71250,TRUE,Alumni Network
CID-868957,Information Systems,Bachelor of Science,General,Spring 2024,2024,First-Time Freshman,4.0,121,3.42,3.35,In-State,FALSE,7,3,0,2,49920,49920,No Response,Not Applicable,Not Applicable,Not Applicable,Not Applicable,Not Applicable,Not Applicable,Not Applicable,Not Applicable,Not Applicable
CID-519370,Information Systems,Master of Science,Business Analytics,Spring 2025,2025,First-Time Freshman,3.7,121,3.90,3.90,Out-of-State,TRUE,8,3,0,5,24130,1740,Employed Full-Time,0.0,EHR Support Analyst,Health IT,Federal Health Data Office,Federal Government,"Baltimore, MD",88500,FALSE,Career Fair
CID-137380,Computer Science,Bachelor of Science,Data Science,Spring 2020,2020,First-Time Freshman,3.7,120,3.29,3.22,In-State,FALSE,7,3,1,4,30890,2980,Employed Full-Time,0.5,Associate Software Engineer,Software Engineering,Keystone Federal Services,Federal Contracting,Northern Virginia,107000,FALSE,Return Offer from Internship
CID-832435,Information Systems,Bachelor of Science,Cybersecurity Management,Spring 2019,2019,First-Time Freshman,4.0,121,2.93,2.95,Out-of-State,FALSE,0,1,2,2,81440,40850,Employed Full-Time,0.8,Security Analyst I,Cybersecurity,Falconview Systems,Software Products,"Washington, DC Metro",103500,FALSE,Student Organization Connection
CID-729580,Information Systems,Bachelor of Science,Software Development,Spring 2018,2018,First-Time Freshman,4.3,121,3.00,3.00,Out-of-State,FALSE,4,2,0,2,83310,41180,Employed Full-Time,0.0,IT Analyst,IT Business & Product,Keystone Federal Services,Federal Contracting,"Washington, DC Metro",70500,FALSE,Return Offer from Internship
CID-735759,Computer Science,Bachelor of Science,Artificial Intelligence,Fall 2017,2017,First-Time Freshman,4.0,120,2.63,2.75,In-State,FALSE,6,1,0,4,36700,23780,Employed Full-Time,1.6,IT Analyst,IT Business & Product,Fidelis Capital Partners,Financial Services,"Baltimore, MD",73750,FALSE,Career Fair
CID-598473,Computer Science,Bachelor of Science,Software Engineering,Spring 2025,2025,Transfer,1.7,120,2.82,2.82,In-State,FALSE,7,0,0,0,9710,5660,No Response,Not Applicable,Not Applicable,Not Applicable,Not Applicable,Not Applicable,Not Applicable,Not Applicable,Not Applicable,Not Applicable
CID-998685,Computer Science,Bachelor of Science,General,Spring 2022,2022,Transfer,2.7,121,3.20,3.31,In-State,FALSE,17,1,0,4,10920,470,Employed Full-Time,0.0,Systems Administrator,Infrastructure & Cloud,Maryland Department of IT,Federal Government,"Baltimore, MD",80750,FALSE,Online Application
CID-671509,Computer Science,Bachelor of Science,Software Engineering,Spring 2024,2024,First-Time Freshman,4.7,122,2.61,2.60,Out-of-State,FALSE,15,0,0,3,92000,64660,Employed Full-Time,4.6,Junior Data Analyst,Data & Analytics,Potomac Mission Solutions,Federal Contracting,"Baltimore, MD",70250,FALSE,Alumni Network
CID-748316,Computer Science,Bachelor of Science,Data Science,Spring 2021,2021,First-Time Freshman,3.7,120,2.80,2.61,In-State,FALSE,5,2,2,2,41330,26860,Employed Part-Time,0.0,Data Analyst,Data & Analytics,Pinnacle Bridge Partners,Consulting & Professional Services,Remote - United States,73250,TRUE,Student Organization Connection
CID-891489,Computer Science,Bachelor of Science,Cybersecurity,Spring 2015,2015,First-Time Freshman,3.3,120,3.52,3.49,In-State,FALSE,7,2,0,5,25920,23870,No Response,Not Applicable,Not Applicable,Not Applicable,Not Applicable,Not Applicable,Not Applicable,Not Applicable,Not Applicable,Not Applicable
CID-206326,Computer Science,Bachelor of Science,Data Science,Spring 2015,2015,Transfer,2.0,120,3.29,3.39,In-State,FALSE,1,1,0,2,11660,9340,Continuing Education,Not Applicable,Not Applicable,Not Applicable,Not Applicable,Not Applicable,Not Applicable,Not Applicable,Not Applicable,Not Applicable
CID-424558,Computer Science,Bachelor of Science,Cybersecurity,Spring 2023,2023,First-Time Freshman,3.7,121,3.62,3.58,In-State,FALSE,5,0,0,1,29960,15990,Employed Full-Time,3.8,Junior Developer,Software Engineering,Antietam Systems Integration,Federal Contracting,Northern Virginia,80500,FALSE,Online Application
CID-349280,Computer Science,Bachelor of Science,General,Spring 2020,2020,First-Time Freshman,9.0,122,2.29,2.38,In-State,FALSE,18,1,0,3,49240,8190,Still Seeking,Not Applicable,Not Applicable,Not Applicable,Not Applicable,Not Applicable,Not Applicable,Not Applicable,Not Applicable,Not Applicable
CID-881418,Computer Science,Bachelor of Science,Data Science,Fall 2023,2023,Transfer,3.3,120,3.01,2.88,In-State,FALSE,2,1,0,3,17340,3340,Employed Full-Time,0.1,Business Intelligence Analyst,Data & Analytics,Chesapeake Defense Systems,Defense & Aerospace,Northern Virginia,79000,FALSE,Career Fair
CID-511992,Computer Science,Bachelor of Science,General,Fall 2022,2022,First-Time Freshman,5.0,122,2.35,2.26,In-State,FALSE,13,2,0,2,42460,3560,Employed Full-Time,0.0,Data Analyst,Data & Analytics,Piedmont Energy Partners,Energy & Utilities,"Columbia/Howard County, MD",77250,FALSE,Return Offer from Internship
CID-722600,Computer Science,Bachelor of Science,Artificial Intelligence,Spring 2017,2017,First-Time Freshman,3.7,120,3.30,3.26,In-State,FALSE,4,1,0,3,41160,26230,Employed Part-Time,1.5,Business Intelligence Analyst,Data & Analytics,Patapsco Aerospace,Defense & Aerospace,"Washington, DC Metro",70750,FALSE,Student Organization Connection
CID-200404,Computer Science,Bachelor of Science,Data Science,Fall 2024,2024,First-Time Freshman,6.3,120,3.18,3.21,Out-of-State,FALSE,10,1,0,0,81890,46560,Still Seeking,Not Applicable,Not Applicable,Not Applicable,Not Applicable,Not Applicable,Not Applicable,Not Applicable,Not Applicable,Not Applicable
CID-293449,Information Systems,Bachelor of Science,General,Spring 2017,2017,First-Time Freshman,4.3,121,2.53,2.70,In-State,FALSE,8,1,1,0,44050,15380,Continuing Education,Not Applicable,Not Applicable,Not Applicable,Not Applicable,Not Applicable,Not Applicable,Not Applicable,Not Applicable,Not Applicable
CID-292139,Computer Science,Bachelor of Science,Data Science,Spring 2018,2018,First-Time Freshman,5.0,120,2.24,1.90,Out-of-State,FALSE,8,1,2,4,60970,20010,Employed Part-Time,0.8,Junior Data Analyst,Data & Analytics,Greenspring Health Systems,Healthcare & Life Sciences,Northern Virginia,59500,FALSE,Personal Network
CID-271430,Computer Science,Bachelor of Science,General,Spring 2017,2017,Transfer,2.3,120,3.14,3.02,In-State,FALSE,7,1,0,7,11000,6470,Continuing Education,Not Applicable,Not Applicable,Not Applicable,Not Applicable,Not Applicable,Not Applicable,Not Applicable,Not Applicable,Not Applicable
CID-115879,Computer Science,Bachelor of Science,Artificial Intelligence,Spring 2020,2020,First-Time Freshman,3.7,121,2.64,2.64,In-State,FALSE,12,1,0,3,44470,10530,Employed Full-Time,0.1,Business Intelligence Analyst,Data & Analytics,Civic Code Alliance,Nonprofit & Civic Tech,"Baltimore, MD",59250,FALSE,Return Offer from Internship
CID-928435,Computer Science,Bachelor of Science,Software Engineering,Fall 2023,2023,Transfer,2.3,121,2.92,2.93,Out-of-State,FALSE,2,1,1,1,25470,13150,Employed Full-Time,4.6,Cloud Support Engineer,Infrastructure & Cloud,Dockside Logistics Systems,Logistics & Transportation,"Washington, DC Metro",88500,TRUE,Online Application
CID-678093,Information Systems,Bachelor of Science,Health Information Technology,Fall 2022,2022,First-Time Freshman,4.3,121,3.21,3.25,Out-of-State,FALSE,11,2,1,2,63540,21630,Employed Full-Time,0.0,Systems Administrator,Infrastructure & Cloud,Blue Heron Technologies,Federal Contracting,"Columbia/Howard County, MD",88500,FALSE,Career Fair
CID-268870,Computer Science,Master of Science,Data Science,Spring 2023,2023,First-Time Freshman,6.7,122,3.07,3.10,In-State,TRUE,9,2,1,2,31860,18580,Continuing Education,Not Applicable,Not Applicable,Not Applicable,Not Applicable,Not Applicable,Not Applicable,Not Applicable,Not Applicable,Not Applicable
CID-565943,Information Systems,Bachelor of Science,General,Spring 2017,2017,Transfer,2.3,122,3.25,3.29,In-State,FALSE,6,1,0,1,11190,5990,Continuing Education,Not Applicable,Not Applicable,Not Applicable,Not Applicable,Not Applicable,Not Applicable,Not Applicable,Not Applicable,Not Applicable
CID-729603,Computer Science,Bachelor of Science,Data Science,Fall 2017,2017,First-Time Freshman,4.3,120,2.83,2.78,In-State,FALSE,1,2,0,3,41590,40960,Employed Full-Time,0.4,Security Analyst I,Cybersecurity,Northwind Platform Co.,Software Products,"Washington, DC Metro",121000,FALSE,Return Offer from Internship
CID-897165,Computer Science,Bachelor of Science,Data Science,Fall 2020,2020,First-Time Freshman,5.0,122,2.72,2.70,Out-of-State,FALSE,6,1,0,3,91840,51760,Still Seeking,Not Applicable,Not Applicable,Not Applicable,Not Applicable,Not Applicable,Not Applicable,Not Applicable,Not Applicable,Not Applicable
CID-221906,Computer Science,Bachelor of Science,Data Science,Fall 2019,2019,Transfer,3.7,122,2.89,2.86,In-State,FALSE,14,0,0,1,15190,11570,Employed Full-Time,2.7,Machine Learning Engineer I,Machine Learning & AI,Meridian National Systems,Federal Contracting,"Baltimore, MD",70250,FALSE,Alumni Network
CID-400650,Information Systems,Bachelor of Science,General,Spring 2017,2017,Transfer,3.3,121,2.49,2.44,In-State,FALSE,15,0,0,2,12570,4340,Employed Full-Time,3.7,Junior Systems Analyst,IT Business & Product,Northfield Biosciences,Healthcare & Life Sciences,"Baltimore, MD",53000,FALSE,Career Fair
CID-528568,Computer Science,Bachelor of Science,Cybersecurity,Spring 2025,2025,Transfer,3.7,122,2.91,2.73,In-State,FALSE,19,2,3,3,21480,13440,Employed Full-Time,0.9,Security Analyst I,Cybersecurity,Catoctin Analytics Group,Federal Contracting,"Baltimore, MD",105000,FALSE,Personal Network
CID-421130,Computer Science,Bachelor of Science,General,Spring 2018,2018,First-Time Freshman,4.3,122,3.23,3.40,In-State,FALSE,21,1,0,4,18230,14560,Still Seeking,Not Applicable,Not Applicable,Not Applicable,Not Applicable,Not Applicable,Not Applicable,Not Applicable,Not Applicable,Not Applicable
CID-344546,Computer Science,Bachelor of Science,General,Fall 2025,2025,Transfer,2.0,122,2.42,2.70,In-State,FALSE,5,1,0,4,16360,5950,Still Seeking,Not Applicable,Not Applicable,Not Applicable,Not Applicable,Not Applicable,Not Applicable,Not Applicable,Not Applicable,Not Applicable
CID-188010,Computer Science,Bachelor of Science,General,Spring 2016,2016,First-Time Freshman,3.7,120,2.91,2.77,In-State,FALSE,8,1,0,1,26000,14490,Employed Full-Time,2.2,Cloud Support Engineer,Infrastructure & Cloud,Fidelis Capital Partners,Financial Services,"Washington, DC Metro",79000,FALSE,Personal Network
CID-480083,Computer Science,Bachelor of Science,Artificial Intelligence,Spring 2015,2015,Transfer,4.3,121,3.09,3.25,In-State,FALSE,16,2,2,3,14650,6570,Employed Full-Time,0.3,Junior Developer,Software Engineering,Fidelis Capital Partners,Financial Services,"Washington, DC Metro",74750,FALSE,Alumni Network
CID-719864,Information Systems,Bachelor of Science,General,Spring 2021,2021,Transfer,2.3,121,2.90,2.94,In-State,FALSE,17,0,0,2,11060,5020,No Response,Not Applicable,Not Applicable,Not Applicable,Not Applicable,Not Applicable,Not Applicable,Not Applicable,Not Applicable,Not Applicable
CID-215976,Information Systems,Bachelor of Science,Business Analytics,Fall 2017,2017,First-Time Freshman,4.7,121,2.83,2.70,Out-of-State,FALSE,2,1,0,1,53970,14050,Employed Full-Time,0.2,Junior Data Analyst,Data & Analytics,Greenspring Health Systems,Healthcare & Life Sciences,Northern Virginia,68250,FALSE,Return Offer from Internship
CID-260356,Computer Science,Bachelor of Science,Data Science,Fall 2018,2018,First-Time Freshman,4.0,122,3.54,3.51,In-State,FALSE,0,1,0,2,34290,26670,Employed Full-Time,1.4,Systems Administrator,Infrastructure & Cloud,National Data Services Agency,Federal Government,Northern Virginia,82250,FALSE,Recruiter Outreach
CID-563914,Computer Science,Bachelor of Science,Artificial Intelligence,Fall 2022,2022,First-Time Freshman,4.0,122,3.11,3.00,In-State,FALSE,6,3,0,1,34980,14240,Employed Full-Time,0.0,Data Analyst,Data & Analytics,Wayfinder Technology Advisors,Consulting & Professional Services,"Baltimore, MD",89000,FALSE,Return Offer from Internship
CID-363320,Information Systems,Bachelor of Science,Cybersecurity Management,Spring 2026,2026,First-Time Freshman,8.7,121,3.08,2.95,In-State,FALSE,20,1,3,2,37370,25450,Employed Full-Time,0.5,Junior DevOps Engineer,Infrastructure & Cloud,Maryland Department of IT,Federal Government,Remote - United States,87250,TRUE,Return Offer from Internship
CID-924013,Information Systems,Bachelor of Science,Business Analytics,Spring 2021,2021,First-Time Freshman,4.0,121,3.50,3.55,Out-of-State,FALSE,9,2,0,2,76810,22150,Employed Full-Time,1.2,Security Analyst I,Cybersecurity,Brightline Software Group,Software Products,Northern Virginia,106500,FALSE,Online Application
CID-444744,Information Systems,Bachelor of Science,General,Fall 2023,2023,First-Time Freshman,4.0,121,3.26,3.20,In-State,FALSE,8,1,0,2,43550,16220,Employed Full-Time,3.3,EHR Support Analyst,Health IT,Catoctin Analytics Group,Federal Contracting,"Baltimore, MD",83500,FALSE,Faculty or Staff Referral
CID-550448,Computer Science,Bachelor of Science,Cybersecurity,Spring 2021,2021,First-Time Freshman,5.7,120,3.30,3.33,In-State,FALSE,25,2,0,2,46550,23990,No Response,Not Applicable,Not Applicable,Not Applicable,Not Applicable,Not Applicable,Not Applicable,Not Applicable,Not Applicable,Not Applicable
CID-844782,Computer Science,Bachelor of Science,Artificial Intelligence,Spring 2019,2019,Transfer,2.3,120,3.64,3.50,In-State,FALSE,13,0,2,1,5480,2210,Employed Full-Time,1.8,Junior Security Engineer,Cybersecurity,National Data Services Agency,Federal Government,"Baltimore, MD",76500,FALSE,Career Fair
CID-244221,Computer Science,Bachelor of Science,Artificial Intelligence,Summer 2020,2020,First-Time Freshman,3.7,122,3.47,3.32,In-State,FALSE,7,3,2,2,29000,9400,No Response,Not Applicable,Not Applicable,Not Applicable,Not Applicable,Not Applicable,Not Applicable,Not Applicable,Not Applicable,Not Applicable
CID-473725,Computer Science,Bachelor of Science,Cybersecurity,Spring 2019,2019,First-Time Freshman,4.3,122,2.69,2.65,Out-of-State,FALSE,7,2,1,1,71820,22590,Employed Full-Time,0.0,AI Research Assistant,Machine Learning & AI,Patapsco Aerospace,Defense & Aerospace,"Washington, DC Metro",76750,FALSE,Career Fair
CID-251197,Computer Science,Bachelor of Science,Data Science,Fall 2023,2023,Transfer,2.0,120,2.73,2.68,In-State,FALSE,11,0,0,3,14940,5090,Employed Full-Time,5.7,Data Analyst,Data & Analytics,Maryland Department of IT,Federal Government,"Baltimore, MD",51500,FALSE,Career Fair
CID-455851,Information Systems,Bachelor of Science,Business Analytics,Spring 2025,2025,Transfer,2.3,121,2.45,2.44,In-State,FALSE,0,1,0,2,12540,3420,Employed Full-Time,3.2,Data Analyst,Data & Analytics,Marketside Digital,E-Commerce & Retail Tech,"Washington, DC Metro",82750,FALSE,Career Fair
CID-506776,Information Systems,Bachelor of Science,Business Analytics,Spring 2025,2025,First-Time Freshman,3.7,121,3.20,3.15,In-State,FALSE,11,1,2,1,28460,18030,No Response,Not Applicable,Not Applicable,Not Applicable,Not Applicable,Not Applicable,Not Applicable,Not Applicable,Not Applicable,Not Applicable
CID-689607,Computer Science,Bachelor of Science,Software Engineering,Fall 2023,2023,First-Time Freshman,4.3,120,3.44,3.55,In-State,FALSE,8,2,0,4,43810,23600,Still Seeking,Not Applicable,Not Applicable,Not Applicable,Not Applicable,Not Applicable,Not Applicable,Not Applicable,Not Applicable,Not Applicable
CID-451152,Computer Science,Bachelor of Science,General,Spring 2026,2026,First-Time Freshman,2.7,83,3.12,2.93,In-State,FALSE,0,1,0,2,25440,12470,Continuing Education,Not Applicable,Not Applicable,Not Applicable,Not Applicable,Not Applicable,Not Applicable,Not Applicable,Not Applicable,Not Applicable
CID-244262,Information Systems,Bachelor of Science,Health Information Technology,Spring 2019,2019,First-Time Freshman,8.0,121,2.55,2.55,In-State,FALSE,20,1,0,5,26340,11110,Employed Full-Time,2.7,Business Intelligence Analyst,Data & Analytics,Maryland Department of IT,Federal Government,"Baltimore, MD",42750,FALSE,Career Fair
CID-449771,Information Systems,Bachelor of Science,Business Analytics,Spring 2022,2022,First-Time Freshman,3.0,121,3.64,3.70,Out-of-State,FALSE,5,2,2,3,77200,33590,Employed Full-Time,0.4,Junior Data Analyst,Data & Analytics,Catoctin Analytics Group,Federal Contracting,"Baltimore, MD",82500,FALSE,Return Offer from Internship
CID-590984,Information Systems,Bachelor of Science,Cybersecurity Management,Spring 2026,2026,First-Time Freshman,6.3,115,2.97,3.00,In-State,FALSE,16,2,0,3,55880,30770,Employed Full-Time,2.1,Security Analyst I,Cybersecurity,Federal Health Data Office,Federal Government,Remote - United States,80500,TRUE,Career Fair
CID-482050,Computer Science,Bachelor of Science,Data Science,Fall 2018,2018,Transfer,1.7,121,3.71,3.65,Out-of-State,FALSE,5,0,0,1,16790,10830,Employed Full-Time,2.5,Junior Developer,Software Engineering,Chesapeake Defense Systems,Defense & Aerospace,"Baltimore, MD",69750,FALSE,Online Application
CID-245884,Computer Science,Bachelor of Science,Software Engineering,Fall 2016,2016,Transfer,1.3,121,3.36,3.18,In-State,FALSE,4,1,1,2,9010,6320,Employed Full-Time,0.2,Junior Developer,Software Engineering,University of Maryland System,Higher Education,"Baltimore, MD",56250,FALSE,Return Offer from Internship
CID-471571,Information Systems,Bachelor of Science,General,Fall 2018,2018,Transfer,3.7,122,3.84,3.84,Out-of-State,FALSE,7,1,1,4,20550,11050,Employed Full-Time,0.2,Data Analyst,Data & Analytics,Antietam Systems Integration,Federal Contracting,Northern Virginia,75750,FALSE,Return Offer from Internship
CID-408451,Computer Science,Bachelor of Science,General,Fall 2025,2025,Transfer,5.3,120,3.05,2.98,In-State,FALSE,13,1,0,2,17030,12380,Employed Full-Time,1.6,Desktop Support Analyst,IT Support & Operations,Keystone Federal Services,Federal Contracting,"Washington, DC Metro",64500,FALSE,Recruiter Outreach
CID-506845,Computer Science,Bachelor of Science,Software Engineering,Fall 2015,2015,Transfer,2.3,121,3.27,3.24,In-State,FALSE,0,1,0,1,8340,8340,No Response,Not Applicable,Not Applicable,Not Applicable,Not Applicable,Not Applicable,Not Applicable,Not Applicable,Not Applicable,Not Applicable
CID-981651,Computer Science,Bachelor of Science,Artificial Intelligence,Spring 2017,2017,First-Time Freshman,4.0,122,2.84,2.79,Out-of-State,FALSE,9,1,1,2,70430,5710,Employed Full-Time,2.5,Junior Security Engineer,Cybersecurity,Harborline Networks,Cloud & Infrastructure,"Washington, DC Metro",84250,FALSE,Recruiter Outreach
CID-873340,Computer Science,Bachelor of Science,Data Science,Spring 2026,2026,First-Time Freshman,4.3,90,1.96,1.92,In-State,FALSE,2,0,0,1,39670,19650,Employed Full-Time,3.7,IT Support Specialist,IT Support & Operations,Tidewater Defense Group,Defense & Aerospace,"Washington, DC Metro",44250,FALSE,Career Fair
CID-984660,Computer Science,Bachelor of Science,General,Fall 2024,2024,First-Time Freshman,4.0,120,3.04,3.07,In-State,FALSE,13,0,0,6,27340,21730,Employed Full-Time,4.8,Security Analyst I,Cybersecurity,Office of Technology Policy,Federal Government,"Columbia/Howard County, MD",84250,FALSE,Career Fair
CID-218963,Information Systems,Bachelor of Science,Software Development,Spring 2020,2020,Transfer,2.7,120,3.30,3.22,In-State,FALSE,3,0,0,3,9810,2450,Employed Full-Time,3.0,IT Analyst,IT Business & Product,Blue Heron Technologies,Federal Contracting,"Baltimore, MD",73750,FALSE,Personal Network
CID-592716,Computer Science,Bachelor of Science,Software Engineering,Fall 2021,2021,Transfer,3.0,122,3.27,3.22,In-State,FALSE,7,1,0,4,14810,8040,Employed Full-Time,0.0,Junior DevOps Engineer,Infrastructure & Cloud,Greenspring Health Systems,Healthcare & Life Sciences,"Columbia/Howard County, MD",81500,FALSE,Alumni Network
CID-140825,Computer Science,Bachelor of Science,Artificial Intelligence,Fall 2015,2015,First-Time Freshman,3.3,120,3.62,3.67,In-State,FALSE,6,1,0,1,29920,17070,Still Seeking,Not Applicable,Not Applicable,Not Applicable,Not Applicable,Not Applicable,Not Applicable,Not Applicable,Not Applicable,Not Applicable
CID-338118,Computer Science,Bachelor of Science,Software Engineering,Fall 2016,2016,Transfer,2.7,120,3.22,3.06,In-State,FALSE,9,1,1,3,15580,11560,Employed Full-Time,0.0,Software Engineer I,Software Engineering,Redoubt Security Partners,Cybersecurity Services,"Washington, DC Metro",71500,FALSE,Alumni Network
CID-742846,Information Systems,Bachelor of Science,Cybersecurity Management,Spring 2025,2025,First-Time Freshman,3.7,121,3.38,3.25,In-State,FALSE,5,2,0,6,41350,23300,Continuing Education,Not Applicable,Not Applicable,Not Applicable,Not Applicable,Not Applicable,Not Applicable,Not Applicable,Not Applicable,Not Applicable
CID-406414,Information Systems,Bachelor of Science,Software Development,Spring 2017,2017,First-Time Freshman,4.3,121,3.27,3.35,Out-of-State,FALSE,14,1,0,0,80610,48650,Employed Part-Time,2.7,Associate Software Engineer,Software Engineering,Blue Heron Technologies,Federal Contracting,"Columbia/Howard County, MD",58500,FALSE,Career Fair
CID-560831,Information Systems,Bachelor of Science,Software Development,Fall 2022,2022,Transfer,3.0,122,2.87,2.83,In-State,FALSE,7,2,0,5,18690,11300,Employed Full-Time,0.1,Junior Data Analyst,Data & Analytics,Severn River Consulting,Federal Contracting,"Columbia/Howard County, MD",84500,FALSE,Return Offer from Internship
CID-951535,Computer Science,Bachelor of Science,Software Engineering,Fall 2021,2021,First-Time Freshman,4.7,122,2.70,2.58,Out-of-State,FALSE,9,2,0,1,85570,10580,Employed Full-Time,0.0,Data Analyst,Data & Analytics,Stratus Cloud Works,Cloud & Infrastructure,Northern Virginia,93500,TRUE,Recruiter Outreach
CID-989071,Computer Science,Bachelor of Science,Data Science,Spring 2023,2023,Transfer,2.3,123,3.40,3.55,In-State,FALSE,8,0,0,1,11350,2510,No Response,Not Applicable,Not Applicable,Not Applicable,Not Applicable,Not Applicable,Not Applicable,Not Applicable,Not Applicable,Not Applicable
CID-570945,Information Systems,Bachelor of Science,General,Spring 2019,2019,First-Time Freshman,3.7,121,3.59,3.65,In-State,FALSE,9,2,1,5,37310,32190,Continuing Education,Not Applicable,Not Applicable,Not Applicable,Not Applicable,Not Applicable,Not Applicable,Not Applicable,Not Applicable,Not Applicable
CID-245482,Computer Science,Bachelor of Science,Data Science,Spring 2015,2015,Transfer,2.0,121,2.64,2.50,Out-of-State,FALSE,7,0,0,1,26550,9440,Still Seeking,Not Applicable,Not Applicable,Not Applicable,Not Applicable,Not Applicable,Not Applicable,Not Applicable,Not Applicable,Not Applicable
CID-199714,Computer Science,Bachelor of Science,Data Science,Spring 2023,2023,First-Time Freshman,5.0,123,2.62,2.48,In-State,FALSE,11,0,0,2,35300,21220,Employed Full-Time,4.6,IT Support Specialist,IT Support & Operations,Bayview Medical Informatics,Healthcare & Life Sciences,"Washington, DC Metro",54750,FALSE,Online Application
CID-861954,Computer Science,Bachelor of Science,Cybersecurity,Spring 2025,2025,First-Time Freshman,4.0,120,3.29,3.35,In-State,FALSE,13,0,0,3,36910,22600,Continuing Education,Not Applicable,Not Applicable,Not Applicable,Not Applicable,Not Applicable,Not Applicable,Not Applicable,Not Applicable,Not Applicable
CID-627428,Information Systems,Bachelor of Science,Software Development,Spring 2021,2021,First-Time Freshman,3.7,121,3.79,3.85,In-State,FALSE,6,0,0,5,37950,11450,Employed Full-Time,2.4,Junior Developer,Software Engineering,Calvert Advisory Group,Consulting & Professional Services,"Washington, DC Metro",81000,TRUE,Personal Network
CID-353619,Computer Science,Bachelor of Science,General,Fall 2024,2024,First-Time Freshman,3.7,120,2.82,2.96,In-State,FALSE,16,1,1,2,49430,28000,No Response,Not Applicable,Not Applicable,Not Applicable,Not Applicable,Not Applicable,Not Applicable,Not Applicable,Not Applicable,Not Applicable
CID-527594,Computer Science,Bachelor of Science,Software Engineering,Spring 2015,2015,First-Time Freshman,4.3,122,3.14,3.05,In-State,FALSE,16,2,2,3,29830,12790,Employed Full-Time,0.1,Associate Software Engineer,Software Engineering,Patapsco Aerospace,Defense & Aerospace,Northern Virginia,78000,FALSE,Return Offer from Internship
CID-917165,Computer Science,Bachelor of Science,Software Engineering,Fall 2016,2016,First-Time Freshman,8.0,122,2.68,2.57,In-State,FALSE,20,3,0,3,52380,27850,No Response,Not Applicable,Not Applicable,Not Applicable,Not Applicable,Not Applicable,Not Applicable,Not Applicable,Not Applicable,Not Applicable
CID-991063,Computer Science,Bachelor of Science,General,Fall 2024,2024,Transfer,2.7,121,2.15,2.24,In-State,FALSE,14,0,0,2,15460,7730,No Response,Not Applicable,Not Applicable,Not Applicable,Not Applicable,Not Applicable,Not Applicable,Not Applicable,Not Applicable,Not Applicable
CID-343568,Information Systems,Bachelor of Science,Business Analytics,Spring 2024,2024,Transfer,2.0,120,3.56,3.65,In-State,FALSE,4,1,0,5,8920,7290,Employed Full-Time,0.0,Security Analyst I,Cybersecurity,Maryland Department of IT,Federal Government,Northern Virginia,82750,TRUE,Online Application
CID-799890,Information Systems,Bachelor of Science,Health Information Technology,Spring 2026,2026,Transfer,4.3,110,1.65,1.50,In-State,FALSE,6,0,0,1,25830,16340,Still Seeking,Not Applicable,Not Applicable,Not Applicable,Not Applicable,Not Applicable,Not Applicable,Not Applicable,Not Applicable,Not Applicable
CID-133804,Computer Science,Bachelor of Science,Software Engineering,Spring 2026,2026,First-Time Freshman,3.7,79,1.83,1.80,Out-of-State,FALSE,15,1,0,1,100400,31970,Employed Full-Time,3.3,Systems Administrator,Infrastructure & Cloud,Antietam Systems Integration,Federal Contracting,"Columbia/Howard County, MD",69250,FALSE,Alumni Network
CID-217415,Information Systems,Bachelor of Science,Health Information Technology,Fall 2023,2023,First-Time Freshman,5.3,121,2.88,2.65,In-State,FALSE,11,3,0,1,38540,36150,No Response,Not Applicable,Not Applicable,Not Applicable,Not Applicable,Not Applicable,Not Applicable,Not Applicable,Not Applicable,Not Applicable
CID-321964,Computer Science,Bachelor of Science,Software Engineering,Fall 2025,2025,First-Time Freshman,3.7,123,3.57,3.47,Out-of-State,FALSE,4,1,0,1,79890,21030,Still Seeking,Not Applicable,Not Applicable,Not Applicable,Not Applicable,Not Applicable,Not Applicable,Not Applicable,Not Applicable,Not Applicable
CID-992588,Computer Science,Bachelor of Science,Cybersecurity,Fall 2023,2023,First-Time Freshman,4.0,120,3.12,3.17,In-State,FALSE,7,3,0,3,47200,29870,Continuing Education,Not Applicable,Not Applicable,Not Applicable,Not Applicable,Not Applicable,Not Applicable,Not Applicable,Not Applicable,Not Applicable
CID-966500,Information Systems,Bachelor of Science,Health Information Technology,Spring 2024,2024,Transfer,4.7,122,3.55,3.44,In-State,FALSE,18,1,0,0,12480,12480,Employed Full-Time,3.3,Business Intelligence Analyst,Data & Analytics,Maryland Department of IT,Federal Government,"Washington, DC Metro",78750,FALSE,Faculty or Staff Referral
CID-634087,Information Systems,Bachelor of Science,Software Development,Spring 2017,2017,First-Time Freshman,4.3,121,2.47,2.60,In-State,FALSE,11,0,0,0,31060,15060,Employed Full-Time,3.3,Junior Security Engineer,Cybersecurity,Stratus Cloud Works,Cloud & Infrastructure,"Columbia/Howard County, MD",75000,FALSE,Personal Network
CID-963165,Computer Science,Master of Science,Software Engineering,Fall 2022,2022,First-Time Freshman,4.3,120,2.60,2.64,In-State,FALSE,7,3,0,5,39740,23790,Employed Full-Time,0.5,Software Engineer I,Software Engineering,Federal Health Data Office,Federal Government,"Baltimore, MD",65500,FALSE,Return Offer from Internship
CID-681998,Information Systems,Bachelor of Science,Software Development,Fall 2015,2015,First-Time Freshman,4.0,121,2.93,2.95,In-State,FALSE,6,2,0,4,36170,14070,Employed Full-Time,0.5,Business Intelligence Analyst,Data & Analytics,Sterling Ridge Consulting,Consulting & Professional Services,"Baltimore, MD",57500,FALSE,Alumni Network
CID-599174,Computer Science,Bachelor of Science,Cybersecurity,Fall 2022,2022,First-Time Freshman,3.7,120,3.20,3.19,Out-of-State,FALSE,7,1,0,4,85630,8510,Employed Full-Time,0.0,Junior Data Analyst,Data & Analytics,Shoreline Retail Group,E-Commerce & Retail Tech,"Columbia/Howard County, MD",76500,FALSE,Student Organization Connection
CID-745484,Computer Science,Bachelor of Science,Cybersecurity,Spring 2024,2024,Transfer,2.3,120,3.09,3.17,In-State,FALSE,0,1,2,3,16370,10850,Employed Full-Time,3.9,Associate Software Engineer,Software Engineering,Chesterfield Asset Management,Financial Services,Remote - United States,99250,TRUE,Personal Network
CID-667934,Information Systems,Bachelor of Science,General,Spring 2018,2018,Transfer,3.0,122,3.06,3.00,In-State,FALSE,19,1,0,2,9940,4380,Employed Full-Time,1.2,Data Analyst,Data & Analytics,Severn River Consulting,Federal Contracting,"Baltimore, MD",55000,FALSE,Career Fair
CID-894888,Information Systems,Bachelor of Science,Health Information Technology,Fall 2023,2023,First-Time Freshman,4.0,121,3.03,2.90,In-State,FALSE,6,1,2,3,42200,27500,Still Seeking,Not Applicable,Not Applicable,Not Applicable,Not Applicable,Not Applicable,Not Applicable,Not Applicable,Not Applicable,Not Applicable
CID-236646,Computer Science,Bachelor of Science,General,Spring 2020,2020,Transfer,2.7,121,2.94,3.06,In-State,FALSE,7,1,2,2,15290,10570,No Response,Not Applicable,Not Applicable,Not Applicable,Not Applicable,Not Applicable,Not Applicable,Not Applicable,Not Applicable,Not Applicable
CID-425817,Computer Science,Bachelor of Science,General,Spring 2018,2018,Transfer,2.7,121,2.51,2.50,In-State,FALSE,11,1,2,2,10490,2490,Employed Full-Time,2.0,Junior Developer,Software Engineering,Wayfinder Technology Advisors,Consulting & Professional Services,"Columbia/Howard County, MD",60750,FALSE,Student Organization Connection
CID-539991,Computer Science,Bachelor of Science,General,Spring 2019,2019,First-Time Freshman,7.7,122,2.65,2.63,In-State,FALSE,29,4,1,2,48110,29380,Employed Full-Time,0.2,AI Research Assistant,Machine Learning & AI,Monument Bank Technology,Financial Services,"Baltimore, MD",70250,FALSE,Return Offer from Internship
CID-904993,Computer Science,Bachelor of Science,General,Fall 2025,2025,First-Time Freshman,4.3,122,3.44,3.44,In-State,FALSE,5,1,1,1,42820,42820,Employed Full-Time,0.3,Software Engineer I,Software Engineering,Stratus Cloud Works,Cloud & Infrastructure,Northern Virginia,113500,FALSE,Return Offer from Internship
CID-227403,Computer Science,Bachelor of Science,General,Spring 2022,2022,First-Time Freshman,4.0,120,3.13,3.04,In-State,FALSE,0,1,0,1,51890,28340,Employed Full-Time,1.2,Data Analyst,Data & Analytics,Patapsco Aerospace,Defense & Aerospace,Northern Virginia,77500,FALSE,Career Fair
CID-984611,Computer Science,Bachelor of Science,Software Engineering,Fall 2015,2015,Transfer,3.3,123,3.03,2.90,In-State,FALSE,6,1,2,2,14660,2040,No Response,Not Applicable,Not Applicable,Not Applicable,Not Applicable,Not Applicable,Not Applicable,Not Applicable,Not Applicable,Not Applicable
CID-373909,Computer Science,Bachelor of Science,General,Spring 2024,2024,First-Time Freshman,7.7,120,2.45,2.42,In-State,FALSE,26,3,0,5,35330,18440,Employed Full-Time,0.3,Business Intelligence Analyst,Data & Analytics,Anvil Compute,Cloud & Infrastructure,"Washington, DC Metro",108000,TRUE,Return Offer from Internship
CID-338931,Computer Science,Bachelor of Science,General,Fall 2020,2020,Transfer,5.3,122,2.09,2.07,In-State,FALSE,13,1,0,1,11790,4250,Employed Part-Time,5.0,AI Research Assistant,Machine Learning & AI,Catoctin Analytics Group,Federal Contracting,"Baltimore, MD",72000,TRUE,Online Application
CID-314749,Computer Science,Bachelor of Science,Data Science,Fall 2023,2023,First-Time Freshman,5.0,122,1.91,1.89,In-State,FALSE,8,2,3,1,58300,23160,Employed Full-Time,4.8,Junior Developer,Software Engineering,Tidewater Defense Group,Defense & Aerospace,Northern Virginia,74500,TRUE,Personal Network
CID-165365,Computer Science,Bachelor of Science,Software Engineering,Spring 2019,2019,Transfer,3.3,122,2.71,2.68,In-State,FALSE,7,1,0,1,14710,5890,No Response,Not Applicable,Not Applicable,Not Applicable,Not Applicable,Not Applicable,Not Applicable,Not Applicable,Not Applicable,Not Applicable
CID-766348,Information Systems,Bachelor of Science,General,Spring 2018,2018,First-Time Freshman,4.3,121,3.44,3.30,In-State,FALSE,8,3,0,5,34220,20930,No Response,Not Applicable,Not Applicable,Not Applicable,Not Applicable,Not Applicable,Not Applicable,Not Applicable,Not Applicable,Not Applicable
CID-549118,Information Systems,Bachelor of Science,Health Information Technology,Spring 2022,2022,First-Time Freshman,4.0,121,3.31,3.35,Out-of-State,FALSE,12,1,0,1,76200,18500,Employed Part-Time,0.0,Clinical Systems Analyst,Health IT,Anvil Compute,Cloud & Infrastructure,"Baltimore, MD",89250,FALSE,Personal Network
CID-894784,Information Systems,Bachelor of Science,General,Spring 2021,2021,First-Time Freshman,4.7,121,3.23,3.14,In-State,FALSE,9,1,1,0,35940,24890,Employed Full-Time,0.4,Systems Administrator,Infrastructure & Cloud,Office of Technology Policy,Federal Government,Northern Virginia,86000,FALSE,Return Offer from Internship
CID-136481,Computer Science,Bachelor of Science,Cybersecurity,Spring 2026,2026,First-Time Freshman,4.0,121,2.40,2.43,In-State,FALSE,5,0,0,1,42320,28030,Still Seeking,Not Applicable,Not Applicable,Not Applicable,Not Applicable,Not Applicable,Not Applicable,Not Applicable,Not Applicable,Not Applicable
CID-951555,Computer Science,Bachelor of Science,Data Science,Fall 2024,2024,Transfer,4.7,122,2.48,2.55,In-State,FALSE,18,2,2,3,16590,5460,Employed Full-Time,2.4,Cloud Support Engineer,Infrastructure & Cloud,Wayfinder Technology Advisors,Consulting & Professional Services,"Baltimore, MD",75500,FALSE,Recruiter Outreach
CID-637456,Information Systems,Bachelor of Science,Business Analytics,Spring 2016,2016,First-Time Freshman,3.3,121,2.94,2.95,In-State,FALSE,17,1,0,2,33090,33090,Employed Full-Time,0.1,Data Analyst,Data & Analytics,Beacon Telecom Services,Telecommunications,San Francisco Bay Area,77000,FALSE,Return Offer from Internship
CID-708446,Computer Science,Bachelor of Science,Data Science,Fall 2018,2018,Transfer,2.3,121,2.67,2.82,Out-of-State,FALSE,18,1,0,2,22530,10460,Employed Full-Time,1.4,Data Analyst,Data & Analytics,Maryland Department of IT,Federal Government,"Washington, DC Metro",45750,FALSE,Career Fair
CID-215429,Information Systems,Bachelor of Science,Business Analytics,Fall 2020,2020,First-Time Freshman,4.0,121,3.32,3.20,In-State,FALSE,9,2,0,3,29960,8550,No Response,Not Applicable,Not Applicable,Not Applicable,Not Applicable,Not Applicable,Not Applicable,Not Applicable,Not Applicable,Not Applicable
CID-516629,Information Systems,Bachelor of Science,General,Spring 2015,2015,First-Time Freshman,3.3,121,3.36,3.30,In-State,FALSE,2,2,0,5,37120,18830,Employed Full-Time,0.0,Business Intelligence Analyst,Data & Analytics,Severn River Consulting,Federal Contracting,"Baltimore, MD",62500,FALSE,Return Offer from Internship
CID-679208,Information Systems,Bachelor of Science,Software Development,Spring 2019,2019,Transfer,2.0,122,3.40,3.41,In-State,FALSE,10,0,1,3,10080,4730,Employed Full-Time,4.0,Business Intelligence Analyst,Data & Analytics,Federal Health Data Office,Federal Government,"Baltimore, MD",44500,FALSE,Recruiter Outreach
CID-442788,Computer Science,Bachelor of Science,Cybersecurity,Spring 2015,2015,Transfer,3.0,122,3.14,3.23,In-State,FALSE,7,2,0,2,12180,10530,Employed Full-Time,0.3,Junior Security Engineer,Cybersecurity,Tidewater Defense Group,Defense & Aerospace,"Washington, DC Metro",83750,FALSE,Return Offer from Internship
CID-238153,Information Systems,Bachelor of Science,Business Analytics,Fall 2015,2015,Transfer,2.3,121,3.35,3.35,In-State,FALSE,3,1,2,1,4300,2560,Employed Part-Time,0.0,Junior Data Analyst,Data & Analytics,Falconview Systems,Software Products,Northern Virginia,71500,FALSE,Online Application
CID-506824,Computer Science,Bachelor of Science,Software Engineering,Summer 2023,2023,First-Time Freshman,4.0,120,3.83,3.80,In-State,FALSE,11,0,0,1,31270,12560,Employed Full-Time,4.6,AI Research Assistant,Machine Learning & AI,Shoreline Retail Group,E-Commerce & Retail Tech,"Washington, DC Metro",91000,FALSE,Personal Network
CID-417645,Computer Science,Bachelor of Science,General,Spring 2018,2018,Transfer,3.0,120,2.54,2.69,In-State,FALSE,28,1,2,2,16320,4030,Employed Full-Time,0.0,Software Engineer I,Software Engineering,Lumen Grid Software,Software Products,"Columbia/Howard County, MD",73000,FALSE,Personal Network
CID-435909,Information Systems,Bachelor of Science,Software Development,Spring 2023,2023,Transfer,3.7,122,2.67,2.67,In-State,FALSE,20,2,2,3,10480,5310,Employed Full-Time,0.0,Software Engineer I,Software Engineering,Patapsco Aerospace,Defense & Aerospace,Northern Virginia,88000,FALSE,Return Offer from Internship
CID-984876,Computer Science,Bachelor of Science,Data Science,Spring 2023,2023,First-Time Freshman,4.7,122,2.56,2.76,In-State,FALSE,11,2,0,2,44910,11030,Employed Full-Time,3.1,IT Analyst,IT Business & Product,Allied Shield Insurance Group,Insurance,Northern Virginia,91000,FALSE,Career Fair
CID-999941,Computer Science,Bachelor of Science,Artificial Intelligence,Fall 2018,2018,First-Time Freshman,4.0,120,2.83,2.82,Out-of-State,FALSE,1,1,0,6,59260,48890,No Response,Not Applicable,Not Applicable,Not Applicable,Not Applicable,Not Applicable,Not Applicable,Not Applicable,Not Applicable,Not Applicable
CID-655174,Computer Science,Bachelor of Science,Software Engineering,Fall 2016,2016,First-Time Freshman,4.7,122,2.82,2.73,In-State,FALSE,10,1,0,3,40290,25660,No Response,Not Applicable,Not Applicable,Not Applicable,Not Applicable,Not Applicable,Not Applicable,Not Applicable,Not Applicable,Not Applicable
CID-429089,Computer Science,Bachelor of Science,General,Spring 2025,2025,First-Time Freshman,3.7,120,3.00,2.91,In-State,FALSE,16,2,1,3,40820,10860,Employed Full-Time,2.8,Associate Software Engineer,Software Engineering,Brightline Software Group,Software Products,Northern Virginia,86250,FALSE,Career Fair
CID-360718,Information Systems,Bachelor of Science,Cybersecurity Management,Fall 2022,2022,First-Time Freshman,4.7,121,2.74,2.85,In-State,FALSE,11,1,1,2,33400,8950,No Response,Not Applicable,Not Applicable,Not Applicable,Not Applicable,Not Applicable,Not Applicable,Not Applicable,Not Applicable,Not Applicable
CID-823259,Computer Science,Master of Science,Cybersecurity,Spring 2023,2023,First-Time Freshman,4.7,122,3.08,2.85,In-State,FALSE,15,3,0,4,25960,10550,Employed Full-Time,0.0,SOC Analyst,Cybersecurity,Northwind Platform Co.,Software Products,"Columbia/Howard County, MD",102500,FALSE,Return Offer from Internship
CID-843535,Computer Science,Bachelor of Science,Data Science,Fall 2015,2015,Transfer,2.0,120,2.85,2.77,In-State,FALSE,13,0,2,2,12280,10770,No Response,Not Applicable,Not Applicable,Not Applicable,Not Applicable,Not Applicable,Not Applicable,Not Applicable,Not Applicable,Not Applicable
CID-272932,Computer Science,Bachelor of Science,General,Spring 2020,2020,First-Time Freshman,3.7,120,3.17,3.24,In-State,FALSE,8,3,2,5,30410,29270,Employed Part-Time,2.9,Junior Data Analyst,Data & Analytics,Allied Shield Insurance Group,Insurance,"Baltimore, MD",75500,FALSE,Online Application
CID-312929,Information Systems,Bachelor of Science,Business Analytics,Spring 2019,2019,First-Time Freshman,4.3,121,3.12,3.15,In-State,FALSE,19,1,0,2,41020,21000,Employed Full-Time,0.0,Business Analyst,IT Business & Product,Northwind Platform Co.,Software Products,Northern Virginia,90000,FALSE,Student Organization Connection
CID-313664,Computer Science,Bachelor of Science,Software Engineering,Spring 2020,2020,Transfer,1.7,127,3.38,3.15,In-State,FALSE,10,1,0,1,7050,1460,Employed Full-Time,5.6,Clinical Systems Analyst,Health IT,Meridian National Systems,Federal Contracting,"Baltimore, MD",88250,FALSE,Recruiter Outreach
CID-154929,Information Systems,Bachelor of Science,Business Analytics,Spring 2022,2022,First-Time Freshman,5.0,121,3.28,3.30,In-State,FALSE,7,1,0,1,50770,16870,Employed Full-Time,0.0,AI Research Assistant,Machine Learning & AI,Federal Health Data Office,Federal Government,"Baltimore, MD",63250,FALSE,Career Fair
CID-612904,Information Systems,Bachelor of Science,Business Analytics,Spring 2023,2023,First-Time Freshman,4.0,121,3.01,2.90,In-State,FALSE,2,2,0,4,47000,42910,Employed Full-Time,4.1,EHR Support Analyst,Health IT,Office of Technology Policy,Federal Government,"Baltimore, MD",60500,FALSE,Career Fair
CID-127529,Computer Science,Bachelor of Science,Artificial Intelligence,Spring 2023,2023,First-Time Freshman,4.3,123,2.53,2.54,In-State,FALSE,9,1,2,4,38580,17530,No Response,Not Applicable,Not Applicable,Not Applicable,Not Applicable,Not Applicable,Not Applicable,Not Applicable,Not Applicable,Not Applicable
CID-432168,Computer Science,Bachelor of Science,General,Spring 2019,2019,First-Time Freshman,3.7,121,3.06,2.92,In-State,FALSE,15,0,0,3,40040,19450,Employed Full-Time,4.7,Junior ML Engineer,Machine Learning & AI,Chesapeake Defense Systems,Defense & Aerospace,"Baltimore, MD",78500,FALSE,Student Organization Connection
CID-261647,Information Systems,Bachelor of Science,Health Information Technology,Fall 2023,2023,Transfer,1.7,120,3.26,3.29,In-State,FALSE,2,0,0,1,10590,7850,Still Seeking,Not Applicable,Not Applicable,Not Applicable,Not Applicable,Not Applicable,Not Applicable,Not Applicable,Not Applicable,Not Applicable
CID-358996,Information Systems,Master of Science,Health Information Technology,Spring 2020,2020,First-Time Freshman,3.3,121,2.88,2.90,In-State,TRUE,6,2,0,3,31660,11770,No Response,Not Applicable,Not Applicable,Not Applicable,Not Applicable,Not Applicable,Not Applicable,Not Applicable,Not Applicable,Not Applicable
CID-842988,Information Systems,Bachelor of Science,General,Spring 2025,2025,Transfer,2.0,121,3.65,3.61,In-State,FALSE,9,1,0,2,5590,2970,Employed Full-Time,2.7,Business Analyst,IT Business & Product,Pinnacle Bridge Partners,Consulting & Professional Services,"Baltimore, MD",94750,FALSE,Student Organization Connection
CID-627978,Information Systems,Bachelor of Science,Health Information Technology,Spring 2024,2024,Transfer,3.3,121,3.72,3.63,In-State,FALSE,22,0,0,3,11290,7160,Employed Full-Time,5.0,Clinical Systems Analyst,Health IT,Meridian National Systems,Federal Contracting,"Washington, DC Metro",86250,FALSE,Online Application
CID-494168,Information Systems,Bachelor of Science,Cybersecurity Management,Spring 2018,2018,First-Time Freshman,4.3,121,2.76,2.90,Out-of-State,FALSE,8,2,1,1,40620,16130,Still Seeking,Not Applicable,Not Applicable,Not Applicable,Not Applicable,Not Applicable,Not Applicable,Not Applicable,Not Applicable,Not Applicable
CID-157917,Information Systems,Bachelor of Science,Business Analytics,Spring 2020,2020,First-Time Freshman,3.3,121,3.78,3.95,In-State,FALSE,10,1,0,5,36100,17670,Employed Full-Time,4.2,Business Analyst,IT Business & Product,Chesterfield Asset Management,Financial Services,"Washington, DC Metro",101000,FALSE,Personal Network
CID-719709,Computer Science,Bachelor of Science,Cybersecurity,Spring 2020,2020,First-Time Freshman,4.3,122,2.81,2.78,In-State,FALSE,18,1,1,0,43320,31320,Employed Full-Time,5.5,Junior Developer,Software Engineering,Lumen Grid Software,Software Products,Remote - United States,72750,TRUE,Recruiter Outreach
CID-429490,Computer Science,Bachelor of Science,Cybersecurity,Spring 2018,2018,First-Time Freshman,4.0,120,2.42,2.11,In-State,FALSE,11,1,0,1,38690,20550,Employed Full-Time,2.7,SOC Analyst,Cybersecurity,Harborline Networks,Cloud & Infrastructure,"Baltimore, MD",82750,FALSE,Student Organization Connection
CID-180027,Computer Science,Bachelor of Science,General,Spring 2026,2026,First-Time Freshman,7.3,111,2.49,2.42,Out-of-State,FALSE,29,0,0,1,75430,14810,Employed Full-Time,4.6,Junior DevOps Engineer,Infrastructure & Cloud,Vantage Point Applications,Software Products,"Baltimore, MD",86750,FALSE,Online Application
CID-643425,Computer Science,Bachelor of Science,Data Science,Spring 2024,2024,First-Time Freshman,4.0,120,3.00,3.13,In-State,FALSE,21,1,2,1,41290,16040,Employed Full-Time,1.5,Software Engineer I,Software Engineering,Potomac Mission Solutions,Federal Contracting,"Washington, DC Metro",87000,FALSE,Alumni Network
CID-178091,Computer Science,Bachelor of Science,Artificial Intelligence,Spring 2020,2020,First-Time Freshman,4.3,122,2.80,2.52,In-State,FALSE,12,2,2,4,26670,9780,Employed Full-Time,0.2,AI Research Assistant,Machine Learning & AI,Severn River Consulting,Federal Contracting,Remote - United States,83750,TRUE,Return Offer from Internship
CID-743850,Computer Science,Bachelor of Science,Data Science,Fall 2017,2017,First-Time Freshman,4.0,123,3.24,3.05,In-State,FALSE,20,1,1,3,23030,14500,Employed Full-Time,0.0,Associate Software Engineer,Software Engineering,Keystone Federal Services,Federal Contracting,"Washington, DC Metro",98000,FALSE,Student Organization Connection
CID-776038,Information Systems,Bachelor of Science,Cybersecurity Management,Spring 2020,2020,Transfer,2.7,120,3.42,3.50,In-State,FALSE,9,1,0,1,12580,5720,Continuing Education,Not Applicable,Not Applicable,Not Applicable,Not Applicable,Not Applicable,Not Applicable,Not Applicable,Not Applicable,Not Applicable
CID-369360,Information Systems,Bachelor of Science,General,Fall 2024,2024,Transfer,3.0,121,3.00,3.00,In-State,FALSE,14,2,1,3,15090,8550,Employed Full-Time,0.2,Security Analyst I,Cybersecurity,Keystone Federal Services,Federal Contracting,"Baltimore, MD",88000,FALSE,Career Fair
CID-599942,Information Systems,Bachelor of Science,Health Information Technology,Spring 2022,2022,First-Time Freshman,8.3,121,2.71,2.65,In-State,FALSE,21,1,1,0,39710,15810,No Response,Not Applicable,Not Applicable,Not Applicable,Not Applicable,Not Applicable,Not Applicable,Not Applicable,Not Applicable,Not Applicable
CID-806685,Information Systems,Bachelor of Science,Cybersecurity Management,Fall 2022,2022,First-Time Freshman,6.3,121,2.97,3.20,Out-of-State,FALSE,15,1,1,5,81830,46550,No Response,Not Applicable,Not Applicable,Not Applicable,Not Applicable,Not Applicable,Not Applicable,Not Applicable,Not Applicable,Not Applicable
CID-247820,Computer Science,Bachelor of Science,Artificial Intelligence,Fall 2019,2019,Transfer,2.7,120,3.31,3.41,In-State,FALSE,3,0,0,2,14850,2830,Employed Full-Time,3.7,Machine Learning Engineer I,Machine Learning & AI,National Data Services Agency,Federal Government,"Washington, DC Metro",75500,FALSE,Faculty or Staff Referral
CID-119966,Computer Science,Bachelor of Science,General,Fall 2023,2023,Transfer,2.7,120,2.69,2.77,In-State,FALSE,5,0,0,3,14570,7310,Still Seeking,Not Applicable,Not Applicable,Not Applicable,Not Applicable,Not Applicable,Not Applicable,Not Applicable,Not Applicable,Not Applicable
CID-972212,Computer Science,Bachelor of Science,General,Spring 2026,2026,First-Time Freshman,4.3,116,2.28,2.33,In-State,FALSE,27,1,1,2,54720,26350,Employed Full-Time,2.5,Junior Developer,Software Engineering,Severn River Consulting,Federal Contracting,"Washington, DC Metro",71000,FALSE,Career Fair
CID-309811,Information Systems,Bachelor of Science,Cybersecurity Management,Spring 2021,2021,Transfer,2.3,121,3.13,3.22,In-State,FALSE,15,0,1,3,16870,3630,Military,Not Applicable,Not Applicable,Not Applicable,Not Applicable,Not Applicable,Not Applicable,Not Applicable,Not Applicable,Not Applicable
CID-303207,Computer Science,Master of Science,Cybersecurity,Fall 2020,2020,Transfer,1.7,124,3.21,3.32,In-State,TRUE,8,1,1,0,8540,6560,Employed Part-Time,0.1,Junior Security Engineer,Cybersecurity,Bastion Threat Labs,Cybersecurity Services,"Baltimore, MD",108000,TRUE,Return Offer from Internship
CID-928673,Computer Science,Master of Science,Artificial Intelligence,Fall 2022,2022,First-Time Freshman,4.0,123,3.77,3.73,In-State,TRUE,7,0,0,1,37350,18620,Employed Full-Time,0.0,Business Analyst,IT Business & Product,Ironwood Cyber,Cybersecurity Services,Northern Virginia,83000,TRUE,Online Application
CID-111463,Computer Science,Bachelor of Science,Artificial Intelligence,Fall 2016,2016,First-Time Freshman,4.7,122,2.80,2.84,In-State,FALSE,0,1,2,0,25170,13660,Employed Part-Time,0.8,Data Analyst,Data & Analytics,Meridian National Systems,Federal Contracting,"Baltimore, MD",68750,FALSE,Online Application
CID-157101,Computer Science,Bachelor of Science,Software Engineering,Spring 2022,2022,Transfer,2.3,120,2.35,2.44,In-State,FALSE,8,1,0,4,12140,5290,Employed Full-Time,0.0,Associate Software Engineer,Software Engineering,Anvil Compute,Cloud & Infrastructure,"Baltimore, MD",87750,FALSE,Return Offer from Internship
CID-844777,Information Systems,Bachelor of Science,Cybersecurity Management,Spring 2023,2023,Transfer,3.3,122,3.29,3.22,In-State,FALSE,17,1,0,2,17710,11430,Employed Full-Time,1.3,Business Intelligence Analyst,Data & Analytics,Ironwood Cyber,Cybersecurity Services,"Baltimore, MD",79250,FALSE,Recruiter Outreach
CID-725705,Computer Science,Bachelor of Science,Software Engineering,Spring 2020,2020,Transfer,2.3,120,2.05,1.89,In-State,FALSE,20,0,0,4,8250,4080,Employed Full-Time,7.1,Junior Developer,Software Engineering,Calvert Advisory Group,Consulting & Professional Services,"Baltimore, MD",48000,FALSE,Online Application
CID-390002,Computer Science,Bachelor of Science,Cybersecurity,Spring 2024,2024,First-Time Freshman,3.7,120,2.57,2.58,In-State,FALSE,6,1,1,1,35390,11720,Employed Full-Time,0.3,Junior Security Engineer,Cybersecurity,Chesapeake Defense Systems,Defense & Aerospace,Northern Virginia,90750,FALSE,Return Offer from Internship
CID-814302,Information Systems,Bachelor of Science,Software Development,Fall 2019,2019,First-Time Freshman,4.3,121,2.97,2.75,In-State,FALSE,8,2,2,1,24380,15080,Employed Part-Time,0.0,Machine Learning Engineer I,Machine Learning & AI,National Data Services Agency,Federal Government,"Washington, DC Metro",80500,FALSE,Return Offer from Internship
CID-975830,Information Systems,Master of Science,Software Development,Fall 2021,2021,Transfer,2.3,120,3.21,3.24,Out-of-State,TRUE,20,0,0,2,16060,4010,Still Seeking,Not Applicable,Not Applicable,Not Applicable,Not Applicable,Not Applicable,Not Applicable,Not Applicable,Not Applicable,Not Applicable
CID-637786,Information Systems,Bachelor of Science,General,Fall 2024,2024,Transfer,3.0,121,2.73,2.89,In-State,FALSE,15,2,0,2,12090,7150,Employed Full-Time,3.1,Associate Software Engineer,Software Engineering,Sterling Ridge Consulting,Consulting & Professional Services,"Columbia/Howard County, MD",65750,FALSE,Online Application
CID-629651,Computer Science,Bachelor of Science,Software Engineering,Spring 2017,2017,Transfer,1.3,125,3.37,3.29,In-State,FALSE,9,0,0,1,8810,8310,Employed Full-Time,2.9,Software Engineer I,Software Engineering,Parcel & Post Technologies,Logistics & Transportation,"Baltimore, MD",58000,FALSE,Personal Network
CID-502032,Computer Science,Bachelor of Science,Data Science,Spring 2020,2020,First-Time Freshman,4.0,122,3.10,2.93,Out-of-State,FALSE,15,1,1,4,60060,37970,Employed Full-Time,4.6,Data Analyst,Data & Analytics,Lumen Grid Software,Software Products,"Baltimore, MD",86250,FALSE,Recruiter Outreach
CID-639191,Information Systems,Bachelor of Science,General,Spring 2025,2025,First-Time Freshman,3.7,121,3.49,3.45,In-State,FALSE,12,1,1,1,41450,14850,Employed Full-Time,1.4,Junior Data Analyst,Data & Analytics,Potomac Mission Solutions,Federal Contracting,"Washington, DC Metro",82000,FALSE,Recruiter Outreach
CID-390442,Information Systems,Bachelor of Science,Business Analytics,Spring 2017,2017,First-Time Freshman,4.7,121,3.17,3.15,In-State,FALSE,3,0,0,2,29340,18450,Continuing Education,Not Applicable,Not Applicable,Not Applicable,Not Applicable,Not Applicable,Not Applicable,Not Applicable,Not Applicable,Not Applicable
CID-200726,Computer Science,Bachelor of Science,General,Spring 2021,2021,Transfer,2.3,121,3.07,3.16,In-State,FALSE,3,1,0,2,14170,3640,Employed Full-Time,1.5,Systems Administrator,Infrastructure & Cloud,Tidewater Defense Group,Defense & Aerospace,"Washington, DC Metro",72500,FALSE,Alumni Network
CID-170669,Information Systems,Bachelor of Science,Health Information Technology,Spring 2021,2021,First-Time Freshman,3.7,121,2.93,3.00,Out-of-State,FALSE,6,2,0,6,94340,50220,Employed Full-Time,0.3,Desktop Support Analyst,IT Support & Operations,Northwind Platform Co.,Software Products,"Washington, DC Metro",76500,FALSE,Return Offer from Internship
CID-305485,Computer Science,Bachelor of Science,Software Engineering,Summer 2020,2020,First-Time Freshman,7.0,122,2.93,2.77,In-State,FALSE,25,1,1,0,43130,27410,Still Seeking,Not Applicable,Not Applicable,Not Applicable,Not Applicable,Not Applicable,Not Applicable,Not Applicable,Not Applicable,Not Applicable
CID-170400,Computer Science,Bachelor of Science,Data Science,Fall 2022,2022,First-Time Freshman,4.0,122,3.10,3.05,Out-of-State,FALSE,12,1,0,1,56770,40480,Military,Not Applicable,Not Applicable,Not Applicable,Not Applicable,Not Applicable,Not Applicable,Not Applicable,Not Applicable,Not Applicable
CID-739697,Information Systems,Bachelor of Science,Business Analytics,Fall 2026,2026,Transfer,1.7,113,2.88,2.93,In-State,FALSE,5,0,0,3,13770,3960,Still Seeking,Not Applicable,Not Applicable,Not Applicable,Not Applicable,Not Applicable,Not Applicable,Not Applicable,Not Applicable,Not Applicable
CID-879962,Computer Science,Bachelor of Science,Cybersecurity,Fall 2020,2020,Transfer,4.7,121,2.14,2.08,In-State,FALSE,31,1,0,4,13140,1450,Employed Full-Time,0.0,Junior Developer,Software Engineering,Redoubt Security Partners,Cybersecurity Services,"Baltimore, MD",54000,FALSE,Return Offer from Internship
CID-969770,Computer Science,Bachelor of Science,Data Science,Fall 2015,2015,Transfer,2.7,120,2.87,2.88,In-State,FALSE,11,1,0,1,13110,8180,No Response,Not Applicable,Not Applicable,Not Applicable,Not Applicable,Not Applicable,Not Applicable,Not Applicable,Not Applicable,Not Applicable
CID-561276,Computer Science,Bachelor of Science,General,Spring 2018,2018,First-Time Freshman,4.7,121,2.91,2.82,In-State,FALSE,18,2,0,3,45790,34640,Employed Full-Time,3.3,Data Analyst,Data & Analytics,Chesterfield Asset Management,Financial Services,"Washington, DC Metro",81500,FALSE,Recruiter Outreach
CID-149543,Computer Science,Bachelor of Science,Cybersecurity,Fall 2025,2025,First-Time Freshman,4.7,122,3.02,2.78,In-State,FALSE,5,2,0,4,43540,23230,Still Seeking,Not Applicable,Not Applicable,Not Applicable,Not Applicable,Not Applicable,Not Applicable,Not Applicable,Not Applicable,Not Applicable
CID-317050,Computer Science,Bachelor of Science,Software Engineering,Fall 2021,2021,Transfer,2.7,120,3.06,3.04,In-State,FALSE,6,0,0,0,19260,9060,No Response,Not Applicable,Not Applicable,Not Applicable,Not Applicable,Not Applicable,Not Applicable,Not Applicable,Not Applicable,Not Applicable
CID-422006,Computer Science,Bachelor of Science,Software Engineering,Fall 2015,2015,Transfer,3.7,121,2.58,2.51,In-State,FALSE,23,2,0,2,9220,8650,Employed Part-Time,0.0,Software Engineer I,Software Engineering,Tidewater Defense Group,Defense & Aerospace,"Washington, DC Metro",62500,FALSE,Online Application
CID-989920,Computer Science,Bachelor of Science,Software Engineering,Fall 2022,2022,First-Time Freshman,4.7,122,2.75,2.68,In-State,FALSE,9,2,0,2,41750,18350,Employed Full-Time,0.0,Junior Security Engineer,Cybersecurity,Blue Heron Technologies,Federal Contracting,"Baltimore, MD",88500,FALSE,Online Application
CID-287210,Information Systems,Bachelor of Science,General,Fall 2021,2021,Transfer,3.0,121,3.27,3.44,In-State,FALSE,11,1,1,1,15460,9520,No Response,Not Applicable,Not Applicable,Not Applicable,Not Applicable,Not Applicable,Not Applicable,Not Applicable,Not Applicable,Not Applicable
CID-196861,Information Systems,Bachelor of Science,Health Information Technology,Spring 2016,2016,Transfer,6.0,122,3.01,2.83,In-State,FALSE,18,1,0,2,11070,7460,Still Seeking,Not Applicable,Not Applicable,Not Applicable,Not Applicable,Not Applicable,Not Applicable,Not Applicable,Not Applicable,Not Applicable
CID-841203,Computer Science,Bachelor of Science,General,Fall 2017,2017,Transfer,2.0,121,3.16,3.15,In-State,FALSE,9,1,1,5,11490,450,Employed Full-Time,0.4,Junior Developer,Software Engineering,Tidewater Defense Group,Defense & Aerospace,"Baltimore, MD",79500,FALSE,Return Offer from Internship
CID-984395,Information Systems,Bachelor of Science,Business Analytics,Fall 2018,2018,Transfer,3.7,122,2.70,2.63,In-State,FALSE,5,2,2,5,14010,3940,Employed Full-Time,0.5,Clinical Systems Analyst,Health IT,Northfield Biosciences,Healthcare & Life Sciences,"Baltimore, MD",53500,FALSE,Student Organization Connection
CID-689739,Computer Science,Bachelor of Science,Data Science,Fall 2018,2018,First-Time Freshman,4.0,122,3.94,3.95,Out-of-State,FALSE,3,1,0,2,38210,9960,Employed Full-Time,1.5,Machine Learning Engineer I,Machine Learning & AI,Blue Heron Technologies,Federal Contracting,"Washington, DC Metro",107000,FALSE,Recruiter Outreach
CID-582228,Information Systems,Bachelor of Science,Business Analytics,Fall 2017,2017,Transfer,2.0,120,2.89,2.82,In-State,FALSE,2,1,3,3,12780,8500,Employed Full-Time,1.4,Business Intelligence Analyst,Data & Analytics,Pinnacle Bridge Partners,Consulting & Professional Services,"Columbia/Howard County, MD",80000,FALSE,Faculty or Staff Referral
CID-601368,Information Systems,Master of Science,General,Fall 2015,2015,First-Time Freshman,4.0,121,3.73,3.70,In-State,TRUE,21,2,0,3,15230,4040,Employed Full-Time,0.0,IT Analyst,IT Business & Product,Allied Shield Insurance Group,Insurance,Northern Virginia,79500,FALSE,Return Offer from Internship
CID-385485,Computer Science,Master of Science,Software Engineering,Spring 2023,2023,First-Time Freshman,4.3,122,3.16,3.16,In-State,TRUE,5,3,1,5,41570,23600,Continuing Education,Not Applicable,Not Applicable,Not Applicable,Not Applicable,Not Applicable,Not Applicable,Not Applicable,Not Applicable,Not Applicable
CID-177588,Information Systems,Bachelor of Science,Business Analytics,Spring 2025,2025,First-Time Freshman,6.0,121,2.38,2.48,Out-of-State,FALSE,0,1,3,3,93330,30200,Employed Full-Time,1.3,Junior Data Analyst,Data & Analytics,Harbor Mutual Insurance,Insurance,"Boston, MA",76750,FALSE,Student Organization Connection
CID-476821,Computer Science,Bachelor of Science,Artificial Intelligence,Spring 2025,2025,First-Time Freshman,3.3,120,3.30,3.18,In-State,FALSE,12,1,0,0,31750,8700,Employed Full-Time,0.1,Business Intelligence Analyst,Data & Analytics,Falconview Systems,Software Products,"Washington, DC Metro",101000,FALSE,Return Offer from Internship
CID-404379,Information Systems,Bachelor of Science,Business Analytics,Spring 2019,2019,First-Time Freshman,4.7,121,3.40,3.30,In-State,FALSE,6,2,0,5,30800,13950,Employed Full-Time,0.9,Junior Developer,Software Engineering,Catoctin Analytics Group,Federal Contracting,Northern Virginia,81500,FALSE,Personal Network
CID-304055,Computer Science,Bachelor of Science,Data Science,Fall 2017,2017,Transfer,2.7,120,3.56,3.58,In-State,FALSE,6,0,0,0,10000,5620,Employed Full-Time,2.8,Business Intelligence Analyst,Data & Analytics,National Data Services Agency,Federal Government,Northern Virginia,74000,FALSE,Student Organization Connection
CID-175419,Information Systems,Bachelor of Science,General,Spring 2021,2021,First-Time Freshman,3.3,121,3.60,3.60,In-State,FALSE,14,1,0,3,26100,17090,Employed Full-Time,0.2,Junior Security Engineer,Cybersecurity,Meridian National Systems,Federal Contracting,"Washington, DC Metro",117500,FALSE,Return Offer from Internship
CID-913482,Information Systems,Bachelor of Science,Cybersecurity Management,Spring 2024,2024,First-Time Freshman,4.0,121,3.03,2.95,In-State,FALSE,6,1,0,0,27500,15420,Employed Full-Time,0.0,Help Desk Technician,IT Support & Operations,Lumen Grid Software,Software Products,"Columbia/Howard County, MD",77250,FALSE,Return Offer from Internship
CID-909701,Computer Science,Bachelor of Science,Cybersecurity,Fall 2017,2017,First-Time Freshman,4.3,120,3.02,2.89,In-State,FALSE,3,1,1,1,30690,15390,Employed Full-Time,0.4,Security Analyst I,Cybersecurity,Chesapeake Community College,Higher Education,"Baltimore, MD",61250,FALSE,Personal Network
CID-179937,Computer Science,Bachelor of Science,General,Spring 2024,2024,Transfer,2.3,120,3.28,3.36,In-State,FALSE,6,0,0,1,11490,11490,Employed Full-Time,8.1,Associate Software Engineer,Software Engineering,Clarion Clinical Data,Healthcare & Life Sciences,"Baltimore, MD",71000,FALSE,Recruiter Outreach
CID-344238,Computer Science,Master of Science,General,Spring 2021,2021,First-Time Freshman,3.3,120,2.77,2.70,Out-of-State,FALSE,14,1,3,5,80610,38940,Employed Full-Time,0.6,AI Research Assistant,Machine Learning & AI,Harborline Networks,Cloud & Infrastructure,"Washington, DC Metro",92250,FALSE,Faculty or Staff Referral
CID-747783,Computer Science,Bachelor of Science,Software Engineering,Fall 2020,2020,First-Time Freshman,3.0,120,3.67,3.56,In-State,FALSE,0,2,0,3,32110,22510,Employed Full-Time,0.6,Machine Learning Engineer I,Machine Learning & AI,Anvil Compute,Cloud & Infrastructure,"Denver, CO",120000,FALSE,Return Offer from Internship
CID-319940,Computer Science,Bachelor of Science,General,Spring 2022,2022,First-Time Freshman,4.0,122,3.05,3.02,In-State,FALSE,11,1,0,4,31460,19960,Employed Full-Time,0.5,Junior Developer,Software Engineering,Harborline Networks,Cloud & Infrastructure,Northern Virginia,85250,FALSE,Online Application
CID-317731,Computer Science,Bachelor of Science,Cybersecurity,Spring 2024,2024,First-Time Freshman,3.7,120,3.39,3.50,In-State,FALSE,11,2,3,0,45810,14510,Continuing Education,Not Applicable,Not Applicable,Not Applicable,Not Applicable,Not Applicable,Not Applicable,Not Applicable,Not Applicable,Not Applicable
CID-108261,Information Systems,Bachelor of Science,General,Spring 2022,2022,First-Time Freshman,4.3,121,2.99,3.00,Out-of-State,FALSE,10,0,0,5,80320,60710,Employed Full-Time,2.5,Business Analyst,IT Business & Product,National Data Services Agency,Federal Government,Northern Virginia,74250,FALSE,Student Organization Connection
CID-363359,Information Systems,Bachelor of Science,Software Development,Spring 2024,2024,First-Time Freshman,3.7,121,2.95,3.05,In-State,FALSE,8,1,2,4,43790,21750,Employed Full-Time,0.0,Software Engineer I,Software Engineering,Northfield Biosciences,Healthcare & Life Sciences,"Baltimore, MD",70750,FALSE,Return Offer from Internship
CID-423755,Information Systems,Bachelor of Science,General,Fall 2020,2020,First-Time Freshman,4.3,121,3.03,3.05,Out-of-State,FALSE,14,3,0,2,75440,38730,Employed Part-Time,5.1,Junior Systems Analyst,IT Business & Product,Beacon Telecom Services,Telecommunications,"Denver, CO",67500,TRUE,Online Application
CID-649989,Computer Science,Master of Science,Software Engineering,Spring 2025,2025,Transfer,1.3,123,3.39,3.42,In-State,FALSE,20,0,0,1,7060,2000,Employed Full-Time,3.3,Junior ML Engineer,Machine Learning & AI,Anvil Compute,Cloud & Infrastructure,"Baltimore, MD",100000,FALSE,Online Application
CID-470710,Information Systems,Bachelor of Science,General,Spring 2015,2015,First-Time Freshman,4.7,121,2.46,2.65,Out-of-State,FALSE,7,2,1,2,67390,45600,Employed Full-Time,0.0,Data Analyst,Data & Analytics,Parcel & Post Technologies,Logistics & Transportation,Northern Virginia,58250,FALSE,Career Fair
CID-685770,Computer Science,Bachelor of Science,Software Engineering,Fall 2018,2018,Transfer,2.3,121,3.15,3.42,In-State,FALSE,4,1,2,4,10210,0,Employed Full-Time,0.0,Associate Software Engineer,Software Engineering,Falconview Systems,Software Products,"Washington, DC Metro",75750,FALSE,Career Fair
CID-424743,Information Systems,Bachelor of Science,General,Fall 2024,2024,Transfer,2.7,122,2.76,2.89,In-State,FALSE,3,2,0,2,12620,6830,Employed Full-Time,0.1,SOC Analyst,Cybersecurity,Calvert Advisory Group,Consulting & Professional Services,"Baltimore, MD",104500,TRUE,Return Offer from Internship
CID-731791,Computer Science,Bachelor of Science,Data Science,Fall 2018,2018,Transfer,5.0,120,3.03,3.21,In-State,FALSE,22,2,1,1,17360,6950,Employed Full-Time,0.5,Junior DevOps Engineer,Infrastructure & Cloud,Catoctin Analytics Group,Federal Contracting,"Baltimore, MD",70750,FALSE,Return Offer from Internship
CID-810316,Information Systems,Bachelor of Science,Software Development,Fall 2017,2017,Transfer,2.0,121,3.00,3.06,In-State,FALSE,12,0,1,1,7270,1050,Employed Full-Time,0.5,SOC Analyst,Cybersecurity,Chesapeake Defense Systems,Defense & Aerospace,"Baltimore, MD",76250,FALSE,Online Application
CID-792715,Information Systems,Master of Science,Cybersecurity Management,Fall 2022,2022,First-Time Freshman,4.0,121,3.31,3.25,Out-of-State,TRUE,11,2,0,2,82460,78140,Employed Full-Time,0.9,Junior Developer,Software Engineering,Sterling Ridge Consulting,Consulting & Professional Services,Northern Virginia,92000,FALSE,Career Fair
CID-167530,Computer Science,Bachelor of Science,Software Engineering,Fall 2023,2023,First-Time Freshman,4.7,122,3.17,3.10,Out-of-State,FALSE,8,1,2,6,79790,55700,Employed Full-Time,0.2,Software Engineer I,Software Engineering,Anvil Compute,Cloud & Infrastructure,"Washington, DC Metro",97750,FALSE,Return Offer from Internship
CID-592952,Computer Science,Bachelor of Science,General,Spring 2025,2025,Transfer,2.7,120,2.23,2.20,In-State,FALSE,26,0,3,2,15050,11320,No Response,Not Applicable,Not Applicable,Not Applicable,Not Applicable,Not Applicable,Not Applicable,Not Applicable,Not Applicable,Not Applicable
CID-440825,Computer Science,Bachelor of Science,Cybersecurity,Fall 2017,2017,Transfer,3.0,120,3.11,3.17,In-State,FALSE,29,2,0,2,11240,11190,Employed Full-Time,2.2,Junior Security Engineer,Cybersecurity,Piedmont Energy Partners,Energy & Utilities,"Atlanta, GA",65750,FALSE,Online Application
CID-848839,Computer Science,Bachelor of Science,General,Fall 2025,2025,First-Time Freshman,4.3,120,2.73,2.53,In-State,FALSE,1,0,0,2,42000,25480,Employed Part-Time,5.1,Junior DevOps Engineer,Infrastructure & Cloud,Copper Ridge Data Centers,Cloud & Infrastructure,"Washington, DC Metro",88750,TRUE,Personal Network
CID-883765,Information Systems,Bachelor of Science,Business Analytics,Spring 2026,2026,First-Time Freshman,7.7,102,2.27,2.44,In-State,FALSE,20,0,0,0,38020,11780,Employed Full-Time,4.7,Junior Security Engineer,Cybersecurity,Clarion Clinical Data,Healthcare & Life Sciences,"Washington, DC Metro",85500,FALSE,Recruiter Outreach
CID-276639,Computer Science,Bachelor of Science,Data Science,Spring 2021,2021,First-Time Freshman,4.0,120,2.88,2.81,In-State,FALSE,5,1,3,2,33930,18900,Employed Full-Time,1.4,Data Analyst,Data & Analytics,Allied Shield Insurance Group,Insurance,"Washington, DC Metro",72500,FALSE,Career Fair
CID-189780,Computer Science,Bachelor of Science,General,Summer 2021,2021,First-Time Freshman,5.3,122,2.22,2.20,In-State,FALSE,9,0,0,2,39620,21190,Employed Full-Time,6.3,Associate Software Engineer,Software Engineering,Vantage Point Applications,Software Products,"Baltimore, MD",53500,FALSE,Online Application
CID-518042,Computer Science,Master of Science,Artificial Intelligence,Spring 2017,2017,First-Time Freshman,4.3,122,2.93,2.85,Out-of-State,TRUE,15,1,2,2,46830,39690,Employed Full-Time,0.1,Associate Software Engineer,Software Engineering,Stratus Cloud Works,Cloud & Infrastructure,Remote - United States,77750,TRUE,Return Offer from Internship
CID-554444,Computer Science,Bachelor of Science,General,Fall 2023,2023,Transfer,2.3,120,2.93,3.08,In-State,FALSE,3,1,0,2,16100,7590,Employed Full-Time,0.3,Junior Developer,Software Engineering,Catoctin Analytics Group,Federal Contracting,Remote - United States,66250,TRUE,Return Offer from Internship
CID-662726,Computer Science,Master of Science,Artificial Intelligence,Fall 2022,2022,First-Time Freshman,4.7,123,2.92,2.89,Out-of-State,TRUE,21,3,0,7,90810,53340,Employed Full-Time,0.3,Junior Developer,Software Engineering,Anvil Compute,Cloud & Infrastructure,Remote - United States,104500,TRUE,Return Offer from Internship
CID-265006,Information Systems,Bachelor of Science,Health Information Technology,Fall 2017,2017,Transfer,3.3,120,2.40,2.39,In-State,FALSE,11,1,0,3,18660,4850,Military,Not Applicable,Not Applicable,Not Applicable,Not Applicable,Not Applicable,Not Applicable,Not Applicable,Not Applicable,Not Applicable
CID-726851,Information Systems,Bachelor of Science,Business Analytics,Spring 2021,2021,First-Time Freshman,6.0,121,3.24,3.15,In-State,FALSE,13,2,0,2,46240,21610,Employed Full-Time,0.8,Business Intelligence Analyst,Data & Analytics,Federal Health Data Office,Federal Government,"Washington, DC Metro",66250,FALSE,Career Fair
CID-661956,Computer Science,Bachelor of Science,Data Science,Spring 2019,2019,First-Time Freshman,3.3,121,3.37,3.30,Out-of-State,FALSE,11,1,0,4,52860,21730,Employed Full-Time,1.0,Junior Data Analyst,Data & Analytics,Greenspring Health Systems,Healthcare & Life Sciences,Northern Virginia,64250,FALSE,Recruiter Outreach
CID-472515,Computer Science,Master of Science,Artificial Intelligence,Spring 2020,2020,First-Time Freshman,4.0,122,3.51,3.48,Out-of-State,TRUE,19,2,0,6,66120,31740,Employed Full-Time,0.5,Junior DevOps Engineer,Infrastructure & Cloud,Blue Heron Technologies,Federal Contracting,"Washington, DC Metro",102000,TRUE,Return Offer from Internship
CID-949068,Information Systems,Bachelor of Science,General,Fall 2022,2022,First-Time Freshman,4.0,121,3.38,3.40,In-State,FALSE,12,1,1,5,39810,32580,Employed Full-Time,0.0,Security Analyst I,Cybersecurity,Meridian National Systems,Federal Contracting,"Baltimore, MD",89250,FALSE,Recruiter Outreach
CID-399151,Computer Science,Bachelor of Science,Software Engineering,Fall 2017,2017,First-Time Freshman,6.3,120,3.25,3.12,Out-of-State,FALSE,17,1,2,0,62470,25660,Employed Full-Time,0.0,Machine Learning Engineer I,Machine Learning & AI,Piedmont Energy Partners,Energy & Utilities,"Baltimore, MD",82250,FALSE,Student Organization Connection
CID-154826,Information Systems,Bachelor of Science,General,Spring 2018,2018,First-Time Freshman,4.3,121,2.64,2.55,Out-of-State,FALSE,13,1,0,4,81200,75450,Employed Full-Time,1.6,Junior Data Analyst,Data & Analytics,Blue Heron Technologies,Federal Contracting,"Washington, DC Metro",63500,FALSE,Career Fair
CID-525970,Computer Science,Bachelor of Science,Cybersecurity,Spring 2023,2023,First-Time Freshman,3.3,120,2.96,2.90,Out-of-State,FALSE,6,1,0,1,71580,32070,Employed Full-Time,4.1,Junior ML Engineer,Machine Learning & AI,Harbor Mutual Insurance,Insurance,"Washington, DC Metro",85500,FALSE,Career Fair
CID-260515,Information Systems,Bachelor of Science,General,Spring 2026,2026,First-Time Freshman,4.0,121,3.16,3.20,In-State,FALSE,4,0,0,3,37930,13610,Employed Full-Time,4.2,SOC Analyst,Cybersecurity,Severn River Consulting,Federal Contracting,Northern Virginia,84500,FALSE,Career Fair
CID-917284,Information Systems,Bachelor of Science,General,Fall 2023,2023,First-Time Freshman,5.3,121,2.80,2.75,In-State,FALSE,0,1,1,2,45040,22370,Still Seeking,Not Applicable,Not Applicable,Not Applicable,Not Applicable,Not Applicable,Not Applicable,Not Applicable,Not Applicable,Not Applicable
CID-808194,Information Systems,Bachelor of Science,Cybersecurity Management,Fall 2020,2020,First-Time Freshman,4.3,121,3.42,3.57,Out-of-State,FALSE,9,2,0,3,44470,24900,Employed Full-Time,0.0,Junior Security Engineer,Cybersecurity,Northfield Biosciences,Healthcare & Life Sciences,"Washington, DC Metro",102500,FALSE,Return Offer from Internship
CID-110769,Computer Science,Bachelor of Science,Data Science,Fall 2024,2024,First-Time Freshman,4.7,122,2.58,2.63,Out-of-State,FALSE,9,1,0,1,101680,55510,Employed Full-Time,3.1,Systems Administrator,Infrastructure & Cloud,Marketside Digital,E-Commerce & Retail Tech,"Baltimore, MD",84500,FALSE,Personal Network
CID-591216,Computer Science,Bachelor of Science,Software Engineering,Spring 2015,2015,First-Time Freshman,3.3,120,3.44,3.54,Out-of-State,FALSE,10,1,0,4,41670,10870,Employed Full-Time,0.0,Software Engineer I,Software Engineering,Tidewater Defense Group,Defense & Aerospace,"Baltimore, MD",77750,FALSE,Recruiter Outreach
CID-210971,Information Systems,Bachelor of Science,Business Analytics,Fall 2025,2025,Transfer,2.3,122,3.05,3.12,In-State,FALSE,4,0,1,1,12060,8650,Continuing Education,Not Applicable,Not Applicable,Not Applicable,Not Applicable,Not Applicable,Not Applicable,Not Applicable,Not Applicable,Not Applicable
CID-497496,Computer Science,Bachelor of Science,General,Spring 2018,2018,Transfer,1.7,121,3.29,3.24,In-State,FALSE,5,1,0,4,8880,4410,Still Seeking,Not Applicable,Not Applicable,Not Applicable,Not Applicable,Not Applicable,Not Applicable,Not Applicable,Not Applicable,Not Applicable
CID-945976,Computer Science,Bachelor of Science,General,Fall 2018,2018,Transfer,2.7,122,3.46,3.53,In-State,FALSE,14,0,0,5,13550,5200,Employed Full-Time,2.9,Systems Administrator,Infrastructure & Cloud,Blue Heron Technologies,Federal Contracting,"Baltimore, MD",80250,FALSE,Career Fair
CID-573810,Information Systems,Master of Science,Cybersecurity Management,Fall 2020,2020,Transfer,3.7,122,3.40,3.50,In-State,FALSE,5,3,0,4,12180,6270,Employed Full-Time,4.4,IT Analyst,IT Business & Product,Tidal Power Cooperative,Energy & Utilities,"Washington, DC Metro",69750,FALSE,Career Fair
CID-620906,Computer Science,Bachelor of Science,Artificial Intelligence,Fall 2016,2016,Transfer,2.3,121,3.46,3.53,In-State,FALSE,8,0,0,3,9710,5620,Still Seeking,Not Applicable,Not Applicable,Not Applicable,Not Applicable,Not Applicable,Not Applicable,Not Applicable,Not Applicable,Not Applicable
CID-312607,Information Systems,Bachelor of Science,Business Analytics,Spring 2023,2023,Transfer,3.7,120,2.31,2.28,In-State,FALSE,9,2,0,2,17160,7020,No Response,Not Applicable,Not Applicable,Not Applicable,Not Applicable,Not Applicable,Not Applicable,Not Applicable,Not Applicable,Not Applicable
CID-978885,Computer Science,Bachelor of Science,Cybersecurity,Fall 2019,2019,First-Time Freshman,4.3,122,2.75,2.90,In-State,FALSE,13,0,0,2,31930,16090,No Response,Not Applicable,Not Applicable,Not Applicable,Not Applicable,Not Applicable,Not Applicable,Not Applicable,Not Applicable,Not Applicable
CID-470545,Computer Science,Bachelor of Science,Data Science,Spring 2022,2022,First-Time Freshman,3.3,120,3.42,3.37,In-State,FALSE,12,2,1,4,28370,22030,Employed Full-Time,0.0,Junior DevOps Engineer,Infrastructure & Cloud,Chesapeake Defense Systems,Defense & Aerospace,"Baltimore, MD",83750,FALSE,Online Application
CID-810583,Information Systems,Bachelor of Science,Health Information Technology,Fall 2018,2018,First-Time Freshman,4.0,121,3.05,3.10,In-State,FALSE,9,2,0,3,39950,29700,Still Seeking,Not Applicable,Not Applicable,Not Applicable,Not Applicable,Not Applicable,Not Applicable,Not Applicable,Not Applicable,Not Applicable
CID-217050,Computer Science,Bachelor of Science,Data Science,Fall 2015,2015,Transfer,2.0,120,2.61,2.80,In-State,FALSE,0,0,2,5,10770,4570,Employed Full-Time,5.6,Software Engineer I,Software Engineering,Catoctin Analytics Group,Federal Contracting,"Baltimore, MD",42500,FALSE,Faculty or Staff Referral
CID-793314,Information Systems,Bachelor of Science,Cybersecurity Management,Fall 2016,2016,First-Time Freshman,4.3,121,3.33,3.25,In-State,FALSE,4,2,0,5,27330,20580,Employed Full-Time,0.1,SOC Analyst,Cybersecurity,Sentinel Peak Security,Cybersecurity Services,"Baltimore, MD",90250,FALSE,Return Offer from Internship
CID-843060,Computer Science,Bachelor of Science,Software Engineering,Spring 2016,2016,First-Time Freshman,3.3,120,2.82,2.82,In-State,FALSE,4,1,0,0,41520,26470,No Response,Not Applicable,Not Applicable,Not Applicable,Not Applicable,Not Applicable,Not Applicable,Not Applicable,Not Applicable,Not Applicable
CID-604123,Information Systems,Bachelor of Science,Software Development,Fall 2017,2017,First-Time Freshman,4.0,121,3.29,3.25,Out-of-State,FALSE,6,1,0,1,48650,40120,No Response,Not Applicable,Not Applicable,Not Applicable,Not Applicable,Not Applicable,Not Applicable,Not Applicable,Not Applicable,Not Applicable
CID-198655,Computer Science,Bachelor of Science,Software Engineering,Fall 2021,2021,First-Time Freshman,4.0,120,3.36,3.32,In-State,FALSE,4,1,0,1,43140,43140,Continuing Education,Not Applicable,Not Applicable,Not Applicable,Not Applicable,Not Applicable,Not Applicable,Not Applicable,Not Applicable,Not Applicable
CID-626758,Computer Science,Bachelor of Science,Data Science,Fall 2017,2017,Transfer,2.0,121,3.12,2.93,In-State,FALSE,14,0,2,4,11660,3270,Continuing Education,Not Applicable,Not Applicable,Not Applicable,Not Applicable,Not Applicable,Not Applicable,Not Applicable,Not Applicable,Not Applicable
CID-845253,Computer Science,Bachelor of Science,General,Fall 2016,2016,First-Time Freshman,4.3,123,3.14,3.08,In-State,FALSE,11,1,1,1,41720,36120,Employed Full-Time,3.2,Business Intelligence Analyst,Data & Analytics,Meridian National Systems,Federal Contracting,"Washington, DC Metro",73500,FALSE,Career Fair
CID-686818,Computer Science,Bachelor of Science,General,Fall 2023,2023,Transfer,3.0,122,2.79,2.74,In-State,FALSE,6,1,0,3,18770,9900,Employed Full-Time,3.1,Software Engineer I,Software Engineering,Vantage Point Applications,Software Products,"Baltimore, MD",72250,TRUE,Online Application
CID-215983,Computer Science,Bachelor of Science,General,Spring 2018,2018,Transfer,2.7,121,3.40,3.42,In-State,FALSE,6,1,0,2,11830,4970,Employed Full-Time,0.0,EHR Support Analyst,Health IT,Northfield Biosciences,Healthcare & Life Sciences,"Washington, DC Metro",86500,FALSE,Alumni Network
CID-380640,Information Systems,Bachelor of Science,Business Analytics,Fall 2023,2023,First-Time Freshman,4.3,121,3.31,3.40,In-State,FALSE,6,1,1,3,30650,24070,Still Seeking,Not Applicable,Not Applicable,Not Applicable,Not Applicable,Not Applicable,Not Applicable,Not Applicable,Not Applicable,Not Applicable
CID-660082,Computer Science,Bachelor of Science,General,Spring 2020,2020,First-Time Freshman,4.0,122,3.74,3.73,In-State,FALSE,2,2,0,6,29670,20600,No Response,Not Applicable,Not Applicable,Not Applicable,Not Applicable,Not Applicable,Not Applicable,Not Applicable,Not Applicable,Not Applicable
CID-991386,Computer Science,Bachelor of Science,Software Engineering,Fall 2019,2019,Transfer,3.0,122,3.29,3.35,In-State,FALSE,7,1,0,4,10100,7260,Employed Full-Time,0.6,Junior Developer,Software Engineering,Shoreline Retail Group,E-Commerce & Retail Tech,"Washington, DC Metro",81250,FALSE,Student Organization Connection
CID-354178,Information Systems,Bachelor of Science,Cybersecurity Management,Fall 2020,2020,First-Time Freshman,4.0,121,3.49,3.40,In-State,FALSE,0,2,2,4,32950,18200,No Response,Not Applicable,Not Applicable,Not Applicable,Not Applicable,Not Applicable,Not Applicable,Not Applicable,Not Applicable,Not Applicable
CID-318271,Information Systems,Bachelor of Science,General,Spring 2025,2025,First-Time Freshman,7.7,121,2.98,3.05,In-State,FALSE,24,3,0,2,53940,12890,Employed Full-Time,0.3,Junior Systems Analyst,IT Business & Product,Chesterfield Asset Management,Financial Services,"Washington, DC Metro",100000,FALSE,Alumni Network
CID-879863,Computer Science,Bachelor of Science,General,Fall 2016,2016,Transfer,1.7,120,2.29,2.34,In-State,FALSE,10,0,0,0,9710,5870,Employed Full-Time,7.0,Software Engineer I,Software Engineering,Severn River Consulting,Federal Contracting,"Washington, DC Metro",53750,FALSE,Career Fair
CID-181384,Computer Science,Bachelor of Science,Cybersecurity,Spring 2016,2016,Transfer,3.0,120,3.13,3.08,In-State,FALSE,3,1,0,2,12820,11970,Employed Full-Time,0.5,Junior Developer,Software Engineering,Northwind Platform Co.,Software Products,Northern Virginia,87500,FALSE,Return Offer from Internship
CID-108563,Computer Science,Master of Science,General,Fall 2025,2025,Transfer,3.0,120,3.18,3.35,In-State,TRUE,17,1,1,9,13150,4420,Employed Full-Time,0.3,Cloud Support Engineer,Infrastructure & Cloud,Office of Technology Policy,Federal Government,Remote - United States,91500,TRUE,Return Offer from Internship
CID-736863,Computer Science,Bachelor of Science,Software Engineering,Fall 2020,2020,First-Time Freshman,7.0,122,2.84,2.95,In-State,FALSE,16,1,0,3,34190,13020,No Response,Not Applicable,Not Applicable,Not Applicable,Not Applicable,Not Applicable,Not Applicable,Not Applicable,Not Applicable,Not Applicable
CID-295563,Computer Science,Bachelor of Science,Cybersecurity,Fall 2015,2015,First-Time Freshman,4.3,120,3.05,3.02,In-State,FALSE,5,1,0,1,30210,5020,Employed Full-Time,1.1,IT Support Specialist,IT Support & Operations,Federal Health Data Office,Federal Government,Northern Virginia,55500,FALSE,Faculty or Staff Referral
CID-653233,Computer Science,Bachelor of Science,Software Engineering,Spring 2022,2022,Transfer,2.0,121,3.26,3.28,In-State,FALSE,19,1,2,5,11990,5380,Employed Full-Time,0.0,Junior Developer,Software Engineering,Beacon Telecom Services,Telecommunications,"Washington, DC Metro",91250,FALSE,Career Fair
CID-410050,Computer Science,Bachelor of Science,Cybersecurity,Fall 2021,2021,First-Time Freshman,5.3,122,2.23,2.04,In-State,FALSE,8,3,2,6,44770,35680,Employed Full-Time,0.5,SOC Analyst,Cybersecurity,Northwind Platform Co.,Software Products,Remote - United States,126000,TRUE,Return Offer from Internship
CID-270301,Computer Science,Bachelor of Science,General,Spring 2025,2025,First-Time Freshman,4.7,122,2.84,2.79,In-State,FALSE,11,2,0,3,53520,19680,Employed Full-Time,0.1,Associate Software Engineer,Software Engineering,Pinnacle Bridge Partners,Consulting & Professional Services,"Washington, DC Metro",98250,FALSE,Return Offer from Internship
CID-764408,Computer Science,Bachelor of Science,General,Fall 2015,2015,First-Time Freshman,5.0,120,2.41,2.30,Out-of-State,FALSE,24,1,0,5,76040,33640,Employed Full-Time,1.7,Systems Administrator,Infrastructure & Cloud,Tidewater Defense Group,Defense & Aerospace,"Washington, DC Metro",81500,FALSE,Alumni Network
CID-313179,Computer Science,Bachelor of Science,General,Summer 2019,2019,First-Time Freshman,4.3,122,2.81,2.70,Out-of-State,FALSE,5,2,1,3,84660,45690,Employed Full-Time,0.0,Junior Security Engineer,Cybersecurity,Chesterfield Asset Management,Financial Services,Northern Virginia,105000,FALSE,Online Application
CID-922735,Computer Science,Bachelor of Science,Data Science,Spring 2024,2024,First-Time Freshman,3.3,120,3.22,3.11,Out-of-State,FALSE,5,1,0,3,80820,31720,Employed Full-Time,4.7,Health Data Analyst,Health IT,Maryland Department of IT,Federal Government,"Washington, DC Metro",67750,FALSE,Online Application
CID-467632,Information Systems,Bachelor of Science,General,Spring 2022,2022,First-Time Freshman,3.7,121,3.09,3.15,Out-of-State,FALSE,13,2,0,0,60400,54800,Continuing Education,Not Applicable,Not Applicable,Not Applicable,Not Applicable,Not Applicable,Not Applicable,Not Applicable,Not Applicable,Not Applicable
CID-239028,Information Systems,Bachelor of Science,Software Development,Fall 2021,2021,First-Time Freshman,4.0,121,2.96,2.70,Out-of-State,FALSE,20,2,1,1,76560,19280,Employed Full-Time,0.0,Security Analyst I,Cybersecurity,Maryland Department of IT,Federal Government,"Columbia/Howard County, MD",73500,FALSE,Online Application
CID-961190,Information Systems,Bachelor of Science,General,Spring 2018,2018,Transfer,2.7,121,3.49,3.61,In-State,FALSE,11,0,2,2,7430,3560,No Response,Not Applicable,Not Applicable,Not Applicable,Not Applicable,Not Applicable,Not Applicable,Not Applicable,Not Applicable,Not Applicable
CID-384722,Computer Science,Bachelor of Science,General,Fall 2017,2017,First-Time Freshman,4.3,122,3.07,3.17,In-State,FALSE,9,2,0,4,17680,3250,Employed Full-Time,1.6,Junior Developer,Software Engineering,Monument Bank Technology,Financial Services,Northern Virginia,70250,FALSE,Career Fair
CID-500060,Information Systems,Bachelor of Science,Cybersecurity Management,Spring 2016,2016,First-Time Freshman,4.7,121,2.60,2.75,In-State,FALSE,6,0,1,4,25530,22050,No Response,Not Applicable,Not Applicable,Not Applicable,Not Applicable,Not Applicable,Not Applicable,Not Applicable,Not Applicable,Not Applicable
CID-916470,Information Systems,Bachelor of Science,Software Development,Spring 2025,2025,First-Time Freshman,4.7,121,2.74,2.80,In-State,FALSE,8,2,0,3,50630,13510,Employed Full-Time,0.5,Health Data Analyst,Health IT,Northwind Platform Co.,Software Products,"Baltimore, MD",98750,TRUE,Online Application
CID-166051,Information Systems,Bachelor of Science,Software Development,Fall 2025,2025,First-Time Freshman,5.3,121,2.32,2.40,In-State,FALSE,11,1,2,5,54070,39100,Employed Full-Time,0.1,IT Analyst,IT Business & Product,Catoctin Analytics Group,Federal Contracting,"Baltimore, MD",69500,FALSE,Return Offer from Internship
CID-106278,Computer Science,Bachelor of Science,Artificial Intelligence,Spring 2015,2015,First-Time Freshman,4.0,122,3.60,3.47,Out-of-State,FALSE,4,1,0,7,63160,13400,Employed Full-Time,4.0,Cloud Support Engineer,Infrastructure & Cloud,Harborline Networks,Cloud & Infrastructure,Northern Virginia,92750,FALSE,Online Application
CID-404447,Computer Science,Bachelor of Science,Software Engineering,Fall 2021,2021,First-Time Freshman,4.3,122,3.37,3.14,In-State,FALSE,7,3,3,5,38790,31050,Employed Full-Time,0.5,Junior Developer,Software Engineering,Lumen Grid Software,Software Products,"Seattle, WA",116500,FALSE,Return Offer from Internship
CID-725259,Computer Science,Bachelor of Science,General,Fall 2024,2024,First-Time Freshman,3.7,120,2.64,2.68,Out-of-State,FALSE,6,1,0,3,68220,37160,Employed Full-Time,4.5,Software Engineer I,Software Engineering,Meridian National Systems,Federal Contracting,"Baltimore, MD",78500,FALSE,Online Application
CID-152456,Computer Science,Bachelor of Science,Cybersecurity,Fall 2015,2015,First-Time Freshman,3.3,120,3.32,3.43,Out-of-State,FALSE,9,0,0,1,45240,45240,Employed Full-Time,3.9,Associate Software Engineer,Software Engineering,Wayfinder Technology Advisors,Consulting & Professional Services,"Baltimore, MD",46750,FALSE,Online Application
CID-501615,Computer Science,Bachelor of Science,Data Science,Spring 2026,2026,First-Time Freshman,3.7,120,2.92,2.86,Out-of-State,FALSE,12,0,0,4,82290,37860,No Response,Not Applicable,Not Applicable,Not Applicable,Not Applicable,Not Applicable,Not Applicable,Not Applicable,Not Applicable,Not Applicable
CID-885652,Computer Science,Bachelor of Science,General,Fall 2020,2020,Transfer,2.0,120,3.46,3.46,In-State,FALSE,7,1,0,0,10260,3040,Employed Full-Time,3.5,Junior Data Analyst,Data & Analytics,Chesterfield Asset Management,Financial Services,"Chicago, IL",76250,FALSE,Online Application
CID-156091,Computer Science,Bachelor of Science,General,Spring 2018,2018,Transfer,3.0,120,2.22,2.06,In-State,FALSE,11,1,0,2,15710,6230,Employed Full-Time,0.7,AI Research Assistant,Machine Learning & AI,Falconview Systems,Software Products,"Baltimore, MD",72000,FALSE,Faculty or Staff Referral
CID-617500,Computer Science,Bachelor of Science,Cybersecurity,Fall 2023,2023,Transfer,3.3,120,2.27,2.45,In-State,FALSE,12,1,0,0,21520,7190,No Response,Not Applicable,Not Applicable,Not Applicable,Not Applicable,Not Applicable,Not Applicable,Not Applicable,Not Applicable,Not Applicable
CID-782914,Information Systems,Master of Science,Health Information Technology,Fall 2020,2020,First-Time Freshman,4.0,121,3.31,3.35,In-State,FALSE,8,0,0,5,38420,25190,Employed Full-Time,3.4,Business Analyst,IT Business & Product,Blue Heron Technologies,Federal Contracting,"Washington, DC Metro",70750,FALSE,Online Application
CID-946618,Computer Science,Bachelor of Science,General,Fall 2015,2015,First-Time Freshman,3.7,121,3.32,3.26,Out-of-State,FALSE,13,3,0,2,47570,18040,Employed Part-Time,0.1,Desktop Support Analyst,IT Support & Operations,Northfield Biosciences,Healthcare & Life Sciences,"Boston, MA",75000,FALSE,Personal Network
CID-695434,Information Systems,Bachelor of Science,General,Fall 2015,2015,Transfer,2.0,120,3.85,3.88,Out-of-State,FALSE,1,1,0,2,16160,15190,Employed Full-Time,1.4,Health Data Analyst,Health IT,National Data Services Agency,Federal Government,"Baltimore, MD",74000,FALSE,Career Fair
CID-775502,Computer Science,Bachelor of Science,Cybersecurity,Spring 2022,2022,First-Time Freshman,4.7,120,2.86,2.86,In-State,FALSE,6,2,0,1,39090,33560,Employed Full-Time,0.1,SOC Analyst,Cybersecurity,Tidal Power Cooperative,Energy & Utilities,"Washington, DC Metro",100000,FALSE,Return Offer from Internship
CID-235236,Computer Science,Bachelor of Science,Cybersecurity,Spring 2024,2024,Transfer,2.7,122,3.44,3.41,In-State,FALSE,7,1,0,2,17290,17290,Still Seeking,Not Applicable,Not Applicable,Not Applicable,Not Applicable,Not Applicable,Not Applicable,Not Applicable,Not Applicable,Not Applicable
CID-308173,Computer Science,Bachelor of Science,Cybersecurity,Spring 2024,2024,Transfer,2.0,121,3.13,2.91,In-State,FALSE,7,1,2,6,15670,11080,Employed Full-Time,2.4,AI Research Assistant,Machine Learning & AI,Patapsco Aerospace,Defense & Aerospace,"Washington, DC Metro",105000,FALSE,Personal Network
CID-690574,Computer Science,Bachelor of Science,Cybersecurity,Fall 2018,2018,First-Time Freshman,4.7,120,2.58,2.70,In-State,FALSE,0,0,0,0,26420,13270,Employed Part-Time,5.6,Business Analyst,IT Business & Product,National Data Services Agency,Federal Government,"Baltimore, MD",64000,FALSE,Alumni Network
CID-856488,Information Systems,Bachelor of Science,General,Spring 2023,2023,First-Time Freshman,4.7,121,3.02,2.75,In-State,FALSE,7,3,1,2,35500,26950,Employed Full-Time,0.0,Junior DevOps Engineer,Infrastructure & Cloud,Harborline Networks,Cloud & Infrastructure,"Baltimore, MD",95000,FALSE,Return Offer from Internship
CID-803295,Information Systems,Bachelor of Science,General,Fall 2024,2024,First-Time Freshman,4.3,121,3.26,3.20,Out-of-State,FALSE,15,0,0,3,72470,18350,Employed Full-Time,4.2,Junior Systems Analyst,IT Business & Product,Tidal Power Cooperative,Energy & Utilities,San Francisco Bay Area,90500,FALSE,Faculty or Staff Referral
CID-470185,Computer Science,Bachelor of Science,Cybersecurity,Fall 2021,2021,First-Time Freshman,4.7,122,2.52,2.59,In-State,FALSE,12,0,0,3,48540,19110,Employed Full-Time,3.6,Help Desk Technician,IT Support & Operations,National Data Services Agency,Federal Government,Northern Virginia,55000,FALSE,Personal Network
CID-902591,Information Systems,Bachelor of Science,Health Information Technology,Fall 2015,2015,First-Time Freshman,4.0,121,2.75,3.00,Out-of-State,FALSE,7,1,0,3,69260,44710,Employed Full-Time,0.3,Junior Systems Analyst,IT Business & Product,Potomac Mission Solutions,Federal Contracting,"Washington, DC Metro",69500,FALSE,Return Offer from Internship
CID-213414,Computer Science,Bachelor of Science,General,Fall 2015,2015,First-Time Freshman,4.7,121,2.49,2.56,In-State,FALSE,5,2,3,2,39710,34010,Employed Full-Time,0.0,Data Analyst,Data & Analytics,Keystone Federal Services,Federal Contracting,Northern Virginia,80250,FALSE,Personal Network
CID-484523,Information Systems,Bachelor of Science,General,Spring 2026,2026,First-Time Freshman,4.0,121,2.45,2.55,In-State,FALSE,3,0,0,0,34140,26270,Employed Full-Time,3.5,Systems Administrator,Infrastructure & Cloud,Potomac Mission Solutions,Federal Contracting,Other - United States,60250,FALSE,Student Organization Connection
CID-648726,Information Systems,Bachelor of Science,Software Development,Fall 2025,2025,First-Time Freshman,4.3,121,3.48,3.40,In-State,FALSE,5,2,2,3,35570,23160,Employed Full-Time,1.6,Security Analyst I,Cybersecurity,Bayview Medical Informatics,Healthcare & Life Sciences,Remote - United States,97500,TRUE,Career Fair
CID-552444,Computer Science,Bachelor of Science,Data Science,Fall 2020,2020,First-Time Freshman,4.7,123,2.69,2.83,In-State,FALSE,9,2,0,1,40020,27120,Employed Full-Time,2.9,Junior Developer,Software Engineering,Federal Health Data Office,Federal Government,"Baltimore, MD",55250,FALSE,Career Fair
CID-565919,Computer Science,Bachelor of Science,General,Spring 2022,2022,Transfer,2.0,121,2.95,2.86,In-State,FALSE,18,1,0,2,10650,1230,Continuing Education,Not Applicable,Not Applicable,Not Applicable,Not Applicable,Not Applicable,Not Applicable,Not Applicable,Not Applicable,Not Applicable
CID-184382,Information Systems,Bachelor of Science,Cybersecurity Management,Spring 2020,2020,First-Time Freshman,7.3,121,2.82,2.65,Out-of-State,FALSE,17,0,0,3,76850,17590,Employed Full-Time,5.3,Clinical Systems Analyst,Health IT,Greenspring Health Systems,Healthcare & Life Sciences,"Baltimore, MD",51250,TRUE,Personal Network
CID-579286,Information Systems,Bachelor of Science,Business Analytics,Spring 2019,2019,Transfer,2.3,120,3.65,3.53,In-State,FALSE,12,1,3,3,8300,2680,Employed Full-Time,0.0,Junior Data Analyst,Data & Analytics,Sterling Ridge Consulting,Consulting & Professional Services,"Washington, DC Metro",80750,FALSE,Personal Network
CID-639130,Information Systems,Bachelor of Science,Business Analytics,Spring 2022,2022,First-Time Freshman,4.7,121,2.76,2.70,In-State,FALSE,7,2,1,4,39140,15920,Employed Full-Time,0.0,Business Intelligence Analyst,Data & Analytics,Federal Health Data Office,Federal Government,"Columbia/Howard County, MD",58000,FALSE,Return Offer from Internship
CID-364006,Computer Science,Bachelor of Science,Artificial Intelligence,Spring 2016,2016,Transfer,1.7,123,3.08,3.24,In-State,FALSE,23,0,3,0,5560,4510,Employed Full-Time,3.6,Desktop Support Analyst,IT Support & Operations,Harbor Mutual Insurance,Insurance,"Washington, DC Metro",48250,FALSE,Personal Network
CID-514249,Computer Science,Bachelor of Science,Software Engineering,Fall 2024,2024,First-Time Freshman,4.3,121,3.16,3.11,In-State,FALSE,13,3,2,1,43020,13590,Employed Full-Time,1.1,Data Analyst,Data & Analytics,University of Maryland System,Higher Education,"Baltimore, MD",68250,TRUE,Student Organization Connection
CID-702229,Computer Science,Bachelor of Science,General,Fall 2018,2018,First-Time Freshman,4.3,122,3.55,3.51,In-State,FALSE,10,3,0,1,25890,10810,Employed Full-Time,0.0,Software Engineer I,Software Engineering,Stratus Cloud Works,Cloud & Infrastructure,"Baltimore, MD",90250,FALSE,Career Fair
CID-385510,Computer Science,Bachelor of Science,Artificial Intelligence,Fall 2023,2023,Transfer,2.3,121,3.07,3.02,In-State,FALSE,3,0,0,3,10880,7940,No Response,Not Applicable,Not Applicable,Not Applicable,Not Applicable,Not Applicable,Not Applicable,Not Applicable,Not Applicable,Not Applicable
CID-655123,Information Systems,Bachelor of Science,Business Analytics,Spring 2020,2020,First-Time Freshman,4.7,121,3.05,3.20,Out-of-State,FALSE,11,1,1,3,73750,28320,Employed Full-Time,3.7,Security Analyst I,Cybersecurity,Tidewater Defense Group,Defense & Aerospace,"Columbia/Howard County, MD",87250,FALSE,Recruiter Outreach
CID-303940,Information Systems,Master of Science,General,Spring 2016,2016,Transfer,2.0,121,3.78,3.72,Out-of-State,TRUE,3,1,0,6,14000,13710,Still Seeking,Not Applicable,Not Applicable,Not Applicable,Not Applicable,Not Applicable,Not Applicable,Not Applicable,Not Applicable,Not Applicable
CID-949579,Information Systems,Bachelor of Science,Cybersecurity Management,Spring 2020,2020,First-Time Freshman,4.3,121,3.35,3.45,In-State,FALSE,20,1,0,2,38600,25210,Employed Full-Time,0.5,Cloud Support Engineer,Infrastructure & Cloud,Northwind Platform Co.,Software Products,"Baltimore, MD",108000,FALSE,Return Offer from Internship
CID-859188,Computer Science,Bachelor of Science,Data Science,Spring 2020,2020,First-Time Freshman,3.7,120,3.36,3.35,In-State,FALSE,8,1,0,2,37290,26690,Still Seeking,Not Applicable,Not Applicable,Not Applicable,Not Applicable,Not Applicable,Not Applicable,Not Applicable,Not Applicable,Not Applicable
CID-125786,Computer Science,Bachelor of Science,Software Engineering,Fall 2020,2020,First-Time Freshman,4.0,120,3.08,3.07,In-State,FALSE,3,0,0,0,29990,6820,Continuing Education,Not Applicable,Not Applicable,Not Applicable,Not Applicable,Not Applicable,Not Applicable,Not Applicable,Not Applicable,Not Applicable
CID-536139,Computer Science,Bachelor of Science,Software Engineering,Fall 2020,2020,Transfer,2.3,121,2.82,2.85,In-State,FALSE,12,0,0,2,10060,6800,Employed Full-Time,6.5,Associate Software Engineer,Software Engineering,Potomac Mission Solutions,Federal Contracting,"Washington, DC Metro",58500,FALSE,Student Organization Connection
CID-260557,Computer Science,Master of Science,General,Spring 2019,2019,Transfer,2.7,120,3.44,3.46,In-State,TRUE,9,1,0,0,15440,8580,Continuing Education,Not Applicable,Not Applicable,Not Applicable,Not Applicable,Not Applicable,Not Applicable,Not Applicable,Not Applicable,Not Applicable
CID-350598,Information Systems,Bachelor of Science,Business Analytics,Spring 2026,2026,First-Time Freshman,3.3,115,3.05,3.17,In-State,FALSE,13,1,3,3,43670,31560,Employed Full-Time,0.0,Junior Data Analyst,Data & Analytics,Keystone Federal Services,Federal Contracting,"Baltimore, MD",84250,FALSE,Online Application
CID-967835,Information Systems,Bachelor of Science,Software Development,Spring 2015,2015,Transfer,2.3,121,2.55,2.39,In-State,FALSE,14,0,0,0,11390,9270,No Response,Not Applicable,Not Applicable,Not Applicable,Not Applicable,Not Applicable,Not Applicable,Not Applicable,Not Applicable,Not Applicable
CID-921648,Information Systems,Bachelor of Science,Business Analytics,Spring 2024,2024,Transfer,3.0,120,3.29,3.28,In-State,FALSE,17,0,0,3,14080,6890,Employed Full-Time,4.5,IT Support Specialist,IT Support & Operations,Federal Health Data Office,Federal Government,"Washington, DC Metro",46500,FALSE,Student Organization Connection
CID-602271,Information Systems,Bachelor of Science,Cybersecurity Management,Spring 2022,2022,Transfer,2.7,120,3.11,3.00,In-State,FALSE,2,2,2,6,12710,6130,Employed Full-Time,0.1,Junior Security Engineer,Cybersecurity,Office of Technology Policy,Federal Government,Northern Virginia,96000,FALSE,Return Offer from Internship
CID-713034,Information Systems,Bachelor of Science,Health Information Technology,Spring 2026,2026,Transfer,2.3,119,3.30,3.24,In-State,FALSE,8,1,0,2,10780,4690,Employed Full-Time,1.7,IT Analyst,IT Business & Product,Tidal Power Cooperative,Energy & Utilities,"Baltimore, MD",76250,FALSE,Online Application
CID-381501,Information Systems,Bachelor of Science,Business Analytics,Spring 2023,2023,First-Time Freshman,8.0,121,2.54,2.55,In-State,FALSE,19,0,0,3,39320,13100,No Response,Not Applicable,Not Applicable,Not Applicable,Not Applicable,Not Applicable,Not Applicable,Not Applicable,Not Applicable,Not Applicable
CID-142659,Information Systems,Bachelor of Science,General,Fall 2024,2024,Transfer,4.0,122,3.22,3.33,In-State,FALSE,11,1,0,1,18080,12940,Employed Full-Time,1.9,Junior Security Engineer,Cybersecurity,Tidewater Defense Group,Defense & Aerospace,"Washington, DC Metro",105500,FALSE,Online Application
CID-422996,Computer Science,Bachelor of Science,Artificial Intelligence,Spring 2025,2025,First-Time Freshman,6.7,122,3.08,2.83,Out-of-State,FALSE,12,4,0,2,96930,53920,Employed Full-Time,0.2,Business Intelligence Analyst,Data & Analytics,Lumen Grid Software,Software Products,"Philadelphia, PA",89500,FALSE,Return Offer from Internship
CID-665241,Information Systems,Bachelor of Science,General,Spring 2020,2020,Transfer,2.0,120,2.78,2.75,In-State,FALSE,11,1,1,4,10490,5830,Employed Full-Time,0.1,Junior Security Engineer,Cybersecurity,Meridian National Systems,Federal Contracting,"Baltimore, MD",75250,FALSE,Return Offer from Internship
CID-661538,Computer Science,Bachelor of Science,General,Spring 2017,2017,First-Time Freshman,5.7,123,2.12,2.21,In-State,FALSE,21,0,0,7,34130,7000,Employed Full-Time,3.2,Associate Software Engineer,Software Engineering,Maryland Department of IT,Federal Government,"Washington, DC Metro",55500,FALSE,Recruiter Outreach
CID-828935,Information Systems,Bachelor of Science,Business Analytics,Spring 2026,2026,First-Time Freshman,2.7,93,3.55,3.43,In-State,FALSE,8,2,0,5,33680,23290,Employed Full-Time,0.0,Junior Data Analyst,Data & Analytics,Tidewater Defense Group,Defense & Aerospace,"Baltimore, MD",76500,FALSE,Personal Network
CID-175236,Information Systems,Bachelor of Science,Software Development,Spring 2022,2022,Transfer,1.7,120,3.22,3.20,In-State,FALSE,7,1,1,2,8570,3640,Continuing Education,Not Applicable,Not Applicable,Not Applicable,Not Applicable,Not Applicable,Not Applicable,Not Applicable,Not Applicable,Not Applicable
CID-106796,Information Systems,Bachelor of Science,General,Fall 2023,2023,Transfer,2.3,120,2.84,2.81,Out-of-State,FALSE,15,0,0,3,18270,1170,Employed Full-Time,6.4,Business Intelligence Analyst,Data & Analytics,Blue Heron Technologies,Federal Contracting,Remote - United States,61500,TRUE,Online Application
CID-177261,Computer Science,Bachelor of Science,Software Engineering,Fall 2016,2016,First-Time Freshman,3.7,122,2.93,3.08,In-State,FALSE,11,2,0,0,30290,1330,Employed Part-Time,0.5,Software Engineer I,Software Engineering,Potomac Mission Solutions,Federal Contracting,"Baltimore, MD",68500,FALSE,Alumni Network
CID-298526,Computer Science,Bachelor of Science,General,Spring 2026,2026,Transfer,5.7,120,3.29,3.37,In-State,FALSE,22,3,0,3,15520,6120,Employed Full-Time,0.5,IT Support Specialist,IT Support & Operations,Maryland Department of IT,Federal Government,"Baltimore, MD",71000,FALSE,Return Offer from Internship
CID-241266,Information Systems,Bachelor of Science,Software Development,Spring 2019,2019,First-Time Freshman,7.3,121,2.69,2.70,In-State,FALSE,21,2,1,0,43270,19200,Employed Part-Time,0.4,Business Intelligence Analyst,Data & Analytics,Blue Heron Technologies,Federal Contracting,"Baltimore, MD",69250,FALSE,Return Offer from Internship
CID-986427,Information Systems,Bachelor of Science,Business Analytics,Spring 2026,2026,Transfer,2.7,119,2.62,2.65,In-State,FALSE,10,0,0,2,16620,3830,Employed Full-Time,4.2,Data Analyst,Data & Analytics,Quarry Road Software,Software Products,"Baltimore, MD",57000,FALSE,Personal Network
CID-198397,Computer Science,Bachelor of Science,Software Engineering,Spring 2024,2024,First-Time Freshman,3.3,121,3.26,3.16,Out-of-State,FALSE,5,2,1,3,84270,51570,No Response,Not Applicable,Not Applicable,Not Applicable,Not Applicable,Not Applicable,Not Applicable,Not Applicable,Not Applicable,Not Applicable
CID-945387,Information Systems,Bachelor of Science,General,Spring 2025,2025,First-Time Freshman,8.7,121,2.48,2.40,In-State,FALSE,28,0,0,1,62530,26810,No Response,Not Applicable,Not Applicable,Not Applicable,Not Applicable,Not Applicable,Not Applicable,Not Applicable,Not Applicable,Not Applicable
CID-252646,Information Systems,Bachelor of Science,Cybersecurity Management,Spring 2022,2022,First-Time Freshman,6.3,121,3.43,3.30,Out-of-State,FALSE,19,2,2,0,56680,23430,Employed Full-Time,2.4,IT Analyst,IT Business & Product,Allied Shield Insurance Group,Insurance,Remote - United States,91250,TRUE,Faculty or Staff Referral
CID-750607,Computer Science,Bachelor of Science,General,Fall 2021,2021,Transfer,2.3,120,2.97,3.07,In-State,FALSE,19,1,0,1,7830,3000,Continuing Education,Not Applicable,Not Applicable,Not Applicable,Not Applicable,Not Applicable,Not Applicable,Not Applicable,Not Applicable,Not Applicable
CID-145011,Computer Science,Bachelor of Science,Cybersecurity,Spring 2023,2023,First-Time Freshman,4.3,120,2.62,2.44,In-State,FALSE,20,0,1,3,32630,9030,Employed Full-Time,5.6,Business Analyst,IT Business & Product,Northwind Platform Co.,Software Products,"Chicago, IL",85000,FALSE,Career Fair
CID-678533,Computer Science,Bachelor of Science,Cybersecurity,Fall 2019,2019,First-Time Freshman,3.7,122,3.29,3.23,In-State,FALSE,1,2,1,1,31420,9260,Employed Full-Time,3.5,Junior Data Analyst,Data & Analytics,Beacon Telecom Services,Telecommunications,"Washington, DC Metro",71750,FALSE,Alumni Network
CID-694120,Information Systems,Bachelor of Science,Health Information Technology,Spring 2019,2019,Transfer,3.0,120,2.86,2.76,In-State,FALSE,19,0,1,4,16120,14410,No Response,Not Applicable,Not Applicable,Not Applicable,Not Applicable,Not Applicable,Not Applicable,Not Applicable,Not Applicable,Not Applicable
CID-201896,Computer Science,Bachelor of Science,Data Science,Fall 2025,2025,First-Time Freshman,4.7,122,2.44,2.36,Out-of-State,FALSE,5,0,0,2,85490,71050,Employed Full-Time,4.0,Junior Data Analyst,Data & Analytics,Brightline Software Group,Software Products,"Washington, DC Metro",80750,FALSE,Online Application
CID-881442,Computer Science,Bachelor of Science,General,Spring 2017,2017,First-Time Freshman,3.7,122,3.75,3.68,In-State,FALSE,0,3,0,4,34130,16900,Employed Full-Time,0.3,Business Intelligence Analyst,Data & Analytics,Bastion Threat Labs,Cybersecurity Services,"Washington, DC Metro",98250,FALSE,Return Offer from Internship
CID-761741,Computer Science,Master of Science,General,Spring 2017,2017,First-Time Freshman,4.0,122,3.40,3.43,In-State,FALSE,7,2,1,3,33050,25640,Employed Full-Time,0.0,Software Engineer I,Software Engineering,CareBridge Technology,Healthcare & Life Sciences,Northern Virginia,71000,FALSE,Personal Network
CID-139315,Computer Science,Bachelor of Science,Cybersecurity,Fall 2017,2017,Transfer,3.3,121,2.24,2.30,In-State,FALSE,15,1,0,1,16100,15160,Employed Full-Time,2.7,Junior Data Analyst,Data & Analytics,Keystone Federal Services,Federal Contracting,"Washington, DC Metro",53750,FALSE,Online Application
CID-827708,Computer Science,Bachelor of Science,Cybersecurity,Summer 2017,2017,First-Time Freshman,3.7,122,2.98,2.95,In-State,FALSE,5,2,0,3,39780,34080,Employed Full-Time,0.0,Cloud Support Engineer,Infrastructure & Cloud,Office of Technology Policy,Federal Government,Northern Virginia,69250,FALSE,Online Application
CID-682311,Computer Science,Bachelor of Science,General,Spring 2026,2026,First-Time Freshman,6.7,122,2.25,2.25,Out-of-State,FALSE,2,2,0,1,102280,79550,Employed Part-Time,0.5,Associate Software Engineer,Software Engineering,Severn River Consulting,Federal Contracting,Northern Virginia,82500,FALSE,Return Offer from Internship
CID-876383,Computer Science,Bachelor of Science,Software Engineering,Spring 2025,2025,Transfer,3.0,122,3.32,3.51,In-State,FALSE,11,1,1,2,8900,2720,Employed Full-Time,0.0,AI Research Assistant,Machine Learning & AI,Chesapeake Defense Systems,Defense & Aerospace,Remote - United States,89500,TRUE,Recruiter Outreach
CID-970433,Computer Science,Bachelor of Science,Artificial Intelligence,Fall 2018,2018,First-Time Freshman,4.0,120,2.64,2.63,In-State,FALSE,12,2,2,4,32540,14400,Still Seeking,Not Applicable,Not Applicable,Not Applicable,Not Applicable,Not Applicable,Not Applicable,Not Applicable,Not Applicable,Not Applicable
CID-752975,Computer Science,Bachelor of Science,Data Science,Spring 2026,2026,Transfer,2.0,121,2.74,2.70,Out-of-State,FALSE,11,0,0,2,29800,17780,Still Seeking,Not Applicable,Not Applicable,Not Applicable,Not Applicable,Not Applicable,Not Applicable,Not Applicable,Not Applicable,Not Applicable
CID-396344,Information Systems,Bachelor of Science,Business Analytics,Fall 2019,2019,Transfer,3.3,121,3.30,3.22,In-State,FALSE,9,1,0,0,15700,14160,No Response,Not Applicable,Not Applicable,Not Applicable,Not Applicable,Not Applicable,Not Applicable,Not Applicable,Not Applicable,Not Applicable
CID-492041,Computer Science,Bachelor of Science,Software Engineering,Summer 2022,2022,First-Time Freshman,4.3,122,3.32,3.30,Out-of-State,FALSE,7,2,0,2,61830,28990,No Response,Not Applicable,Not Applicable,Not Applicable,Not Applicable,Not Applicable,Not Applicable,Not Applicable,Not Applicable,Not Applicable
CID-578010,Computer Science,Bachelor of Science,Software Engineering,Fall 2025,2025,First-Time Freshman,4.7,122,3.11,2.84,In-State,FALSE,10,1,1,2,44390,22690,Employed Full-Time,1.7,Health Data Analyst,Health IT,Potomac Mission Solutions,Federal Contracting,"Baltimore, MD",95000,FALSE,Online Application
CID-511637,Computer Science,Bachelor of Science,Artificial Intelligence,Fall 2024,2024,Transfer,2.7,122,2.81,2.80,In-State,FALSE,16,0,0,1,17120,9550,Employed Full-Time,3.3,Junior DevOps Engineer,Infrastructure & Cloud,Piedmont Energy Partners,Energy & Utilities,"Baltimore, MD",74750,FALSE,Online Application
CID-891058,Computer Science,Bachelor of Science,Data Science,Spring 2023,2023,Transfer,2.7,121,3.06,3.16,In-State,FALSE,11,0,2,4,15850,5290,Employed Full-Time,3.0,Junior Data Analyst,Data & Analytics,Office of Technology Policy,Federal Government,"Washington, DC Metro",67500,FALSE,Online Application
CID-301877,Computer Science,Bachelor of Science,Software Engineering,Spring 2018,2018,First-Time Freshman,4.3,120,2.51,2.47,In-State,FALSE,6,0,0,1,34260,25690,Employed Full-Time,2.2,Associate Software Engineer,Software Engineering,Antietam Systems Integration,Federal Contracting,"Baltimore, MD",56000,FALSE,Student Organization Connection
CID-975472,Computer Science,Bachelor of Science,General,Fall 2016,2016,Transfer,2.0,120,2.89,3.12,In-State,FALSE,17,1,2,2,9050,4940,Still Seeking,Not Applicable,Not Applicable,Not Applicable,Not Applicable,Not Applicable,Not Applicable,Not Applicable,Not Applicable,Not Applicable
CID-224482,Information Systems,Bachelor of Science,Business Analytics,Fall 2019,2019,First-Time Freshman,3.7,121,3.88,3.86,In-State,FALSE,7,3,1,2,36910,16660,No Response,Not Applicable,Not Applicable,Not Applicable,Not Applicable,Not Applicable,Not Applicable,Not Applicable,Not Applicable,Not Applicable
CID-844939,Computer Science,Bachelor of Science,Data Science,Fall 2020,2020,First-Time Freshman,4.3,122,3.44,3.27,Out-of-State,FALSE,14,1,0,6,42710,10380,Employed Full-Time,0.2,AI Research Assistant,Machine Learning & AI,Calvert Advisory Group,Consulting & Professional Services,Northern Virginia,84500,FALSE,Return Offer from Internship
CID-903974,Computer Science,Bachelor of Science,Software Engineering,Spring 2019,2019,First-Time Freshman,3.3,122,3.28,3.41,Out-of-State,FALSE,5,1,0,4,55280,55280,No Response,Not Applicable,Not Applicable,Not Applicable,Not Applicable,Not Applicable,Not Applicable,Not Applicable,Not Applicable,Not Applicable
CID-600894,Computer Science,Bachelor of Science,Artificial Intelligence,Fall 2017,2017,First-Time Freshman,4.7,122,3.25,3.19,In-State,FALSE,8,2,2,7,21000,14290,Employed Full-Time,0.3,Desktop Support Analyst,IT Support & Operations,Anvil Compute,Cloud & Infrastructure,"Atlanta, GA",74500,FALSE,Return Offer from Internship
CID-444434,Computer Science,Bachelor of Science,Data Science,Spring 2015,2015,Transfer,2.3,124,2.26,2.32,In-State,FALSE,21,0,0,2,10260,8080,Employed Full-Time,4.8,Junior Security Engineer,Cybersecurity,Patapsco Aerospace,Defense & Aerospace,"Baltimore, MD",65500,FALSE,Online Application
CID-270734,Information Systems,Bachelor of Science,General,Spring 2021,2021,Transfer,5.3,120,2.59,2.53,In-State,FALSE,18,0,0,1,21320,1640,Employed Part-Time,2.0,Business Analyst,IT Business & Product,Potomac Mission Solutions,Federal Contracting,"Columbia/Howard County, MD",79000,FALSE,Online Application
CID-841224,Computer Science,Bachelor of Science,Software Engineering,Fall 2020,2020,First-Time Freshman,4.3,120,2.87,2.57,In-State,FALSE,0,0,0,3,34350,24440,Continuing Education,Not Applicable,Not Applicable,Not Applicable,Not Applicable,Not Applicable,Not Applicable,Not Applicable,Not Applicable,Not Applicable
CID-555206,Computer Science,Bachelor of Science,General,Fall 2024,2024,Transfer,3.0,121,2.90,2.76,Out-of-State,FALSE,14,1,1,1,31780,11520,Employed Full-Time,4.4,Cloud Support Engineer,Infrastructure & Cloud,Severn River Consulting,Federal Contracting,"Baltimore, MD",82750,TRUE,Alumni Network
CID-160083,Information Systems,Bachelor of Science,General,Spring 2025,2025,Transfer,6.0,121,3.32,3.28,In-State,FALSE,24,1,0,2,10110,4610,No Response,Not Applicable,Not Applicable,Not Applicable,Not Applicable,Not Applicable,Not Applicable,Not Applicable,Not Applicable,Not Applicable
CID-483926,Computer Science,Bachelor of Science,General,Fall 2015,2015,First-Time Freshman,4.0,122,3.29,3.15,In-State,FALSE,11,1,3,4,34970,11500,Employed Part-Time,0.3,Junior ML Engineer,Machine Learning & AI,Blue Heron Technologies,Federal Contracting,"Washington, DC Metro",93000,FALSE,Return Offer from Internship
CID-558539,Information Systems,Bachelor of Science,Software Development,Spring 2022,2022,First-Time Freshman,4.7,121,2.66,2.75,In-State,FALSE,10,1,0,1,42280,19200,Continuing Education,Not Applicable,Not Applicable,Not Applicable,Not Applicable,Not Applicable,Not Applicable,Not Applicable,Not Applicable,Not Applicable
CID-253735,Computer Science,Bachelor of Science,Artificial Intelligence,Spring 2025,2025,First-Time Freshman,3.7,120,2.67,2.54,In-State,FALSE,12,1,0,0,44650,37570,Employed Full-Time,0.1,SOC Analyst,Cybersecurity,Meridian National Systems,Federal Contracting,"Washington, DC Metro",108000,FALSE,Return Offer from Internship
CID-226568,Information Systems,Bachelor of Science,Health Information Technology,Spring 2019,2019,Transfer,2.3,121,2.65,2.65,In-State,FALSE,0,0,0,0,12470,5910,No Response,Not Applicable,Not Applicable,Not Applicable,Not Applicable,Not Applicable,Not Applicable,Not Applicable,Not Applicable,Not Applicable
CID-523898,Computer Science,Bachelor of Science,Artificial Intelligence,Spring 2021,2021,First-Time Freshman,5.0,120,2.42,2.46,In-State,FALSE,2,0,0,1,39120,20080,Employed Full-Time,3.1,Junior Data Analyst,Data & Analytics,CareBridge Technology,Healthcare & Life Sciences,"Washington, DC Metro",56500,FALSE,Career Fair
CID-891531,Computer Science,Bachelor of Science,Software Engineering,Spring 2026,2026,First-Time Freshman,3.7,111,2.93,3.11,Out-of-State,FALSE,0,3,0,4,81480,55780,No Response,Not Applicable,Not Applicable,Not Applicable,Not Applicable,Not Applicable,Not Applicable,Not Applicable,Not Applicable,Not Applicable
CID-330148,Computer Science,Bachelor of Science,Software Engineering,Spring 2020,2020,First-Time Freshman,5.7,122,2.00,1.94,In-State,FALSE,7,0,3,1,28480,12880,Employed Full-Time,4.5,Machine Learning Engineer I,Machine Learning & AI,Dockside Logistics Systems,Logistics & Transportation,Northern Virginia,55750,FALSE,Online Application
CID-404962,Computer Science,Bachelor of Science,Software Engineering,Fall 2021,2021,First-Time Freshman,3.7,120,3.12,3.18,Out-of-State,FALSE,7,2,0,1,71470,9170,Employed Full-Time,1.8,Junior Developer,Software Engineering,Continental Wireless,Telecommunications,"Baltimore, MD",72250,FALSE,Alumni Network
CID-179499,Computer Science,Bachelor of Science,General,Fall 2015,2015,First-Time Freshman,3.7,121,2.85,2.94,In-State,FALSE,5,2,3,5,38590,9420,Employed Full-Time,0.0,Systems Administrator,Infrastructure & Cloud,Stratus Cloud Works,Cloud & Infrastructure,"Baltimore, MD",85250,FALSE,Online Application
CID-749580,Computer Science,Master of Science,General,Fall 2022,2022,Transfer,2.7,122,3.27,3.16,In-State,TRUE,15,1,1,1,12100,2640,Employed Full-Time,0.0,Software Engineer I,Software Engineering,Chesterfield Asset Management,Financial Services,"Columbia/Howard County, MD",90250,FALSE,Personal Network
CID-767661,Computer Science,Bachelor of Science,Software Engineering,Spring 2021,2021,First-Time Freshman,7.3,122,3.09,3.03,In-State,FALSE,19,1,0,5,43220,22740,No Response,Not Applicable,Not Applicable,Not Applicable,Not Applicable,Not Applicable,Not Applicable,Not Applicable,Not Applicable,Not Applicable
CID-925477,Information Systems,Bachelor of Science,Software Development,Spring 2016,2016,Transfer,3.3,122,2.93,2.89,In-State,FALSE,4,1,0,1,10910,4870,Employed Full-Time,0.4,Data Analyst,Data & Analytics,Patapsco Aerospace,Defense & Aerospace,"Columbia/Howard County, MD",66750,FALSE,Return Offer from Internship
CID-378344,Computer Science,Bachelor of Science,Data Science,Fall 2021,2021,First-Time Freshman,4.3,122,3.34,3.25,In-State,FALSE,13,2,0,1,36220,22850,Employed Full-Time,0.3,Data Analyst,Data & Analytics,Blue Heron Technologies,Federal Contracting,"Washington, DC Metro",89500,FALSE,Return Offer from Internship
CID-775842,Computer Science,Bachelor of Science,Cybersecurity,Fall 2024,2024,Transfer,2.7,122,3.48,3.46,In-State,FALSE,11,0,0,3,16970,15850,No Response,Not Applicable,Not Applicable,Not Applicable,Not Applicable,Not Applicable,Not Applicable,Not Applicable,Not Applicable,Not Applicable
CID-899801,Computer Science,Bachelor of Science,Artificial Intelligence,Fall 2024,2024,Transfer,2.7,121,2.45,2.43,In-State,FALSE,19,2,0,2,15260,7520,Employed Full-Time,1.5,Data Analyst,Data & Analytics,Chesapeake Defense Systems,Defense & Aerospace,"Washington, DC Metro",76500,FALSE,Career Fair
CID-674168,Information Systems,Bachelor of Science,Software Development,Spring 2026,2026,First-Time Freshman,4.3,121,2.57,2.45,Out-of-State,FALSE,1,2,2,4,79060,67410,Employed Full-Time,0.5,Security Analyst I,Cybersecurity,Beacon Telecom Services,Telecommunications,"Baltimore, MD",97250,FALSE,Return Offer from Internship
CID-525312,Computer Science,Bachelor of Science,General,Fall 2016,2016,Transfer,1.7,122,2.98,2.92,In-State,FALSE,13,1,0,2,6040,0,Employed Full-Time,1.8,Junior DevOps Engineer,Infrastructure & Cloud,Northwind Platform Co.,Software Products,"Washington, DC Metro",91250,FALSE,Faculty or Staff Referral
CID-109264,Information Systems,Master of Science,Business Analytics,Fall 2020,2020,Transfer,3.3,122,2.78,2.78,In-State,TRUE,14,1,0,3,12980,11700,Employed Full-Time,5.6,Clinical Systems Analyst,Health IT,Maryland Department of IT,Federal Government,"Washington, DC Metro",53500,FALSE,Recruiter Outreach
CID-433839,Computer Science,Bachelor of Science,Artificial Intelligence,Spring 2024,2024,First-Time Freshman,4.7,122,2.80,2.75,In-State,FALSE,6,2,0,4,36320,16430,Employed Full-Time,2.7,Data Analyst,Data & Analytics,Catoctin Analytics Group,Federal Contracting,"Washington, DC Metro",86750,FALSE,Recruiter Outreach
CID-666330,Information Systems,Bachelor of Science,General,Fall 2021,2021,Transfer,3.3,121,2.89,2.83,Out-of-State,FALSE,9,0,0,2,31650,18520,Still Seeking,Not Applicable,Not Applicable,Not Applicable,Not Applicable,Not Applicable,Not Applicable,Not Applicable,Not Applicable,Not Applicable
CID-954475,Computer Science,Bachelor of Science,General,Spring 2022,2022,First-Time Freshman,3.3,120,2.46,2.51,In-State,FALSE,6,1,0,7,30130,8490,Employed Full-Time,0.0,Junior Security Engineer,Cybersecurity,Fidelis Capital Partners,Financial Services,"Washington, DC Metro",118000,FALSE,Recruiter Outreach
CID-289540,Information Systems,Bachelor of Science,Health Information Technology,Spring 2026,2026,Transfer,3.0,119,3.10,3.12,In-State,FALSE,0,1,0,3,18370,3250,Employed Full-Time,1.8,IT Analyst,IT Business & Product,Maryland Department of IT,Federal Government,"Washington, DC Metro",63000,FALSE,Faculty or Staff Referral
CID-419812,Computer Science,Bachelor of Science,Data Science,Spring 2024,2024,Transfer,4.0,122,2.76,2.94,In-State,FALSE,13,0,0,4,18620,9800,Employed Full-Time,2.8,Cloud Support Engineer,Infrastructure & Cloud,Office of Technology Policy,Federal Government,"Washington, DC Metro",64250,FALSE,Career Fair
CID-129299,Information Systems,Bachelor of Science,General,Spring 2026,2026,First-Time Freshman,5.3,102,3.35,3.07,In-State,FALSE,24,2,0,3,30420,15030,Employed Full-Time,2.3,Business Intelligence Analyst,Data & Analytics,Tessellate Labs,Software Products,"Washington, DC Metro",85500,FALSE,Career Fair
CID-478615,Computer Science,Bachelor of Science,Cybersecurity,Fall 2022,2022,First-Time Freshman,4.3,120,2.73,2.93,In-State,FALSE,11,0,0,4,38650,18770,No Response,Not Applicable,Not Applicable,Not Applicable,Not Applicable,Not Applicable,Not Applicable,Not Applicable,Not Applicable,Not Applicable
CID-373358,Information Systems,Bachelor of Science,Business Analytics,Spring 2015,2015,Transfer,2.7,121,3.56,3.44,Out-of-State,FALSE,2,1,0,0,21220,4890,Continuing Education,Not Applicable,Not Applicable,Not Applicable,Not Applicable,Not Applicable,Not Applicable,Not Applicable,Not Applicable,Not Applicable
CID-678204,Computer Science,Bachelor of Science,Artificial Intelligence,Fall 2021,2021,Transfer,2.7,121,3.36,3.40,In-State,FALSE,4,1,0,2,16600,4350,Employed Full-Time,0.3,Data Analyst,Data & Analytics,National Data Services Agency,Federal Government,"Baltimore, MD",93250,FALSE,Return Offer from Internship
CID-875342,Computer Science,Bachelor of Science,General,Spring 2025,2025,Transfer,2.0,120,2.27,2.34,In-State,FALSE,19,1,2,3,12760,2930,Employed Full-Time,0.1,Software Engineer I,Software Engineering,Keystone Federal Services,Federal Contracting,"Washington, DC Metro",59500,FALSE,Online Application
CID-783531,Computer Science,Bachelor of Science,Data Science,Spring 2026,2026,First-Time Freshman,2.3,101,3.39,3.35,In-State,FALSE,11,1,0,1,27530,19740,Employed Full-Time,4.1,Cloud Support Engineer,Infrastructure & Cloud,Chesapeake Defense Systems,Defense & Aerospace,"Baltimore, MD",104000,FALSE,Alumni Network
CID-720217,Information Systems,Bachelor of Science,Business Analytics,Spring 2024,2024,First-Time Freshman,4.0,121,3.69,3.70,In-State,FALSE,0,2,3,2,39360,21640,Employed Part-Time,0.2,Business Analyst,IT Business & Product,Continental Wireless,Telecommunications,"Washington, DC Metro",121000,FALSE,Return Offer from Internship
CID-761315,Computer Science,Bachelor of Science,Data Science,Spring 2016,2016,First-Time Freshman,3.3,120,3.79,3.74,Out-of-State,FALSE,11,2,1,5,56040,37210,Continuing Education,Not Applicable,Not Applicable,Not Applicable,Not Applicable,Not Applicable,Not Applicable,Not Applicable,Not Applicable,Not Applicable
CID-771743,Computer Science,Bachelor of Science,General,Fall 2019,2019,Transfer,2.0,120,3.15,3.36,In-State,FALSE,3,1,0,1,6290,3990,Employed Full-Time,4.3,Cloud Support Engineer,Infrastructure & Cloud,Tidewater Defense Group,Defense & Aerospace,Northern Virginia,81500,FALSE,Student Organization Connection
CID-380949,Computer Science,Bachelor of Science,Software Engineering,Fall 2022,2022,Transfer,2.7,120,2.23,2.00,In-State,FALSE,10,1,2,2,15270,5190,Employed Full-Time,0.5,Junior Security Engineer,Cybersecurity,Office of Technology Policy,Federal Government,Northern Virginia,73500,FALSE,Faculty or Staff Referral
CID-985954,Computer Science,Bachelor of Science,Cybersecurity,Fall 2020,2020,First-Time Freshman,4.3,123,3.32,3.15,In-State,FALSE,2,2,1,1,39410,25650,Employed Full-Time,3.1,Data Analyst,Data & Analytics,Meridian National Systems,Federal Contracting,"Washington, DC Metro",97500,FALSE,Online Application
CID-718840,Information Systems,Bachelor of Science,Health Information Technology,Fall 2021,2021,First-Time Freshman,4.3,121,3.53,3.60,In-State,FALSE,9,2,2,4,25850,7810,Employed Full-Time,1.9,Junior DevOps Engineer,Infrastructure & Cloud,Maryland Department of IT,Federal Government,"Washington, DC Metro",92250,FALSE,Career Fair
CID-157170,Computer Science,Master of Science,Cybersecurity,Fall 2021,2021,First-Time Freshman,4.3,121,2.81,2.75,In-State,TRUE,7,1,3,4,44150,21450,Employed Full-Time,0.0,Business Intelligence Analyst,Data & Analytics,Monument Bank Technology,Financial Services,Remote - United States,90500,TRUE,Online Application
CID-251833,Computer Science,Bachelor of Science,Cybersecurity,Fall 2016,2016,First-Time Freshman,4.3,122,3.55,3.43,Out-of-State,FALSE,0,2,0,3,52650,38460,Continuing Education,Not Applicable,Not Applicable,Not Applicable,Not Applicable,Not Applicable,Not Applicable,Not Applicable,Not Applicable,Not Applicable
CID-129270,Computer Science,Bachelor of Science,Artificial Intelligence,Fall 2021,2021,Transfer,2.7,121,3.45,3.20,In-State,FALSE,8,0,0,2,10760,5940,No Response,Not Applicable,Not Applicable,Not Applicable,Not Applicable,Not Applicable,Not Applicable,Not Applicable,Not Applicable,Not Applicable
CID-790542,Computer Science,Bachelor of Science,General,Fall 2019,2019,First-Time Freshman,4.0,121,2.89,2.70,Out-of-State,FALSE,3,1,2,3,72580,43500,Employed Full-Time,3.1,Business Intelligence Analyst,Data & Analytics,Pinnacle Bridge Partners,Consulting & Professional Services,"Washington, DC Metro",87750,FALSE,Career Fair
CID-935486,Computer Science,Bachelor of Science,Cybersecurity,Fall 2022,2022,First-Time Freshman,4.3,120,3.25,3.17,In-State,FALSE,11,2,1,3,31880,22430,Employed Full-Time,0.0,SOC Analyst,Cybersecurity,Bastion Threat Labs,Cybersecurity Services,Northern Virginia,116000,FALSE,Online Application
CID-524779,Information Systems,Bachelor of Science,Business Analytics,Fall 2023,2023,Transfer,3.7,120,2.53,2.44,Out-of-State,FALSE,10,1,0,1,42410,22950,Employed Full-Time,3.2,Business Analyst,IT Business & Product,Chesapeake Defense Systems,Defense & Aerospace,"Washington, DC Metro",83500,FALSE,Online Application
CID-593420,Computer Science,Bachelor of Science,Data Science,Spring 2026,2026,First-Time Freshman,7.7,94,2.24,2.23,In-State,FALSE,34,1,0,4,37730,13430,Employed Full-Time,2.7,Security Analyst I,Cybersecurity,Keystone Federal Services,Federal Contracting,"Baltimore, MD",79250,FALSE,Personal Network
CID-806220,Computer Science,Bachelor of Science,Artificial Intelligence,Spring 2023,2023,First-Time Freshman,4.3,122,2.86,2.83,In-State,FALSE,10,1,0,0,47090,31560,Employed Full-Time,0.7,Machine Learning Engineer I,Machine Learning & AI,Patapsco Aerospace,Defense & Aerospace,Northern Virginia,97000,FALSE,Return Offer from Internship
CID-616265,Computer Science,Bachelor of Science,Cybersecurity,Fall 2018,2018,First-Time Freshman,5.3,122,2.58,2.56,Out-of-State,FALSE,17,1,0,0,73350,28070,No Response,Not Applicable,Not Applicable,Not Applicable,Not Applicable,Not Applicable,Not Applicable,Not Applicable,Not Applicable,Not Applicable
CID-768343,Computer Science,Bachelor of Science,Artificial Intelligence,Fall 2015,2015,First-Time Freshman,3.7,120,3.51,3.37,In-State,FALSE,15,2,1,4,20970,6330,Employed Full-Time,1.7,Business Intelligence Analyst,Data & Analytics,Dockside Logistics Systems,Logistics & Transportation,"Baltimore, MD",61250,FALSE,Career Fair
CID-643361,Information Systems,Bachelor of Science,Business Analytics,Spring 2021,2021,First-Time Freshman,3.3,121,3.75,3.75,In-State,FALSE,7,1,2,2,33950,15270,No Response,Not Applicable,Not Applicable,Not Applicable,Not Applicable,Not Applicable,Not Applicable,Not Applicable,Not Applicable,Not Applicable
CID-211835,Computer Science,Bachelor of Science,Software Engineering,Spring 2026,2026,First-Time Freshman,4.0,122,2.98,3.02,Out-of-State,FALSE,7,0,2,2,73210,39410,Employed Full-Time,4.5,Associate Software Engineer,Software Engineering,Tidewater Defense Group,Defense & Aerospace,Northern Virginia,77500,TRUE,Online Application
CID-657681,Information Systems,Bachelor of Science,Business Analytics,Fall 2020,2020,Transfer,3.3,122,3.08,3.06,In-State,FALSE,10,1,0,3,12020,4600,Employed Full-Time,0.2,IT Analyst,IT Business & Product,Wayfinder Technology Advisors,Consulting & Professional Services,"Columbia/Howard County, MD",72250,FALSE,Return Offer from Internship
CID-794799,Computer Science,Bachelor of Science,Data Science,Spring 2019,2019,First-Time Freshman,4.3,123,2.60,2.40,In-State,FALSE,11,1,0,1,37620,16390,Employed Full-Time,0.4,Data Analyst,Data & Analytics,National Data Services Agency,Federal Government,Northern Virginia,68250,FALSE,Personal Network
CID-675326,Computer Science,Bachelor of Science,Cybersecurity,Fall 2021,2021,First-Time Freshman,4.0,122,2.63,2.82,In-State,FALSE,14,0,0,1,47400,32730,Employed Full-Time,3.3,Help Desk Technician,IT Support & Operations,Blue Heron Technologies,Federal Contracting,Remote - United States,70250,TRUE,Career Fair
CID-107045,Information Systems,Bachelor of Science,Health Information Technology,Fall 2020,2020,First-Time Freshman,4.0,121,3.38,3.30,In-State,FALSE,6,2,0,2,35080,24980,Employed Part-Time,3.6,Associate Software Engineer,Software Engineering,CareBridge Technology,Healthcare & Life Sciences,"Baltimore, MD",62250,FALSE,Personal Network
CID-822226,Computer Science,Bachelor of Science,Cybersecurity,Summer 2025,2025,First-Time Freshman,3.7,120,2.86,3.03,In-State,FALSE,7,1,0,1,37080,26560,Employed Full-Time,2.3,Junior DevOps Engineer,Infrastructure & Cloud,Severn River Consulting,Federal Contracting,Northern Virginia,86000,FALSE,Student Organization Connection
CID-838457,Computer Science,Bachelor of Science,Software Engineering,Spring 2020,2020,First-Time Freshman,4.7,121,2.85,2.96,Out-of-State,FALSE,14,1,0,1,87640,66770,Still Seeking,Not Applicable,Not Applicable,Not Applicable,Not Applicable,Not Applicable,Not Applicable,Not Applicable,Not Applicable,Not Applicable
CID-482189,Computer Science,Bachelor of Science,Software Engineering,Spring 2024,2024,First-Time Freshman,6.7,122,2.82,2.95,In-State,FALSE,16,1,0,1,57720,35980,Employed Full-Time,5.2,Business Intelligence Analyst,Data & Analytics,Keystone Federal Services,Federal Contracting,"Washington, DC Metro",73250,FALSE,Career Fair
CID-990955,Computer Science,Bachelor of Science,Data Science,Spring 2016,2016,Transfer,2.3,120,3.37,3.23,In-State,FALSE,6,0,1,2,10100,5130,Employed Full-Time,3.8,Junior Security Engineer,Cybersecurity,Meridian National Systems,Federal Contracting,"Washington, DC Metro",88500,FALSE,Career Fair
CID-491346,Computer Science,Bachelor of Science,Cybersecurity,Fall 2015,2015,Transfer,2.0,120,2.81,2.93,In-State,FALSE,15,0,0,4,9870,1700,Employed Full-Time,4.7,Cloud Support Engineer,Infrastructure & Cloud,Beacon Telecom Services,Telecommunications,"Baltimore, MD",54000,FALSE,Alumni Network
CID-186829,Computer Science,Bachelor of Science,Artificial Intelligence,Spring 2026,2026,First-Time Freshman,2.7,85,2.80,2.67,In-State,FALSE,5,2,2,2,33780,13550,Employed Full-Time,0.3,Junior Data Analyst,Data & Analytics,Continental Wireless,Telecommunications,"Austin, TX",99500,FALSE,Career Fair
CID-439234,Information Systems,Bachelor of Science,Software Development,Spring 2026,2026,First-Time Freshman,5.0,121,3.07,2.85,In-State,FALSE,0,2,1,3,43650,7890,Employed Full-Time,0.2,Junior Security Engineer,Cybersecurity,Sterling Ridge Consulting,Consulting & Professional Services,"Washington, DC Metro",119000,FALSE,Return Offer from Internship
CID-122968,Computer Science,Bachelor of Science,Artificial Intelligence,Spring 2022,2022,First-Time Freshman,7.0,121,2.82,2.83,Out-of-State,FALSE,22,3,0,1,66060,41440,Employed Full-Time,0.3,Business Analyst,IT Business & Product,Brightline Software Group,Software Products,Remote - United States,84000,TRUE,Return Offer from Internship
CID-931833,Computer Science,Bachelor of Science,Software Engineering,Spring 2022,2022,First-Time Freshman,3.7,120,2.94,3.00,In-State,FALSE,3,1,0,5,36700,14000,Employed Full-Time,0.0,Data Analyst,Data & Analytics,Shoreline Retail Group,E-Commerce & Retail Tech,"Washington, DC Metro",80000,FALSE,Return Offer from Internship
CID-650896,Computer Science,Bachelor of Science,Data Science,Fall 2023,2023,First-Time Freshman,5.0,123,2.04,1.87,In-State,FALSE,13,0,0,1,48600,12520,No Response,Not Applicable,Not Applicable,Not Applicable,Not Applicable,Not Applicable,Not Applicable,Not Applicable,Not Applicable,Not Applicable
CID-543797,Computer Science,Bachelor of Science,Artificial Intelligence,Spring 2015,2015,First-Time Freshman,3.3,120,2.68,2.57,In-State,FALSE,4,0,0,2,28080,15800,Still Seeking,Not Applicable,Not Applicable,Not Applicable,Not Applicable,Not Applicable,Not Applicable,Not Applicable,Not Applicable,Not Applicable
CID-730535,Computer Science,Bachelor of Science,Cybersecurity,Summer 2023,2023,First-Time Freshman,4.7,120,2.61,2.62,Out-of-State,FALSE,17,3,0,0,87220,22620,No Response,Not Applicable,Not Applicable,Not Applicable,Not Applicable,Not Applicable,Not Applicable,Not Applicable,Not Applicable,Not Applicable
CID-996339,Information Systems,Bachelor of Science,Cybersecurity Management,Spring 2024,2024,Transfer,2.0,120,2.34,2.47,In-State,FALSE,7,0,0,1,11710,6470,Still Seeking,Not Applicable,Not Applicable,Not Applicable,Not Applicable,Not Applicable,Not Applicable,Not Applicable,Not Applicable,Not Applicable
CID-222565,Computer Science,Bachelor of Science,Data Science,Fall 2019,2019,First-Time Freshman,4.0,122,3.66,3.68,In-State,FALSE,11,2,3,1,37800,22090,Employed Full-Time,0.0,Associate Software Engineer,Software Engineering,Marketside Digital,E-Commerce & Retail Tech,"Baltimore, MD",83750,FALSE,Recruiter Outreach
CID-428766,Information Systems,Bachelor of Science,Cybersecurity Management,Fall 2019,2019,First-Time Freshman,4.0,121,3.17,3.15,In-State,FALSE,7,1,0,0,30650,21540,Employed Full-Time,0.0,Associate Software Engineer,Software Engineering,Shoreline Retail Group,E-Commerce & Retail Tech,"Baltimore, MD",63750,FALSE,Return Offer from Internship
CID-506544,Computer Science,Bachelor of Science,Artificial Intelligence,Fall 2023,2023,First-Time Freshman,5.3,122,2.41,2.41,In-State,FALSE,20,2,2,3,47220,46920,Employed Full-Time,0.5,Machine Learning Engineer I,Machine Learning & AI,Chesapeake Community College,Higher Education,"Baltimore, MD",68750,FALSE,Return Offer from Internship
CID-298505,Information Systems,Bachelor of Science,Health Information Technology,Spring 2022,2022,Transfer,6.3,120,2.26,2.32,Out-of-State,FALSE,18,1,0,1,36900,36610,Employed Full-Time,1.7,Systems Administrator,Infrastructure & Cloud,Office of Technology Policy,Federal Government,Northern Virginia,56500,TRUE,Personal Network
CID-584092,Computer Science,Bachelor of Science,Data Science,Spring 2022,2022,First-Time Freshman,4.3,120,2.54,2.56,In-State,FALSE,20,0,2,0,26080,18030,Employed Full-Time,2.3,Software Engineer I,Software Engineering,Tidewater Defense Group,Defense & Aerospace,"Baltimore, MD",70750,FALSE,Personal Network
CID-808940,Information Systems,Master of Science,Business Analytics,Spring 2026,2026,First-Time Freshman,7.0,118,2.59,2.40,In-State,TRUE,16,0,0,0,39350,18310,Employed Full-Time,3.8,Data Analyst,Data & Analytics,Maryland Department of IT,Federal Government,"Baltimore, MD",39500,FALSE,Online Application
CID-504541,Information Systems,Bachelor of Science,General,Fall 2021,2021,First-Time Freshman,6.7,121,3.52,3.30,Out-of-State,FALSE,18,3,2,2,51340,40090,Continuing Education,Not Applicable,Not Applicable,Not Applicable,Not Applicable,Not Applicable,Not Applicable,Not Applicable,Not Applicable,Not Applicable
CID-453718,Computer Science,Bachelor of Science,Data Science,Spring 2021,2021,First-Time Freshman,3.3,120,3.08,2.90,In-State,FALSE,14,0,0,1,43480,16760,Employed Full-Time,3.7,Security Analyst I,Cybersecurity,Patapsco Aerospace,Defense & Aerospace,Northern Virginia,85000,FALSE,Online Application
CID-705287,Information Systems,Bachelor of Science,Cybersecurity Management,Spring 2024,2024,First-Time Freshman,4.7,121,3.17,3.25,Out-of-State,FALSE,17,3,0,7,73750,0,Employed Full-Time,0.2,Junior Data Analyst,Data & Analytics,Federal Health Data Office,Federal Government,"Washington, DC Metro",80000,FALSE,Return Offer from Internship
CID-306564,Computer Science,Bachelor of Science,General,Spring 2020,2020,First-Time Freshman,4.0,122,3.09,3.14,In-State,FALSE,12,2,0,3,41410,41410,No Response,Not Applicable,Not Applicable,Not Applicable,Not Applicable,Not Applicable,Not Applicable,Not Applicable,Not Applicable,Not Applicable
CID-887626,Information Systems,Bachelor of Science,Health Information Technology,Spring 2018,2018,Transfer,3.0,121,3.46,3.28,In-State,FALSE,5,0,0,1,14360,3070,Still Seeking,Not Applicable,Not Applicable,Not Applicable,Not Applicable,Not Applicable,Not Applicable,Not Applicable,Not Applicable,Not Applicable
CID-389015,Computer Science,Bachelor of Science,Cybersecurity,Spring 2024,2024,Transfer,1.7,125,2.92,2.93,In-State,FALSE,10,1,2,2,11980,7140,Employed Full-Time,4.0,Junior Security Engineer,Cybersecurity,Potomac Mission Solutions,Federal Contracting,"Baltimore, MD",82000,TRUE,Online Application
CID-917436,Computer Science,Bachelor of Science,General,Spring 2026,2026,First-Time Freshman,5.0,119,2.30,2.11,In-State,FALSE,8,0,0,1,52460,10890,Still Seeking,Not Applicable,Not Applicable,Not Applicable,Not Applicable,Not Applicable,Not Applicable,Not Applicable,Not Applicable,Not Applicable
CID-426711,Computer Science,Bachelor of Science,Cybersecurity,Spring 2015,2015,Transfer,3.3,122,3.42,3.37,In-State,FALSE,11,1,0,3,9100,1670,Employed Full-Time,0.0,Junior Developer,Software Engineering,Anvil Compute,Cloud & Infrastructure,"Columbia/Howard County, MD",99000,FALSE,Return Offer from Internship
CID-888420,Computer Science,Bachelor of Science,Software Engineering,Spring 2026,2026,First-Time Freshman,4.3,123,2.64,2.63,Out-of-State,FALSE,8,0,0,0,65090,26600,Still Seeking,Not Applicable,Not Applicable,Not Applicable,Not Applicable,Not Applicable,Not Applicable,Not Applicable,Not Applicable,Not Applicable
CID-135631,Computer Science,Bachelor of Science,Data Science,Spring 2026,2026,Transfer,2.0,110,3.27,3.25,In-State,FALSE,1,1,3,3,15980,13100,No Response,Not Applicable,Not Applicable,Not Applicable,Not Applicable,Not Applicable,Not Applicable,Not Applicable,Not Applicable,Not Applicable
CID-717685,Computer Science,Bachelor of Science,Cybersecurity,Spring 2026,2026,Transfer,3.7,122,2.88,3.02,In-State,FALSE,2,0,0,2,16670,16670,Continuing Education,Not Applicable,Not Applicable,Not Applicable,Not Applicable,Not Applicable,Not Applicable,Not Applicable,Not Applicable,Not Applicable
CID-846812,Information Systems,Bachelor of Science,Business Analytics,Spring 2019,2019,First-Time Freshman,4.0,121,2.71,2.60,In-State,FALSE,10,2,0,3,40280,30830,Employed Full-Time,0.2,EHR Support Analyst,Health IT,Chesapeake Defense Systems,Defense & Aerospace,Northern Virginia,78500,FALSE,Return Offer from Internship
CID-411200,Information Systems,Bachelor of Science,Software Development,Spring 2019,2019,First-Time Freshman,4.0,121,2.85,3.00,Out-of-State,FALSE,21,1,2,2,70640,62390,Employed Full-Time,2.4,Associate Software Engineer,Software Engineering,Maryland Department of IT,Federal Government,"Baltimore, MD",49500,FALSE,Recruiter Outreach
CID-290954,Computer Science,Bachelor of Science,Data Science,Fall 2017,2017,First-Time Freshman,4.3,123,3.39,3.35,In-State,FALSE,1,2,1,2,32880,4040,Employed Full-Time,0.6,Systems Administrator,Infrastructure & Cloud,Monument Bank Technology,Financial Services,"Seattle, WA",97000,FALSE,Faculty or Staff Referral
CID-325985,Computer Science,Bachelor of Science,General,Spring 2022,2022,Transfer,2.3,121,3.72,3.65,In-State,FALSE,13,1,0,5,10410,4690,Employed Full-Time,0.4,Business Analyst,IT Business & Product,Sterling Ridge Consulting,Consulting & Professional Services,Northern Virginia,98750,FALSE,Return Offer from Internship
CID-110245,Computer Science,Bachelor of Science,Software Engineering,Spring 2019,2019,First-Time Freshman,4.3,122,3.45,3.38,In-State,FALSE,14,2,0,4,31210,16110,Employed Full-Time,0.0,SOC Analyst,Cybersecurity,Calvert Advisory Group,Consulting & Professional Services,Northern Virginia,98750,FALSE,Return Offer from Internship
CID-799914,Computer Science,Bachelor of Science,Data Science,Fall 2023,2023,Transfer,2.7,120,2.89,2.79,In-State,FALSE,3,1,0,0,12960,12960,Employed Full-Time,1.1,Junior Developer,Software Engineering,Clarion Clinical Data,Healthcare & Life Sciences,"Washington, DC Metro",84250,FALSE,Faculty or Staff Referral
CID-209100,Information Systems,Bachelor of Science,Business Analytics,Spring 2017,2017,First-Time Freshman,4.7,121,2.66,2.75,Out-of-State,FALSE,0,0,0,4,66930,36190,Employed Full-Time,4.4,Junior Security Engineer,Cybersecurity,Quarry Road Software,Software Products,"Baltimore, MD",53750,FALSE,Student Organization Connection
CID-808627,Computer Science,Bachelor of Science,Artificial Intelligence,Fall 2023,2023,First-Time Freshman,4.3,122,3.43,3.48,In-State,FALSE,9,2,1,2,38960,34030,Employed Full-Time,1.2,Junior Security Engineer,Cybersecurity,Tidewater Defense Group,Defense & Aerospace,Northern Virginia,125500,FALSE,Career Fair
CID-266030,Computer Science,Bachelor of Science,Software Engineering,Summer 2019,2019,First-Time Freshman,4.0,122,3.12,2.82,In-State,FALSE,2,2,0,3,27660,18910,Employed Full-Time,0.2,Junior DevOps Engineer,Infrastructure & Cloud,Office of Technology Policy,Federal Government,"Baltimore, MD",80750,FALSE,Return Offer from Internship
CID-886341,Computer Science,Bachelor of Science,Cybersecurity,Fall 2025,2025,Transfer,4.0,120,3.69,3.72,Out-of-State,FALSE,17,2,0,1,26600,14670,Continuing Education,Not Applicable,Not Applicable,Not Applicable,Not Applicable,Not Applicable,Not Applicable,Not Applicable,Not Applicable,Not Applicable
CID-231983,Information Systems,Bachelor of Science,Business Analytics,Spring 2020,2020,First-Time Freshman,4.3,121,2.54,2.50,In-State,FALSE,3,2,2,0,36570,9320,Employed Full-Time,0.3,Business Intelligence Analyst,Data & Analytics,Sterling Ridge Consulting,Consulting & Professional Services,"Columbia/Howard County, MD",65750,FALSE,Return Offer from Internship
CID-201828,Computer Science,Bachelor of Science,General,Spring 2026,2026,First-Time Freshman,4.3,123,2.73,2.59,Out-of-State,FALSE,11,3,0,3,93930,45710,No Response,Not Applicable,Not Applicable,Not Applicable,Not Applicable,Not Applicable,Not Applicable,Not Applicable,Not Applicable,Not Applicable
CID-997524,Information Systems,Bachelor of Science,Software Development,Spring 2022,2022,First-Time Freshman,6.7,121,3.37,3.50,Out-of-State,FALSE,21,3,0,2,54950,17700,Employed Full-Time,0.4,Junior Security Engineer,Cybersecurity,Monument Bank Technology,Financial Services,"Baltimore, MD",109500,FALSE,Return Offer from Internship
CID-920332,Information Systems,Bachelor of Science,Business Analytics,Spring 2024,2024,Transfer,2.3,120,2.85,2.88,Out-of-State,FALSE,9,1,1,3,20090,10730,Continuing Education,Not Applicable,Not Applicable,Not Applicable,Not Applicable,Not Applicable,Not Applicable,Not Applicable,Not Applicable,Not Applicable
CID-230577,Computer Science,Bachelor of Science,Software Engineering,Spring 2023,2023,First-Time Freshman,4.0,120,2.97,2.73,In-State,FALSE,7,0,2,1,47630,21230,Employed Full-Time,6.0,Systems Administrator,Infrastructure & Cloud,Pinnacle Bridge Partners,Consulting & Professional Services,"Columbia/Howard County, MD",94750,FALSE,Faculty or Staff Referral
CID-806480,Computer Science,Bachelor of Science,Software Engineering,Fall 2024,2024,First-Time Freshman,6.3,120,3.64,3.70,In-State,FALSE,14,2,0,7,34170,10900,Still Seeking,Not Applicable,Not Applicable,Not Applicable,Not Applicable,Not Applicable,Not Applicable,Not Applicable,Not Applicable,Not Applicable
CID-149283,Computer Science,Bachelor of Science,Data Science,Spring 2017,2017,First-Time Freshman,3.0,120,3.24,3.06,Out-of-State,FALSE,13,1,0,3,73700,31220,No Response,Not Applicable,Not Applicable,Not Applicable,Not Applicable,Not Applicable,Not Applicable,Not Applicable,Not Applicable,Not Applicable
CID-948557,Information Systems,Bachelor of Science,Business Analytics,Fall 2015,2015,First-Time Freshman,5.3,121,2.07,2.10,In-State,FALSE,9,2,0,1,31120,8580,Employed Full-Time,1.9,Clinical Systems Analyst,Health IT,Bayview Medical Informatics,Healthcare & Life Sciences,"Columbia/Howard County, MD",54500,FALSE,Alumni Network
CID-947552,Computer Science,Bachelor of Science,General,Fall 2016,2016,First-Time Freshman,3.7,121,3.19,3.24,In-State,FALSE,11,1,1,1,32080,18960,Still Seeking,Not Applicable,Not Applicable,Not Applicable,Not Applicable,Not Applicable,Not Applicable,Not Applicable,Not Applicable,Not Applicable
CID-905464,Computer Science,Bachelor of Science,Software Engineering,Fall 2024,2024,First-Time Freshman,3.3,120,3.38,3.27,In-State,FALSE,5,2,0,4,47310,22530,Continuing Education,Not Applicable,Not Applicable,Not Applicable,Not Applicable,Not Applicable,Not Applicable,Not Applicable,Not Applicable,Not Applicable
CID-235545,Computer Science,Bachelor of Science,Cybersecurity,Fall 2017,2017,First-Time Freshman,5.7,122,3.85,3.95,Out-of-State,FALSE,8,3,2,7,69510,32870,Employed Full-Time,0.0,Security Analyst I,Cybersecurity,Ironwood Cyber,Cybersecurity Services,"Washington, DC Metro",109500,FALSE,Student Organization Connection
CID-738279,Computer Science,Bachelor of Science,Software Engineering,Fall 2022,2022,First-Time Freshman,4.0,120,3.05,2.98,Out-of-State,FALSE,13,1,0,2,44640,12160,No Response,Not Applicable,Not Applicable,Not Applicable,Not Applicable,Not Applicable,Not Applicable,Not Applicable,Not Applicable,Not Applicable
CID-557838,Information Systems,Bachelor of Science,Software Development,Spring 2024,2024,First-Time Freshman,4.3,121,2.20,2.19,In-State,FALSE,5,1,0,4,52810,15280,Employed Full-Time,0.5,Data Analyst,Data & Analytics,Potomac Mission Solutions,Federal Contracting,"Baltimore, MD",66250,FALSE,Return Offer from Internship
CID-296795,Computer Science,Bachelor of Science,Data Science,Fall 2018,2018,Transfer,3.0,120,3.15,3.05,In-State,FALSE,9,2,0,3,11220,5630,Employed Full-Time,2.2,Software Engineer I,Software Engineering,Potomac Mission Solutions,Federal Contracting,"Baltimore, MD",70500,FALSE,Personal Network
CID-157826,Computer Science,Bachelor of Science,Data Science,Fall 2023,2023,Transfer,1.7,120,2.89,2.90,In-State,FALSE,3,0,0,0,11050,4920,Employed Full-Time,3.6,Machine Learning Engineer I,Machine Learning & AI,Catoctin Analytics Group,Federal Contracting,"Baltimore, MD",79250,FALSE,Online Application
CID-961207,Computer Science,Bachelor of Science,Cybersecurity,Spring 2019,2019,First-Time Freshman,3.7,120,2.93,2.92,In-State,FALSE,13,1,2,3,25720,1230,Still Seeking,Not Applicable,Not Applicable,Not Applicable,Not Applicable,Not Applicable,Not Applicable,Not Applicable,Not Applicable,Not Applicable
CID-738460,Information Systems,Bachelor of Science,General,Fall 2019,2019,First-Time Freshman,4.7,121,2.88,2.65,In-State,FALSE,15,1,0,3,44800,30180,Employed Full-Time,0.0,Data Analyst,Data & Analytics,Blue Heron Technologies,Federal Contracting,"Washington, DC Metro",63750,FALSE,Student Organization Connection
CID-388717,Information Systems,Bachelor of Science,Software Development,Spring 2026,2026,First-Time Freshman,4.7,121,3.08,3.10,Out-of-State,FALSE,10,2,0,1,96590,13980,No Response,Not Applicable,Not Applicable,Not Applicable,Not Applicable,Not Applicable,Not Applicable,Not Applicable,Not Applicable,Not Applicable
CID-545286,Computer Science,Bachelor of Science,General,Fall 2016,2016,Transfer,3.3,122,2.75,2.74,In-State,FALSE,12,1,0,1,16320,7550,No Response,Not Applicable,Not Applicable,Not Applicable,Not Applicable,Not Applicable,Not Applicable,Not Applicable,Not Applicable,Not Applicable
CID-107375,Computer Science,Bachelor of Science,General,Spring 2015,2015,First-Time Freshman,3.3,120,3.38,3.35,In-State,FALSE,12,2,0,3,25470,6460,Continuing Education,Not Applicable,Not Applicable,Not Applicable,Not Applicable,Not Applicable,Not Applicable,Not Applicable,Not Applicable,Not Applicable
CID-692592,Computer Science,Bachelor of Science,Data Science,Spring 2022,2022,First-Time Freshman,3.3,121,3.02,3.02,In-State,FALSE,8,0,0,2,39660,26140,Employed Full-Time,0.1,Data Analyst,Data & Analytics,Keystone Federal Services,Federal Contracting,"Baltimore, MD",77000,TRUE,Online Application
CID-917711,Computer Science,Bachelor of Science,General,Fall 2025,2025,Transfer,2.3,121,2.71,2.57,In-State,FALSE,9,0,2,3,15470,9930,Employed Full-Time,5.4,Clinical Systems Analyst,Health IT,Office of Technology Policy,Federal Government,"Baltimore, MD",51250,FALSE,Online Application
CID-217924,Computer Science,Bachelor of Science,General,Fall 2017,2017,Transfer,3.0,120,2.07,2.06,In-State,FALSE,22,1,0,2,14880,7090,Employed Full-Time,3.5,Junior DevOps Engineer,Infrastructure & Cloud,Chesapeake Defense Systems,Defense & Aerospace,"Baltimore, MD",60750,FALSE,Recruiter Outreach
CID-703614,Computer Science,Bachelor of Science,General,Fall 2023,2023,First-Time Freshman,7.0,123,3.02,3.02,In-State,FALSE,15,1,0,3,27610,0,Continuing Education,Not Applicable,Not Applicable,Not Applicable,Not Applicable,Not Applicable,Not Applicable,Not Applicable,Not Applicable,Not Applicable
CID-845576,Computer Science,Bachelor of Science,General,Spring 2023,2023,Transfer,2.3,122,3.13,3.15,In-State,FALSE,11,1,0,4,16570,9960,Employed Full-Time,0.5,AI Research Assistant,Machine Learning & AI,Keystone Federal Services,Federal Contracting,"Washington, DC Metro",76250,FALSE,Career Fair
CID-511630,Computer Science,Bachelor of Science,General,Spring 2020,2020,First-Time Freshman,10.0,116,2.59,2.53,In-State,FALSE,27,1,0,0,29790,18530,No Response,Not Applicable,Not Applicable,Not Applicable,Not Applicable,Not Applicable,Not Applicable,Not Applicable,Not Applicable,Not Applicable
CID-144568,Computer Science,Bachelor of Science,Data Science,Spring 2021,2021,First-Time Freshman,4.0,120,2.70,2.75,Out-of-State,FALSE,11,2,0,5,56510,37300,Employed Full-Time,0.3,Junior Security Engineer,Cybersecurity,Wayfinder Technology Advisors,Consulting & Professional Services,Remote - United States,98000,TRUE,Return Offer from Internship
CID-596709,Computer Science,Bachelor of Science,General,Fall 2019,2019,First-Time Freshman,4.7,122,2.62,2.73,In-State,FALSE,5,0,0,5,45830,25540,Employed Full-Time,2.8,Associate Software Engineer,Software Engineering,Tidewater Defense Group,Defense & Aerospace,"New York, NY",68750,FALSE,Student Organization Connection
CID-228655,Computer Science,Bachelor of Science,Artificial Intelligence,Spring 2026,2026,First-Time Freshman,3.7,120,2.88,2.68,In-State,FALSE,20,2,0,2,40640,16930,Employed Full-Time,0.4,Data Analyst,Data & Analytics,Monument Bank Technology,Financial Services,"Columbia/Howard County, MD",91000,FALSE,Return Offer from Internship
CID-461760,Computer Science,Bachelor of Science,Cybersecurity,Spring 2016,2016,Transfer,2.3,122,2.79,2.51,In-State,FALSE,14,0,0,0,7140,7140,Employed Full-Time,4.9,Business Intelligence Analyst,Data & Analytics,Allied Shield Insurance Group,Insurance,"Washington, DC Metro",61500,FALSE,Recruiter Outreach
CID-729116,Computer Science,Master of Science,General,Fall 2025,2025,First-Time Freshman,4.0,122,3.66,3.56,Out-of-State,TRUE,0,1,0,2,88880,67260,Continuing Education,Not Applicable,Not Applicable,Not Applicable,Not Applicable,Not Applicable,Not Applicable,Not Applicable,Not Applicable,Not Applicable
CID-716028,Information Systems,Bachelor of Science,Business Analytics,Fall 2022,2022,First-Time Freshman,8.3,121,2.91,3.05,Out-of-State,FALSE,25,3,0,1,71270,19880,Employed Full-Time,0.5,SOC Analyst,Cybersecurity,Falconview Systems,Software Products,Remote - United States,99250,TRUE,Return Offer from Internship
CID-931072,Computer Science,Bachelor of Science,General,Fall 2020,2020,First-Time Freshman,4.7,120,2.52,2.49,In-State,FALSE,4,0,1,1,44090,34130,Continuing Education,Not Applicable,Not Applicable,Not Applicable,Not Applicable,Not Applicable,Not Applicable,Not Applicable,Not Applicable,Not Applicable
CID-585002,Computer Science,Bachelor of Science,Artificial Intelligence,Fall 2025,2025,First-Time Freshman,4.3,120,3.23,3.12,In-State,FALSE,19,0,0,0,34100,27670,Continuing Education,Not Applicable,Not Applicable,Not Applicable,Not Applicable,Not Applicable,Not Applicable,Not Applicable,Not Applicable,Not Applicable
CID-264886,Computer Science,Bachelor of Science,General,Summer 2024,2024,First-Time Freshman,3.7,122,2.93,2.92,In-State,FALSE,0,2,2,3,36760,15710,Employed Full-Time,0.3,Junior Developer,Software Engineering,Meridian National Systems,Federal Contracting,Remote - United States,90750,TRUE,Return Offer from Internship
CID-171668,Computer Science,Bachelor of Science,Data Science,Spring 2019,2019,Transfer,3.7,122,3.25,3.07,In-State,FALSE,9,2,1,5,13190,10630,Employed Full-Time,0.1,Security Analyst I,Cybersecurity,Continental Wireless,Telecommunications,"Baltimore, MD",100000,FALSE,Return Offer from Internship
CID-868375,Computer Science,Bachelor of Science,Software Engineering,Spring 2021,2021,First-Time Freshman,4.7,120,2.51,2.56,Out-of-State,FALSE,23,1,0,1,91600,67110,Employed Full-Time,3.3,Junior Developer,Software Engineering,Chesterfield Asset Management,Financial Services,Remote - United States,74750,TRUE,Faculty or Staff Referral
CID-250109,Information Systems,Bachelor of Science,Business Analytics,Spring 2021,2021,First-Time Freshman,3.7,121,2.90,2.85,Out-of-State,FALSE,8,1,0,0,75490,37550,Employed Full-Time,1.3,IT Analyst,IT Business & Product,Northfield Biosciences,Healthcare & Life Sciences,"Washington, DC Metro",83750,FALSE,Career Fair
CID-210530,Information Systems,Bachelor of Science,Cybersecurity Management,Spring 2022,2022,First-Time Freshman,4.3,121,3.07,2.85,Out-of-State,FALSE,11,0,0,3,55820,55820,Continuing Education,Not Applicable,Not Applicable,Not Applicable,Not Applicable,Not Applicable,Not Applicable,Not Applicable,Not Applicable,Not Applicable
CID-241240,Computer Science,Bachelor of Science,Artificial Intelligence,Fall 2025,2025,First-Time Freshman,4.7,121,2.26,2.17,In-State,FALSE,23,2,0,2,49270,35790,Still Seeking,Not Applicable,Not Applicable,Not Applicable,Not Applicable,Not Applicable,Not Applicable,Not Applicable,Not Applicable,Not Applicable
CID-563266,Information Systems,Bachelor of Science,General,Spring 2017,2017,First-Time Freshman,4.0,121,2.44,2.55,Out-of-State,FALSE,6,0,0,3,67110,62820,Employed Full-Time,3.9,IT Analyst,IT Business & Product,Wayfinder Technology Advisors,Consulting & Professional Services,Northern Virginia,60500,FALSE,Online Application
CID-342429,Computer Science,Bachelor of Science,Software Engineering,Spring 2018,2018,First-Time Freshman,6.3,120,3.27,3.28,In-State,FALSE,15,2,1,3,34930,27570,Employed Full-Time,0.0,Junior Developer,Software Engineering,Chesapeake Defense Systems,Defense & Aerospace,"Baltimore, MD",80750,FALSE,Recruiter Outreach
CID-119813,Information Systems,Bachelor of Science,Cybersecurity Management,Fall 2015,2015,First-Time Freshman,4.0,121,3.51,3.60,Out-of-State,FALSE,0,1,0,4,49550,16610,Employed Full-Time,0.6,Junior Security Engineer,Cybersecurity,Federal Health Data Office,Federal Government,"Washington, DC Metro",75500,FALSE,Personal Network
CID-168661,Information Systems,Bachelor of Science,Business Analytics,Fall 2018,2018,Transfer,3.0,121,2.76,2.72,In-State,FALSE,5,1,0,2,14040,2710,Employed Full-Time,0.5,Business Intelligence Analyst,Data & Analytics,Marketside Digital,E-Commerce & Retail Tech,"Baltimore, MD",67000,FALSE,Return Offer from Internship
CID-381267,Information Systems,Bachelor of Science,Business Analytics,Spring 2023,2023,Transfer,3.0,121,2.90,2.82,In-State,FALSE,20,1,0,1,9310,2120,Continuing Education,Not Applicable,Not Applicable,Not Applicable,Not Applicable,Not Applicable,Not Applicable,Not Applicable,Not Applicable,Not Applicable
CID-182923,Computer Science,Bachelor of Science,Software Engineering,Spring 2024,2024,Transfer,2.0,122,3.23,3.36,In-State,FALSE,20,1,0,5,7820,2610,Military,Not Applicable,Not Applicable,Not Applicable,Not Applicable,Not Applicable,Not Applicable,Not Applicable,Not Applicable,Not Applicable
CID-952638,Computer Science,Bachelor of Science,General,Fall 2015,2015,First-Time Freshman,4.0,120,2.72,2.68,In-State,FALSE,3,1,2,0,25930,11030,Employed Full-Time,0.4,Junior Security Engineer,Cybersecurity,Dockside Logistics Systems,Logistics & Transportation,"Columbia/Howard County, MD",77250,FALSE,Return Offer from Internship
CID-461825,Computer Science,Bachelor of Science,General,Fall 2020,2020,First-Time Freshman,4.0,122,2.98,2.94,In-State,FALSE,7,3,0,6,35170,25420,Still Seeking,Not Applicable,Not Applicable,Not Applicable,Not Applicable,Not Applicable,Not Applicable,Not Applicable,Not Applicable,Not Applicable
CID-751172,Computer Science,Bachelor of Science,Software Engineering,Fall 2019,2019,First-Time Freshman,4.7,122,3.43,3.43,Out-of-State,FALSE,15,3,2,7,72570,33750,Continuing Education,Not Applicable,Not Applicable,Not Applicable,Not Applicable,Not Applicable,Not Applicable,Not Applicable,Not Applicable,Not Applicable
CID-787923,Computer Science,Bachelor of Science,Software Engineering,Spring 2021,2021,Transfer,2.7,122,2.89,3.16,In-State,FALSE,7,0,2,4,17850,8790,No Response,Not Applicable,Not Applicable,Not Applicable,Not Applicable,Not Applicable,Not Applicable,Not Applicable,Not Applicable,Not Applicable
CID-945121,Information Systems,Bachelor of Science,Health Information Technology,Spring 2019,2019,First-Time Freshman,5.0,121,2.78,2.80,In-State,FALSE,13,1,0,3,35160,12360,Employed Full-Time,1.0,Desktop Support Analyst,IT Support & Operations,Office of Technology Policy,Federal Government,"Baltimore, MD",34500,FALSE,Online Application
CID-797881,Information Systems,Bachelor of Science,Business Analytics,Spring 2018,2018,Transfer,4.0,122,2.34,2.32,In-State,FALSE,12,0,2,4,19660,4440,No Response,Not Applicable,Not Applicable,Not Applicable,Not Applicable,Not Applicable,Not Applicable,Not Applicable,Not Applicable,Not Applicable
CID-971198,Computer Science,Bachelor of Science,General,Spring 2023,2023,Transfer,3.0,123,2.71,2.74,In-State,FALSE,16,2,2,3,13510,7000,Employed Full-Time,0.0,Security Analyst I,Cybersecurity,Dockside Logistics Systems,Logistics & Transportation,"Columbia/Howard County, MD",92500,FALSE,Return Offer from Internship
CID-694744,Computer Science,Bachelor of Science,Cybersecurity,Fall 2023,2023,First-Time Freshman,4.0,120,3.19,3.37,In-State,FALSE,15,1,2,1,36690,8460,Employed Full-Time,2.7,Data Analyst,Data & Analytics,Parcel & Post Technologies,Logistics & Transportation,"Raleigh-Durham, NC",72250,FALSE,Faculty or Staff Referral
CID-835526,Information Systems,Bachelor of Science,Software Development,Spring 2022,2022,First-Time Freshman,5.3,121,2.43,2.40,In-State,FALSE,18,1,2,3,34840,18220,Employed Full-Time,0.5,IT Analyst,IT Business & Product,Sterling Ridge Consulting,Consulting & Professional Services,"Columbia/Howard County, MD",72000,TRUE,Career Fair
CID-142037,Computer Science,Bachelor of Science,Artificial Intelligence,Fall 2023,2023,First-Time Freshman,3.7,121,3.49,3.42,In-State,FALSE,3,2,1,3,43880,22600,Continuing Education,Not Applicable,Not Applicable,Not Applicable,Not Applicable,Not Applicable,Not Applicable,Not Applicable,Not Applicable,Not Applicable
CID-335042,Computer Science,Bachelor of Science,General,Fall 2025,2025,Transfer,2.7,121,3.33,3.43,In-State,FALSE,0,1,0,2,17900,5510,No Response,Not Applicable,Not Applicable,Not Applicable,Not Applicable,Not Applicable,Not Applicable,Not Applicable,Not Applicable,Not Applicable
CID-724525,Information Systems,Bachelor of Science,General,Spring 2024,2024,Transfer,2.3,121,2.20,2.18,In-State,FALSE,11,0,2,1,11590,6490,No Response,Not Applicable,Not Applicable,Not Applicable,Not Applicable,Not Applicable,Not Applicable,Not Applicable,Not Applicable,Not Applicable
CID-603358,Computer Science,Bachelor of Science,General,Spring 2020,2020,First-Time Freshman,3.7,120,3.45,3.40,Out-of-State,FALSE,14,1,0,3,49850,15450,Employed Full-Time,0.0,Business Intelligence Analyst,Data & Analytics,Stratus Cloud Works,Cloud & Infrastructure,"Washington, DC Metro",101000,TRUE,Return Offer from Internship
CID-479172,Information Systems,Bachelor of Science,Health Information Technology,Fall 2016,2016,Transfer,2.0,120,3.53,3.59,In-State,FALSE,9,1,2,2,9330,3800,Employed Full-Time,0.0,Junior Systems Analyst,IT Business & Product,Greenspring Health Systems,Healthcare & Life Sciences,"Baltimore, MD",60250,FALSE,Student Organization Connection
CID-774538,Information Systems,Bachelor of Science,Health Information Technology,Spring 2019,2019,First-Time Freshman,4.3,121,2.83,2.65,Out-of-State,FALSE,0,2,0,2,62410,10800,No Response,Not Applicable,Not Applicable,Not Applicable,Not Applicable,Not Applicable,Not Applicable,Not Applicable,Not Applicable,Not Applicable
CID-813655,Information Systems,Bachelor of Science,Software Development,Spring 2019,2019,First-Time Freshman,4.3,121,2.88,2.60,In-State,FALSE,15,2,0,8,43860,7300,Employed Full-Time,0.0,Data Analyst,Data & Analytics,Federal Health Data Office,Federal Government,"Columbia/Howard County, MD",49500,FALSE,Career Fair
CID-723744,Computer Science,Bachelor of Science,Artificial Intelligence,Spring 2022,2022,First-Time Freshman,5.3,122,2.10,2.19,In-State,FALSE,18,2,0,1,52800,20790,Employed Full-Time,0.2,Associate Software Engineer,Software Engineering,Anvil Compute,Cloud & Infrastructure,"Baltimore, MD",82250,FALSE,Student Organization Connection
CID-135405,Computer Science,Bachelor of Science,General,Fall 2016,2016,First-Time Freshman,3.0,120,3.83,3.74,Out-of-State,FALSE,7,2,0,3,36950,24930,Employed Full-Time,0.3,Help Desk Technician,IT Support & Operations,Lumen Grid Software,Software Products,"Baltimore, MD",87250,FALSE,Return Offer from Internship
CID-674176,Information Systems,Bachelor of Science,Health Information Technology,Fall 2015,2015,First-Time Freshman,4.0,121,2.51,2.55,In-State,FALSE,15,1,0,3,40790,40790,Employed Full-Time,4.4,Data Analyst,Data & Analytics,Meridian National Systems,Federal Contracting,Northern Virginia,46500,FALSE,Recruiter Outreach
CID-228349,Information Systems,Bachelor of Science,Cybersecurity Management,Spring 2022,2022,Transfer,4.0,122,2.11,2.19,In-State,FALSE,12,0,0,0,18200,12230,Employed Full-Time,4.1,Business Intelligence Analyst,Data & Analytics,Calvert Advisory Group,Consulting & Professional Services,"Baltimore, MD",56250,FALSE,Personal Network
CID-264138,Computer Science,Bachelor of Science,Artificial Intelligence,Fall 2015,2015,First-Time Freshman,3.7,121,3.05,3.01,In-State,FALSE,6,1,0,5,31360,22260,Employed Full-Time,0.1,Security Analyst I,Cybersecurity,Anvil Compute,Cloud & Infrastructure,"Baltimore, MD",97250,FALSE,Return Offer from Internship
CID-604618,Information Systems,Master of Science,General,Spring 2024,2024,First-Time Freshman,3.3,121,3.58,3.48,In-State,TRUE,12,1,0,3,39030,21340,No Response,Not Applicable,Not Applicable,Not Applicable,Not Applicable,Not Applicable,Not Applicable,Not Applicable,Not Applicable,Not Applicable
CID-247491,Information Systems,Bachelor of Science,General,Spring 2021,2021,First-Time Freshman,4.3,121,2.32,2.40,In-State,FALSE,0,1,0,2,50820,36940,No Response,Not Applicable,Not Applicable,Not Applicable,Not Applicable,Not Applicable,Not Applicable,Not Applicable,Not Applicable,Not Applicable
CID-527593,Information Systems,Bachelor of Science,Health Information Technology,Spring 2022,2022,First-Time Freshman,4.0,121,3.82,3.85,Out-of-State,FALSE,7,2,0,5,71940,50890,Employed Full-Time,0.0,Junior Developer,Software Engineering,Potomac Mission Solutions,Federal Contracting,"Columbia/Howard County, MD",81750,FALSE,Recruiter Outreach
CID-632842,Computer Science,Bachelor of Science,Data Science,Spring 2020,2020,Transfer,5.7,120,2.43,2.34,In-State,FALSE,31,2,1,1,12710,7730,Still Seeking,Not Applicable,Not Applicable,Not Applicable,Not Applicable,Not Applicable,Not Applicable,Not Applicable,Not Applicable,Not Applicable
CID-910794,Computer Science,Bachelor of Science,Cybersecurity,Fall 2022,2022,First-Time Freshman,4.0,120,2.40,2.61,In-State,FALSE,11,1,0,1,27990,21210,Employed Part-Time,0.2,Business Intelligence Analyst,Data & Analytics,Potomac Mission Solutions,Federal Contracting,"Baltimore, MD",75750,FALSE,Personal Network
CID-758631,Computer Science,Bachelor of Science,Software Engineering,Fall 2023,2023,First-Time Freshman,4.0,122,3.12,2.97,Out-of-State,FALSE,8,0,0,1,74270,53960,Still Seeking,Not Applicable,Not Applicable,Not Applicable,Not Applicable,Not Applicable,Not Applicable,Not Applicable,Not Applicable,Not Applicable
CID-612828,Computer Science,Bachelor of Science,Artificial Intelligence,Spring 2019,2019,Transfer,1.7,121,3.24,3.18,In-State,FALSE,23,1,0,0,6130,3510,Employed Full-Time,3.3,Junior Security Engineer,Cybersecurity,Federal Health Data Office,Federal Government,"Baltimore, MD",80500,FALSE,Career Fair
CID-535708,Information Systems,Bachelor of Science,Business Analytics,Spring 2024,2024,First-Time Freshman,4.0,121,3.06,3.00,In-State,FALSE,5,1,0,3,40530,7790,Still Seeking,Not Applicable,Not Applicable,Not Applicable,Not Applicable,Not Applicable,Not Applicable,Not Applicable,Not Applicable,Not Applicable
CID-384654,Computer Science,Bachelor of Science,Cybersecurity,Spring 2025,2025,First-Time Freshman,4.3,123,3.01,2.81,Out-of-State,FALSE,7,0,2,3,74820,18280,Employed Full-Time,3.2,Junior Security Engineer,Cybersecurity,Patapsco Aerospace,Defense & Aerospace,"Baltimore, MD",105500,FALSE,Career Fair
CID-181213,Computer Science,Bachelor of Science,Data Science,Fall 2016,2016,First-Time Freshman,4.0,122,3.26,3.21,In-State,FALSE,10,1,0,1,24940,24940,No Response,Not Applicable,Not Applicable,Not Applicable,Not Applicable,Not Applicable,Not Applicable,Not Applicable,Not Applicable,Not Applicable
CID-581951,Computer Science,Bachelor of Science,General,Spring 2021,2021,Transfer,3.0,121,2.67,2.63,In-State,FALSE,6,0,0,3,17400,0,Still Seeking,Not Applicable,Not Applicable,Not Applicable,Not Applicable,Not Applicable,Not Applicable,Not Applicable,Not Applicable,Not Applicable
CID-580764,Computer Science,Bachelor of Science,Software Engineering,Fall 2016,2016,Transfer,2.0,123,2.65,2.74,In-State,FALSE,5,0,0,2,10680,1510,Still Seeking,Not Applicable,Not Applicable,Not Applicable,Not Applicable,Not Applicable,Not Applicable,Not Applicable,Not Applicable,Not Applicable
CID-204252,Information Systems,Bachelor of Science,Software Development,Fall 2015,2015,First-Time Freshman,4.3,121,3.25,3.20,In-State,FALSE,10,2,2,3,22430,11840,Employed Full-Time,0.0,Junior DevOps Engineer,Infrastructure & Cloud,Clearfield Assurance,Cybersecurity Services,"Baltimore, MD",66500,FALSE,Online Application
CID-737815,Computer Science,Bachelor of Science,Artificial Intelligence,Spring 2020,2020,First-Time Freshman,3.3,120,3.49,3.47,Out-of-State,FALSE,9,1,0,3,58080,36350,Employed Full-Time,5.3,Junior Developer,Software Engineering,Keystone Federal Services,Federal Contracting,"Washington, DC Metro",71750,FALSE,Online Application
CID-996704,Computer Science,Master of Science,Cybersecurity,Spring 2026,2026,First-Time Freshman,3.3,121,3.47,3.56,In-State,FALSE,11,2,2,4,57890,23370,Still Seeking,Not Applicable,Not Applicable,Not Applicable,Not Applicable,Not Applicable,Not Applicable,Not Applicable,Not Applicable,Not Applicable
CID-749046,Computer Science,Bachelor of Science,Cybersecurity,Spring 2024,2024,First-Time Freshman,3.7,120,3.27,3.21,In-State,FALSE,0,3,0,4,53050,34160,Employed Full-Time,1.1,EHR Support Analyst,Health IT,Northfield Biosciences,Healthcare & Life Sciences,"Raleigh-Durham, NC",86750,FALSE,Faculty or Staff Referral
CID-739769,Information Systems,Bachelor of Science,General,Spring 2021,2021,Transfer,2.0,120,2.33,2.35,In-State,FALSE,2,0,0,1,9360,5390,Employed Full-Time,5.4,Clinical Systems Analyst,Health IT,Potomac Mission Solutions,Federal Contracting,Northern Virginia,49500,FALSE,Online Application
CID-651322,Information Systems,Bachelor of Science,General,Spring 2022,2022,First-Time Freshman,4.3,121,3.36,3.25,In-State,FALSE,14,2,1,2,22570,7150,Employed Full-Time,0.4,Security Analyst I,Cybersecurity,Monument Bank Technology,Financial Services,Northern Virginia,142500,FALSE,Return Offer from Internship
CID-883494,Information Systems,Bachelor of Science,Cybersecurity Management,Fall 2025,2025,Transfer,3.3,121,2.43,2.33,In-State,FALSE,14,2,1,3,12950,4120,Employed Full-Time,0.6,Junior Systems Analyst,IT Business & Product,Tidewater Defense Group,Defense & Aerospace,"Washington, DC Metro",92750,FALSE,Return Offer from Internship
CID-626064,Computer Science,Bachelor of Science,Cybersecurity,Fall 2025,2025,Transfer,5.3,122,2.80,2.61,In-State,FALSE,16,3,0,5,15380,11640,No Response,Not Applicable,Not Applicable,Not Applicable,Not Applicable,Not Applicable,Not Applicable,Not Applicable,Not Applicable,Not Applicable
CID-817064,Computer Science,Bachelor of Science,General,Fall 2019,2019,Transfer,3.3,121,3.22,3.06,In-State,FALSE,0,1,0,2,8500,7480,Military,Not Applicable,Not Applicable,Not Applicable,Not Applicable,Not Applicable,Not Applicable,Not Applicable,Not Applicable,Not Applicable
CID-246856,Computer Science,Bachelor of Science,Cybersecurity,Spring 2025,2025,Transfer,2.3,120,3.34,3.56,In-State,FALSE,15,0,0,3,11370,7450,Employed Full-Time,2.3,Junior Developer,Software Engineering,Vantage Point Applications,Software Products,"Washington, DC Metro",79250,FALSE,Online Application
CID-797159,Information Systems,Bachelor of Science,Business Analytics,Spring 2024,2024,Transfer,3.0,121,2.42,2.33,In-State,FALSE,5,1,0,2,19470,5520,Employed Full-Time,3.0,EHR Support Analyst,Health IT,Office of Technology Policy,Federal Government,"Baltimore, MD",53500,FALSE,Recruiter Outreach
CID-605632,Computer Science,Bachelor of Science,Data Science,Fall 2024,2024,First-Time Freshman,3.7,120,3.76,3.84,In-State,FALSE,0,1,0,1,33000,26830,Still Seeking,Not Applicable,Not Applicable,Not Applicable,Not Applicable,Not Applicable,Not Applicable,Not Applicable,Not Applicable,Not Applicable
CID-881013,Computer Science,Bachelor of Science,Data Science,Spring 2026,2026,First-Time Freshman,4.3,121,2.83,2.88,In-State,FALSE,27,2,0,2,61540,22930,No Response,Not Applicable,Not Applicable,Not Applicable,Not Applicable,Not Applicable,Not Applicable,Not Applicable,Not Applicable,Not Applicable
CID-859990,Computer Science,Bachelor of Science,Data Science,Spring 2026,2026,First-Time Freshman,3.7,120,3.32,3.45,Out-of-State,FALSE,5,1,1,1,82610,53960,Employed Full-Time,1.1,Junior Data Analyst,Data & Analytics,National Data Services Agency,Federal Government,"Washington, DC Metro",91750,FALSE,Recruiter Outreach
CID-763722,Information Systems,Bachelor of Science,Cybersecurity Management,Spring 2023,2023,First-Time Freshman,3.7,121,3.52,3.65,Out-of-State,FALSE,0,0,0,1,76800,48180,Employed Full-Time,6.6,IT Analyst,IT Business & Product,Piedmont Energy Partners,Energy & Utilities,Remote - United States,86250,TRUE,Online Application
CID-900809,Computer Science,Bachelor of Science,General,Spring 2026,2026,First-Time Freshman,3.3,120,3.10,2.94,In-State,FALSE,11,1,1,0,34480,15520,Continuing Education,Not Applicable,Not Applicable,Not Applicable,Not Applicable,Not Applicable,Not Applicable,Not Applicable,Not Applicable,Not Applicable
CID-396648,Information Systems,Bachelor of Science,Software Development,Fall 2020,2020,First-Time Freshman,4.0,121,3.36,3.35,In-State,FALSE,15,1,0,2,26410,10210,Employed Full-Time,0.1,Junior Systems Analyst,IT Business & Product,Copper Ridge Data Centers,Cloud & Infrastructure,Northern Virginia,81250,FALSE,Return Offer from Internship
CID-563625,Computer Science,Bachelor of Science,Software Engineering,Spring 2026,2026,First-Time Freshman,3.3,87,2.13,2.12,In-State,FALSE,8,0,0,1,40840,27140,Still Seeking,Not Applicable,Not Applicable,Not Applicable,Not Applicable,Not Applicable,Not Applicable,Not Applicable,Not Applicable,Not Applicable
CID-476126,Computer Science,Bachelor of Science,Cybersecurity,Fall 2020,2020,First-Time Freshman,4.7,120,2.38,2.26,Out-of-State,FALSE,17,1,0,3,85380,76160,Employed Full-Time,7.0,Security Analyst I,Cybersecurity,Blue Heron Technologies,Federal Contracting,"Baltimore, MD",62250,FALSE,Online Application
CID-687091,Computer Science,Bachelor of Science,Artificial Intelligence,Spring 2020,2020,Transfer,2.3,122,3.01,2.94,In-State,FALSE,4,0,2,5,13730,6420,Still Seeking,Not Applicable,Not Applicable,Not Applicable,Not Applicable,Not Applicable,Not Applicable,Not Applicable,Not Applicable,Not Applicable
CID-811702,Information Systems,Bachelor of Science,Business Analytics,Spring 2022,2022,First-Time Freshman,4.0,121,3.70,3.70,In-State,FALSE,2,2,1,4,33120,14350,Employed Full-Time,0.9,Data Analyst,Data & Analytics,Blue Heron Technologies,Federal Contracting,Remote - United States,89750,TRUE,Online Application
CID-610668,Information Systems,Bachelor of Science,General,Fall 2025,2025,Transfer,3.3,121,3.77,3.79,Out-of-State,FALSE,1,1,1,5,38270,8580,Employed Full-Time,1.9,Desktop Support Analyst,IT Support & Operations,Northfield Biosciences,Healthcare & Life Sciences,Northern Virginia,71250,FALSE,Online Application
CID-122338,Computer Science,Master of Science,General,Spring 2021,2021,First-Time Freshman,4.0,122,3.43,3.26,Out-of-State,FALSE,3,2,0,1,48350,22920,Employed Part-Time,0.0,Junior Developer,Software Engineering,Pinnacle Bridge Partners,Consulting & Professional Services,"Baltimore, MD",93500,FALSE,Alumni Network
CID-209899,Information Systems,Bachelor of Science,Business Analytics,Fall 2023,2023,Transfer,3.0,121,2.81,2.94,In-State,FALSE,21,0,0,1,19750,11340,Employed Full-Time,5.3,Business Analyst,IT Business & Product,Catoctin Analytics Group,Federal Contracting,"Washington, DC Metro",64500,FALSE,Personal Network
CID-178677,Information Systems,Bachelor of Science,Software Development,Spring 2025,2025,First-Time Freshman,4.3,121,2.41,2.43,In-State,FALSE,10,2,1,0,32190,24400,Employed Full-Time,0.3,Clinical Systems Analyst,Health IT,Federal Health Data Office,Federal Government,"Washington, DC Metro",58000,FALSE,Return Offer from Internship
CID-188554,Computer Science,Bachelor of Science,General,Summer 2024,2024,First-Time Freshman,8.0,120,3.22,2.97,In-State,FALSE,25,1,0,3,46420,13510,No Response,Not Applicable,Not Applicable,Not Applicable,Not Applicable,Not Applicable,Not Applicable,Not Applicable,Not Applicable,Not Applicable
CID-708443,Computer Science,Bachelor of Science,Data Science,Spring 2023,2023,Transfer,1.0,120,3.45,3.40,In-State,FALSE,0,1,0,0,14080,4120,Employed Full-Time,2.1,IT Support Specialist,IT Support & Operations,Sterling Ridge Consulting,Consulting & Professional Services,Remote - United States,75500,TRUE,Online Application
CID-424352,Computer Science,Bachelor of Science,Data Science,Fall 2017,2017,First-Time Freshman,3.7,120,2.63,2.80,Out-of-State,FALSE,23,1,0,4,45250,12590,Employed Full-Time,2.2,SOC Analyst,Cybersecurity,Vantage Point Applications,Software Products,"Baltimore, MD",82250,FALSE,Online Application
CID-933714,Computer Science,Bachelor of Science,Data Science,Spring 2020,2020,Transfer,2.7,122,2.73,2.73,In-State,FALSE,5,2,2,2,8610,2560,Employed Full-Time,2.6,SOC Analyst,Cybersecurity,Copper Ridge Data Centers,Cloud & Infrastructure,"Washington, DC Metro",101000,FALSE,Online Application
CID-719952,Computer Science,Bachelor of Science,Artificial Intelligence,Fall 2020,2020,First-Time Freshman,3.7,120,3.78,3.70,In-State,FALSE,6,2,2,4,31570,27540,Employed Full-Time,0.0,Systems Administrator,Infrastructure & Cloud,Catoctin Analytics Group,Federal Contracting,"Baltimore, MD",107500,FALSE,Return Offer from Internship
CID-548792,Information Systems,Bachelor of Science,General,Spring 2023,2023,First-Time Freshman,3.7,121,3.21,3.20,In-State,FALSE,12,1,0,1,25650,14020,Employed Full-Time,0.6,SOC Analyst,Cybersecurity,Tidal Power Cooperative,Energy & Utilities,"Baltimore, MD",83750,FALSE,Recruiter Outreach
CID-140324,Computer Science,Bachelor of Science,Cybersecurity,Spring 2025,2025,Transfer,3.3,122,2.61,2.54,In-State,FALSE,5,1,0,2,22260,12680,No Response,Not Applicable,Not Applicable,Not Applicable,Not Applicable,Not Applicable,Not Applicable,Not Applicable,Not Applicable,Not Applicable
CID-416579,Computer Science,Bachelor of Science,General,Fall 2024,2024,First-Time Freshman,3.7,120,3.03,2.93,In-State,FALSE,3,1,1,1,36280,9320,Employed Full-Time,0.2,Software Engineer I,Software Engineering,Marketside Digital,E-Commerce & Retail Tech,"Baltimore, MD",92750,FALSE,Return Offer from Internship
CID-267034,Information Systems,Bachelor of Science,Cybersecurity Management,Spring 2020,2020,First-Time Freshman,7.7,121,3.04,3.05,In-State,FALSE,24,3,0,0,38780,37980,Employed Full-Time,3.3,Junior Security Engineer,Cybersecurity,Patapsco Aerospace,Defense & Aerospace,Northern Virginia,96500,FALSE,Online Application
CID-636687,Computer Science,Bachelor of Science,General,Spring 2023,2023,First-Time Freshman,4.0,120,2.02,2.17,In-State,FALSE,8,1,0,1,28650,24320,Still Seeking,Not Applicable,Not Applicable,Not Applicable,Not Applicable,Not Applicable,Not Applicable,Not Applicable,Not Applicable,Not Applicable
CID-404053,Information Systems,Bachelor of Science,Software Development,Spring 2015,2015,First-Time Freshman,4.0,121,3.16,3.10,Out-of-State,FALSE,8,2,0,0,68170,14150,Employed Full-Time,0.0,Junior Systems Analyst,IT Business & Product,Chesapeake Defense Systems,Defense & Aerospace,"Washington, DC Metro",80500,FALSE,Alumni Network
CID-783442,Computer Science,Bachelor of Science,Data Science,Fall 2016,2016,First-Time Freshman,3.7,120,3.11,2.96,In-State,FALSE,5,1,1,4,40020,40020,Continuing Education,Not Applicable,Not Applicable,Not Applicable,Not Applicable,Not Applicable,Not Applicable,Not Applicable,Not Applicable,Not Applicable
CID-668870,Computer Science,Bachelor of Science,General,Fall 2017,2017,First-Time Freshman,4.3,120,2.98,3.02,In-State,FALSE,8,1,0,1,43980,10550,Employed Part-Time,0.5,Machine Learning Engineer I,Machine Learning & AI,Shoreline Retail Group,E-Commerce & Retail Tech,"Chicago, IL",74750,FALSE,Return Offer from Internship
CID-708321,Computer Science,Bachelor of Science,Software Engineering,Spring 2024,2024,First-Time Freshman,3.3,120,3.27,3.23,In-State,FALSE,0,2,0,5,42710,5710,Employed Full-Time,0.3,Junior Systems Analyst,IT Business & Product,Maryland Department of IT,Federal Government,"Washington, DC Metro",80500,FALSE,Return Offer from Internship
CID-297484,Computer Science,Bachelor of Science,Cybersecurity,Spring 2026,2026,First-Time Freshman,7.7,122,2.55,2.42,In-State,FALSE,25,1,0,2,41060,31970,Still Seeking,Not Applicable,Not Applicable,Not Applicable,Not Applicable,Not Applicable,Not Applicable,Not Applicable,Not Applicable,Not Applicable
CID-166720,Information Systems,Bachelor of Science,Business Analytics,Spring 2024,2024,First-Time Freshman,4.0,121,3.48,3.40,Out-of-State,FALSE,4,2,0,0,63230,30010,Still Seeking,Not Applicable,Not Applicable,Not Applicable,Not Applicable,Not Applicable,Not Applicable,Not Applicable,Not Applicable,Not Applicable
CID-624724,Computer Science,Bachelor of Science,Artificial Intelligence,Spring 2025,2025,First-Time Freshman,4.0,120,2.93,2.95,In-State,FALSE,8,2,0,1,41350,33340,Employed Full-Time,1.8,Machine Learning Engineer I,Machine Learning & AI,Clearfield Assurance,Cybersecurity Services,"Washington, DC Metro",93250,FALSE,Personal Network
CID-138906,Information Systems,Bachelor of Science,Software Development,Fall 2015,2015,First-Time Freshman,4.3,121,3.47,3.70,In-State,FALSE,1,3,0,3,37170,26560,Employed Full-Time,0.4,Junior DevOps Engineer,Infrastructure & Cloud,Chesapeake Defense Systems,Defense & Aerospace,"Washington, DC Metro",94000,FALSE,Return Offer from Internship
CID-944520,Computer Science,Master of Science,General,Fall 2020,2020,Transfer,3.7,123,2.65,2.59,In-State,TRUE,11,0,1,5,19160,11280,Employed Full-Time,4.9,Junior DevOps Engineer,Infrastructure & Cloud,Patapsco Aerospace,Defense & Aerospace,Northern Virginia,71000,FALSE,Faculty or Staff Referral
CID-825063,Computer Science,Bachelor of Science,Software Engineering,Spring 2024,2024,First-Time Freshman,5.0,123,2.48,2.53,In-State,FALSE,0,1,0,1,34070,11390,No Response,Not Applicable,Not Applicable,Not Applicable,Not Applicable,Not Applicable,Not Applicable,Not Applicable,Not Applicable,Not Applicable
CID-289717,Computer Science,Bachelor of Science,General,Spring 2022,2022,Transfer,2.7,121,3.08,3.02,In-State,FALSE,2,1,1,4,15450,11860,Continuing Education,Not Applicable,Not Applicable,Not Applicable,Not Applicable,Not Applicable,Not Applicable,Not Applicable,Not Applicable,Not Applicable
CID-519156,Computer Science,Bachelor of Science,General,Fall 2023,2023,First-Time Freshman,4.3,122,3.28,3.30,Out-of-State,FALSE,12,2,3,1,71350,29230,Employed Full-Time,2.2,Associate Software Engineer,Software Engineering,Pinnacle Bridge Partners,Consulting & Professional Services,"Washington, DC Metro",102000,FALSE,Personal Network
CID-996061,Computer Science,Bachelor of Science,Software Engineering,Spring 2026,2026,First-Time Freshman,4.0,122,2.94,3.05,In-State,FALSE,12,2,0,4,38170,26310,Employed Full-Time,0.4,Junior Data Analyst,Data & Analytics,Catoctin Analytics Group,Federal Contracting,"Washington, DC Metro",93750,FALSE,Return Offer from Internship
CID-164085,Computer Science,Bachelor of Science,General,Fall 2023,2023,First-Time Freshman,3.7,120,3.37,3.23,In-State,FALSE,0,2,1,1,36820,18520,No Response,Not Applicable,Not Applicable,Not Applicable,Not Applicable,Not Applicable,Not Applicable,Not Applicable,Not Applicable,Not Applicable
CID-601788,Information Systems,Master of Science,Business Analytics,Spring 2018,2018,Transfer,2.7,121,3.81,3.83,In-State,FALSE,5,1,0,3,10640,4870,Continuing Education,Not Applicable,Not Applicable,Not Applicable,Not Applicable,Not Applicable,Not Applicable,Not Applicable,Not Applicable,Not Applicable
CID-487664,Computer Science,Bachelor of Science,Cybersecurity,Spring 2026,2026,Transfer,2.3,118,2.19,2.18,In-State,FALSE,19,0,0,2,14550,7800,Employed Full-Time,4.1,Systems Administrator,Infrastructure & Cloud,Potomac Mission Solutions,Federal Contracting,"Columbia/Howard County, MD",73500,FALSE,Online Application
CID-171884,Information Systems,Bachelor of Science,Software Development,Spring 2024,2024,Transfer,3.0,120,2.07,1.94,In-State,FALSE,7,2,0,1,20900,13830,Employed Full-Time,4.2,IT Analyst,IT Business & Product,Office of Technology Policy,Federal Government,Northern Virginia,56000,TRUE,Recruiter Outreach
CID-211233,Computer Science,Bachelor of Science,Software Engineering,Spring 2024,2024,First-Time Freshman,4.3,120,2.99,2.93,In-State,FALSE,18,2,1,2,37940,33210,Employed Full-Time,0.3,Business Intelligence Analyst,Data & Analytics,Tidewater Defense Group,Defense & Aerospace,"Baltimore, MD",94000,FALSE,Return Offer from Internship
CID-964197,Computer Science,Master of Science,Software Engineering,Spring 2023,2023,Transfer,1.7,122,3.11,3.20,In-State,TRUE,8,0,0,2,7980,5620,Employed Full-Time,3.6,Business Analyst,IT Business & Product,Antietam Systems Integration,Federal Contracting,Remote - United States,80000,TRUE,Career Fair
CID-968657,Computer Science,Bachelor of Science,Software Engineering,Fall 2023,2023,First-Time Freshman,4.3,120,2.99,3.17,In-State,FALSE,10,3,3,2,43850,33630,Employed Full-Time,2.1,Associate Software Engineer,Software Engineering,Beacon Telecom Services,Telecommunications,"Baltimore, MD",80250,FALSE,Online Application
CID-985994,Information Systems,Bachelor of Science,General,Fall 2020,2020,First-Time Freshman,4.0,121,2.83,2.75,Out-of-State,FALSE,8,1,0,4,67870,33470,No Response,Not Applicable,Not Applicable,Not Applicable,Not Applicable,Not Applicable,Not Applicable,Not Applicable,Not Applicable,Not Applicable
CID-315075,Information Systems,Bachelor of Science,Business Analytics,Spring 2016,2016,First-Time Freshman,3.7,121,3.70,3.50,In-State,FALSE,11,2,1,5,22110,6040,Employed Full-Time,0.2,Junior Developer,Software Engineering,Beacon Telecom Services,Telecommunications,Northern Virginia,82250,FALSE,Return Offer from Internship
CID-331592,Computer Science,Bachelor of Science,Software Engineering,Fall 2016,2016,First-Time Freshman,4.3,122,3.32,3.30,In-State,FALSE,9,2,1,3,40340,7910,Employed Full-Time,1.7,Associate Software Engineer,Software Engineering,Severn River Consulting,Federal Contracting,"Columbia/Howard County, MD",72500,FALSE,Online Application
CID-451920,Information Systems,Bachelor of Science,Business Analytics,Spring 2025,2025,First-Time Freshman,4.0,121,3.28,3.20,In-State,FALSE,21,0,0,2,28590,6690,Employed Full-Time,3.2,Business Intelligence Analyst,Data & Analytics,Falconview Systems,Software Products,"Baltimore, MD",72250,FALSE,Recruiter Outreach
CID-965133,Information Systems,Bachelor of Science,Business Analytics,Fall 2023,2023,First-Time Freshman,4.0,121,3.01,2.90,Out-of-State,FALSE,17,2,2,3,94030,60080,Employed Full-Time,1.5,EHR Support Analyst,Health IT,Office of Technology Policy,Federal Government,"Baltimore, MD",71000,FALSE,Alumni Network
CID-463705,Computer Science,Bachelor of Science,Software Engineering,Spring 2023,2023,First-Time Freshman,4.7,122,2.75,2.75,In-State,FALSE,0,0,1,1,47460,9790,Employed Full-Time,3.7,Systems Administrator,Infrastructure & Cloud,Keystone Federal Services,Federal Contracting,Northern Virginia,73500,FALSE,Student Organization Connection
CID-101252,Computer Science,Bachelor of Science,General,Spring 2022,2022,First-Time Freshman,8.7,121,2.15,2.32,In-State,FALSE,18,2,0,2,58700,34060,No Response,Not Applicable,Not Applicable,Not Applicable,Not Applicable,Not Applicable,Not Applicable,Not Applicable,Not Applicable,Not Applicable
CID-191800,Computer Science,Bachelor of Science,Data Science,Fall 2019,2019,Transfer,2.7,120,3.00,3.13,In-State,FALSE,10,2,0,1,9280,5990,Employed Full-Time,0.1,Cloud Support Engineer,Infrastructure & Cloud,Fidelis Capital Partners,Financial Services,"Baltimore, MD",89500,FALSE,Return Offer from Internship
CID-153483,Computer Science,Bachelor of Science,General,Spring 2015,2015,Transfer,1.3,126,3.11,3.24,In-State,FALSE,9,0,0,0,9690,9690,Employed Full-Time,4.8,IT Support Specialist,IT Support & Operations,Tidal Power Cooperative,Energy & Utilities,"Baltimore, MD",53750,FALSE,Online Application
CID-457372,Computer Science,Bachelor of Science,Cybersecurity,Fall 2021,2021,Transfer,4.7,121,3.01,3.09,In-State,FALSE,12,2,1,2,16270,5620,Employed Full-Time,0.4,Business Analyst,IT Business & Product,Vantage Point Applications,Software Products,Remote - United States,87000,TRUE,Return Offer from Internship
CID-118730,Computer Science,Bachelor of Science,Cybersecurity,Fall 2016,2016,First-Time Freshman,3.7,121,2.60,2.55,In-State,FALSE,4,1,0,0,35190,13970,Employed Full-Time,3.8,Junior Security Engineer,Cybersecurity,Catoctin Analytics Group,Federal Contracting,"Baltimore, MD",75750,FALSE,Online Application
CID-414198,Information Systems,Bachelor of Science,Health Information Technology,Spring 2016,2016,First-Time Freshman,4.3,121,2.79,2.80,In-State,FALSE,18,1,1,2,39200,21380,Employed Full-Time,2.5,Clinical Systems Analyst,Health IT,Bayview Medical Informatics,Healthcare & Life Sciences,"Washington, DC Metro",54250,FALSE,Online Application
CID-574500,Computer Science,Bachelor of Science,Cybersecurity,Fall 2019,2019,Transfer,2.3,121,3.10,3.16,In-State,FALSE,8,1,2,2,10040,5850,No Response,Not Applicable,Not Applicable,Not Applicable,Not Applicable,Not Applicable,Not Applicable,Not Applicable,Not Applicable,Not Applicable
CID-946836,Computer Science,Bachelor of Science,Data Science,Fall 2023,2023,First-Time Freshman,4.0,122,3.04,2.92,In-State,FALSE,4,1,0,0,42760,7280,No Response,Not Applicable,Not Applicable,Not Applicable,Not Applicable,Not Applicable,Not Applicable,Not Applicable,Not Applicable,Not Applicable
CID-104491,Information Systems,Bachelor of Science,General,Spring 2018,2018,Transfer,2.3,122,2.88,2.94,In-State,FALSE,8,1,0,3,10670,10310,Employed Full-Time,3.7,Junior Systems Analyst,IT Business & Product,Anvil Compute,Cloud & Infrastructure,Other - United States,77750,FALSE,Personal Network
CID-144167,Information Systems,Bachelor of Science,General,Fall 2018,2018,First-Time Freshman,5.3,121,2.36,2.25,In-State,FALSE,0,2,1,0,31910,6540,Employed Full-Time,0.1,Junior Data Analyst,Data & Analytics,Patapsco Aerospace,Defense & Aerospace,"Baltimore, MD",73000,FALSE,Return Offer from Internship
CID-380591,Computer Science,Bachelor of Science,Data Science,Spring 2018,2018,First-Time Freshman,4.0,123,3.58,3.46,In-State,FALSE,9,3,1,2,33100,20320,Employed Full-Time,0.0,Security Analyst I,Cybersecurity,Meridian National Systems,Federal Contracting,Northern Virginia,104000,FALSE,Career Fair
CID-587260,Information Systems,Bachelor of Science,General,Fall 2016,2016,Transfer,1.7,122,3.05,3.06,In-State,FALSE,16,0,3,1,8660,2490,Employed Full-Time,2.4,Systems Administrator,Infrastructure & Cloud,Calvert Advisory Group,Consulting & Professional Services,"Washington, DC Metro",60250,FALSE,Faculty or Staff Referral
CID-811534,Computer Science,Bachelor of Science,Cybersecurity,Fall 2017,2017,First-Time Freshman,5.0,122,2.69,2.65,Out-of-State,FALSE,11,2,2,1,79510,31530,Employed Full-Time,0.0,Software Engineer I,Software Engineering,Office of Technology Policy,Federal Government,"Columbia/Howard County, MD",69000,FALSE,Return Offer from Internship
CID-602924,Computer Science,Master of Science,Data Science,Spring 2023,2023,Transfer,2.0,120,3.21,3.24,In-State,FALSE,16,0,1,0,9240,4390,No Response,Not Applicable,Not Applicable,Not Applicable,Not Applicable,Not Applicable,Not Applicable,Not Applicable,Not Applicable,Not Applicable
CID-926362,Information Systems,Bachelor of Science,Software Development,Spring 2021,2021,First-Time Freshman,4.3,121,2.28,2.20,Out-of-State,FALSE,10,1,3,0,71400,30690,Employed Full-Time,0.3,Junior Systems Analyst,IT Business & Product,Harbor Mutual Insurance,Insurance,"Baltimore, MD",65750,FALSE,Return Offer from Internship
CID-511397,Computer Science,Bachelor of Science,Data Science,Fall 2024,2024,Transfer,3.7,122,2.45,2.51,In-State,FALSE,6,1,0,0,17100,11570,No Response,Not Applicable,Not Applicable,Not Applicable,Not Applicable,Not Applicable,Not Applicable,Not Applicable,Not Applicable,Not Applicable
CID-165345,Information Systems,Bachelor of Science,Business Analytics,Spring 2017,2017,First-Time Freshman,3.3,121,2.95,3.10,In-State,FALSE,7,0,0,1,48410,24800,Employed Full-Time,5.1,SOC Analyst,Cybersecurity,Tidewater Defense Group,Defense & Aerospace,Northern Virginia,69000,FALSE,Faculty or Staff Referral
CID-196917,Information Systems,Bachelor of Science,General,Spring 2017,2017,First-Time Freshman,3.7,121,3.15,3.00,In-State,FALSE,3,0,0,4,34640,21310,Employed Full-Time,3.6,IT Analyst,IT Business & Product,Maryland Department of IT,Federal Government,Northern Virginia,46500,FALSE,Personal Network
CID-837569,Computer Science,Bachelor of Science,General,Spring 2019,2019,First-Time Freshman,4.0,121,3.10,3.24,Out-of-State,FALSE,4,2,0,3,77550,920,Employed Full-Time,1.5,Junior Security Engineer,Cybersecurity,Northfield Biosciences,Healthcare & Life Sciences,Remote - United States,96000,TRUE,Recruiter Outreach
CID-244385,Information Systems,Bachelor of Science,Software Development,Spring 2024,2024,First-Time Freshman,4.0,121,3.72,3.65,Out-of-State,FALSE,13,1,2,4,27560,12490,Continuing Education,Not Applicable,Not Applicable,Not Applicable,Not Applicable,Not Applicable,Not Applicable,Not Applicable,Not Applicable,Not Applicable
CID-845818,Information Systems,Bachelor of Science,General,Spring 2016,2016,First-Time Freshman,4.0,121,2.82,2.75,In-State,FALSE,13,0,0,3,31970,11670,Continuing Education,Not Applicable,Not Applicable,Not Applicable,Not Applicable,Not Applicable,Not Applicable,Not Applicable,Not Applicable,Not Applicable
CID-711006,Information Systems,Bachelor of Science,Business Analytics,Spring 2026,2026,First-Time Freshman,4.7,118,2.56,2.53,In-State,FALSE,21,3,1,3,42070,19570,Employed Full-Time,0.4,Business Analyst,IT Business & Product,National Data Services Agency,Federal Government,"Washington, DC Metro",87250,FALSE,Personal Network
CID-608964,Information Systems,Bachelor of Science,Business Analytics,Spring 2026,2026,Transfer,2.7,121,3.29,3.22,Out-of-State,FALSE,15,0,0,3,19560,11860,Employed Full-Time,2.7,Business Intelligence Analyst,Data & Analytics,Keystone Federal Services,Federal Contracting,"Baltimore, MD",73000,FALSE,Student Organization Connection
CID-726383,Information Systems,Bachelor of Science,Business Analytics,Spring 2020,2020,First-Time Freshman,4.3,121,2.30,2.20,In-State,FALSE,5,2,0,5,35200,16510,No Response,Not Applicable,Not Applicable,Not Applicable,Not Applicable,Not Applicable,Not Applicable,Not Applicable,Not Applicable,Not Applicable
CID-174802,Computer Science,Bachelor of Science,Data Science,Spring 2026,2026,Transfer,2.3,111,3.32,3.44,In-State,FALSE,22,1,0,1,20840,11350,No Response,Not Applicable,Not Applicable,Not Applicable,Not Applicable,Not Applicable,Not Applicable,Not Applicable,Not Applicable,Not Applicable
CID-276635,Computer Science,Bachelor of Science,Artificial Intelligence,Fall 2015,2015,First-Time Freshman,3.0,120,3.49,3.37,Out-of-State,FALSE,23,1,0,2,12920,6540,Employed Full-Time,0.0,Junior Data Analyst,Data & Analytics,Anvil Compute,Cloud & Infrastructure,"Washington, DC Metro",81500,FALSE,Online Application
CID-867262,Computer Science,Bachelor of Science,Cybersecurity,Fall 2020,2020,Transfer,5.0,122,2.75,2.87,In-State,FALSE,35,0,0,0,22220,9730,Employed Full-Time,8.8,Cloud Support Engineer,Infrastructure & Cloud,Beacon Telecom Services,Telecommunications,"Austin, TX",59500,TRUE,Career Fair
CID-771079,Computer Science,Bachelor of Science,General,Spring 2023,2023,First-Time Freshman,4.3,121,2.17,2.09,In-State,FALSE,12,1,0,1,35880,22240,Employed Full-Time,0.1,Junior Developer,Software Engineering,Bastion Threat Labs,Cybersecurity Services,Northern Virginia,71250,FALSE,Return Offer from Internship
CID-111927,Information Systems,Bachelor of Science,General,Spring 2017,2017,First-Time Freshman,3.3,121,3.63,3.67,Out-of-State,FALSE,3,2,0,1,77520,10440,Employed Full-Time,0.0,IT Support Specialist,IT Support & Operations,Northfield Biosciences,Healthcare & Life Sciences,"Baltimore, MD",59250,FALSE,Online Application
CID-492270,Information Systems,Bachelor of Science,Cybersecurity Management,Spring 2025,2025,Transfer,1.3,120,3.74,3.69,In-State,FALSE,1,0,0,1,9600,3950,Employed Full-Time,4.7,IT Analyst,IT Business & Product,Shoreline Retail Group,E-Commerce & Retail Tech,"Columbia/Howard County, MD",79000,FALSE,Personal Network
CID-178808,Computer Science,Bachelor of Science,Data Science,Fall 2015,2015,First-Time Freshman,3.7,120,2.80,2.46,In-State,FALSE,13,0,0,1,24790,15550,Continuing Education,Not Applicable,Not Applicable,Not Applicable,Not Applicable,Not Applicable,Not Applicable,Not Applicable,Not Applicable,Not Applicable
CID-110682,Information Systems,Bachelor of Science,General,Spring 2024,2024,First-Time Freshman,5.0,121,2.68,2.75,In-State,FALSE,9,1,0,1,40230,18290,Employed Full-Time,3.6,IT Analyst,IT Business & Product,Cartway Commerce,E-Commerce & Retail Tech,Remote - United States,84000,TRUE,Online Application
CID-282008,Computer Science,Bachelor of Science,Software Engineering,Spring 2017,2017,First-Time Freshman,3.3,120,2.67,2.93,Out-of-State,FALSE,15,1,0,2,60280,8140,Employed Full-Time,4.8,Junior DevOps Engineer,Infrastructure & Cloud,Fidelis Capital Partners,Financial Services,Northern Virginia,93750,FALSE,Faculty or Staff Referral
CID-735429,Information Systems,Bachelor of Science,Business Analytics,Fall 2015,2015,Transfer,3.3,122,3.60,3.67,In-State,FALSE,17,0,1,1,5260,3800,Employed Full-Time,3.7,Business Intelligence Analyst,Data & Analytics,Lumen Grid Software,Software Products,"Baltimore, MD",63750,FALSE,Career Fair
CID-903988,Information Systems,Bachelor of Science,Business Analytics,Spring 2026,2026,First-Time Freshman,9.0,121,2.26,2.10,In-State,FALSE,27,0,0,1,47000,35730,Employed Full-Time,3.6,SOC Analyst,Cybersecurity,Harbor Mutual Insurance,Insurance,"Washington, DC Metro",86250,FALSE,Online Application
CID-134548,Computer Science,Bachelor of Science,Data Science,Spring 2020,2020,First-Time Freshman,3.7,120,2.90,2.72,In-State,FALSE,11,1,1,2,31300,15520,Continuing Education,Not Applicable,Not Applicable,Not Applicable,Not Applicable,Not Applicable,Not Applicable,Not Applicable,Not Applicable,Not Applicable
CID-234867,Computer Science,Bachelor of Science,Cybersecurity,Fall 2025,2025,Transfer,2.7,120,2.89,2.80,In-State,FALSE,5,1,1,2,19190,9040,Employed Full-Time,1.5,Software Engineer I,Software Engineering,Catoctin Analytics Group,Federal Contracting,"Baltimore, MD",81750,FALSE,Personal Network
CID-636072,Information Systems,Bachelor of Science,Cybersecurity Management,Fall 2022,2022,First-Time Freshman,4.0,121,2.93,3.00,In-State,FALSE,11,2,0,0,44810,22170,Employed Full-Time,0.6,Business Analyst,IT Business & Product,Civic Code Alliance,Nonprofit & Civic Tech,"Baltimore, MD",62250,TRUE,Return Offer from Internship
CID-447065,Computer Science,Bachelor of Science,Cybersecurity,Fall 2023,2023,Transfer,1.7,124,2.48,2.39,In-State,FALSE,5,0,0,1,12070,4030,Employed Full-Time,7.7,Junior DevOps Engineer,Infrastructure & Cloud,Chesapeake Defense Systems,Defense & Aerospace,Northern Virginia,86250,TRUE,Online Application
CID-515254,Information Systems,Bachelor of Science,General,Spring 2021,2021,First-Time Freshman,3.7,121,2.64,2.70,In-State,FALSE,5,1,2,0,38890,17320,Employed Full-Time,1.0,Business Intelligence Analyst,Data & Analytics,Cartway Commerce,E-Commerce & Retail Tech,"Atlanta, GA",78000,TRUE,Student Organization Connection
CID-371597,Information Systems,Bachelor of Science,Health Information Technology,Spring 2015,2015,First-Time Freshman,4.0,121,2.92,2.75,In-State,FALSE,6,2,0,0,33310,5370,Employed Full-Time,2.7,Junior Systems Analyst,IT Business & Product,Potomac Mission Solutions,Federal Contracting,"Baltimore, MD",71750,FALSE,Online Application
CID-613176,Information Systems,Bachelor of Science,Cybersecurity Management,Spring 2026,2026,First-Time Freshman,3.7,118,3.11,3.26,In-State,FALSE,8,2,2,3,44510,4870,Employed Full-Time,0.0,IT Analyst,IT Business & Product,Potomac Mission Solutions,Federal Contracting,"Washington, DC Metro",81250,FALSE,Online Application
CID-780588,Computer Science,Bachelor of Science,Data Science,Fall 2020,2020,Transfer,2.0,120,3.68,3.66,In-State,FALSE,8,1,3,3,9620,6010,Military,Not Applicable,Not Applicable,Not Applicable,Not Applicable,Not Applicable,Not Applicable,Not Applicable,Not Applicable,Not Applicable
CID-397632,Computer Science,Master of Science,Cybersecurity,Fall 2016,2016,First-Time Freshman,8.0,123,2.96,2.73,In-State,TRUE,37,1,0,1,34510,24050,Employed Full-Time,0.4,Machine Learning Engineer I,Machine Learning & AI,Antietam Systems Integration,Federal Contracting,"Washington, DC Metro",83750,FALSE,Recruiter Outreach
CID-288006,Information Systems,Bachelor of Science,Health Information Technology,Spring 2015,2015,First-Time Freshman,4.0,121,3.16,3.05,Out-of-State,FALSE,5,1,2,0,45060,5710,Employed Full-Time,2.0,Health Data Analyst,Health IT,Clarion Clinical Data,Healthcare & Life Sciences,"Atlanta, GA",75000,FALSE,Student Organization Connection
CID-663112,Computer Science,Bachelor of Science,Cybersecurity,Spring 2017,2017,Transfer,3.7,130,1.77,1.87,In-State,FALSE,3,2,0,1,15650,9660,Employed Full-Time,0.0,Associate Software Engineer,Software Engineering,Beacon Telecom Services,Telecommunications,"Washington, DC Metro",48250,FALSE,Recruiter Outreach
CID-970224,Computer Science,Bachelor of Science,General,Spring 2023,2023,First-Time Freshman,3.3,120,3.48,3.39,Out-of-State,FALSE,12,1,0,2,54600,32890,Employed Full-Time,0.2,EHR Support Analyst,Health IT,Potomac Mission Solutions,Federal Contracting,Remote - United States,101000,TRUE,Return Offer from Internship
CID-932716,Information Systems,Master of Science,General,Fall 2018,2018,Transfer,3.0,122,2.92,3.00,In-State,TRUE,11,1,0,3,16880,10590,Employed Full-Time,0.0,Machine Learning Engineer I,Machine Learning & AI,Meridian National Systems,Federal Contracting,"Columbia/Howard County, MD",78500,FALSE,Online Application
CID-248145,Information Systems,Bachelor of Science,Software Development,Spring 2025,2025,First-Time Freshman,4.3,121,3.28,3.25,Out-of-State,FALSE,11,2,0,7,65160,26060,Employed Full-Time,1.7,IT Analyst,IT Business & Product,Brightline Software Group,Software Products,Remote - United States,86000,TRUE,Career Fair
CID-411695,Information Systems,Master of Science,Cybersecurity Management,Fall 2022,2022,Transfer,2.3,121,3.05,3.12,In-State,FALSE,5,1,2,6,8950,0,Continuing Education,Not Applicable,Not Applicable,Not Applicable,Not Applicable,Not Applicable,Not Applicable,Not Applicable,Not Applicable,Not Applicable
CID-766405,Computer Science,Bachelor of Science,General,Spring 2018,2018,First-Time Freshman,4.3,123,2.76,2.85,In-State,FALSE,17,1,0,1,32540,10930,Employed Full-Time,0.3,Junior DevOps Engineer,Infrastructure & Cloud,Wayfinder Technology Advisors,Consulting & Professional Services,"Columbia/Howard County, MD",80750,FALSE,Return Offer from Internship
CID-203599,Information Systems,Master of Science,General,Fall 2018,2018,First-Time Freshman,3.7,121,3.62,3.60,In-State,TRUE,12,1,0,1,29630,4950,No Response,Not Applicable,Not Applicable,Not Applicable,Not Applicable,Not Applicable,Not Applicable,Not Applicable,Not Applicable,Not Applicable
CID-677568,Information Systems,Bachelor of Science,Cybersecurity Management,Spring 2023,2023,First-Time Freshman,4.3,121,3.65,3.45,In-State,FALSE,11,0,2,2,35420,25500,No Response,Not Applicable,Not Applicable,Not Applicable,Not Applicable,Not Applicable,Not Applicable,Not Applicable,Not Applicable,Not Applicable
CID-680057,Computer Science,Bachelor of Science,Cybersecurity,Fall 2017,2017,First-Time Freshman,4.3,120,2.73,2.63,In-State,FALSE,11,0,0,1,24030,15580,Employed Full-Time,1.1,Associate Software Engineer,Software Engineering,Quarry Road Software,Software Products,"Columbia/Howard County, MD",59750,FALSE,Online Application
CID-576754,Computer Science,Bachelor of Science,Data Science,Fall 2025,2025,First-Time Freshman,4.0,120,3.24,3.15,In-State,FALSE,16,1,0,5,36060,32780,Continuing Education,Not Applicable,Not Applicable,Not Applicable,Not Applicable,Not Applicable,Not Applicable,Not Applicable,Not Applicable,Not Applicable
CID-158191,Computer Science,Bachelor of Science,Software Engineering,Fall 2025,2025,First-Time Freshman,7.3,122,2.75,2.77,In-State,FALSE,19,2,3,3,60470,45540,Employed Full-Time,0.2,Clinical Systems Analyst,Health IT,Greenspring Health Systems,Healthcare & Life Sciences,"Baltimore, MD",78000,FALSE,Return Offer from Internship
CID-549590,Information Systems,Bachelor of Science,Health Information Technology,Fall 2021,2021,Transfer,3.3,122,3.31,3.11,In-State,FALSE,9,1,1,6,9080,3310,Employed Full-Time,0.9,Junior Developer,Software Engineering,Chesapeake Defense Systems,Defense & Aerospace,"Boston, MA",78000,FALSE,Career Fair
CID-633860,Computer Science,Bachelor of Science,General,Summer 2023,2023,First-Time Freshman,4.0,122,3.22,3.21,In-State,FALSE,16,2,0,2,32150,8030,Still Seeking,Not Applicable,Not Applicable,Not Applicable,Not Applicable,Not Applicable,Not Applicable,Not Applicable,Not Applicable,Not Applicable
CID-723726,Computer Science,Bachelor of Science,Data Science,Fall 2017,2017,Transfer,2.3,121,3.37,3.38,In-State,FALSE,9,0,0,2,9400,4050,Continuing Education,Not Applicable,Not Applicable,Not Applicable,Not Applicable,Not Applicable,Not Applicable,Not Applicable,Not Applicable,Not Applicable
CID-547367,Computer Science,Bachelor of Science,Data Science,Fall 2018,2018,Transfer,1.7,126,2.84,2.71,In-State,FALSE,16,1,0,5,8520,0,No Response,Not Applicable,Not Applicable,Not Applicable,Not Applicable,Not Applicable,Not Applicable,Not Applicable,Not Applicable,Not Applicable
CID-793183,Computer Science,Bachelor of Science,General,Spring 2025,2025,Transfer,2.7,120,2.76,2.64,In-State,FALSE,11,2,0,4,15990,14710,No Response,Not Applicable,Not Applicable,Not Applicable,Not Applicable,Not Applicable,Not Applicable,Not Applicable,Not Applicable,Not Applicable
CID-402633,Computer Science,Bachelor of Science,Data Science,Spring 2020,2020,First-Time Freshman,6.0,120,3.06,3.23,Out-of-State,FALSE,19,1,0,3,78070,47210,Employed Part-Time,5.9,Junior Developer,Software Engineering,Tidewater Defense Group,Defense & Aerospace,Northern Virginia,83250,FALSE,Online Application
CID-343811,Information Systems,Bachelor of Science,Cybersecurity Management,Fall 2025,2025,Transfer,2.7,121,2.35,2.35,In-State,FALSE,19,0,0,1,17080,8840,No Response,Not Applicable,Not Applicable,Not Applicable,Not Applicable,Not Applicable,Not Applicable,Not Applicable,Not Applicable,Not Applicable
CID-619465,Computer Science,Bachelor of Science,General,Spring 2016,2016,First-Time Freshman,3.7,120,3.29,3.35,In-State,FALSE,11,3,0,2,35740,22940,No Response,Not Applicable,Not Applicable,Not Applicable,Not Applicable,Not Applicable,Not Applicable,Not Applicable,Not Applicable,Not Applicable
CID-302941,Computer Science,Bachelor of Science,Software Engineering,Fall 2025,2025,First-Time Freshman,4.0,120,3.51,3.43,Out-of-State,FALSE,8,2,2,2,71180,53340,Employed Full-Time,1.1,Help Desk Technician,IT Support & Operations,National Data Services Agency,Federal Government,"Baltimore, MD",83000,FALSE,Faculty or Staff Referral
CID-420968,Computer Science,Bachelor of Science,Data Science,Spring 2019,2019,First-Time Freshman,4.0,120,3.39,3.48,Out-of-State,FALSE,2,1,2,4,73020,47750,Employed Full-Time,1.1,Junior Data Analyst,Data & Analytics,Chesapeake Community College,Higher Education,"Washington, DC Metro",51500,FALSE,Online Application
CID-392977,Computer Science,Bachelor of Science,Cybersecurity,Spring 2023,2023,First-Time Freshman,3.7,120,3.66,3.68,In-State,FALSE,5,0,0,1,33230,14250,Continuing Education,Not Applicable,Not Applicable,Not Applicable,Not Applicable,Not Applicable,Not Applicable,Not Applicable,Not Applicable,Not Applicable
CID-469570,Information Systems,Bachelor of Science,Business Analytics,Spring 2026,2026,First-Time Freshman,3.7,121,3.00,3.00,Out-of-State,FALSE,11,3,2,2,88210,67840,Employed Full-Time,0.5,Business Intelligence Analyst,Data & Analytics,Vantage Point Applications,Software Products,San Francisco Bay Area,114500,FALSE,Return Offer from Internship
CID-888204,Computer Science,Bachelor of Science,Software Engineering,Spring 2024,2024,First-Time Freshman,3.3,120,3.38,3.30,In-State,FALSE,16,0,1,2,42480,27670,Continuing Education,Not Applicable,Not Applicable,Not Applicable,Not Applicable,Not Applicable,Not Applicable,Not Applicable,Not Applicable,Not Applicable
CID-573287,Information Systems,Bachelor of Science,Cybersecurity Management,Fall 2020,2020,Transfer,4.0,122,2.48,2.44,In-State,FALSE,18,0,0,0,12780,7110,Still Seeking,Not Applicable,Not Applicable,Not Applicable,Not Applicable,Not Applicable,Not Applicable,Not Applicable,Not Applicable,Not Applicable
CID-142218,Computer Science,Bachelor of Science,Cybersecurity,Spring 2024,2024,First-Time Freshman,4.3,120,2.26,2.23,In-State,FALSE,14,0,0,1,44240,22520,Employed Full-Time,4.7,Associate Software Engineer,Software Engineering,Patapsco Aerospace,Defense & Aerospace,"Baltimore, MD",71750,FALSE,Online Application
CID-717754,Computer Science,Bachelor of Science,Software Engineering,Fall 2019,2019,First-Time Freshman,4.7,122,2.34,2.26,In-State,FALSE,10,2,0,2,37520,18300,Employed Full-Time,0.6,Cloud Support Engineer,Infrastructure & Cloud,Meridian National Systems,Federal Contracting,"Washington, DC Metro",86000,FALSE,Return Offer from Internship
CID-737974,Computer Science,Bachelor of Science,Software Engineering,Spring 2018,2018,First-Time Freshman,4.3,122,2.85,2.92,In-State,FALSE,14,1,0,3,38640,18640,Employed Part-Time,3.1,AI Research Assistant,Machine Learning & AI,Tidewater Defense Group,Defense & Aerospace,"Columbia/Howard County, MD",80000,FALSE,Student Organization Connection
CID-348829,Computer Science,Bachelor of Science,General,Fall 2021,2021,First-Time Freshman,5.7,120,3.62,3.63,In-State,FALSE,19,0,0,1,27680,15790,Employed Part-Time,1.4,Cloud Support Engineer,Infrastructure & Cloud,Chesapeake Defense Systems,Defense & Aerospace,"Baltimore, MD",72250,FALSE,Career Fair
CID-128709,Information Systems,Bachelor of Science,Software Development,Spring 2018,2018,First-Time Freshman,4.0,121,3.07,2.95,In-State,FALSE,3,2,0,2,41020,23100,Employed Full-Time,0.3,Business Intelligence Analyst,Data & Analytics,CareBridge Technology,Healthcare & Life Sciences,"Baltimore, MD",64000,FALSE,Return Offer from Internship
CID-469630,Computer Science,Bachelor of Science,Data Science,Fall 2025,2025,Transfer,3.0,122,3.22,3.19,In-State,FALSE,14,0,0,3,14400,0,Continuing Education,Not Applicable,Not Applicable,Not Applicable,Not Applicable,Not Applicable,Not Applicable,Not Applicable,Not Applicable,Not Applicable
CID-532172,Information Systems,Bachelor of Science,Software Development,Spring 2022,2022,Transfer,3.3,120,3.22,3.22,In-State,FALSE,6,0,1,5,17770,11770,Employed Full-Time,1.9,SOC Analyst,Cybersecurity,Catoctin Analytics Group,Federal Contracting,"Baltimore, MD",91500,FALSE,Alumni Network
CID-441369,Computer Science,Bachelor of Science,General,Spring 2018,2018,Transfer,3.7,120,2.82,2.83,In-State,FALSE,25,2,0,0,8780,1600,No Response,Not Applicable,Not Applicable,Not Applicable,Not Applicable,Not Applicable,Not Applicable,Not Applicable,Not Applicable,Not Applicable
CID-285069,Information Systems,Bachelor of Science,Cybersecurity Management,Spring 2023,2023,First-Time Freshman,4.3,121,2.53,2.60,In-State,FALSE,8,1,0,4,42630,6290,Employed Full-Time,2.7,Junior Data Analyst,Data & Analytics,Maryland Department of IT,Federal Government,"Washington, DC Metro",64500,FALSE,Career Fair
CID-959669,Computer Science,Bachelor of Science,Cybersecurity,Fall 2017,2017,First-Time Freshman,4.0,120,2.70,2.87,Out-of-State,FALSE,3,1,2,0,56310,39260,Employed Full-Time,4.1,Junior Data Analyst,Data & Analytics,Dockside Logistics Systems,Logistics & Transportation,"Baltimore, MD",58250,FALSE,Alumni Network
CID-781308,Computer Science,Bachelor of Science,Cybersecurity,Fall 2022,2022,First-Time Freshman,6.7,122,3.44,3.51,In-State,FALSE,15,1,1,4,30870,14360,Employed Full-Time,0.0,Data Analyst,Data & Analytics,Calvert Advisory Group,Consulting & Professional Services,Northern Virginia,92250,FALSE,Personal Network
CID-721365,Information Systems,Bachelor of Science,Software Development,Spring 2021,2021,Transfer,3.0,122,2.41,2.32,In-State,FALSE,15,0,1,5,18030,1310,Employed Full-Time,2.9,EHR Support Analyst,Health IT,Harbor Mutual Insurance,Insurance,Remote - United States,53250,TRUE,Recruiter Outreach
CID-510069,Information Systems,Bachelor of Science,General,Spring 2018,2018,First-Time Freshman,7.0,121,3.10,2.95,In-State,FALSE,18,2,0,5,36850,36850,Employed Full-Time,0.2,IT Analyst,IT Business & Product,National Data Services Agency,Federal Government,"Columbia/Howard County, MD",66250,TRUE,Online Application
CID-424678,Computer Science,Bachelor of Science,General,Spring 2022,2022,Transfer,2.3,122,3.08,3.12,In-State,FALSE,5,1,1,1,12050,7550,Employed Full-Time,0.0,Systems Administrator,Infrastructure & Cloud,Maryland Department of IT,Federal Government,Northern Virginia,76000,FALSE,Career Fair
CID-513788,Computer Science,Master of Science,Data Science,Spring 2026,2026,First-Time Freshman,3.3,116,2.93,2.78,In-State,FALSE,11,1,1,0,40320,18790,Still Seeking,Not Applicable,Not Applicable,Not Applicable,Not Applicable,Not Applicable,Not Applicable,Not Applicable,Not Applicable,Not Applicable
CID-685439,Computer Science,Bachelor of Science,Cybersecurity,Spring 2024,2024,First-Time Freshman,4.0,122,3.40,3.35,In-State,FALSE,9,2,2,3,38330,38330,No Response,Not Applicable,Not Applicable,Not Applicable,Not Applicable,Not Applicable,Not Applicable,Not Applicable,Not Applicable,Not Applicable
CID-435579,Information Systems,Bachelor of Science,General,Fall 2022,2022,First-Time Freshman,6.3,121,2.65,2.55,Out-of-State,FALSE,15,2,1,3,85300,63690,Employed Full-Time,0.0,Business Analyst,IT Business & Product,Northfield Biosciences,Healthcare & Life Sciences,Remote - United States,69750,TRUE,Online Application
CID-994564,Computer Science,Bachelor of Science,Artificial Intelligence,Spring 2024,2024,First-Time Freshman,3.7,122,3.09,3.08,Out-of-State,FALSE,6,0,0,4,89030,66830,Employed Part-Time,5.4,AI Research Assistant,Machine Learning & AI,Lumen Grid Software,Software Products,"Baltimore, MD",86250,FALSE,Recruiter Outreach
CID-426385,Information Systems,Bachelor of Science,Business Analytics,Fall 2020,2020,Transfer,3.0,120,3.48,3.47,In-State,FALSE,7,2,0,3,16670,11950,Employed Full-Time,0.0,Junior Systems Analyst,IT Business & Product,Northwind Platform Co.,Software Products,"Washington, DC Metro",99500,FALSE,Return Offer from Internship
CID-338871,Computer Science,Master of Science,Data Science,Spring 2025,2025,First-Time Freshman,3.3,120,3.45,3.12,Out-of-State,FALSE,0,2,0,3,71400,51300,No Response,Not Applicable,Not Applicable,Not Applicable,Not Applicable,Not Applicable,Not Applicable,Not Applicable,Not Applicable,Not Applicable
CID-193283,Information Systems,Bachelor of Science,Health Information Technology,Spring 2024,2024,First-Time Freshman,3.7,121,3.98,3.95,In-State,FALSE,0,1,1,3,29950,11460,Employed Full-Time,1.0,Business Analyst,IT Business & Product,Brightline Software Group,Software Products,"Baltimore, MD",77000,FALSE,Recruiter Outreach
CID-305192,Information Systems,Master of Science,General,Spring 2020,2020,First-Time Freshman,3.7,121,3.56,3.45,In-State,TRUE,6,2,0,3,40800,20370,Employed Full-Time,0.2,SOC Analyst,Cybersecurity,Harborline Networks,Cloud & Infrastructure,Northern Virginia,101500,FALSE,Return Offer from Internship
CID-765783,Computer Science,Bachelor of Science,Cybersecurity,Fall 2022,2022,Transfer,4.0,120,2.40,2.37,In-State,FALSE,20,1,0,2,14220,6420,Employed Full-Time,0.0,Junior DevOps Engineer,Infrastructure & Cloud,Anvil Compute,Cloud & Infrastructure,"Columbia/Howard County, MD",93500,FALSE,Online Application
CID-288415,Information Systems,Bachelor of Science,Cybersecurity Management,Spring 2026,2026,First-Time Freshman,7.0,106,3.02,2.88,Out-of-State,FALSE,29,2,1,4,63550,27130,Employed Full-Time,0.3,EHR Support Analyst,Health IT,Tidewater Defense Group,Defense & Aerospace,"Washington, DC Metro",106500,FALSE,Return Offer from Internship
CID-477653,Information Systems,Bachelor of Science,General,Spring 2024,2024,First-Time Freshman,4.0,121,3.50,3.50,In-State,FALSE,15,1,2,1,26580,14800,Employed Full-Time,0.2,IT Analyst,IT Business & Product,Federal Health Data Office,Federal Government,"Washington, DC Metro",89750,FALSE,Return Offer from Internship
CID-987950,Computer Science,Bachelor of Science,Cybersecurity,Fall 2020,2020,First-Time Freshman,3.7,121,3.45,3.42,In-State,FALSE,11,3,3,4,34700,24500,Still Seeking,Not Applicable,Not Applicable,Not Applicable,Not Applicable,Not Applicable,Not Applicable,Not Applicable,Not Applicable,Not Applicable
CID-859089,Information Systems,Bachelor of Science,Business Analytics,Fall 2022,2022,First-Time Freshman,5.7,121,2.31,2.25,Out-of-State,FALSE,15,1,0,1,72290,68460,Employed Part-Time,0.0,Junior Systems Analyst,IT Business & Product,Wayfinder Technology Advisors,Consulting & Professional Services,Northern Virginia,73750,FALSE,Career Fair
CID-177843,Computer Science,Bachelor of Science,Cybersecurity,Spring 2022,2022,Transfer,5.3,120,2.76,2.73,In-State,FALSE,27,2,2,3,14540,11040,Employed Full-Time,0.1,Junior ML Engineer,Machine Learning & AI,Chesapeake Community College,Higher Education,"Baltimore, MD",68500,FALSE,Return Offer from Internship
CID-481597,Computer Science,Bachelor of Science,General,Summer 2022,2022,First-Time Freshman,3.7,122,3.09,3.18,In-State,FALSE,7,1,0,3,38780,23630,Employed Full-Time,0.0,Junior Developer,Software Engineering,Meridian National Systems,Federal Contracting,"Washington, DC Metro",79750,TRUE,Recruiter Outreach
CID-298693,Information Systems,Bachelor of Science,Cybersecurity Management,Fall 2023,2023,First-Time Freshman,10.0,101,2.25,2.19,In-State,FALSE,27,1,0,0,47820,30240,Still Seeking,Not Applicable,Not Applicable,Not Applicable,Not Applicable,Not Applicable,Not Applicable,Not Applicable,Not Applicable,Not Applicable
CID-477782,Information Systems,Bachelor of Science,Cybersecurity Management,Spring 2020,2020,Transfer,3.0,120,2.49,2.59,In-State,FALSE,13,0,0,1,9690,2650,Still Seeking,Not Applicable,Not Applicable,Not Applicable,Not Applicable,Not Applicable,Not Applicable,Not Applicable,Not Applicable,Not Applicable
CID-801141,Computer Science,Master of Science,Software Engineering,Fall 2021,2021,First-Time Freshman,4.0,123,3.54,3.51,In-State,TRUE,7,0,0,5,20990,11570,Employed Full-Time,4.0,Junior DevOps Engineer,Infrastructure & Cloud,National Data Services Agency,Federal Government,Remote - United States,90500,TRUE,Online Application
CID-273166,Information Systems,Bachelor of Science,Cybersecurity Management,Spring 2020,2020,First-Time Freshman,4.0,121,3.60,3.65,Out-of-State,FALSE,22,2,0,5,64170,46220,Employed Full-Time,0.2,SOC Analyst,Cybersecurity,Keystone Federal Services,Federal Contracting,"Baltimore, MD",97750,FALSE,Return Offer from Internship
CID-701102,Computer Science,Bachelor of Science,General,Fall 2025,2025,First-Time Freshman,3.7,120,3.54,3.61,In-State,FALSE,12,1,0,3,31940,26330,Employed Full-Time,0.3,Cloud Support Engineer,Infrastructure & Cloud,Keystone Federal Services,Federal Contracting,"Baltimore, MD",88000,FALSE,Return Offer from Internship
CID-778376,Computer Science,Bachelor of Science,Cybersecurity,Fall 2018,2018,First-Time Freshman,4.3,122,2.59,2.49,Out-of-State,FALSE,1,0,2,1,72900,37900,Continuing Education,Not Applicable,Not Applicable,Not Applicable,Not Applicable,Not Applicable,Not Applicable,Not Applicable,Not Applicable,Not Applicable
CID-439915,Information Systems,Bachelor of Science,Software Development,Spring 2023,2023,Transfer,3.3,121,2.87,2.89,In-State,FALSE,22,0,0,1,14660,6140,No Response,Not Applicable,Not Applicable,Not Applicable,Not Applicable,Not Applicable,Not Applicable,Not Applicable,Not Applicable,Not Applicable
CID-918825,Computer Science,Bachelor of Science,Data Science,Spring 2015,2015,First-Time Freshman,4.0,120,2.53,2.50,Out-of-State,FALSE,6,0,1,1,71080,24320,Employed Full-Time,1.7,Data Analyst,Data & Analytics,Harbor Mutual Insurance,Insurance,"Philadelphia, PA",50250,FALSE,Recruiter Outreach
CID-273455,Computer Science,Bachelor of Science,Data Science,Fall 2023,2023,First-Time Freshman,4.3,120,3.42,3.48,In-State,FALSE,4,2,2,1,33480,13830,Employed Full-Time,0.2,SOC Analyst,Cybersecurity,Tidewater Defense Group,Defense & Aerospace,Northern Virginia,144500,FALSE,Personal Network
CID-154976,Information Systems,Bachelor of Science,Business Analytics,Spring 2018,2018,First-Time Freshman,4.0,121,3.09,3.30,In-State,FALSE,15,0,0,1,26030,21280,Employed Full-Time,0.6,Junior Data Analyst,Data & Analytics,Marketside Digital,E-Commerce & Retail Tech,Northern Virginia,81500,FALSE,Online Application
CID-426032,Information Systems,Bachelor of Science,Business Analytics,Fall 2024,2024,Transfer,2.7,121,3.38,3.28,In-State,FALSE,3,2,0,3,16810,11270,Employed Full-Time,1.4,IT Support Specialist,IT Support & Operations,Greenspring Health Systems,Healthcare & Life Sciences,Remote - United States,69500,TRUE,Recruiter Outreach
CID-130411,Computer Science,Bachelor of Science,Cybersecurity,Spring 2024,2024,Transfer,3.7,121,2.55,2.59,In-State,FALSE,30,0,1,3,13810,10140,Employed Full-Time,6.4,Business Intelligence Analyst,Data & Analytics,Falconview Systems,Software Products,Remote - United States,64500,TRUE,Student Organization Connection
CID-368309,Computer Science,Bachelor of Science,General,Spring 2025,2025,First-Time Freshman,4.0,122,3.38,3.47,In-State,FALSE,1,2,2,3,44650,29320,No Response,Not Applicable,Not Applicable,Not Applicable,Not Applicable,Not Applicable,Not Applicable,Not Applicable,Not Applicable,Not Applicable
CID-696540,Information Systems,Bachelor of Science,Business Analytics,Spring 2019,2019,Transfer,4.7,122,2.51,2.50,Out-of-State,FALSE,6,3,0,4,30860,18700,Employed Full-Time,0.2,Data Analyst,Data & Analytics,Arbor Peak Technologies,Software Products,"Washington, DC Metro",63500,FALSE,Return Offer from Internship
CID-593580,Information Systems,Bachelor of Science,General,Fall 2018,2018,First-Time Freshman,4.0,121,3.24,3.30,In-State,FALSE,6,1,2,4,36040,9990,Employed Full-Time,0.8,Junior Systems Analyst,IT Business & Product,Catoctin Analytics Group,Federal Contracting,"Columbia/Howard County, MD",76500,FALSE,Career Fair
CID-777571,Computer Science,Bachelor of Science,General,Fall 2021,2021,First-Time Freshman,3.7,121,3.35,3.37,Out-of-State,FALSE,4,1,0,3,95340,85620,Employed Full-Time,0.8,Junior Developer,Software Engineering,Fidelis Capital Partners,Financial Services,"New York, NY",96000,TRUE,Personal Network
CID-215707,Information Systems,Bachelor of Science,Business Analytics,Spring 2023,2023,First-Time Freshman,4.0,121,2.70,2.60,Out-of-State,FALSE,12,1,0,1,78440,53970,Still Seeking,Not Applicable,Not Applicable,Not Applicable,Not Applicable,Not Applicable,Not Applicable,Not Applicable,Not Applicable,Not Applicable
CID-466164,Computer Science,Bachelor of Science,Cybersecurity,Spring 2016,2016,Transfer,5.0,122,2.67,2.49,In-State,FALSE,12,3,0,3,17100,1840,Employed Full-Time,0.1,Security Analyst I,Cybersecurity,Copper Ridge Data Centers,Cloud & Infrastructure,"Washington, DC Metro",84750,FALSE,Return Offer from Internship
CID-345804,Computer Science,Bachelor of Science,General,Spring 2021,2021,First-Time Freshman,3.3,120,3.49,3.25,Out-of-State,FALSE,3,2,0,4,61380,8890,No Response,Not Applicable,Not Applicable,Not Applicable,Not Applicable,Not Applicable,Not Applicable,Not Applicable,Not Applicable,Not Applicable
CID-687858,Information Systems,Bachelor of Science,Cybersecurity Management,Fall 2020,2020,First-Time Freshman,7.0,121,3.07,3.20,In-State,FALSE,23,1,0,1,31730,14950,Employed Full-Time,1.7,Desktop Support Analyst,IT Support & Operations,Continental Wireless,Telecommunications,"Washington, DC Metro",60250,FALSE,Online Application
CID-286128,Computer Science,Bachelor of Science,Cybersecurity,Fall 2017,2017,First-Time Freshman,9.0,120,2.28,2.18,In-State,FALSE,24,1,1,2,40940,9010,No Response,Not Applicable,Not Applicable,Not Applicable,Not Applicable,Not Applicable,Not Applicable,Not Applicable,Not Applicable,Not Applicable
CID-796099,Computer Science,Bachelor of Science,General,Spring 2015,2015,First-Time Freshman,4.7,122,3.13,3.12,Out-of-State,FALSE,6,3,0,2,49900,19920,No Response,Not Applicable,Not Applicable,Not Applicable,Not Applicable,Not Applicable,Not Applicable,Not Applicable,Not Applicable,Not Applicable
CID-539248,Information Systems,Bachelor of Science,Business Analytics,Spring 2015,2015,Transfer,4.0,121,3.04,3.22,In-State,FALSE,13,2,1,1,12230,7560,Employed Full-Time,0.3,Data Analyst,Data & Analytics,Quarry Road Software,Software Products,"Washington, DC Metro",59500,FALSE,Return Offer from Internship
CID-981027,Information Systems,Bachelor of Science,General,Fall 2022,2022,Transfer,2.3,120,2.37,2.44,In-State,FALSE,13,1,0,5,12510,7020,Employed Full-Time,0.0,Junior Systems Analyst,IT Business & Product,Potomac Mission Solutions,Federal Contracting,"Washington, DC Metro",69750,FALSE,Online Application
CID-248878,Information Systems,Bachelor of Science,Software Development,Fall 2016,2016,First-Time Freshman,5.0,121,2.38,2.40,In-State,FALSE,26,1,0,0,41320,25320,Employed Full-Time,3.3,SOC Analyst,Cybersecurity,Piedmont Energy Partners,Energy & Utilities,"New York, NY",82500,FALSE,Alumni Network
CID-351646,Computer Science,Bachelor of Science,Data Science,Fall 2023,2023,Transfer,3.3,121,2.99,2.94,In-State,FALSE,1,2,0,1,16380,7640,Employed Full-Time,0.3,Security Analyst I,Cybersecurity,Marketside Digital,E-Commerce & Retail Tech,"Columbia/Howard County, MD",97500,TRUE,Return Offer from Internship
CID-741037,Computer Science,Bachelor of Science,Cybersecurity,Fall 2020,2020,Transfer,4.7,123,2.73,2.72,In-State,FALSE,18,3,0,3,14300,4790,Employed Full-Time,0.0,SOC Analyst,Cybersecurity,Bayview Medical Informatics,Healthcare & Life Sciences,"Baltimore, MD",69250,FALSE,Return Offer from Internship
CID-759461,Computer Science,Bachelor of Science,General,Fall 2025,2025,First-Time Freshman,4.0,122,2.99,3.05,In-State,FALSE,7,1,0,2,42840,40650,Employed Full-Time,3.7,Associate Software Engineer,Software Engineering,Vantage Point Applications,Software Products,"Baltimore, MD",80250,FALSE,Career Fair
CID-744657,Computer Science,Bachelor of Science,Artificial Intelligence,Spring 2026,2026,First-Time Freshman,4.3,120,2.77,2.91,In-State,FALSE,9,0,1,3,29040,20160,Still Seeking,Not Applicable,Not Applicable,Not Applicable,Not Applicable,Not Applicable,Not Applicable,Not Applicable,Not Applicable,Not Applicable
CID-282462,Computer Science,Bachelor of Science,Cybersecurity,Fall 2015,2015,First-Time Freshman,4.7,122,2.75,2.83,Out-of-State,FALSE,5,2,1,1,82860,64000,Military,Not Applicable,Not Applicable,Not Applicable,Not Applicable,Not Applicable,Not Applicable,Not Applicable,Not Applicable,Not Applicable
CID-350979,Information Systems,Bachelor of Science,Business Analytics,Spring 2026,2026,First-Time Freshman,3.7,121,3.00,3.05,In-State,FALSE,10,2,2,3,44100,22560,Employed Full-Time,0.3,Health Data Analyst,Health IT,University of Maryland System,Higher Education,"Columbia/Howard County, MD",65250,FALSE,Return Offer from Internship
CID-148088,Computer Science,Bachelor of Science,Data Science,Fall 2018,2018,Transfer,2.0,121,3.56,3.45,In-State,FALSE,4,1,2,2,13830,5450,Still Seeking,Not Applicable,Not Applicable,Not Applicable,Not Applicable,Not Applicable,Not Applicable,Not Applicable,Not Applicable,Not Applicable
CID-841707,Information Systems,Bachelor of Science,General,Spring 2021,2021,Transfer,3.3,122,2.91,3.05,In-State,FALSE,12,0,0,1,15680,9820,Employed Full-Time,1.1,IT Analyst,IT Business & Product,Chesapeake Defense Systems,Defense & Aerospace,"Washington, DC Metro",77750,TRUE,Personal Network
CID-343974,Information Systems,Bachelor of Science,General,Spring 2026,2026,Transfer,2.7,119,3.00,2.94,In-State,FALSE,11,1,0,6,14800,10560,No Response,Not Applicable,Not Applicable,Not Applicable,Not Applicable,Not Applicable,Not Applicable,Not Applicable,Not Applicable,Not Applicable
CID-411270,Computer Science,Bachelor of Science,Data Science,Fall 2022,2022,First-Time Freshman,4.3,120,3.05,3.12,In-State,FALSE,10,1,0,2,37380,16760,Employed Full-Time,2.4,Junior DevOps Engineer,Infrastructure & Cloud,Potomac Mission Solutions,Federal Contracting,"Columbia/Howard County, MD",84000,FALSE,Career Fair
CID-541234,Information Systems,Bachelor of Science,Software Development,Fall 2022,2022,First-Time Freshman,6.0,121,2.02,2.00,In-State,FALSE,28,0,2,4,48920,48920,Employed Full-Time,1.3,Junior Developer,Software Engineering,Marketside Digital,E-Commerce & Retail Tech,Northern Virginia,73750,FALSE,Personal Network
CID-561543,Information Systems,Bachelor of Science,Cybersecurity Management,Fall 2023,2023,First-Time Freshman,4.7,121,2.31,2.30,In-State,FALSE,11,3,0,2,49580,12600,Employed Full-Time,0.1,IT Analyst,IT Business & Product,Copper Ridge Data Centers,Cloud & Infrastructure,"Baltimore, MD",75750,FALSE,Return Offer from Internship
CID-268160,Computer Science,Bachelor of Science,General,Spring 2025,2025,First-Time Freshman,6.0,120,3.54,3.65,In-State,FALSE,11,2,0,1,47510,36510,Employed Full-Time,0.3,Machine Learning Engineer I,Machine Learning & AI,Copper Ridge Data Centers,Cloud & Infrastructure,"Columbia/Howard County, MD",102500,FALSE,Return Offer from Internship
CID-284313,Computer Science,Bachelor of Science,Cybersecurity,Spring 2023,2023,First-Time Freshman,3.7,122,3.70,3.62,Out-of-State,FALSE,4,2,2,3,48460,10920,Employed Part-Time,0.4,Junior ML Engineer,Machine Learning & AI,Catoctin Analytics Group,Federal Contracting,"Washington, DC Metro",89250,FALSE,Career Fair
CID-258999,Computer Science,Bachelor of Science,General,Fall 2017,2017,First-Time Freshman,5.3,123,2.33,2.03,In-State,FALSE,6,1,0,0,44490,23810,Still Seeking,Not Applicable,Not Applicable,Not Applicable,Not Applicable,Not Applicable,Not Applicable,Not Applicable,Not Applicable,Not Applicable
CID-425300,Information Systems,Bachelor of Science,Software Development,Fall 2015,2015,Transfer,2.0,124,2.30,2.41,In-State,FALSE,12,0,0,1,9930,6180,Still Seeking,Not Applicable,Not Applicable,Not Applicable,Not Applicable,Not Applicable,Not Applicable,Not Applicable,Not Applicable,Not Applicable
CID-359025,Computer Science,Bachelor of Science,General,Spring 2021,2021,First-Time Freshman,4.7,122,2.89,2.80,Out-of-State,FALSE,10,0,0,1,56330,12140,Employed Full-Time,4.8,AI Research Assistant,Machine Learning & AI,Northwind Platform Co.,Software Products,Remote - United States,74250,TRUE,Student Organization Connection
CID-604667,Computer Science,Bachelor of Science,Software Engineering,Fall 2022,2022,Transfer,3.3,123,2.76,2.70,Out-of-State,FALSE,6,1,0,2,26010,6050,Employed Full-Time,0.0,Junior ML Engineer,Machine Learning & AI,Sterling Ridge Consulting,Consulting & Professional Services,Remote - United States,90250,TRUE,Alumni Network
CID-380313,Computer Science,Bachelor of Science,Artificial Intelligence,Fall 2024,2024,First-Time Freshman,7.0,120,2.90,2.74,In-State,FALSE,23,2,2,2,44890,20170,Still Seeking,Not Applicable,Not Applicable,Not Applicable,Not Applicable,Not Applicable,Not Applicable,Not Applicable,Not Applicable,Not Applicable
CID-164684,Computer Science,Bachelor of Science,General,Fall 2020,2020,First-Time Freshman,4.3,121,2.95,2.83,Out-of-State,FALSE,17,1,1,6,45550,17930,Employed Full-Time,5.3,Data Analyst,Data & Analytics,Keystone Federal Services,Federal Contracting,"Washington, DC Metro",77250,TRUE,Student Organization Connection
CID-116020,Computer Science,Bachelor of Science,Data Science,Fall 2024,2024,Transfer,2.7,121,3.23,3.28,In-State,FALSE,8,1,0,2,15700,1100,Employed Full-Time,1.8,AI Research Assistant,Machine Learning & AI,Catoctin Analytics Group,Federal Contracting,"Baltimore, MD",87000,FALSE,Online Application
CID-701061,Computer Science,Bachelor of Science,General,Spring 2023,2023,Transfer,4.7,120,3.85,3.88,In-State,FALSE,27,2,1,1,20110,9020,Employed Part-Time,0.0,Systems Administrator,Infrastructure & Cloud,Stratus Cloud Works,Cloud & Infrastructure,Remote - United States,120500,TRUE,Online Application
CID-106283,Information Systems,Bachelor of Science,General,Spring 2020,2020,First-Time Freshman,4.3,121,3.35,3.35,In-State,FALSE,4,1,0,5,33700,33700,No Response,Not Applicable,Not Applicable,Not Applicable,Not Applicable,Not Applicable,Not Applicable,Not Applicable,Not Applicable,Not Applicable
CID-535215,Information Systems,Bachelor of Science,Software Development,Spring 2019,2019,First-Time Freshman,5.7,121,2.43,2.55,Out-of-State,FALSE,13,1,0,1,64850,24190,Employed Full-Time,1.9,Desktop Support Analyst,IT Support & Operations,Harbor Mutual Insurance,Insurance,"Baltimore, MD",39000,FALSE,Online Application
CID-700004,Computer Science,Bachelor of Science,General,Fall 2017,2017,Transfer,3.3,123,2.75,2.84,In-State,FALSE,11,2,0,4,15170,13130,Employed Full-Time,1.4,Junior ML Engineer,Machine Learning & AI,CareBridge Technology,Healthcare & Life Sciences,"Columbia/Howard County, MD",70000,FALSE,Student Organization Connection
CID-602912,Computer Science,Master of Science,Data Science,Spring 2019,2019,First-Time Freshman,3.0,120,2.67,2.62,Out-of-State,TRUE,1,1,1,0,61820,35390,Employed Full-Time,0.7,Data Analyst,Data & Analytics,Allied Shield Insurance Group,Insurance,"Denver, CO",74750,FALSE,Return Offer from Internship
CID-638415,Information Systems,Bachelor of Science,Business Analytics,Spring 2026,2026,First-Time Freshman,6.3,112,2.90,2.94,In-State,FALSE,12,2,0,2,54970,40230,Continuing Education,Not Applicable,Not Applicable,Not Applicable,Not Applicable,Not Applicable,Not Applicable,Not Applicable,Not Applicable,Not Applicable
CID-679989,Information Systems,Bachelor of Science,Health Information Technology,Fall 2019,2019,First-Time Freshman,4.0,121,3.17,3.05,In-State,FALSE,13,0,0,3,40760,22210,Employed Full-Time,5.8,IT Analyst,IT Business & Product,Sterling Ridge Consulting,Consulting & Professional Services,"Baltimore, MD",68250,FALSE,Student Organization Connection
CID-735785,Computer Science,Bachelor of Science,Cybersecurity,Fall 2020,2020,First-Time Freshman,5.3,122,2.54,2.54,Out-of-State,FALSE,1,0,0,1,100440,47020,No Response,Not Applicable,Not Applicable,Not Applicable,Not Applicable,Not Applicable,Not Applicable,Not Applicable,Not Applicable,Not Applicable
CID-585927,Computer Science,Bachelor of Science,Cybersecurity,Fall 2023,2023,Transfer,1.7,125,3.65,3.57,In-State,FALSE,20,1,1,6,10790,6260,Employed Full-Time,0.5,SOC Analyst,Cybersecurity,Chesapeake Defense Systems,Defense & Aerospace,"Baltimore, MD",108000,FALSE,Return Offer from Internship
CID-681621,Computer Science,Bachelor of Science,Artificial Intelligence,Fall 2025,2025,Transfer,2.3,120,3.46,3.42,In-State,FALSE,25,0,2,4,9740,1080,Employed Full-Time,4.6,AI Research Assistant,Machine Learning & AI,Chesterfield Asset Management,Financial Services,"Baltimore, MD",89500,FALSE,Career Fair
CID-327653,Information Systems,Bachelor of Science,Cybersecurity Management,Fall 2025,2025,First-Time Freshman,4.3,121,2.77,2.81,In-State,FALSE,19,0,2,6,40250,17070,Employed Full-Time,3.6,Desktop Support Analyst,IT Support & Operations,Northfield Biosciences,Healthcare & Life Sciences,"Columbia/Howard County, MD",56000,FALSE,Online Application
CID-329030,Computer Science,Bachelor of Science,Artificial Intelligence,Spring 2018,2018,First-Time Freshman,4.7,122,2.81,2.83,In-State,FALSE,8,3,1,3,36320,0,Employed Full-Time,0.1,Machine Learning Engineer I,Machine Learning & AI,Falconview Systems,Software Products,"Columbia/Howard County, MD",99250,FALSE,Return Offer from Internship
CID-213161,Computer Science,Bachelor of Science,General,Spring 2017,2017,First-Time Freshman,8.3,120,2.90,2.68,In-State,FALSE,30,0,1,1,39660,20280,Employed Full-Time,3.1,Junior Systems Analyst,IT Business & Product,Pinnacle Bridge Partners,Consulting & Professional Services,"Washington, DC Metro",77750,FALSE,Alumni Network
CID-923704,Computer Science,Bachelor of Science,General,Spring 2015,2015,First-Time Freshman,3.7,121,3.14,3.05,In-State,FALSE,18,1,0,5,22970,11750,Employed Full-Time,2.5,Data Analyst,Data & Analytics,Chesterfield Asset Management,Financial Services,"Washington, DC Metro",77250,FALSE,Personal Network
CID-268286,Computer Science,Bachelor of Science,General,Spring 2021,2021,First-Time Freshman,4.0,120,2.67,2.47,In-State,FALSE,16,1,0,3,35070,23550,Employed Full-Time,0.0,Cloud Support Engineer,Infrastructure & Cloud,CareBridge Technology,Healthcare & Life Sciences,"Baltimore, MD",70500,FALSE,Career Fair
CID-680538,Computer Science,Bachelor of Science,Artificial Intelligence,Fall 2018,2018,First-Time Freshman,4.0,120,3.02,2.89,In-State,FALSE,0,3,1,3,33960,16740,Employed Full-Time,0.0,Associate Software Engineer,Software Engineering,Northwind Platform Co.,Software Products,Northern Virginia,94000,FALSE,Career Fair
CID-967833,Computer Science,Bachelor of Science,Software Engineering,Fall 2017,2017,First-Time Freshman,4.0,122,3.41,3.42,In-State,FALSE,15,2,0,1,24610,22450,Employed Full-Time,0.6,Business Intelligence Analyst,Data & Analytics,Sterling Ridge Consulting,Consulting & Professional Services,"Baltimore, MD",83750,FALSE,Return Offer from Internship
CID-790804,Computer Science,Bachelor of Science,Software Engineering,Spring 2020,2020,First-Time Freshman,6.3,120,3.58,3.59,In-State,FALSE,18,1,2,3,33810,28810,Still Seeking,Not Applicable,Not Applicable,Not Applicable,Not Applicable,Not Applicable,Not Applicable,Not Applicable,Not Applicable,Not Applicable
CID-674871,Computer Science,Bachelor of Science,General,Spring 2019,2019,First-Time Freshman,4.3,123,2.51,2.65,In-State,FALSE,11,1,0,1,36500,17850,Employed Full-Time,2.3,Junior ML Engineer,Machine Learning & AI,Cartway Commerce,E-Commerce & Retail Tech,"Washington, DC Metro",86250,FALSE,Faculty or Staff Referral
CID-192606,Computer Science,Bachelor of Science,Artificial Intelligence,Fall 2018,2018,First-Time Freshman,4.3,122,3.61,3.53,In-State,FALSE,6,2,3,5,39600,22260,Employed Full-Time,0.0,AI Research Assistant,Machine Learning & AI,Patapsco Aerospace,Defense & Aerospace,Remote - United States,95000,TRUE,Student Organization Connection
CID-117157,Computer Science,Bachelor of Science,Cybersecurity,Spring 2025,2025,First-Time Freshman,3.7,120,3.23,3.22,Out-of-State,FALSE,3,1,0,2,76310,27520,Employed Full-Time,1.4,Associate Software Engineer,Software Engineering,Cartway Commerce,E-Commerce & Retail Tech,"Washington, DC Metro",88250,FALSE,Online Application
CID-853857,Computer Science,Bachelor of Science,General,Spring 2021,2021,First-Time Freshman,3.3,120,2.92,2.81,In-State,FALSE,15,1,0,4,42760,31420,Employed Full-Time,0.0,Software Engineer I,Software Engineering,Redoubt Security Partners,Cybersecurity Services,"Baltimore, MD",65500,FALSE,Online Application
CID-789301,Computer Science,Bachelor of Science,General,Spring 2015,2015,First-Time Freshman,4.0,122,3.11,3.15,In-State,FALSE,20,2,0,2,25200,12850,Continuing Education,Not Applicable,Not Applicable,Not Applicable,Not Applicable,Not Applicable,Not Applicable,Not Applicable,Not Applicable,Not Applicable
CID-427542,Computer Science,Bachelor of Science,General,Fall 2021,2021,Transfer,1.7,122,2.79,2.78,In-State,FALSE,10,1,2,4,11690,4910,Employed Full-Time,0.2,SOC Analyst,Cybersecurity,Northwind Platform Co.,Software Products,"Baltimore, MD",104000,FALSE,Return Offer from Internship
CID-383535,Computer Science,Bachelor of Science,General,Spring 2023,2023,First-Time Freshman,4.3,122,2.25,2.24,Out-of-State,FALSE,20,1,3,2,73330,34080,Employed Full-Time,4.1,Junior ML Engineer,Machine Learning & AI,Arbor Peak Technologies,Software Products,"Baltimore, MD",78500,FALSE,Alumni Network
CID-155209,Information Systems,Master of Science,Business Analytics,Spring 2015,2015,Transfer,3.3,120,3.56,3.47,In-State,TRUE,19,1,0,4,7930,1810,Still Seeking,Not Applicable,Not Applicable,Not Applicable,Not Applicable,Not Applicable,Not Applicable,Not Applicable,Not Applicable,Not Applicable
CID-550610,Computer Science,Bachelor of Science,Artificial Intelligence,Fall 2020,2020,First-Time Freshman,4.0,122,2.88,2.62,In-State,FALSE,0,1,0,1,44770,29900,Employed Full-Time,5.8,Junior ML Engineer,Machine Learning & AI,Shoreline Retail Group,E-Commerce & Retail Tech,Northern Virginia,78250,TRUE,Online Application
CID-391205,Computer Science,Bachelor of Science,Software Engineering,Spring 2015,2015,First-Time Freshman,3.3,120,3.14,3.07,In-State,FALSE,6,1,0,4,17120,11040,Still Seeking,Not Applicable,Not Applicable,Not Applicable,Not Applicable,Not Applicable,Not Applicable,Not Applicable,Not Applicable,Not Applicable
CID-261301,Information Systems,Bachelor of Science,Business Analytics,Spring 2016,2016,First-Time Freshman,7.0,121,3.10,3.15,In-State,FALSE,13,2,2,1,37980,27900,Employed Full-Time,3.3,SOC Analyst,Cybersecurity,Keystone Federal Services,Federal Contracting,"Baltimore, MD",84750,FALSE,Online Application
CID-138525,Information Systems,Master of Science,Software Development,Spring 2020,2020,Transfer,2.0,121,3.34,3.35,In-State,TRUE,0,1,0,6,13500,8620,Still Seeking,Not Applicable,Not Applicable,Not Applicable,Not Applicable,Not Applicable,Not Applicable,Not Applicable,Not Applicable,Not Applicable
CID-833376,Information Systems,Bachelor of Science,Cybersecurity Management,Spring 2023,2023,Transfer,6.0,121,2.14,2.16,In-State,FALSE,22,2,0,0,16250,10800,Employed Full-Time,5.4,Junior Security Engineer,Cybersecurity,Chesapeake Defense Systems,Defense & Aerospace,"Baltimore, MD",62500,FALSE,Career Fair
CID-554879,Computer Science,Bachelor of Science,Cybersecurity,Spring 2025,2025,Transfer,2.0,120,2.38,2.34,In-State,FALSE,0,1,0,4,14970,7950,Employed Full-Time,0.5,Business Intelligence Analyst,Data & Analytics,Piedmont Energy Partners,Energy & Utilities,"Baltimore, MD",59000,FALSE,Return Offer from Internship
CID-651160,Computer Science,Bachelor of Science,Software Engineering,Spring 2022,2022,Transfer,2.7,120,3.35,3.32,In-State,FALSE,5,1,2,2,7000,2290,Employed Full-Time,0.6,Junior Developer,Software Engineering,Monument Bank Technology,Financial Services,"Baltimore, MD",87500,FALSE,Return Offer from Internship
CID-326927,Computer Science,Bachelor of Science,Data Science,Spring 2022,2022,Transfer,2.3,121,3.44,3.51,In-State,FALSE,14,1,0,2,19580,15780,Employed Part-Time,0.0,Security Analyst I,Cybersecurity,Federal Health Data Office,Federal Government,"Baltimore, MD",80750,FALSE,Online Application
CID-672742,Computer Science,Bachelor of Science,General,Fall 2019,2019,First-Time Freshman,4.3,120,2.69,2.43,In-State,FALSE,10,1,3,2,43110,11810,Employed Full-Time,1.2,Junior DevOps Engineer,Infrastructure & Cloud,Northfield Biosciences,Healthcare & Life Sciences,"Washington, DC Metro",80750,FALSE,Faculty or Staff Referral
CID-206287,Computer Science,Bachelor of Science,Artificial Intelligence,Fall 2022,2022,First-Time Freshman,4.0,121,2.69,2.78,In-State,FALSE,5,0,0,3,29140,21380,Employed Full-Time,3.1,Junior Security Engineer,Cybersecurity,Northfield Biosciences,Healthcare & Life Sciences,Northern Virginia,89250,FALSE,Alumni Network
CID-516358,Computer Science,Bachelor of Science,General,Fall 2023,2023,First-Time Freshman,3.7,120,3.67,3.80,Out-of-State,FALSE,11,2,2,0,81430,78710,Employed Part-Time,0.2,Business Intelligence Analyst,Data & Analytics,Keystone Federal Services,Federal Contracting,"Baltimore, MD",88750,FALSE,Return Offer from Internship
CID-226692,Computer Science,Bachelor of Science,General,Spring 2023,2023,First-Time Freshman,4.3,122,3.19,2.97,In-State,FALSE,18,2,0,3,18240,14130,Employed Full-Time,0.1,Junior ML Engineer,Machine Learning & AI,Meridian National Systems,Federal Contracting,Northern Virginia,109000,FALSE,Return Offer from Internship
CID-565688,Information Systems,Bachelor of Science,General,Spring 2016,2016,Transfer,3.3,122,2.92,2.89,In-State,FALSE,12,1,1,1,10830,5630,Employed Full-Time,2.4,SOC Analyst,Cybersecurity,Patapsco Aerospace,Defense & Aerospace,Northern Virginia,73750,FALSE,Recruiter Outreach
CID-292365,Computer Science,Bachelor of Science,Data Science,Fall 2025,2025,First-Time Freshman,7.7,122,2.96,2.82,Out-of-State,FALSE,20,1,0,1,85310,61150,Employed Full-Time,3.4,Help Desk Technician,IT Support & Operations,Meridian National Systems,Federal Contracting,"Baltimore, MD",71250,FALSE,Faculty or Staff Referral
CID-159893,Computer Science,Bachelor of Science,Data Science,Fall 2024,2024,First-Time Freshman,4.7,120,2.27,2.15,Out-of-State,FALSE,7,0,0,2,107580,70420,Employed Full-Time,6.7,SOC Analyst,Cybersecurity,Keystone Federal Services,Federal Contracting,"Baltimore, MD",72000,FALSE,Career Fair
CID-334240,Information Systems,Bachelor of Science,Business Analytics,Fall 2023,2023,Transfer,2.7,120,3.62,3.53,In-State,FALSE,7,0,0,0,11190,4400,No Response,Not Applicable,Not Applicable,Not Applicable,Not Applicable,Not Applicable,Not Applicable,Not Applicable,Not Applicable,Not Applicable
CID-300019,Information Systems,Bachelor of Science,Cybersecurity Management,Spring 2020,2020,First-Time Freshman,4.3,121,2.63,2.50,In-State,FALSE,16,3,0,2,31530,23520,Employed Part-Time,0.0,Health Data Analyst,Health IT,Meridian National Systems,Federal Contracting,"Washington, DC Metro",92500,FALSE,Return Offer from Internship
CID-934994,Computer Science,Bachelor of Science,Data Science,Spring 2026,2026,First-Time Freshman,5.0,120,2.43,2.46,In-State,FALSE,17,1,0,0,37030,13930,No Response,Not Applicable,Not Applicable,Not Applicable,Not Applicable,Not Applicable,Not Applicable,Not Applicable,Not Applicable,Not Applicable
CID-926618,Computer Science,Master of Science,Cybersecurity,Spring 2015,2015,Transfer,2.3,121,3.67,3.63,Out-of-State,TRUE,16,1,1,2,16510,6250,Still Seeking,Not Applicable,Not Applicable,Not Applicable,Not Applicable,Not Applicable,Not Applicable,Not Applicable,Not Applicable,Not Applicable
CID-698815,Information Systems,Bachelor of Science,General,Spring 2017,2017,Transfer,2.7,121,2.64,2.61,In-State,FALSE,16,2,0,2,10660,7680,Employed Full-Time,0.0,IT Analyst,IT Business & Product,Blue Heron Technologies,Federal Contracting,"Washington, DC Metro",73000,FALSE,Personal Network
CID-659316,Information Systems,Bachelor of Science,Business Analytics,Spring 2015,2015,Transfer,2.3,120,3.17,3.24,In-State,FALSE,4,0,2,6,9750,5810,Continuing Education,Not Applicable,Not Applicable,Not Applicable,Not Applicable,Not Applicable,Not Applicable,Not Applicable,Not Applicable,Not Applicable
CID-747035,Information Systems,Bachelor of Science,Business Analytics,Fall 2017,2017,First-Time Freshman,4.0,121,3.03,3.00,Out-of-State,FALSE,6,2,3,3,70760,43690,Employed Full-Time,0.4,Junior Systems Analyst,IT Business & Product,Patapsco Aerospace,Defense & Aerospace,"Baltimore, MD",78500,FALSE,Return Offer from Internship
CID-981953,Computer Science,Bachelor of Science,General,Spring 2024,2024,First-Time Freshman,4.0,121,2.45,2.46,In-State,FALSE,19,0,0,2,33070,23970,Continuing Education,Not Applicable,Not Applicable,Not Applicable,Not Applicable,Not Applicable,Not Applicable,Not Applicable,Not Applicable,Not Applicable
CID-719471,Computer Science,Bachelor of Science,General,Fall 2015,2015,First-Time Freshman,5.3,120,3.77,3.81,In-State,FALSE,11,1,2,5,23680,10090,Employed Full-Time,0.0,Systems Administrator,Infrastructure & Cloud,Marketside Digital,E-Commerce & Retail Tech,"Washington, DC Metro",109000,FALSE,Alumni Network
CID-661476,Information Systems,Bachelor of Science,Software Development,Spring 2026,2026,First-Time Freshman,4.7,121,3.37,3.40,Out-of-State,FALSE,12,2,1,5,84390,53510,Employed Full-Time,0.0,Junior Security Engineer,Cybersecurity,Tidewater Defense Group,Defense & Aerospace,"Washington, DC Metro",121000,FALSE,Alumni Network
CID-212336,Information Systems,Bachelor of Science,Software Development,Spring 2017,2017,First-Time Freshman,3.7,121,3.72,3.85,In-State,FALSE,8,1,0,1,24090,18220,Employed Full-Time,3.0,Data Analyst,Data & Analytics,Meridian National Systems,Federal Contracting,"Columbia/Howard County, MD",75500,FALSE,Personal Network
CID-930191,Information Systems,Bachelor of Science,Business Analytics,Spring 2022,2022,First-Time Freshman,7.7,121,2.44,2.33,Out-of-State,FALSE,17,1,2,3,69620,31320,Employed Full-Time,0.0,Junior Data Analyst,Data & Analytics,Potomac Mission Solutions,Federal Contracting,"Washington, DC Metro",77500,FALSE,Career Fair
CID-121898,Computer Science,Bachelor of Science,Software Engineering,Spring 2026,2026,First-Time Freshman,4.3,119,2.48,2.42,In-State,FALSE,10,1,0,0,52070,25790,Employed Full-Time,2.5,Cloud Support Engineer,Infrastructure & Cloud,Stratus Cloud Works,Cloud & Infrastructure,"Columbia/Howard County, MD",105000,FALSE,Personal Network
CID-615923,Information Systems,Master of Science,Software Development,Spring 2019,2019,Transfer,3.0,120,3.39,3.41,In-State,FALSE,15,1,2,5,17030,7890,Employed Part-Time,0.6,IT Support Specialist,IT Support & Operations,Maryland Department of IT,Federal Government,"Washington, DC Metro",48000,FALSE,Recruiter Outreach
CID-964061,Computer Science,Bachelor of Science,Cybersecurity,Spring 2017,2017,First-Time Freshman,5.3,122,2.06,1.93,In-State,FALSE,1,3,3,2,44460,18750,Employed Full-Time,0.0,Associate Software Engineer,Software Engineering,Dockside Logistics Systems,Logistics & Transportation,"Washington, DC Metro",73250,FALSE,Return Offer from Internship
CID-293655,Information Systems,Bachelor of Science,Business Analytics,Spring 2017,2017,Transfer,2.3,121,3.58,3.67,Out-of-State,FALSE,7,1,0,2,20080,16840,Employed Full-Time,0.6,Junior Systems Analyst,IT Business & Product,Fidelis Capital Partners,Financial Services,"Chicago, IL",75250,FALSE,Recruiter Outreach
CID-123319,Computer Science,Bachelor of Science,Cybersecurity,Fall 2025,2025,Transfer,2.0,120,2.85,2.85,Out-of-State,FALSE,11,0,2,1,37250,4570,Employed Full-Time,2.3,AI Research Assistant,Machine Learning & AI,Office of Technology Policy,Federal Government,Northern Virginia,85500,FALSE,Online Application
CID-887435,Information Systems,Bachelor of Science,Cybersecurity Management,Fall 2019,2019,Transfer,4.0,121,2.51,2.47,In-State,FALSE,3,1,1,4,19090,12040,Military,Not Applicable,Not Applicable,Not Applicable,Not Applicable,Not Applicable,Not Applicable,Not Applicable,Not Applicable,Not Applicable
CID-180046,Computer Science,Bachelor of Science,Software Engineering,Fall 2022,2022,Transfer,2.0,121,2.91,2.86,In-State,FALSE,2,1,1,1,12250,2540,Employed Full-Time,0.2,Junior ML Engineer,Machine Learning & AI,Potomac Mission Solutions,Federal Contracting,"Washington, DC Metro",83500,FALSE,Recruiter Outreach
CID-604559,Computer Science,Master of Science,General,Spring 2016,2016,First-Time Freshman,6.7,122,3.61,3.58,Out-of-State,FALSE,25,1,0,1,34880,11570,Employed Full-Time,1.4,Associate Software Engineer,Software Engineering,Allied Shield Insurance Group,Insurance,"Philadelphia, PA",75500,FALSE,Recruiter Outreach
CID-467530,Information Systems,Bachelor of Science,Business Analytics,Spring 2026,2026,First-Time Freshman,4.7,121,3.11,3.10,In-State,FALSE,11,4,0,2,40340,32070,Employed Full-Time,0.2,Business Intelligence Analyst,Data & Analytics,Anvil Compute,Cloud & Infrastructure,"Baltimore, MD",100500,FALSE,Return Offer from Internship
CID-339454,Computer Science,Bachelor of Science,General,Spring 2017,2017,Transfer,1.7,121,2.73,2.65,In-State,FALSE,3,1,0,2,8740,5490,Continuing Education,Not Applicable,Not Applicable,Not Applicable,Not Applicable,Not Applicable,Not Applicable,Not Applicable,Not Applicable,Not Applicable
CID-185017,Information Systems,Bachelor of Science,Software Development,Spring 2022,2022,First-Time Freshman,7.3,121,3.17,3.05,Out-of-State,FALSE,15,2,2,2,89760,46620,Employed Full-Time,0.2,Junior Data Analyst,Data & Analytics,Fidelis Capital Partners,Financial Services,"Washington, DC Metro",88000,FALSE,Return Offer from Internship
CID-885009,Computer Science,Bachelor of Science,Data Science,Fall 2015,2015,First-Time Freshman,4.7,122,2.59,2.60,In-State,FALSE,4,3,0,1,34930,23450,Employed Full-Time,0.3,Data Analyst,Data & Analytics,Severn River Consulting,Federal Contracting,Northern Virginia,57500,FALSE,Return Offer from Internship
CID-141025,Information Systems,Bachelor of Science,Software Development,Spring 2024,2024,First-Time Freshman,5.3,121,2.13,2.15,In-State,FALSE,6,0,0,3,32600,16290,No Response,Not Applicable,Not Applicable,Not Applicable,Not Applicable,Not Applicable,Not Applicable,Not Applicable,Not Applicable,Not Applicable
CID-348724,Information Systems,Bachelor of Science,General,Spring 2022,2022,First-Time Freshman,4.0,121,3.26,3.25,Out-of-State,FALSE,10,1,0,3,74310,38110,No Response,Not Applicable,Not Applicable,Not Applicable,Not Applicable,Not Applicable,Not Applicable,Not Applicable,Not Applicable,Not Applicable
CID-102854,Computer Science,Bachelor of Science,Software Engineering,Fall 2023,2023,First-Time Freshman,4.0,122,2.57,2.42,Out-of-State,FALSE,20,1,0,2,109300,56830,Employed Full-Time,2.9,Business Analyst,IT Business & Product,Lumen Grid Software,Software Products,"Washington, DC Metro",97250,FALSE,Personal Network
CID-425799,Computer Science,Bachelor of Science,Cybersecurity,Spring 2021,2021,First-Time Freshman,4.0,122,2.67,2.68,In-State,FALSE,0,0,0,2,45160,22280,Employed Full-Time,2.0,Associate Software Engineer,Software Engineering,Patapsco Aerospace,Defense & Aerospace,"Washington, DC Metro",73750,FALSE,Career Fair
CID-400088,Information Systems,Bachelor of Science,General,Fall 2024,2024,Transfer,2.7,122,3.96,3.94,In-State,FALSE,2,2,3,2,10060,6730,Employed Full-Time,1.1,Security Analyst I,Cybersecurity,Keystone Federal Services,Federal Contracting,"Columbia/Howard County, MD",119000,FALSE,Online Application
CID-386925,Computer Science,Bachelor of Science,Cybersecurity,Spring 2024,2024,First-Time Freshman,4.3,122,2.99,3.00,In-State,FALSE,0,2,0,1,46680,28560,No Response,Not Applicable,Not Applicable,Not Applicable,Not Applicable,Not Applicable,Not Applicable,Not Applicable,Not Applicable,Not Applicable
CID-814534,Computer Science,Bachelor of Science,Cybersecurity,Fall 2016,2016,First-Time Freshman,3.0,121,3.26,3.05,Out-of-State,FALSE,1,1,2,6,64800,47110,Employed Full-Time,0.3,Associate Software Engineer,Software Engineering,Sterling Ridge Consulting,Consulting & Professional Services,"Denver, CO",87250,FALSE,Online Application
CID-659570,Information Systems,Bachelor of Science,General,Spring 2017,2017,Transfer,2.3,120,2.65,2.71,In-State,FALSE,0,1,3,2,12120,8700,Employed Full-Time,2.2,Junior Data Analyst,Data & Analytics,Maryland Department of IT,Federal Government,"Washington, DC Metro",44000,FALSE,Career Fair
CID-878341,Computer Science,Bachelor of Science,Software Engineering,Fall 2023,2023,First-Time Freshman,4.3,121,3.10,3.09,In-State,FALSE,6,3,0,1,32640,7890,Employed Full-Time,0.3,SOC Analyst,Cybersecurity,Office of Technology Policy,Federal Government,"Baltimore, MD",91500,TRUE,Return Offer from Internship
CID-283505,Computer Science,Bachelor of Science,Cybersecurity,Fall 2015,2015,Transfer,2.0,121,3.26,3.26,In-State,FALSE,13,1,0,1,9360,3470,Continuing Education,Not Applicable,Not Applicable,Not Applicable,Not Applicable,Not Applicable,Not Applicable,Not Applicable,Not Applicable,Not Applicable
CID-874573,Computer Science,Bachelor of Science,Data Science,Spring 2021,2021,First-Time Freshman,4.7,122,2.33,2.32,Out-of-State,FALSE,0,3,0,1,57580,35750,Employed Full-Time,0.7,Software Engineer I,Software Engineering,Harbor Mutual Insurance,Insurance,"Washington, DC Metro",62000,FALSE,Recruiter Outreach
CID-729809,Computer Science,Bachelor of Science,Cybersecurity,Spring 2022,2022,First-Time Freshman,3.7,120,3.03,2.97,Out-of-State,FALSE,8,2,0,6,67160,7170,Employed Part-Time,0.0,Software Engineer I,Software Engineering,Monument Bank Technology,Financial Services,Remote - United States,78750,TRUE,Student Organization Connection
CID-595926,Computer Science,Bachelor of Science,General,Fall 2017,2017,First-Time Freshman,4.3,121,3.17,3.28,In-State,FALSE,19,0,0,3,19220,11000,No Response,Not Applicable,Not Applicable,Not Applicable,Not Applicable,Not Applicable,Not Applicable,Not Applicable,Not Applicable,Not Applicable
CID-634183,Computer Science,Bachelor of Science,Cybersecurity,Fall 2020,2020,Transfer,3.0,120,2.70,2.73,In-State,FALSE,13,1,1,1,15920,13220,Employed Full-Time,1.3,Security Analyst I,Cybersecurity,Fidelis Capital Partners,Financial Services,"Baltimore, MD",91750,FALSE,Recruiter Outreach
CID-709054,Information Systems,Bachelor of Science,Business Analytics,Fall 2023,2023,First-Time Freshman,3.7,121,3.05,3.00,In-State,FALSE,1,2,1,4,36190,13730,Employed Full-Time,0.5,Business Intelligence Analyst,Data & Analytics,Calvert Advisory Group,Consulting & Professional Services,"New York, NY",108500,FALSE,Return Offer from Internship
CID-456841,Computer Science,Bachelor of Science,General,Fall 2019,2019,First-Time Freshman,7.0,123,3.20,3.28,In-State,FALSE,16,1,0,1,27270,6120,Employed Full-Time,2.0,Business Intelligence Analyst,Data & Analytics,Shoreline Retail Group,E-Commerce & Retail Tech,"Austin, TX",75250,FALSE,Online Application
CID-453320,Computer Science,Bachelor of Science,Data Science,Fall 2015,2015,First-Time Freshman,3.7,120,3.24,3.22,In-State,FALSE,6,3,1,2,21210,8910,Employed Full-Time,0.4,Junior ML Engineer,Machine Learning & AI,Arbor Peak Technologies,Software Products,"New York, NY",100500,FALSE,Return Offer from Internship
CID-535144,Computer Science,Bachelor of Science,General,Spring 2023,2023,First-Time Freshman,3.3,120,3.67,3.75,Out-of-State,FALSE,3,1,2,3,67710,48860,Employed Full-Time,2.1,Associate Software Engineer,Software Engineering,Dockside Logistics Systems,Logistics & Transportation,"Washington, DC Metro",86250,FALSE,Student Organization Connection
CID-707279,Information Systems,Bachelor of Science,Cybersecurity Management,Spring 2017,2017,First-Time Freshman,3.7,121,3.36,3.15,In-State,FALSE,12,1,2,0,23440,8430,Employed Full-Time,1.0,Cloud Support Engineer,Infrastructure & Cloud,Allied Shield Insurance Group,Insurance,"New York, NY",85000,FALSE,Online Application
CID-162195,Information Systems,Bachelor of Science,Software Development,Spring 2020,2020,First-Time Freshman,4.3,121,2.79,2.60,Out-of-State,FALSE,16,2,2,1,71490,29900,Continuing Education,Not Applicable,Not Applicable,Not Applicable,Not Applicable,Not Applicable,Not Applicable,Not Applicable,Not Applicable,Not Applicable
CID-679392,Information Systems,Bachelor of Science,Business Analytics,Spring 2021,2021,First-Time Freshman,4.0,121,3.11,3.05,Out-of-State,FALSE,10,1,0,5,87180,81650,No Response,Not Applicable,Not Applicable,Not Applicable,Not Applicable,Not Applicable,Not Applicable,Not Applicable,Not Applicable,Not Applicable
CID-897656,Computer Science,Bachelor of Science,General,Spring 2017,2017,First-Time Freshman,3.7,120,3.60,3.50,Out-of-State,FALSE,5,1,0,2,41390,28140,No Response,Not Applicable,Not Applicable,Not Applicable,Not Applicable,Not Applicable,Not Applicable,Not Applicable,Not Applicable,Not Applicable
CID-367132,Information Systems,Bachelor of Science,Software Development,Spring 2026,2026,Transfer,2.0,113,3.65,3.56,In-State,FALSE,11,1,0,0,10300,5760,No Response,Not Applicable,Not Applicable,Not Applicable,Not Applicable,Not Applicable,Not Applicable,Not Applicable,Not Applicable,Not Applicable
CID-876142,Computer Science,Master of Science,Data Science,Fall 2015,2015,First-Time Freshman,4.7,120,2.56,2.42,Out-of-State,TRUE,21,1,0,3,65060,15880,Employed Part-Time,3.1,Data Analyst,Data & Analytics,Pinnacle Bridge Partners,Consulting & Professional Services,Northern Virginia,60000,FALSE,Alumni Network
CID-496850,Computer Science,Bachelor of Science,Software Engineering,Summer 2023,2023,First-Time Freshman,6.7,120,3.50,3.52,Out-of-State,FALSE,20,1,0,2,46810,22390,Employed Full-Time,1.4,Junior Data Analyst,Data & Analytics,Cartway Commerce,E-Commerce & Retail Tech,"Washington, DC Metro",93500,FALSE,Personal Network
CID-273678,Computer Science,Bachelor of Science,General,Summer 2022,2022,First-Time Freshman,3.3,122,3.38,3.35,In-State,FALSE,3,1,0,2,41130,21810,Employed Full-Time,0.0,AI Research Assistant,Machine Learning & AI,Meridian National Systems,Federal Contracting,"Washington, DC Metro",98000,TRUE,Alumni Network
CID-933173,Information Systems,Bachelor of Science,Health Information Technology,Spring 2026,2026,First-Time Freshman,4.0,118,2.91,3.00,In-State,FALSE,11,3,0,4,51000,21130,Employed Full-Time,0.6,Junior Security Engineer,Cybersecurity,Potomac Mission Solutions,Federal Contracting,"Columbia/Howard County, MD",101500,FALSE,Return Offer from Internship
CID-646268,Computer Science,Bachelor of Science,General,Spring 2015,2015,Transfer,2.0,121,2.80,2.50,In-State,FALSE,24,0,0,3,12430,4280,Employed Full-Time,3.6,IT Analyst,IT Business & Product,Piedmont Energy Partners,Energy & Utilities,"Columbia/Howard County, MD",54750,FALSE,Faculty or Staff Referral
CID-455112,Computer Science,Bachelor of Science,Cybersecurity,Spring 2015,2015,First-Time Freshman,3.3,120,3.37,3.47,In-State,FALSE,11,1,2,5,26290,24190,Employed Full-Time,0.5,Junior Systems Analyst,IT Business & Product,Tidewater Defense Group,Defense & Aerospace,"Washington, DC Metro",96750,FALSE,Return Offer from Internship
CID-838703,Computer Science,Bachelor of Science,Software Engineering,Spring 2021,2021,First-Time Freshman,5.0,122,2.99,3.00,In-State,FALSE,10,2,0,0,35510,30160,Employed Full-Time,0.5,Software Engineer I,Software Engineering,Patapsco Aerospace,Defense & Aerospace,"Baltimore, MD",87500,TRUE,Return Offer from Internship
CID-486235,Computer Science,Bachelor of Science,Cybersecurity,Fall 2021,2021,First-Time Freshman,4.3,120,2.77,2.84,In-State,FALSE,26,1,0,3,39640,21470,No Response,Not Applicable,Not Applicable,Not Applicable,Not Applicable,Not Applicable,Not Applicable,Not Applicable,Not Applicable,Not Applicable
CID-822256,Information Systems,Bachelor of Science,General,Spring 2023,2023,Transfer,2.7,121,2.89,3.11,Out-of-State,FALSE,16,0,0,3,33340,11850,Employed Full-Time,5.0,Junior Systems Analyst,IT Business & Product,Wayfinder Technology Advisors,Consulting & Professional Services,"Baltimore, MD",53750,FALSE,Student Organization Connection
CID-663147,Computer Science,Bachelor of Science,Data Science,Spring 2016,2016,Transfer,3.0,122,3.71,3.76,Out-of-State,FALSE,0,0,0,2,20720,20720,No Response,Not Applicable,Not Applicable,Not Applicable,Not Applicable,Not Applicable,Not Applicable,Not Applicable,Not Applicable,Not Applicable
CID-367601,Computer Science,Bachelor of Science,General,Fall 2019,2019,First-Time Freshman,7.3,122,2.92,2.79,In-State,FALSE,31,0,0,3,45050,14260,Employed Full-Time,2.3,Junior Security Engineer,Cybersecurity,Catoctin Analytics Group,Federal Contracting,Northern Virginia,99000,FALSE,Personal Network
CID-489959,Computer Science,Bachelor of Science,General,Spring 2016,2016,First-Time Freshman,4.3,122,2.35,2.38,In-State,FALSE,14,2,0,2,31970,6370,No Response,Not Applicable,Not Applicable,Not Applicable,Not Applicable,Not Applicable,Not Applicable,Not Applicable,Not Applicable,Not Applicable
CID-986102,Information Systems,Bachelor of Science,General,Spring 2026,2026,First-Time Freshman,8.3,121,2.55,2.40,In-State,FALSE,23,0,0,3,43800,30340,Still Seeking,Not Applicable,Not Applicable,Not Applicable,Not Applicable,Not Applicable,Not Applicable,Not Applicable,Not Applicable,Not Applicable
CID-506828,Computer Science,Bachelor of Science,Cybersecurity,Spring 2022,2022,Transfer,2.7,122,2.84,3.10,In-State,FALSE,8,0,0,2,14240,8170,No Response,Not Applicable,Not Applicable,Not Applicable,Not Applicable,Not Applicable,Not Applicable,Not Applicable,Not Applicable,Not Applicable
CID-695414,Computer Science,Bachelor of Science,General,Spring 2023,2023,First-Time Freshman,3.3,121,2.93,2.87,In-State,FALSE,9,0,2,1,45510,26470,No Response,Not Applicable,Not Applicable,Not Applicable,Not Applicable,Not Applicable,Not Applicable,Not Applicable,Not Applicable,Not Applicable
CID-622513,Computer Science,Bachelor of Science,Data Science,Spring 2023,2023,Transfer,2.0,131,2.85,2.88,In-State,FALSE,0,1,0,5,12740,8310,Employed Part-Time,0.0,Machine Learning Engineer I,Machine Learning & AI,Beacon Telecom Services,Telecommunications,"Boston, MA",86250,FALSE,Career Fair
CID-329931,Computer Science,Bachelor of Science,Software Engineering,Fall 2022,2022,Transfer,2.3,120,3.31,3.29,In-State,FALSE,12,1,0,4,9700,9700,Employed Full-Time,0.0,Associate Software Engineer,Software Engineering,Chesapeake Defense Systems,Defense & Aerospace,"Baltimore, MD",77000,TRUE,Recruiter Outreach
CID-176375,Information Systems,Bachelor of Science,General,Spring 2017,2017,First-Time Freshman,3.3,121,3.67,3.60,In-State,FALSE,5,0,2,1,34870,26390,Continuing Education,Not Applicable,Not Applicable,Not Applicable,Not Applicable,Not Applicable,Not Applicable,Not Applicable,Not Applicable,Not Applicable
CID-543392,Information Systems,Master of Science,Business Analytics,Spring 2019,2019,First-Time Freshman,4.0,121,3.13,2.95,In-State,TRUE,11,1,0,8,29790,8930,No Response,Not Applicable,Not Applicable,Not Applicable,Not Applicable,Not Applicable,Not Applicable,Not Applicable,Not Applicable,Not Applicable
CID-846052,Information Systems,Bachelor of Science,Software Development,Fall 2023,2023,Transfer,1.7,126,3.40,3.35,In-State,FALSE,4,1,1,4,12540,4780,Employed Full-Time,2.2,Security Analyst I,Cybersecurity,Maryland Department of IT,Federal Government,"Baltimore, MD",73000,FALSE,Career Fair
CID-280862,Computer Science,Bachelor of Science,Software Engineering,Fall 2019,2019,First-Time Freshman,4.3,120,2.52,2.47,Out-of-State,FALSE,2,3,0,1,86520,51290,No Response,Not Applicable,Not Applicable,Not Applicable,Not Applicable,Not Applicable,Not Applicable,Not Applicable,Not Applicable,Not Applicable
CID-474205,Computer Science,Bachelor of Science,Data Science,Fall 2019,2019,First-Time Freshman,4.7,122,3.20,3.22,In-State,FALSE,13,1,0,1,36890,18500,Employed Full-Time,2.8,Junior Data Analyst,Data & Analytics,Blue Heron Technologies,Federal Contracting,"Washington, DC Metro",84250,FALSE,Online Application
CID-141814,Information Systems,Bachelor of Science,Cybersecurity Management,Spring 2019,2019,First-Time Freshman,4.0,121,3.25,3.30,In-State,FALSE,13,0,0,2,48490,11580,Continuing Education,Not Applicable,Not Applicable,Not Applicable,Not Applicable,Not Applicable,Not Applicable,Not Applicable,Not Applicable,Not Applicable
CID-715225,Computer Science,Bachelor of Science,General,Fall 2017,2017,Transfer,2.3,122,2.56,2.37,In-State,FALSE,2,0,1,3,7450,5530,Employed Full-Time,2.1,Business Intelligence Analyst,Data & Analytics,Meridian National Systems,Federal Contracting,"Baltimore, MD",51500,FALSE,Online Application
CID-313960,Information Systems,Bachelor of Science,Cybersecurity Management,Spring 2015,2015,First-Time Freshman,3.7,121,3.90,3.85,Out-of-State,FALSE,0,1,0,2,29960,21330,Continuing Education,Not Applicable,Not Applicable,Not Applicable,Not Applicable,Not Applicable,Not Applicable,Not Applicable,Not Applicable,Not Applicable
CID-856935,Information Systems,Bachelor of Science,Business Analytics,Fall 2022,2022,First-Time Freshman,4.3,121,3.31,3.25,In-State,FALSE,4,2,2,1,32870,13170,Still Seeking,Not Applicable,Not Applicable,Not Applicable,Not Applicable,Not Applicable,Not Applicable,Not Applicable,Not Applicable,Not Applicable
CID-707918,Computer Science,Bachelor of Science,Data Science,Spring 2025,2025,First-Time Freshman,4.0,122,2.91,2.68,Out-of-State,FALSE,7,2,3,3,65930,29380,Employed Full-Time,1.6,Junior Data Analyst,Data & Analytics,Northwind Platform Co.,Software Products,"Atlanta, GA",107500,FALSE,Personal Network
CID-920663,Information Systems,Bachelor of Science,General,Spring 2023,2023,Transfer,2.7,121,3.26,3.39,In-State,FALSE,6,1,0,2,12630,1830,Military,Not Applicable,Not Applicable,Not Applicable,Not Applicable,Not Applicable,Not Applicable,Not Applicable,Not Applicable,Not Applicable
CID-875056,Information Systems,Bachelor of Science,Business Analytics,Fall 2020,2020,First-Time Freshman,4.3,121,3.12,3.10,In-State,FALSE,19,1,1,2,39140,16550,Continuing Education,Not Applicable,Not Applicable,Not Applicable,Not Applicable,Not Applicable,Not Applicable,Not Applicable,Not Applicable,Not Applicable
CID-583556,Computer Science,Bachelor of Science,Artificial Intelligence,Fall 2024,2024,Transfer,1.7,120,2.90,2.76,In-State,FALSE,8,1,1,0,11570,7900,Employed Full-Time,0.1,Associate Software Engineer,Software Engineering,Chesapeake Defense Systems,Defense & Aerospace,"Baltimore, MD",84750,FALSE,Return Offer from Internship
CID-155623,Computer Science,Bachelor of Science,General,Fall 2022,2022,First-Time Freshman,4.0,122,3.19,3.06,In-State,FALSE,0,2,0,4,30920,23360,Employed Full-Time,0.0,Machine Learning Engineer I,Machine Learning & AI,Shoreline Retail Group,E-Commerce & Retail Tech,"Baltimore, MD",99500,TRUE,Personal Network
CID-493494,Computer Science,Bachelor of Science,General,Summer 2020,2020,First-Time Freshman,3.3,121,3.70,3.84,In-State,FALSE,10,1,2,4,28470,11260,Employed Full-Time,2.7,Junior Developer,Software Engineering,Northwind Platform Co.,Software Products,"Baltimore, MD",95000,FALSE,Recruiter Outreach
CID-442329,Computer Science,Bachelor of Science,Cybersecurity,Fall 2017,2017,Transfer,3.3,120,3.22,3.20,In-State,FALSE,10,1,2,5,11180,3270,Employed Full-Time,1.0,Software Engineer I,Software Engineering,CareBridge Technology,Healthcare & Life Sciences,"Washington, DC Metro",84000,FALSE,Career Fair
CID-440690,Computer Science,Bachelor of Science,General,Spring 2023,2023,First-Time Freshman,3.3,120,2.86,2.73,In-State,FALSE,0,2,2,0,32530,8200,Continuing Education,Not Applicable,Not Applicable,Not Applicable,Not Applicable,Not Applicable,Not Applicable,Not Applicable,Not Applicable,Not Applicable
CID-751043,Computer Science,Bachelor of Science,Cybersecurity,Fall 2015,2015,First-Time Freshman,3.0,120,2.81,2.65,In-State,FALSE,9,2,2,1,26780,0,Employed Full-Time,0.4,Software Engineer I,Software Engineering,Vantage Point Applications,Software Products,"Baltimore, MD",81000,FALSE,Return Offer from Internship
CID-525443,Computer Science,Bachelor of Science,Cybersecurity,Fall 2018,2018,Transfer,3.0,121,2.75,2.94,In-State,FALSE,5,0,0,3,7690,1840,Employed Full-Time,4.4,Clinical Systems Analyst,Health IT,National Data Services Agency,Federal Government,"Washington, DC Metro",60250,FALSE,Career Fair
CID-135105,Computer Science,Bachelor of Science,Artificial Intelligence,Spring 2023,2023,Transfer,6.7,122,2.29,2.20,In-State,FALSE,37,0,0,2,15410,3850,Employed Full-Time,4.3,Associate Software Engineer,Software Engineering,Tidal Power Cooperative,Energy & Utilities,"Washington, DC Metro",61750,FALSE,Online Application
CID-637824,Computer Science,Bachelor of Science,Cybersecurity,Fall 2021,2021,Transfer,3.7,120,2.78,2.76,In-State,FALSE,25,0,1,1,13110,8770,Employed Full-Time,1.3,Cloud Support Engineer,Infrastructure & Cloud,Patapsco Aerospace,Defense & Aerospace,"Washington, DC Metro",73250,FALSE,Online Application
CID-130793,Information Systems,Bachelor of Science,Health Information Technology,Spring 2025,2025,First-Time Freshman,6.3,121,3.74,3.70,In-State,FALSE,14,1,0,3,36370,29660,Employed Full-Time,1.6,Business Analyst,IT Business & Product,Sterling Ridge Consulting,Consulting & Professional Services,Northern Virginia,94250,FALSE,Online Application
CID-472966,Information Systems,Master of Science,Business Analytics,Spring 2025,2025,First-Time Freshman,3.7,121,3.16,3.19,Out-of-State,TRUE,16,1,0,1,80940,0,Still Seeking,Not Applicable,Not Applicable,Not Applicable,Not Applicable,Not Applicable,Not Applicable,Not Applicable,Not Applicable,Not Applicable
CID-129257,Information Systems,Bachelor of Science,General,Spring 2023,2023,First-Time Freshman,4.7,121,3.01,2.85,In-State,FALSE,10,2,0,4,50050,27830,Employed Full-Time,0.2,IT Analyst,IT Business & Product,Northwind Platform Co.,Software Products,"Baltimore, MD",99000,FALSE,Return Offer from Internship
CID-575773,Computer Science,Bachelor of Science,General,Fall 2018,2018,Transfer,3.7,122,2.79,2.78,Out-of-State,FALSE,16,0,0,1,29550,19440,No Response,Not Applicable,Not Applicable,Not Applicable,Not Applicable,Not Applicable,Not Applicable,Not Applicable,Not Applicable,Not Applicable
CID-264365,Computer Science,Bachelor of Science,Artificial Intelligence,Fall 2022,2022,First-Time Freshman,4.3,120,3.33,3.40,In-State,FALSE,16,0,0,3,30140,11270,Employed Full-Time,2.9,Junior Developer,Software Engineering,Potomac Mission Solutions,Federal Contracting,"Baltimore, MD",71250,TRUE,Personal Network
CID-459122,Computer Science,Bachelor of Science,General,Spring 2015,2015,Transfer,4.0,122,2.84,2.92,In-State,FALSE,14,1,0,5,14270,6110,No Response,Not Applicable,Not Applicable,Not Applicable,Not Applicable,Not Applicable,Not Applicable,Not Applicable,Not Applicable,Not Applicable
CID-510773,Computer Science,Bachelor of Science,Cybersecurity,Fall 2025,2025,First-Time Freshman,3.7,120,3.03,2.98,Out-of-State,FALSE,4,2,0,4,91290,47400,Employed Full-Time,1.2,Business Intelligence Analyst,Data & Analytics,Dockside Logistics Systems,Logistics & Transportation,Northern Virginia,84250,FALSE,Career Fair
CID-166544,Information Systems,Bachelor of Science,Software Development,Spring 2022,2022,First-Time Freshman,4.3,121,3.44,3.45,Out-of-State,FALSE,1,3,0,2,73210,16160,Continuing Education,Not Applicable,Not Applicable,Not Applicable,Not Applicable,Not Applicable,Not Applicable,Not Applicable,Not Applicable,Not Applicable
CID-230667,Computer Science,Bachelor of Science,Data Science,Fall 2019,2019,Transfer,2.0,121,3.03,2.98,In-State,FALSE,0,1,2,4,9450,7060,Employed Full-Time,0.0,Associate Software Engineer,Software Engineering,Tidewater Defense Group,Defense & Aerospace,"Baltimore, MD",61500,FALSE,Career Fair
CID-288731,Computer Science,Bachelor of Science,Artificial Intelligence,Spring 2023,2023,Transfer,2.3,122,2.72,2.81,In-State,FALSE,5,0,0,3,14810,4470,Employed Full-Time,7.0,Data Analyst,Data & Analytics,Meridian National Systems,Federal Contracting,"Washington, DC Metro",73250,FALSE,Online Application
CID-670172,Computer Science,Bachelor of Science,Cybersecurity,Spring 2020,2020,First-Time Freshman,3.0,120,3.49,3.50,Out-of-State,FALSE,11,1,0,3,56640,37900,Continuing Education,Not Applicable,Not Applicable,Not Applicable,Not Applicable,Not Applicable,Not Applicable,Not Applicable,Not Applicable,Not Applicable
CID-639045,Computer Science,Bachelor of Science,General,Fall 2022,2022,First-Time Freshman,4.3,120,2.62,2.55,In-State,FALSE,6,1,1,3,45020,7860,Employed Full-Time,0.0,Business Analyst,IT Business & Product,Maryland Department of IT,Federal Government,"Baltimore, MD",67750,FALSE,Personal Network
CID-714938,Information Systems,Bachelor of Science,Software Development,Spring 2025,2025,First-Time Freshman,4.0,121,2.71,2.60,Out-of-State,FALSE,1,0,1,1,90790,47130,Employed Full-Time,2.4,Software Engineer I,Software Engineering,Brightline Software Group,Software Products,"Baltimore, MD",78000,FALSE,Recruiter Outreach
CID-311415,Computer Science,Bachelor of Science,Software Engineering,Fall 2019,2019,First-Time Freshman,3.7,121,2.77,2.79,In-State,FALSE,17,2,1,1,31810,18530,Employed Full-Time,0.0,Cloud Support Engineer,Infrastructure & Cloud,Potomac Mission Solutions,Federal Contracting,"Baltimore, MD",78250,FALSE,Career Fair
CID-330168,Computer Science,Bachelor of Science,Data Science,Spring 2016,2016,Transfer,5.3,122,2.73,2.84,In-State,FALSE,29,0,3,2,15510,530,No Response,Not Applicable,Not Applicable,Not Applicable,Not Applicable,Not Applicable,Not Applicable,Not Applicable,Not Applicable,Not Applicable
CID-967728,Computer Science,Bachelor of Science,Data Science,Fall 2017,2017,Transfer,3.0,122,3.21,3.27,In-State,FALSE,7,1,0,0,8570,4150,No Response,Not Applicable,Not Applicable,Not Applicable,Not Applicable,Not Applicable,Not Applicable,Not Applicable,Not Applicable,Not Applicable
CID-185031,Information Systems,Bachelor of Science,General,Fall 2022,2022,First-Time Freshman,9.7,121,2.11,2.20,Out-of-State,FALSE,16,2,0,0,94220,20810,Employed Full-Time,0.0,Junior Developer,Software Engineering,Vantage Point Applications,Software Products,"Baltimore, MD",76250,FALSE,Online Application
CID-269764,Computer Science,Bachelor of Science,Cybersecurity,Fall 2020,2020,First-Time Freshman,4.3,122,3.50,3.42,Out-of-State,FALSE,23,3,0,5,80080,39440,No Response,Not Applicable,Not Applicable,Not Applicable,Not Applicable,Not Applicable,Not Applicable,Not Applicable,Not Applicable,Not Applicable
CID-707775,Information Systems,Bachelor of Science,Business Analytics,Spring 2018,2018,Transfer,4.0,122,2.53,2.53,In-State,FALSE,8,2,1,2,10260,980,No Response,Not Applicable,Not Applicable,Not Applicable,Not Applicable,Not Applicable,Not Applicable,Not Applicable,Not Applicable,Not Applicable
CID-552410,Computer Science,Bachelor of Science,Cybersecurity,Spring 2018,2018,Transfer,2.0,121,3.26,3.26,In-State,FALSE,11,1,1,1,11760,6740,Employed Full-Time,2.6,Junior Developer,Software Engineering,Vantage Point Applications,Software Products,Remote - United States,71250,TRUE,Student Organization Connection
CID-863710,Information Systems,Bachelor of Science,Software Development,Spring 2025,2025,Transfer,2.0,120,3.85,3.82,In-State,FALSE,10,1,0,3,9360,4290,Employed Full-Time,1.4,IT Analyst,IT Business & Product,Vantage Point Applications,Software Products,"Columbia/Howard County, MD",91250,TRUE,Student Organization Connection
CID-877695,Computer Science,Bachelor of Science,Data Science,Spring 2015,2015,Transfer,3.0,122,3.58,3.74,In-State,FALSE,19,1,2,4,5790,4720,No Response,Not Applicable,Not Applicable,Not Applicable,Not Applicable,Not Applicable,Not Applicable,Not Applicable,Not Applicable,Not Applicable
CID-891503,Computer Science,Master of Science,General,Fall 2023,2023,First-Time Freshman,4.0,120,3.20,3.37,In-State,TRUE,12,1,0,2,36910,25460,Employed Full-Time,0.8,Business Intelligence Analyst,Data & Analytics,Cartway Commerce,E-Commerce & Retail Tech,Northern Virginia,95750,FALSE,Recruiter Outreach
CID-189138,Computer Science,Bachelor of Science,Software Engineering,Spring 2018,2018,First-Time Freshman,3.3,120,3.49,3.54,In-State,FALSE,2,1,2,3,35530,20470,Employed Full-Time,0.0,Junior Developer,Software Engineering,Meridian National Systems,Federal Contracting,"Baltimore, MD",62750,FALSE,Career Fair
CID-549228,Information Systems,Bachelor of Science,Business Analytics,Fall 2018,2018,First-Time Freshman,4.0,121,3.14,3.15,Out-of-State,FALSE,14,0,0,1,66190,31510,Employed Full-Time,4.2,Data Analyst,Data & Analytics,Pinnacle Bridge Partners,Consulting & Professional Services,"Baltimore, MD",58750,FALSE,Career Fair
CID-351722,Computer Science,Bachelor of Science,Software Engineering,Fall 2024,2024,First-Time Freshman,3.3,121,3.92,3.85,In-State,FALSE,13,1,0,7,41330,27140,Employed Full-Time,0.1,Junior Developer,Software Engineering,Potomac Mission Solutions,Federal Contracting,"Baltimore, MD",86750,FALSE,Return Offer from Internship
CID-650763,Computer Science,Bachelor of Science,General,Spring 2017,2017,Transfer,2.0,139,2.63,2.62,In-State,FALSE,17,0,0,2,6810,5290,Employed Full-Time,3.2,AI Research Assistant,Machine Learning & AI,Chesterfield Asset Management,Financial Services,"Baltimore, MD",66250,FALSE,Alumni Network
CID-712123,Computer Science,Bachelor of Science,General,Spring 2019,2019,Transfer,2.3,120,3.06,3.09,In-State,FALSE,13,1,2,1,9000,9000,Employed Full-Time,0.0,Business Intelligence Analyst,Data & Analytics,Monument Bank Technology,Financial Services,"Baltimore, MD",80500,FALSE,Career Fair
CID-778013,Computer Science,Bachelor of Science,General,Fall 2020,2020,First-Time Freshman,4.7,122,3.02,2.94,In-State,FALSE,4,1,0,3,28570,1390,No Response,Not Applicable,Not Applicable,Not Applicable,Not Applicable,Not Applicable,Not Applicable,Not Applicable,Not Applicable,Not Applicable
CID-665444,Information Systems,Bachelor of Science,Software Development,Spring 2019,2019,First-Time Freshman,4.3,121,3.21,3.35,In-State,FALSE,8,0,0,0,27130,14140,Employed Full-Time,3.6,Security Analyst I,Cybersecurity,Severn River Consulting,Federal Contracting,Northern Virginia,83250,FALSE,Recruiter Outreach
CID-433222,Information Systems,Bachelor of Science,Business Analytics,Spring 2026,2026,Transfer,6.7,122,2.79,2.89,In-State,FALSE,24,3,0,1,24510,0,Employed Full-Time,0.6,Software Engineer I,Software Engineering,Brightline Software Group,Software Products,"Baltimore, MD",74750,TRUE,Return Offer from Internship
CID-988624,Information Systems,Bachelor of Science,Health Information Technology,Spring 2025,2025,First-Time Freshman,7.7,121,2.40,2.48,In-State,FALSE,25,2,0,5,58610,30990,Employed Full-Time,3.5,Business Analyst,IT Business & Product,Office of Technology Policy,Federal Government,"Columbia/Howard County, MD",73500,FALSE,Career Fair
CID-971078,Information Systems,Bachelor of Science,Cybersecurity Management,Fall 2017,2017,First-Time Freshman,3.3,121,3.61,3.75,In-State,FALSE,1,2,0,4,29270,19200,Employed Full-Time,0.1,Software Engineer I,Software Engineering,Brightline Software Group,Software Products,"Baltimore, MD",77250,FALSE,Career Fair
CID-782092,Computer Science,Bachelor of Science,Software Engineering,Fall 2025,2025,First-Time Freshman,5.0,122,2.48,2.25,Out-of-State,FALSE,2,3,0,1,73220,16470,Employed Full-Time,0.3,Junior Developer,Software Engineering,Greenspring Health Systems,Healthcare & Life Sciences,"Columbia/Howard County, MD",83000,FALSE,Return Offer from Internship
CID-531427,Information Systems,Bachelor of Science,Business Analytics,Spring 2016,2016,First-Time Freshman,3.7,121,3.63,3.70,In-State,FALSE,2,2,2,7,26270,22010,Employed Full-Time,1.3,Junior Systems Analyst,IT Business & Product,Blue Heron Technologies,Federal Contracting,Northern Virginia,72750,FALSE,Alumni Network
CID-834646,Computer Science,Bachelor of Science,General,Spring 2020,2020,First-Time Freshman,7.0,120,3.03,3.20,In-State,FALSE,13,1,1,1,43150,27690,Employed Part-Time,4.6,Junior Developer,Software Engineering,Dockside Logistics Systems,Logistics & Transportation,Northern Virginia,69750,FALSE,Online Application
CID-357597,Information Systems,Bachelor of Science,Software Development,Fall 2024,2024,Transfer,3.0,121,2.52,2.44,In-State,FALSE,1,1,0,2,19030,11870,No Response,Not Applicable,Not Applicable,Not Applicable,Not Applicable,Not Applicable,Not Applicable,Not Applicable,Not Applicable,Not Applicable
CID-676730,Computer Science,Bachelor of Science,Cybersecurity,Fall 2024,2024,First-Time Freshman,4.0,122,3.30,3.27,In-State,FALSE,6,2,0,1,36180,26080,Still Seeking,Not Applicable,Not Applicable,Not Applicable,Not Applicable,Not Applicable,Not Applicable,Not Applicable,Not Applicable,Not Applicable
CID-765941,Computer Science,Bachelor of Science,Artificial Intelligence,Fall 2015,2015,Transfer,2.0,129,2.69,2.79,In-State,FALSE,5,0,0,2,13670,6080,Employed Full-Time,6.2,Junior Data Analyst,Data & Analytics,Potomac Mission Solutions,Federal Contracting,"Baltimore, MD",51000,FALSE,Career Fair
CID-597750,Computer Science,Bachelor of Science,Software Engineering,Spring 2024,2024,First-Time Freshman,4.0,120,2.73,2.82,In-State,FALSE,12,2,0,1,49960,49960,Employed Full-Time,3.3,Junior DevOps Engineer,Infrastructure & Cloud,Northfield Biosciences,Healthcare & Life Sciences,Remote - United States,83500,TRUE,Career Fair
CID-755747,Information Systems,Master of Science,Business Analytics,Spring 2024,2024,First-Time Freshman,3.7,120,3.05,3.00,Out-of-State,TRUE,3,2,1,1,101580,30420,Continuing Education,Not Applicable,Not Applicable,Not Applicable,Not Applicable,Not Applicable,Not Applicable,Not Applicable,Not Applicable,Not Applicable
CID-462925,Information Systems,Bachelor of Science,Software Development,Fall 2017,2017,First-Time Freshman,4.0,121,2.66,2.75,In-State,FALSE,6,0,0,1,34220,22220,Employed Part-Time,2.8,IT Analyst,IT Business & Product,Tidewater Defense Group,Defense & Aerospace,Northern Virginia,72750,FALSE,Career Fair
CID-233266,Computer Science,Bachelor of Science,Data Science,Fall 2024,2024,First-Time Freshman,4.0,123,2.79,2.82,In-State,FALSE,8,2,1,3,45950,33860,Employed Full-Time,0.2,Junior DevOps Engineer,Infrastructure & Cloud,Allied Shield Insurance Group,Insurance,"Philadelphia, PA",107000,FALSE,Return Offer from Internship
CID-924407,Computer Science,Bachelor of Science,Cybersecurity,Fall 2018,2018,First-Time Freshman,4.0,122,3.40,3.33,Out-of-State,FALSE,11,1,0,2,41790,33730,Employed Full-Time,0.0,Business Analyst,IT Business & Product,Tidewater Defense Group,Defense & Aerospace,"Baltimore, MD",69750,FALSE,Recruiter Outreach
CID-129091,Computer Science,Bachelor of Science,Cybersecurity,Spring 2020,2020,First-Time Freshman,4.0,122,3.08,3.08,In-State,FALSE,17,2,3,1,39430,23520,No Response,Not Applicable,Not Applicable,Not Applicable,Not Applicable,Not Applicable,Not Applicable,Not Applicable,Not Applicable,Not Applicable
CID-993984,Information Systems,Bachelor of Science,General,Spring 2023,2023,First-Time Freshman,5.0,121,2.50,2.57,Out-of-State,FALSE,1,3,1,7,85920,27340,Employed Full-Time,0.0,EHR Support Analyst,Health IT,Federal Health Data Office,Federal Government,"Washington, DC Metro",69000,FALSE,Return Offer from Internship
CID-426374,Computer Science,Bachelor of Science,Artificial Intelligence,Spring 2025,2025,Transfer,2.0,121,3.04,3.00,In-State,FALSE,0,1,1,1,17270,8380,Employed Full-Time,3.3,Security Analyst I,Cybersecurity,Piedmont Energy Partners,Energy & Utilities,"Columbia/Howard County, MD",87000,FALSE,Career Fair
CID-656400,Information Systems,Bachelor of Science,Health Information Technology,Fall 2016,2016,Transfer,2.0,120,3.11,3.00,In-State,FALSE,6,1,1,4,10870,4540,Employed Full-Time,0.1,IT Analyst,IT Business & Product,Greenspring Health Systems,Healthcare & Life Sciences,"Washington, DC Metro",70500,FALSE,Return Offer from Internship
CID-712277,Computer Science,Bachelor of Science,Software Engineering,Fall 2025,2025,First-Time Freshman,4.7,120,2.67,2.77,In-State,FALSE,15,1,0,0,52540,39230,No Response,Not Applicable,Not Applicable,Not Applicable,Not Applicable,Not Applicable,Not Applicable,Not Applicable,Not Applicable,Not Applicable
CID-902962,Information Systems,Bachelor of Science,Cybersecurity Management,Fall 2020,2020,First-Time Freshman,3.7,121,3.39,3.45,Out-of-State,FALSE,3,1,0,0,58710,29280,Employed Full-Time,3.7,Junior Systems Analyst,IT Business & Product,Potomac Mission Solutions,Federal Contracting,"Baltimore, MD",55000,FALSE,Recruiter Outreach
CID-471027,Information Systems,Bachelor of Science,Software Development,Spring 2020,2020,First-Time Freshman,4.0,121,3.36,3.35,In-State,FALSE,4,2,0,2,26930,9110,No Response,Not Applicable,Not Applicable,Not Applicable,Not Applicable,Not Applicable,Not Applicable,Not Applicable,Not Applicable,Not Applicable
CID-119081,Computer Science,Bachelor of Science,Cybersecurity,Fall 2025,2025,Transfer,2.7,121,3.42,3.49,In-State,FALSE,7,1,1,3,13320,5000,No Response,Not Applicable,Not Applicable,Not Applicable,Not Applicable,Not Applicable,Not Applicable,Not Applicable,Not Applicable,Not Applicable
CID-872537,Computer Science,Bachelor of Science,Software Engineering,Fall 2020,2020,First-Time Freshman,4.0,123,3.77,3.84,In-State,FALSE,0,0,0,5,31610,18120,Employed Full-Time,5.2,Junior Developer,Software Engineering,Keystone Federal Services,Federal Contracting,"Washington, DC Metro",68500,FALSE,Personal Network
CID-812625,Information Systems,Bachelor of Science,Cybersecurity Management,Spring 2020,2020,First-Time Freshman,4.0,121,3.07,3.35,In-State,FALSE,6,1,0,1,46140,16240,Employed Full-Time,5.3,Business Analyst,IT Business & Product,Northwind Platform Co.,Software Products,"Baltimore, MD",77250,FALSE,Career Fair
CID-105394,Information Systems,Bachelor of Science,Software Development,Fall 2020,2020,First-Time Freshman,4.0,121,2.76,2.80,In-State,FALSE,5,1,0,4,34880,19650,Employed Part-Time,2.5,AI Research Assistant,Machine Learning & AI,Potomac Mission Solutions,Federal Contracting,Northern Virginia,85250,FALSE,Career Fair
CID-594271,Information Systems,Bachelor of Science,Cybersecurity Management,Spring 2025,2025,First-Time Freshman,4.3,121,3.14,3.10,Out-of-State,FALSE,1,2,0,1,108350,42430,Continuing Education,Not Applicable,Not Applicable,Not Applicable,Not Applicable,Not Applicable,Not Applicable,Not Applicable,Not Applicable,Not Applicable
CID-986422,Information Systems,Bachelor of Science,Business Analytics,Fall 2016,2016,First-Time Freshman,6.0,121,2.35,2.14,In-State,FALSE,14,0,0,0,38880,27670,Employed Full-Time,5.8,Data Analyst,Data & Analytics,Calvert Advisory Group,Consulting & Professional Services,"Washington, DC Metro",69750,FALSE,Personal Network
CID-796718,Computer Science,Bachelor of Science,Artificial Intelligence,Fall 2019,2019,Transfer,3.3,120,3.04,2.98,In-State,FALSE,2,0,0,0,18320,12210,Employed Full-Time,3.2,Junior Systems Analyst,IT Business & Product,Parcel & Post Technologies,Logistics & Transportation,"Columbia/Howard County, MD",74250,FALSE,Career Fair
CID-531444,Information Systems,Bachelor of Science,Cybersecurity Management,Spring 2017,2017,First-Time Freshman,3.3,121,2.95,3.25,In-State,FALSE,0,0,2,2,31590,8050,Employed Full-Time,4.3,Junior Systems Analyst,IT Business & Product,Office of Technology Policy,Federal Government,"Washington, DC Metro",52500,FALSE,Student Organization Connection
CID-420478,Computer Science,Bachelor of Science,Software Engineering,Spring 2017,2017,Transfer,2.3,122,2.86,2.91,In-State,FALSE,4,0,0,3,13560,7400,Employed Full-Time,6.8,EHR Support Analyst,Health IT,Stratus Cloud Works,Cloud & Infrastructure,"Baltimore, MD",75250,FALSE,Faculty or Staff Referral
CID-140100,Computer Science,Bachelor of Science,Data Science,Spring 2026,2026,Transfer,2.7,117,2.27,2.30,In-State,FALSE,8,0,1,3,15250,9820,Still Seeking,Not Applicable,Not Applicable,Not Applicable,Not Applicable,Not Applicable,Not Applicable,Not Applicable,Not Applicable,Not Applicable
CID-762672,Information Systems,Bachelor of Science,General,Spring 2026,2026,First-Time Freshman,4.0,121,2.90,2.90,In-State,FALSE,12,1,0,4,41370,4330,Employed Full-Time,2.7,Associate Software Engineer,Software Engineering,Civic Code Alliance,Nonprofit & Civic Tech,Remote - United States,58000,TRUE,Recruiter Outreach
CID-862645,Computer Science,Bachelor of Science,Software Engineering,Fall 2022,2022,Transfer,3.7,136,1.88,1.96,In-State,FALSE,9,2,1,3,21340,5120,Employed Full-Time,0.0,Business Intelligence Analyst,Data & Analytics,Fidelis Capital Partners,Financial Services,Northern Virginia,76000,FALSE,Personal Network
CID-534130,Computer Science,Bachelor of Science,Cybersecurity,Spring 2024,2024,First-Time Freshman,4.0,121,2.83,2.88,Out-of-State,FALSE,11,1,0,2,96310,61120,Employed Full-Time,0.5,Data Analyst,Data & Analytics,Marketside Digital,E-Commerce & Retail Tech,Remote - United States,86750,TRUE,Return Offer from Internship
CID-358004,Computer Science,Bachelor of Science,Data Science,Spring 2019,2019,Transfer,6.7,122,3.01,3.29,In-State,FALSE,27,0,0,3,13780,2460,Continuing Education,Not Applicable,Not Applicable,Not Applicable,Not Applicable,Not Applicable,Not Applicable,Not Applicable,Not Applicable,Not Applicable
CID-553226,Information Systems,Bachelor of Science,Software Development,Spring 2023,2023,First-Time Freshman,4.0,121,3.22,3.20,Out-of-State,FALSE,21,1,2,2,61940,52930,Employed Full-Time,0.4,Junior Security Engineer,Cybersecurity,Harborline Networks,Cloud & Infrastructure,Northern Virginia,126000,FALSE,Return Offer from Internship
CID-296295,Information Systems,Bachelor of Science,Health Information Technology,Fall 2017,2017,First-Time Freshman,3.7,121,3.28,3.20,In-State,FALSE,1,3,2,7,29460,29460,Employed Full-Time,0.3,Business Analyst,IT Business & Product,Arbor Peak Technologies,Software Products,"Washington, DC Metro",91250,FALSE,Return Offer from Internship
CID-536316,Computer Science,Bachelor of Science,Software Engineering,Fall 2019,2019,First-Time Freshman,4.3,120,3.29,3.21,In-State,FALSE,19,1,3,2,27420,19940,Continuing Education,Not Applicable,Not Applicable,Not Applicable,Not Applicable,Not Applicable,Not Applicable,Not Applicable,Not Applicable,Not Applicable
CID-180023,Computer Science,Bachelor of Science,Artificial Intelligence,Fall 2019,2019,First-Time Freshman,4.3,120,3.32,3.16,In-State,FALSE,1,1,0,0,33150,10260,Employed Full-Time,2.8,Associate Software Engineer,Software Engineering,Catoctin Analytics Group,Federal Contracting,"Baltimore, MD",72500,FALSE,Personal Network
CID-815595,Information Systems,Bachelor of Science,Cybersecurity Management,Spring 2020,2020,Transfer,3.0,121,3.44,3.47,In-State,FALSE,17,1,0,5,15070,2000,No Response,Not Applicable,Not Applicable,Not Applicable,Not Applicable,Not Applicable,Not Applicable,Not Applicable,Not Applicable,Not Applicable
CID-938987,Computer Science,Bachelor of Science,General,Fall 2020,2020,Transfer,2.3,121,2.71,2.80,In-State,FALSE,10,0,0,2,14310,14310,Continuing Education,Not Applicable,Not Applicable,Not Applicable,Not Applicable,Not Applicable,Not Applicable,Not Applicable,Not Applicable,Not Applicable
CID-643984,Computer Science,Bachelor of Science,General,Spring 2019,2019,Transfer,2.3,121,2.91,3.00,In-State,FALSE,15,1,0,1,12310,12310,Continuing Education,Not Applicable,Not Applicable,Not Applicable,Not Applicable,Not Applicable,Not Applicable,Not Applicable,Not Applicable,Not Applicable
CID-232461,Computer Science,Bachelor of Science,Software Engineering,Spring 2026,2026,First-Time Freshman,3.7,120,3.08,3.06,In-State,FALSE,8,0,2,2,34200,20040,No Response,Not Applicable,Not Applicable,Not Applicable,Not Applicable,Not Applicable,Not Applicable,Not Applicable,Not Applicable,Not Applicable
CID-238671,Computer Science,Bachelor of Science,General,Fall 2015,2015,Transfer,1.7,120,3.32,3.42,In-State,FALSE,0,1,0,1,7500,4090,Employed Full-Time,0.0,Junior DevOps Engineer,Infrastructure & Cloud,Falconview Systems,Software Products,Northern Virginia,97250,FALSE,Career Fair
CID-487272,Computer Science,Bachelor of Science,General,Spring 2016,2016,First-Time Freshman,5.0,122,2.40,2.30,Out-of-State,FALSE,8,1,0,7,73120,28010,Employed Full-Time,2.7,Data Analyst,Data & Analytics,Federal Health Data Office,Federal Government,"Washington, DC Metro",58000,FALSE,Student Organization Connection
CID-318551,Information Systems,Bachelor of Science,Business Analytics,Fall 2021,2021,First-Time Freshman,4.0,121,2.83,2.90,In-State,FALSE,6,0,0,0,40280,12510,Employed Full-Time,2.8,Junior Data Analyst,Data & Analytics,Antietam Systems Integration,Federal Contracting,Remote - United States,63250,TRUE,Online Application
CID-432237,Computer Science,Bachelor of Science,Cybersecurity,Spring 2026,2026,First-Time Freshman,8.3,119,2.73,2.50,In-State,FALSE,30,0,0,0,26380,12550,No Response,Not Applicable,Not Applicable,Not Applicable,Not Applicable,Not Applicable,Not Applicable,Not Applicable,Not Applicable,Not Applicable
CID-324195,Computer Science,Bachelor of Science,Software Engineering,Spring 2016,2016,Transfer,2.0,121,3.48,3.49,In-State,FALSE,1,1,0,0,11630,7470,Employed Full-Time,2.3,AI Research Assistant,Machine Learning & AI,Catoctin Analytics Group,Federal Contracting,"Washington, DC Metro",81500,FALSE,Online Application
CID-795299,Information Systems,Bachelor of Science,Business Analytics,Spring 2020,2020,First-Time Freshman,4.3,121,2.84,2.80,In-State,FALSE,20,2,0,3,24000,14590,Still Seeking,Not Applicable,Not Applicable,Not Applicable,Not Applicable,Not Applicable,Not Applicable,Not Applicable,Not Applicable,Not Applicable
CID-603500,Computer Science,Bachelor of Science,Cybersecurity,Spring 2022,2022,First-Time Freshman,4.0,122,3.11,3.07,Out-of-State,FALSE,3,1,0,1,61520,34890,No Response,Not Applicable,Not Applicable,Not Applicable,Not Applicable,Not Applicable,Not Applicable,Not Applicable,Not Applicable,Not Applicable
CID-995163,Computer Science,Bachelor of Science,Data Science,Fall 2024,2024,First-Time Freshman,6.7,123,3.12,2.80,In-State,FALSE,21,2,0,2,25990,22770,Employed Part-Time,0.4,Junior Data Analyst,Data & Analytics,Sterling Ridge Consulting,Consulting & Professional Services,"Raleigh-Durham, NC",96250,FALSE,Return Offer from Internship
CID-110512,Computer Science,Bachelor of Science,Cybersecurity,Fall 2018,2018,First-Time Freshman,7.0,120,2.75,2.44,Out-of-State,FALSE,20,2,0,2,72020,41720,Employed Full-Time,0.2,Software Engineer I,Software Engineering,Greenspring Health Systems,Healthcare & Life Sciences,"Columbia/Howard County, MD",78250,FALSE,Return Offer from Internship
CID-470910,Information Systems,Bachelor of Science,General,Fall 2015,2015,First-Time Freshman,4.0,121,2.96,3.05,Out-of-State,FALSE,14,2,0,0,54630,18630,Still Seeking,Not Applicable,Not Applicable,Not Applicable,Not Applicable,Not Applicable,Not Applicable,Not Applicable,Not Applicable,Not Applicable
CID-531884,Information Systems,Bachelor of Science,Software Development,Spring 2025,2025,Transfer,2.7,121,3.81,3.79,In-State,FALSE,8,0,1,1,11980,6840,Employed Full-Time,4.2,Junior Systems Analyst,IT Business & Product,Clearfield Assurance,Cybersecurity Services,"Baltimore, MD",99750,FALSE,Online Application
CID-194530,Computer Science,Bachelor of Science,General,Spring 2018,2018,First-Time Freshman,9.3,119,2.48,2.51,Out-of-State,FALSE,17,2,0,1,80150,42130,Employed Full-Time,0.3,Junior Systems Analyst,IT Business & Product,Patapsco Aerospace,Defense & Aerospace,Northern Virginia,71000,FALSE,Return Offer from Internship
CID-198567,Computer Science,Bachelor of Science,General,Fall 2025,2025,First-Time Freshman,5.0,120,2.18,2.22,In-State,FALSE,3,0,1,1,49050,31500,Employed Part-Time,6.8,Junior DevOps Engineer,Infrastructure & Cloud,Monument Bank Technology,Financial Services,"Washington, DC Metro",93000,FALSE,Career Fair
CID-323181,Information Systems,Bachelor of Science,General,Fall 2019,2019,First-Time Freshman,4.7,121,3.27,3.25,In-State,FALSE,9,3,2,4,23440,15460,No Response,Not Applicable,Not Applicable,Not Applicable,Not Applicable,Not Applicable,Not Applicable,Not Applicable,Not Applicable,Not Applicable
CID-420205,Information Systems,Bachelor of Science,Software Development,Spring 2023,2023,First-Time Freshman,7.0,121,3.37,3.40,Out-of-State,FALSE,16,1,0,2,88990,65740,Employed Full-Time,5.9,Junior Security Engineer,Cybersecurity,Continental Wireless,Telecommunications,"Baltimore, MD",88250,FALSE,Student Organization Connection
CID-911069,Information Systems,Bachelor of Science,Cybersecurity Management,Spring 2019,2019,Transfer,3.3,120,3.38,3.53,In-State,FALSE,10,1,1,3,10970,3050,Employed Full-Time,0.5,Security Analyst I,Cybersecurity,Cartway Commerce,E-Commerce & Retail Tech,"New York, NY",126000,FALSE,Return Offer from Internship
CID-556775,Information Systems,Bachelor of Science,General,Fall 2016,2016,Transfer,2.7,120,3.23,3.35,In-State,FALSE,10,1,0,1,9340,2450,Employed Full-Time,1.7,Junior Security Engineer,Cybersecurity,Sterling Ridge Consulting,Consulting & Professional Services,"Columbia/Howard County, MD",81000,FALSE,Alumni Network
CID-350274,Information Systems,Bachelor of Science,Business Analytics,Spring 2026,2026,First-Time Freshman,3.3,118,3.42,3.47,In-State,FALSE,5,0,0,2,23960,9620,Continuing Education,Not Applicable,Not Applicable,Not Applicable,Not Applicable,Not Applicable,Not Applicable,Not Applicable,Not Applicable,Not Applicable
CID-402755,Computer Science,Bachelor of Science,Data Science,Fall 2021,2021,First-Time Freshman,4.3,121,2.29,2.11,In-State,FALSE,8,1,0,0,37290,37290,Employed Full-Time,1.1,SOC Analyst,Cybersecurity,Office of Technology Policy,Federal Government,Northern Virginia,70250,FALSE,Recruiter Outreach
CID-382310,Information Systems,Bachelor of Science,General,Spring 2024,2024,First-Time Freshman,3.7,121,2.88,2.90,In-State,FALSE,11,1,0,5,48360,24300,Continuing Education,Not Applicable,Not Applicable,Not Applicable,Not Applicable,Not Applicable,Not Applicable,Not Applicable,Not Applicable,Not Applicable
CID-542141,Information Systems,Bachelor of Science,Cybersecurity Management,Spring 2024,2024,Transfer,2.0,121,2.90,2.94,In-State,FALSE,7,1,1,3,11290,6350,No Response,Not Applicable,Not Applicable,Not Applicable,Not Applicable,Not Applicable,Not Applicable,Not Applicable,Not Applicable,Not Applicable
CID-623567,Computer Science,Bachelor of Science,Software Engineering,Fall 2023,2023,First-Time Freshman,4.3,123,3.20,3.02,In-State,FALSE,2,0,1,0,37010,15660,Continuing Education,Not Applicable,Not Applicable,Not Applicable,Not Applicable,Not Applicable,Not Applicable,Not Applicable,Not Applicable,Not Applicable
CID-643924,Information Systems,Bachelor of Science,Software Development,Spring 2024,2024,Transfer,2.7,121,3.78,3.78,In-State,FALSE,11,2,3,6,12190,5030,Employed Full-Time,0.2,Business Analyst,IT Business & Product,Federal Health Data Office,Federal Government,"Baltimore, MD",81750,FALSE,Return Offer from Internship
CID-212482,Information Systems,Bachelor of Science,Business Analytics,Spring 2017,2017,First-Time Freshman,4.3,121,2.93,2.95,In-State,FALSE,4,2,0,2,37270,5550,Employed Full-Time,1.4,Data Analyst,Data & Analytics,CareBridge Technology,Healthcare & Life Sciences,"Washington, DC Metro",65750,FALSE,Career Fair
CID-655525,Computer Science,Master of Science,Cybersecurity,Fall 2023,2023,Transfer,4.3,122,3.16,3.25,In-State,TRUE,17,2,2,2,13660,7030,Continuing Education,Not Applicable,Not Applicable,Not Applicable,Not Applicable,Not Applicable,Not Applicable,Not Applicable,Not Applicable,Not Applicable
CID-304499,Computer Science,Bachelor of Science,Artificial Intelligence,Spring 2022,2022,First-Time Freshman,4.0,120,2.83,2.85,In-State,FALSE,9,0,0,1,47500,7910,Employed Full-Time,3.5,Business Intelligence Analyst,Data & Analytics,Federal Health Data Office,Federal Government,Northern Virginia,60000,FALSE,Online Application
CID-228281,Computer Science,Bachelor of Science,Artificial Intelligence,Spring 2015,2015,First-Time Freshman,3.3,120,3.12,3.32,Out-of-State,FALSE,9,2,0,4,77110,56610,Employed Full-Time,4.3,Junior Data Analyst,Data & Analytics,Parcel & Post Technologies,Logistics & Transportation,"Washington, DC Metro",65250,FALSE,Faculty or Staff Referral
CID-290204,Computer Science,Bachelor of Science,Software Engineering,Fall 2019,2019,Transfer,3.0,122,3.19,3.21,In-State,FALSE,6,1,0,3,16770,10850,Employed Full-Time,1.7,Junior Developer,Software Engineering,Chesapeake Defense Systems,Defense & Aerospace,Northern Virginia,83000,FALSE,Recruiter Outreach
CID-395595,Information Systems,Bachelor of Science,Business Analytics,Fall 2016,2016,Transfer,6.3,121,2.54,2.63,In-State,FALSE,19,2,0,0,13580,11370,Employed Full-Time,0.3,Business Intelligence Analyst,Data & Analytics,Marketside Digital,E-Commerce & Retail Tech,Remote - United States,61500,TRUE,Return Offer from Internship
CID-747727,Information Systems,Bachelor of Science,Cybersecurity Management,Spring 2023,2023,First-Time Freshman,3.7,121,3.11,3.05,Out-of-State,FALSE,11,1,0,2,73740,60600,Employed Full-Time,3.0,Business Analyst,IT Business & Product,Chesterfield Asset Management,Financial Services,"Atlanta, GA",79750,TRUE,Career Fair
CID-937296,Computer Science,Bachelor of Science,General,Fall 2026,2026,Transfer,6.3,104,1.91,1.82,In-State,FALSE,22,0,0,1,21240,16190,Still Seeking,Not Applicable,Not Applicable,Not Applicable,Not Applicable,Not Applicable,Not Applicable,Not Applicable,Not Applicable,Not Applicable
CID-981537,Computer Science,Bachelor of Science,Cybersecurity,Fall 2020,2020,Transfer,3.0,122,3.32,3.25,In-State,FALSE,6,1,0,2,17060,7260,Still Seeking,Not Applicable,Not Applicable,Not Applicable,Not Applicable,Not Applicable,Not Applicable,Not Applicable,Not Applicable,Not Applicable
CID-206900,Information Systems,Bachelor of Science,Health Information Technology,Spring 2018,2018,Transfer,2.3,122,2.76,2.72,In-State,FALSE,1,0,0,3,8920,5810,Employed Full-Time,2.8,Junior Security Engineer,Cybersecurity,Meridian National Systems,Federal Contracting,"Washington, DC Metro",66750,FALSE,Career Fair
CID-454099,Computer Science,Bachelor of Science,Software Engineering,Spring 2022,2022,Transfer,2.7,122,2.99,2.98,In-State,FALSE,3,1,0,4,9850,5260,Still Seeking,Not Applicable,Not Applicable,Not Applicable,Not Applicable,Not Applicable,Not Applicable,Not Applicable,Not Applicable,Not Applicable
CID-932720,Information Systems,Master of Science,Health Information Technology,Fall 2021,2021,Transfer,3.0,122,3.48,3.50,In-State,TRUE,7,1,0,6,15070,12850,Employed Full-Time,0.0,Data Analyst,Data & Analytics,Potomac Mission Solutions,Federal Contracting,"Baltimore, MD",71250,FALSE,Personal Network
CID-702142,Information Systems,Bachelor of Science,Software Development,Spring 2021,2021,First-Time Freshman,3.7,121,3.04,2.80,In-State,FALSE,9,2,3,4,44860,17290,Employed Full-Time,0.2,Junior Security Engineer,Cybersecurity,Fidelis Capital Partners,Financial Services,"Baltimore, MD",104000,FALSE,Return Offer from Internship
CID-245176,Computer Science,Bachelor of Science,Software Engineering,Fall 2017,2017,First-Time Freshman,4.3,120,2.58,2.67,In-State,FALSE,14,1,0,2,33110,18700,No Response,Not Applicable,Not Applicable,Not Applicable,Not Applicable,Not Applicable,Not Applicable,Not Applicable,Not Applicable,Not Applicable
CID-454726,Information Systems,Bachelor of Science,Health Information Technology,Spring 2015,2015,Transfer,2.7,121,2.68,2.72,In-State,FALSE,13,1,1,1,10010,3050,No Response,Not Applicable,Not Applicable,Not Applicable,Not Applicable,Not Applicable,Not Applicable,Not Applicable,Not Applicable,Not Applicable
CID-111137,Information Systems,Bachelor of Science,General,Spring 2021,2021,Transfer,4.3,122,2.52,2.61,In-State,FALSE,15,1,0,1,14860,12700,Continuing Education,Not Applicable,Not Applicable,Not Applicable,Not Applicable,Not Applicable,Not Applicable,Not Applicable,Not Applicable,Not Applicable
CID-716378,Information Systems,Bachelor of Science,Software Development,Spring 2019,2019,First-Time Freshman,4.3,121,2.47,2.45,In-State,FALSE,17,1,1,1,43410,42340,Employed Full-Time,0.6,Associate Software Engineer,Software Engineering,Potomac Mission Solutions,Federal Contracting,Northern Virginia,67750,FALSE,Career Fair
CID-503555,Computer Science,Bachelor of Science,General,Spring 2018,2018,Transfer,3.3,120,2.61,2.58,In-State,FALSE,17,2,0,4,13720,8050,Employed Full-Time,0.0,Junior Data Analyst,Data & Analytics,Continental Wireless,Telecommunications,"Washington, DC Metro",69000,FALSE,Return Offer from Internship
CID-213253,Computer Science,Bachelor of Science,General,Fall 2015,2015,Transfer,1.7,123,3.89,3.83,In-State,FALSE,9,1,0,4,3830,2370,No Response,Not Applicable,Not Applicable,Not Applicable,Not Applicable,Not Applicable,Not Applicable,Not Applicable,Not Applicable,Not Applicable
CID-533739,Computer Science,Bachelor of Science,Software Engineering,Fall 2021,2021,First-Time Freshman,5.3,120,2.59,2.38,In-State,FALSE,21,2,0,0,51910,35320,Employed Full-Time,0.0,Business Intelligence Analyst,Data & Analytics,Meridian National Systems,Federal Contracting,"Baltimore, MD",69500,FALSE,Online Application
CID-608653,Computer Science,Bachelor of Science,Cybersecurity,Fall 2022,2022,First-Time Freshman,5.0,120,2.04,2.08,In-State,FALSE,13,2,2,1,36250,12390,Employed Part-Time,0.0,Security Analyst I,Cybersecurity,Anvil Compute,Cloud & Infrastructure,Northern Virginia,132000,TRUE,Recruiter Outreach
CID-139280,Information Systems,Bachelor of Science,Cybersecurity Management,Spring 2023,2023,Transfer,3.7,121,3.15,3.11,In-State,FALSE,19,2,0,5,11940,9020,Employed Full-Time,0.1,Security Analyst I,Cybersecurity,Vantage Point Applications,Software Products,Northern Virginia,99750,FALSE,Return Offer from Internship
CID-787679,Computer Science,Bachelor of Science,Data Science,Spring 2020,2020,Transfer,2.7,122,3.07,3.17,Out-of-State,FALSE,8,1,0,1,22620,14920,No Response,Not Applicable,Not Applicable,Not Applicable,Not Applicable,Not Applicable,Not Applicable,Not Applicable,Not Applicable,Not Applicable
CID-514081,Computer Science,Bachelor of Science,Data Science,Summer 2019,2019,First-Time Freshman,3.7,120,3.59,3.42,In-State,FALSE,0,3,1,5,22760,1370,Continuing Education,Not Applicable,Not Applicable,Not Applicable,Not Applicable,Not Applicable,Not Applicable,Not Applicable,Not Applicable,Not Applicable
CID-333958,Computer Science,Bachelor of Science,General,Fall 2017,2017,Transfer,3.3,121,2.66,2.62,In-State,FALSE,6,1,0,0,17110,8950,Employed Full-Time,4.0,Junior Developer,Software Engineering,Cartway Commerce,E-Commerce & Retail Tech,"Baltimore, MD",58500,FALSE,Recruiter Outreach
CID-888067,Information Systems,Bachelor of Science,Business Analytics,Spring 2026,2026,First-Time Freshman,4.0,121,3.18,3.10,In-State,FALSE,15,1,0,1,42120,21070,Employed Full-Time,0.4,SOC Analyst,Cybersecurity,Keystone Federal Services,Federal Contracting,"Washington, DC Metro",101000,FALSE,Return Offer from Internship
CID-793291,Information Systems,Bachelor of Science,Cybersecurity Management,Spring 2025,2025,First-Time Freshman,3.7,121,3.27,3.35,In-State,FALSE,14,2,0,7,38930,22670,Employed Full-Time,0.9,Security Analyst I,Cybersecurity,Chesapeake Defense Systems,Defense & Aerospace,"Baltimore, MD",92500,FALSE,Return Offer from Internship
CID-729457,Information Systems,Bachelor of Science,General,Fall 2022,2022,First-Time Freshman,10.3,97,1.82,1.67,In-State,FALSE,30,0,0,2,48150,30150,Employed Full-Time,2.7,IT Support Specialist,IT Support & Operations,Potomac Mission Solutions,Federal Contracting,"Baltimore, MD",37000,FALSE,Online Application
CID-360142,Computer Science,Bachelor of Science,General,Fall 2015,2015,First-Time Freshman,4.0,120,3.33,3.21,In-State,FALSE,8,1,0,3,35970,19310,Employed Full-Time,0.5,Junior Data Analyst,Data & Analytics,Office of Technology Policy,Federal Government,"Columbia/Howard County, MD",75000,FALSE,Return Offer from Internship
CID-325012,Information Systems,Bachelor of Science,Business Analytics,Fall 2022,2022,Transfer,3.0,122,3.17,3.44,In-State,FALSE,6,1,2,4,18060,3360,Still Seeking,Not Applicable,Not Applicable,Not Applicable,Not Applicable,Not Applicable,Not Applicable,Not Applicable,Not Applicable,Not Applicable
CID-919900,Information Systems,Bachelor of Science,General,Spring 2016,2016,First-Time Freshman,7.0,121,3.49,3.55,Out-of-State,FALSE,22,2,0,0,39860,24340,Continuing Education,Not Applicable,Not Applicable,Not Applicable,Not Applicable,Not Applicable,Not Applicable,Not Applicable,Not Applicable,Not Applicable
CID-242176,Computer Science,Bachelor of Science,Software Engineering,Fall 2024,2024,First-Time Freshman,4.3,123,3.18,3.28,In-State,FALSE,18,0,0,2,19420,17300,Still Seeking,Not Applicable,Not Applicable,Not Applicable,Not Applicable,Not Applicable,Not Applicable,Not Applicable,Not Applicable,Not Applicable
CID-266211,Computer Science,Bachelor of Science,Data Science,Spring 2022,2022,First-Time Freshman,7.7,122,3.11,2.78,In-State,FALSE,20,2,1,6,45880,12550,No Response,Not Applicable,Not Applicable,Not Applicable,Not Applicable,Not Applicable,Not Applicable,Not Applicable,Not Applicable,Not Applicable
CID-952669,Computer Science,Master of Science,Software Engineering,Spring 2019,2019,Transfer,1.7,121,3.51,3.44,In-State,TRUE,14,1,0,3,3200,2450,Continuing Education,Not Applicable,Not Applicable,Not Applicable,Not Applicable,Not Applicable,Not Applicable,Not Applicable,Not Applicable,Not Applicable
CID-826718,Information Systems,Bachelor of Science,Cybersecurity Management,Spring 2024,2024,First-Time Freshman,4.0,121,2.93,2.90,In-State,FALSE,11,1,0,2,54850,30420,Employed Full-Time,4.2,Junior Systems Analyst,IT Business & Product,Federal Health Data Office,Federal Government,"Baltimore, MD",58250,FALSE,Online Application
CID-123489,Information Systems,Bachelor of Science,Cybersecurity Management,Spring 2026,2026,First-Time Freshman,4.3,118,2.70,2.74,Out-of-State,FALSE,1,0,1,0,87370,34790,Still Seeking,Not Applicable,Not Applicable,Not Applicable,Not Applicable,Not Applicable,Not Applicable,Not Applicable,Not Applicable,Not Applicable
CID-372264,Computer Science,Bachelor of Science,Cybersecurity,Spring 2020,2020,First-Time Freshman,10.0,117,1.76,1.74,In-State,FALSE,24,3,1,1,35100,17670,Still Seeking,Not Applicable,Not Applicable,Not Applicable,Not Applicable,Not Applicable,Not Applicable,Not Applicable,Not Applicable,Not Applicable
CID-212287,Computer Science,Bachelor of Science,Artificial Intelligence,Spring 2024,2024,Transfer,2.3,121,2.75,2.81,In-State,FALSE,17,1,0,3,17870,9930,Continuing Education,Not Applicable,Not Applicable,Not Applicable,Not Applicable,Not Applicable,Not Applicable,Not Applicable,Not Applicable,Not Applicable
CID-181956,Computer Science,Bachelor of Science,General,Spring 2018,2018,First-Time Freshman,3.3,121,3.25,3.27,Out-of-State,FALSE,11,2,0,3,45200,2810,Employed Full-Time,0.2,Associate Software Engineer,Software Engineering,Brightline Software Group,Software Products,"Seattle, WA",104500,FALSE,Student Organization Connection
CID-734779,Computer Science,Bachelor of Science,Cybersecurity,Fall 2018,2018,Transfer,2.0,129,2.11,2.20,In-State,FALSE,14,0,1,0,11460,7660,No Response,Not Applicable,Not Applicable,Not Applicable,Not Applicable,Not Applicable,Not Applicable,Not Applicable,Not Applicable,Not Applicable
CID-668285,Computer Science,Bachelor of Science,Software Engineering,Summer 2018,2018,First-Time Freshman,5.0,120,2.88,2.81,In-State,FALSE,7,3,2,2,47960,31040,No Response,Not Applicable,Not Applicable,Not Applicable,Not Applicable,Not Applicable,Not Applicable,Not Applicable,Not Applicable,Not Applicable
CID-843309,Computer Science,Bachelor of Science,General,Spring 2020,2020,Transfer,2.7,121,3.13,3.11,In-State,FALSE,13,1,0,3,9810,7150,Employed Full-Time,3.4,Junior ML Engineer,Machine Learning & AI,Meridian National Systems,Federal Contracting,Northern Virginia,73750,FALSE,Online Application
CID-641960,Information Systems,Bachelor of Science,Software Development,Fall 2023,2023,First-Time Freshman,4.3,121,2.74,3.00,In-State,FALSE,9,2,0,1,41760,20460,Employed Full-Time,0.0,Business Analyst,IT Business & Product,Lumen Grid Software,Software Products,Northern Virginia,103000,TRUE,Return Offer from Internship
CID-794794,Information Systems,Bachelor of Science,General,Spring 2025,2025,First-Time Freshman,4.0,121,2.51,2.60,In-State,FALSE,17,1,1,1,39340,27860,Employed Full-Time,3.1,Security Analyst I,Cybersecurity,Blue Heron Technologies,Federal Contracting,"Baltimore, MD",94750,FALSE,Recruiter Outreach
CID-488463,Information Systems,Bachelor of Science,General,Spring 2022,2022,Transfer,3.0,120,3.51,3.47,In-State,FALSE,6,2,0,4,16920,11890,Employed Full-Time,0.0,Associate Software Engineer,Software Engineering,Blue Heron Technologies,Federal Contracting,"Washington, DC Metro",83750,FALSE,Alumni Network
CID-298826,Information Systems,Bachelor of Science,Cybersecurity Management,Fall 2025,2025,Transfer,2.0,120,2.90,2.71,In-State,FALSE,5,0,2,2,13800,4500,Employed Full-Time,4.6,Junior Data Analyst,Data & Analytics,Brightline Software Group,Software Products,"Baltimore, MD",67250,TRUE,Online Application
CID-162468,Computer Science,Bachelor of Science,General,Fall 2015,2015,First-Time Freshman,4.7,123,2.62,2.55,In-State,FALSE,6,1,2,3,35000,2440,Still Seeking,Not Applicable,Not Applicable,Not Applicable,Not Applicable,Not Applicable,Not Applicable,Not Applicable,Not Applicable,Not Applicable
CID-975506,Computer Science,Bachelor of Science,General,Spring 2016,2016,First-Time Freshman,3.7,120,2.97,2.93,In-State,FALSE,1,0,0,1,32490,14770,Employed Full-Time,5.2,Systems Administrator,Infrastructure & Cloud,Harborline Networks,Cloud & Infrastructure,"Washington, DC Metro",74250,FALSE,Recruiter Outreach
CID-770111,Computer Science,Bachelor of Science,General,Spring 2018,2018,First-Time Freshman,9.3,106,2.03,2.18,In-State,FALSE,32,1,0,0,36180,9990,Employed Full-Time,0.0,Junior Data Analyst,Data & Analytics,Sterling Ridge Consulting,Consulting & Professional Services,"Washington, DC Metro",74000,FALSE,Online Application
CID-786387,Information Systems,Bachelor of Science,General,Spring 2017,2017,First-Time Freshman,3.3,121,3.31,3.30,In-State,FALSE,9,2,0,2,28220,20920,Employed Full-Time,0.5,Security Analyst I,Cybersecurity,Dockside Logistics Systems,Logistics & Transportation,"Baltimore, MD",86500,FALSE,Return Offer from Internship
CID-860432,Computer Science,Master of Science,Cybersecurity,Fall 2015,2015,First-Time Freshman,7.0,120,2.83,2.61,In-State,TRUE,30,1,1,3,20490,10220,No Response,Not Applicable,Not Applicable,Not Applicable,Not Applicable,Not Applicable,Not Applicable,Not Applicable,Not Applicable,Not Applicable
CID-432747,Information Systems,Bachelor of Science,General,Spring 2018,2018,First-Time Freshman,4.0,121,3.06,3.00,In-State,FALSE,15,0,0,1,35840,23480,Employed Full-Time,3.2,Junior Developer,Software Engineering,Meridian National Systems,Federal Contracting,Northern Virginia,61750,FALSE,Recruiter Outreach
CID-443542,Information Systems,Bachelor of Science,General,Fall 2016,2016,First-Time Freshman,8.0,121,2.51,2.55,Out-of-State,FALSE,29,3,0,3,48710,19150,Employed Full-Time,0.1,Junior Security Engineer,Cybersecurity,Antietam Systems Integration,Federal Contracting,"Baltimore, MD",69000,FALSE,Return Offer from Internship
CID-805401,Computer Science,Bachelor of Science,Artificial Intelligence,Fall 2023,2023,Transfer,2.3,121,2.84,2.86,In-State,FALSE,2,1,0,1,13180,8660,Employed Full-Time,3.8,AI Research Assistant,Machine Learning & AI,Keystone Federal Services,Federal Contracting,"Columbia/Howard County, MD",87500,FALSE,Alumni Network
CID-453100,Information Systems,Bachelor of Science,Software Development,Spring 2018,2018,Transfer,3.3,122,3.13,3.11,In-State,FALSE,8,2,2,5,11690,6600,Continuing Education,Not Applicable,Not Applicable,Not Applicable,Not Applicable,Not Applicable,Not Applicable,Not Applicable,Not Applicable,Not Applicable
CID-743657,Information Systems,Bachelor of Science,Cybersecurity Management,Fall 2015,2015,Transfer,2.7,122,3.00,3.00,In-State,FALSE,8,1,0,3,10570,5770,Employed Full-Time,0.1,IT Analyst,IT Business & Product,Blue Heron Technologies,Federal Contracting,"Baltimore, MD",55500,FALSE,Return Offer from Internship
CID-945536,Information Systems,Bachelor of Science,Business Analytics,Spring 2020,2020,First-Time Freshman,3.3,121,3.05,2.85,Out-of-State,FALSE,7,2,0,5,89410,51080,Employed Full-Time,0.3,IT Support Specialist,IT Support & Operations,Shoreline Retail Group,E-Commerce & Retail Tech,Remote - United States,61500,TRUE,Return Offer from Internship
CID-154348,Computer Science,Bachelor of Science,General,Spring 2022,2022,First-Time Freshman,3.3,120,2.95,2.84,In-State,FALSE,4,0,2,2,39360,16800,Employed Full-Time,3.5,Associate Software Engineer,Software Engineering,Chesapeake Defense Systems,Defense & Aerospace,"Baltimore, MD",63000,FALSE,Student Organization Connection
CID-242943,Computer Science,Bachelor of Science,General,Fall 2025,2025,First-Time Freshman,4.7,122,3.11,2.98,In-State,FALSE,13,2,2,0,29010,19940,No Response,Not Applicable,Not Applicable,Not Applicable,Not Applicable,Not Applicable,Not Applicable,Not Applicable,Not Applicable,Not Applicable
CID-386351,Computer Science,Bachelor of Science,Artificial Intelligence,Spring 2026,2026,Transfer,2.7,119,2.81,2.90,In-State,FALSE,16,1,0,1,20580,3520,No Response,Not Applicable,Not Applicable,Not Applicable,Not Applicable,Not Applicable,Not Applicable,Not Applicable,Not Applicable,Not Applicable
CID-556600,Computer Science,Bachelor of Science,General,Fall 2025,2025,Transfer,3.0,122,2.44,2.57,In-State,FALSE,6,1,1,2,14000,10690,Employed Full-Time,0.5,Software Engineer I,Software Engineering,Antietam Systems Integration,Federal Contracting,"Baltimore, MD",80500,TRUE,Alumni Network
CID-102049,Computer Science,Bachelor of Science,Software Engineering,Fall 2017,2017,Transfer,4.0,120,3.00,3.04,In-State,FALSE,15,0,1,1,10870,4250,Employed Full-Time,4.6,Junior DevOps Engineer,Infrastructure & Cloud,Patapsco Aerospace,Defense & Aerospace,"Columbia/Howard County, MD",73500,FALSE,Online Application
CID-752247,Computer Science,Bachelor of Science,Data Science,Spring 2020,2020,First-Time Freshman,4.3,122,3.12,3.11,In-State,FALSE,5,0,0,1,43150,21890,Continuing Education,Not Applicable,Not Applicable,Not Applicable,Not Applicable,Not Applicable,Not Applicable,Not Applicable,Not Applicable,Not Applicable
CID-534797,Computer Science,Master of Science,General,Spring 2024,2024,First-Time Freshman,5.0,122,2.52,2.52,Out-of-State,TRUE,18,0,0,2,69090,44130,Employed Full-Time,6.3,Business Intelligence Analyst,Data & Analytics,Copper Ridge Data Centers,Cloud & Infrastructure,"Baltimore, MD",60500,FALSE,Career Fair
CID-612820,Computer Science,Bachelor of Science,Software Engineering,Spring 2025,2025,Transfer,2.7,122,2.91,2.72,In-State,FALSE,16,1,2,6,14090,13310,Still Seeking,Not Applicable,Not Applicable,Not Applicable,Not Applicable,Not Applicable,Not Applicable,Not Applicable,Not Applicable,Not Applicable
CID-520272,Computer Science,Bachelor of Science,Data Science,Fall 2017,2017,Transfer,2.7,120,3.27,3.26,In-State,FALSE,6,0,2,2,15040,820,No Response,Not Applicable,Not Applicable,Not Applicable,Not Applicable,Not Applicable,Not Applicable,Not Applicable,Not Applicable,Not Applicable
CID-970464,Information Systems,Bachelor of Science,General,Spring 2019,2019,First-Time Freshman,6.7,121,3.18,3.14,In-State,FALSE,23,3,0,1,39440,19210,Continuing Education,Not Applicable,Not Applicable,Not Applicable,Not Applicable,Not Applicable,Not Applicable,Not Applicable,Not Applicable,Not Applicable
CID-457676,Computer Science,Bachelor of Science,General,Spring 2016,2016,First-Time Freshman,3.7,121,3.03,2.94,In-State,FALSE,8,2,0,4,31720,25330,Continuing Education,Not Applicable,Not Applicable,Not Applicable,Not Applicable,Not Applicable,Not Applicable,Not Applicable,Not Applicable,Not Applicable
CID-637525,Computer Science,Bachelor of Science,Cybersecurity,Spring 2018,2018,First-Time Freshman,4.0,122,3.15,3.07,Out-of-State,FALSE,5,2,0,6,66970,61040,Employed Full-Time,0.1,Help Desk Technician,IT Support & Operations,Civic Code Alliance,Nonprofit & Civic Tech,Northern Virginia,55500,FALSE,Student Organization Connection
CID-526564,Computer Science,Bachelor of Science,Artificial Intelligence,Fall 2020,2020,First-Time Freshman,4.3,120,2.63,2.65,In-State,FALSE,21,0,0,1,39300,17880,Continuing Education,Not Applicable,Not Applicable,Not Applicable,Not Applicable,Not Applicable,Not Applicable,Not Applicable,Not Applicable,Not Applicable
CID-966425,Information Systems,Bachelor of Science,Business Analytics,Spring 2025,2025,First-Time Freshman,4.7,121,2.44,2.65,In-State,FALSE,11,4,3,2,44240,25080,Employed Full-Time,0.3,Software Engineer I,Software Engineering,Maryland Department of IT,Federal Government,Northern Virginia,67250,FALSE,Online Application
CID-395839,Information Systems,Bachelor of Science,General,Fall 2023,2023,First-Time Freshman,5.3,121,2.39,2.32,Out-of-State,FALSE,17,1,0,2,74050,39220,No Response,Not Applicable,Not Applicable,Not Applicable,Not Applicable,Not Applicable,Not Applicable,Not Applicable,Not Applicable,Not Applicable
CID-423205,Information Systems,Bachelor of Science,Software Development,Spring 2023,2023,First-Time Freshman,4.0,121,3.21,3.25,In-State,FALSE,6,2,2,2,46460,17550,Employed Full-Time,0.3,Associate Software Engineer,Software Engineering,Marketside Digital,E-Commerce & Retail Tech,Northern Virginia,113500,FALSE,Return Offer from Internship
CID-780120,Computer Science,Bachelor of Science,Software Engineering,Fall 2025,2025,First-Time Freshman,3.7,120,3.41,3.47,In-State,FALSE,0,2,3,1,40950,22670,No Response,Not Applicable,Not Applicable,Not Applicable,Not Applicable,Not Applicable,Not Applicable,Not Applicable,Not Applicable,Not Applicable
CID-707180,Computer Science,Bachelor of Science,Data Science,Spring 2026,2026,Transfer,2.7,118,2.82,2.90,In-State,FALSE,14,1,0,2,20110,8670,No Response,Not Applicable,Not Applicable,Not Applicable,Not Applicable,Not Applicable,Not Applicable,Not Applicable,Not Applicable,Not Applicable
CID-382446,Computer Science,Bachelor of Science,Cybersecurity,Fall 2019,2019,First-Time Freshman,4.7,122,2.58,2.51,In-State,FALSE,14,0,0,0,28870,28730,Employed Full-Time,5.6,Junior Security Engineer,Cybersecurity,Potomac Mission Solutions,Federal Contracting,"Baltimore, MD",72750,FALSE,Recruiter Outreach
CID-622215,Computer Science,Bachelor of Science,Software Engineering,Fall 2015,2015,Transfer,3.3,120,3.03,2.98,In-State,FALSE,5,0,0,4,14030,12380,Employed Full-Time,3.9,Cloud Support Engineer,Infrastructure & Cloud,Keystone Federal Services,Federal Contracting,"Washington, DC Metro",59000,FALSE,Alumni Network
CID-325665,Computer Science,Bachelor of Science,General,Fall 2020,2020,Transfer,3.0,121,3.26,3.29,In-State,FALSE,8,2,0,3,17300,10160,No Response,Not Applicable,Not Applicable,Not Applicable,Not Applicable,Not Applicable,Not Applicable,Not Applicable,Not Applicable,Not Applicable
CID-829175,Computer Science,Bachelor of Science,Software Engineering,Spring 2022,2022,First-Time Freshman,4.0,120,3.00,2.82,In-State,FALSE,3,1,0,2,27210,11980,Employed Full-Time,0.1,Software Engineer I,Software Engineering,Falconview Systems,Software Products,"Baltimore, MD",74750,FALSE,Return Offer from Internship
CID-967863,Computer Science,Bachelor of Science,Data Science,Spring 2016,2016,Transfer,2.7,128,2.59,2.62,In-State,FALSE,6,1,1,0,13040,5230,Employed Full-Time,0.7,Junior Data Analyst,Data & Analytics,Greenspring Health Systems,Healthcare & Life Sciences,"Washington, DC Metro",49750,FALSE,Recruiter Outreach
CID-592088,Computer Science,Bachelor of Science,Data Science,Spring 2024,2024,First-Time Freshman,4.7,122,2.98,2.92,In-State,FALSE,7,0,0,1,40800,16790,Still Seeking,Not Applicable,Not Applicable,Not Applicable,Not Applicable,Not Applicable,Not Applicable,Not Applicable,Not Applicable,Not Applicable
CID-805681,Computer Science,Bachelor of Science,Artificial Intelligence,Fall 2015,2015,First-Time Freshman,4.0,122,3.48,3.59,In-State,FALSE,9,3,1,1,33710,6900,No Response,Not Applicable,Not Applicable,Not Applicable,Not Applicable,Not Applicable,Not Applicable,Not Applicable,Not Applicable,Not Applicable
CID-800869,Computer Science,Bachelor of Science,Data Science,Fall 2021,2021,First-Time Freshman,5.3,122,2.30,2.29,Out-of-State,FALSE,3,2,2,0,73480,58680,Employed Full-Time,0.0,Cloud Support Engineer,Infrastructure & Cloud,Tidal Power Cooperative,Energy & Utilities,"Washington, DC Metro",76500,TRUE,Alumni Network
CID-110855,Computer Science,Bachelor of Science,General,Fall 2020,2020,Transfer,5.0,120,2.24,2.24,In-State,FALSE,22,1,0,3,12480,10560,Employed Full-Time,0.3,Junior Security Engineer,Cybersecurity,Chesapeake Defense Systems,Defense & Aerospace,"Washington, DC Metro",74000,FALSE,Return Offer from Internship
CID-661518,Computer Science,Bachelor of Science,Cybersecurity,Spring 2021,2021,First-Time Freshman,4.0,120,2.86,2.78,In-State,FALSE,13,2,0,3,41120,28470,Employed Full-Time,0.0,Cloud Support Engineer,Infrastructure & Cloud,Patapsco Aerospace,Defense & Aerospace,Northern Virginia,72000,FALSE,Personal Network
CID-943665,Information Systems,Bachelor of Science,General,Spring 2017,2017,First-Time Freshman,5.0,121,2.38,2.35,In-State,FALSE,10,1,2,3,40390,25450,Employed Part-Time,0.0,Junior Security Engineer,Cybersecurity,Tidewater Defense Group,Defense & Aerospace,"Washington, DC Metro",81250,FALSE,Career Fair
CID-732880,Computer Science,Bachelor of Science,General,Summer 2023,2023,First-Time Freshman,5.3,120,2.15,1.93,In-State,FALSE,12,2,0,5,57190,57190,No Response,Not Applicable,Not Applicable,Not Applicable,Not Applicable,Not Applicable,Not Applicable,Not Applicable,Not Applicable,Not Applicable
CID-231966,Computer Science,Bachelor of Science,General,Spring 2021,2021,Transfer,2.0,121,2.38,2.14,Out-of-State,FALSE,14,0,0,3,30910,22310,Employed Full-Time,1.4,Cloud Support Engineer,Infrastructure & Cloud,Beacon Telecom Services,Telecommunications,"Columbia/Howard County, MD",76250,FALSE,Alumni Network
CID-307690,Information Systems,Master of Science,General,Spring 2020,2020,First-Time Freshman,4.0,121,3.45,3.35,In-State,TRUE,10,2,0,2,24880,16800,Employed Full-Time,3.1,Data Analyst,Data & Analytics,Maryland Department of IT,Federal Government,"Baltimore, MD",63750,FALSE,Recruiter Outreach
CID-359916,Computer Science,Bachelor of Science,General,Spring 2017,2017,First-Time Freshman,5.7,121,3.41,3.33,In-State,FALSE,15,3,0,9,44310,30050,Continuing Education,Not Applicable,Not Applicable,Not Applicable,Not Applicable,Not Applicable,Not Applicable,Not Applicable,Not Applicable,Not Applicable
CID-734178,Information Systems,Bachelor of Science,Cybersecurity Management,Spring 2023,2023,First-Time Freshman,3.3,121,3.48,3.40,In-State,FALSE,12,2,2,1,35910,7880,Employed Full-Time,0.0,Clinical Systems Analyst,Health IT,Office of Technology Policy,Federal Government,"Washington, DC Metro",78000,FALSE,Online Application
CID-728161,Computer Science,Bachelor of Science,General,Spring 2019,2019,First-Time Freshman,4.0,123,2.91,2.73,In-State,FALSE,13,3,0,6,27380,17980,Employed Full-Time,0.2,Associate Software Engineer,Software Engineering,Tidewater Defense Group,Defense & Aerospace,"Baltimore, MD",77000,TRUE,Return Offer from Internship
CID-238699,Computer Science,Bachelor of Science,Cybersecurity,Spring 2022,2022,Transfer,3.7,123,2.73,2.66,In-State,FALSE,7,1,0,3,13590,13590,Still Seeking,Not Applicable,Not Applicable,Not Applicable,Not Applicable,Not Applicable,Not Applicable,Not Applicable,Not Applicable,Not Applicable
CID-609567,Information Systems,Bachelor of Science,Health Information Technology,Spring 2020,2020,First-Time Freshman,4.0,121,3.27,3.25,In-State,FALSE,3,2,0,5,37400,14710,No Response,Not Applicable,Not Applicable,Not Applicable,Not Applicable,Not Applicable,Not Applicable,Not Applicable,Not Applicable,Not Applicable
CID-236840,Information Systems,Bachelor of Science,General,Spring 2021,2021,Transfer,3.0,120,2.75,2.71,Out-of-State,FALSE,10,1,0,4,32370,9470,Employed Full-Time,3.1,IT Analyst,IT Business & Product,Northfield Biosciences,Healthcare & Life Sciences,"New York, NY",82500,TRUE,Faculty or Staff Referral
CID-658631,Computer Science,Bachelor of Science,Data Science,Spring 2020,2020,First-Time Freshman,8.0,120,2.77,2.52,In-State,FALSE,22,2,0,0,39720,18990,Still Seeking,Not Applicable,Not Applicable,Not Applicable,Not Applicable,Not Applicable,Not Applicable,Not Applicable,Not Applicable,Not Applicable
CID-961045,Computer Science,Bachelor of Science,General,Spring 2024,2024,First-Time Freshman,8.7,121,2.48,2.45,Out-of-State,FALSE,29,0,0,1,105540,76200,Employed Full-Time,5.3,Junior Data Analyst,Data & Analytics,CareBridge Technology,Healthcare & Life Sciences,Northern Virginia,73250,TRUE,Student Organization Connection
CID-705121,Information Systems,Bachelor of Science,Business Analytics,Spring 2020,2020,Transfer,3.7,120,2.58,2.53,In-State,FALSE,14,1,1,0,19090,16360,Still Seeking,Not Applicable,Not Applicable,Not Applicable,Not Applicable,Not Applicable,Not Applicable,Not Applicable,Not Applicable,Not Applicable
CID-649356,Information Systems,Master of Science,Cybersecurity Management,Fall 2023,2023,First-Time Freshman,8.3,121,3.26,3.10,Out-of-State,TRUE,31,1,0,4,63770,19360,Still Seeking,Not Applicable,Not Applicable,Not Applicable,Not Applicable,Not Applicable,Not Applicable,Not Applicable,Not Applicable,Not Applicable
CID-560567,Computer Science,Bachelor of Science,Data Science,Fall 2017,2017,First-Time Freshman,4.7,122,2.61,2.63,In-State,FALSE,10,0,0,1,33230,29520,Employed Full-Time,2.3,Cloud Support Engineer,Infrastructure & Cloud,Chesapeake Defense Systems,Defense & Aerospace,Northern Virginia,79750,FALSE,Career Fair
CID-982984,Information Systems,Master of Science,General,Spring 2026,2026,First-Time Freshman,3.3,111,3.36,3.39,Out-of-State,FALSE,0,2,0,2,69250,16490,Employed Full-Time,0.0,Junior Data Analyst,Data & Analytics,Sterling Ridge Consulting,Consulting & Professional Services,"Washington, DC Metro",89500,FALSE,Online Application
CID-468518,Information Systems,Bachelor of Science,Business Analytics,Spring 2026,2026,First-Time Freshman,4.0,121,2.93,2.95,Out-of-State,FALSE,8,1,0,2,49550,39230,Employed Full-Time,2.3,IT Support Specialist,IT Support & Operations,Vantage Point Applications,Software Products,San Francisco Bay Area,89250,FALSE,Career Fair
CID-527344,Information Systems,Bachelor of Science,Health Information Technology,Fall 2022,2022,Transfer,3.0,122,3.29,3.28,In-State,FALSE,1,1,0,1,14540,10490,Employed Full-Time,0.1,Security Analyst I,Cybersecurity,Anvil Compute,Cloud & Infrastructure,"Baltimore, MD",109500,TRUE,Return Offer from Internship
CID-328954,Computer Science,Bachelor of Science,Software Engineering,Spring 2020,2020,First-Time Freshman,7.3,121,2.31,2.33,In-State,FALSE,26,2,0,5,45320,14520,Employed Full-Time,0.5,Business Intelligence Analyst,Data & Analytics,Beacon Telecom Services,Telecommunications,"Washington, DC Metro",74000,FALSE,Return Offer from Internship
CID-661074,Computer Science,Bachelor of Science,General,Spring 2022,2022,First-Time Freshman,3.7,120,3.33,3.38,Out-of-State,FALSE,10,0,0,2,93390,18910,Employed Full-Time,2.8,Software Engineer I,Software Engineering,National Data Services Agency,Federal Government,Remote - United States,78000,TRUE,Faculty or Staff Referral
CID-610460,Information Systems,Bachelor of Science,General,Spring 2019,2019,First-Time Freshman,3.7,121,3.07,3.00,In-State,FALSE,9,2,0,3,41040,28510,No Response,Not Applicable,Not Applicable,Not Applicable,Not Applicable,Not Applicable,Not Applicable,Not Applicable,Not Applicable,Not Applicable
CID-446194,Computer Science,Bachelor of Science,Software Engineering,Fall 2020,2020,Transfer,3.3,122,2.08,2.13,In-State,FALSE,16,0,0,0,19230,6080,Employed Full-Time,5.7,Junior Data Analyst,Data & Analytics,Allied Shield Insurance Group,Insurance,"New York, NY",65000,FALSE,Student Organization Connection
CID-328595,Computer Science,Bachelor of Science,Software Engineering,Spring 2018,2018,First-Time Freshman,3.0,120,2.88,2.96,In-State,FALSE,10,1,1,2,39880,39880,Employed Full-Time,1.7,Cloud Support Engineer,Infrastructure & Cloud,Anvil Compute,Cloud & Infrastructure,"Washington, DC Metro",100000,FALSE,Recruiter Outreach
CID-517491,Computer Science,Bachelor of Science,Cybersecurity,Spring 2019,2019,First-Time Freshman,4.0,120,2.53,2.37,In-State,FALSE,10,2,1,5,26570,22100,Employed Full-Time,0.3,Junior Security Engineer,Cybersecurity,Northfield Biosciences,Healthcare & Life Sciences,"Washington, DC Metro",90500,FALSE,Return Offer from Internship
CID-155246,Computer Science,Bachelor of Science,Software Engineering,Fall 2025,2025,First-Time Freshman,4.7,123,3.42,3.53,Out-of-State,FALSE,10,0,3,0,86420,59820,Employed Full-Time,4.7,Associate Software Engineer,Software Engineering,Clearfield Assurance,Cybersecurity Services,"Washington, DC Metro",81000,FALSE,Student Organization Connection
CID-189056,Information Systems,Master of Science,Software Development,Spring 2022,2022,Transfer,2.7,122,3.19,3.11,Out-of-State,TRUE,10,2,0,5,21640,15100,Continuing Education,Not Applicable,Not Applicable,Not Applicable,Not Applicable,Not Applicable,Not Applicable,Not Applicable,Not Applicable,Not Applicable
CID-601566,Computer Science,Bachelor of Science,General,Fall 2018,2018,Transfer,6.0,120,2.61,2.66,In-State,FALSE,22,0,0,2,15900,6810,Employed Full-Time,3.8,AI Research Assistant,Machine Learning & AI,Monument Bank Technology,Financial Services,"Washington, DC Metro",66250,FALSE,Career Fair
CID-453597,Computer Science,Bachelor of Science,General,Spring 2026,2026,First-Time Freshman,3.7,119,3.76,3.68,Out-of-State,FALSE,7,1,0,1,82770,25780,Continuing Education,Not Applicable,Not Applicable,Not Applicable,Not Applicable,Not Applicable,Not Applicable,Not Applicable,Not Applicable,Not Applicable
CID-159635,Information Systems,Bachelor of Science,Cybersecurity Management,Spring 2017,2017,First-Time Freshman,3.7,121,3.43,3.45,Out-of-State,FALSE,5,2,2,1,61250,44840,Employed Full-Time,0.4,SOC Analyst,Cybersecurity,Fidelis Capital Partners,Financial Services,Northern Virginia,113000,FALSE,Recruiter Outreach
CID-431089,Information Systems,Bachelor of Science,Business Analytics,Spring 2023,2023,First-Time Freshman,4.7,121,2.64,2.55,In-State,FALSE,9,0,0,2,38770,7660,Employed Full-Time,4.0,Security Analyst I,Cybersecurity,Blue Heron Technologies,Federal Contracting,Northern Virginia,98500,TRUE,Career Fair
CID-911078,Computer Science,Bachelor of Science,General,Fall 2022,2022,First-Time Freshman,5.3,121,1.94,2.03,In-State,FALSE,7,0,0,1,44240,23350,Employed Full-Time,3.3,Business Intelligence Analyst,Data & Analytics,Meridian National Systems,Federal Contracting,"Baltimore, MD",59500,FALSE,Student Organization Connection
CID-926868,Information Systems,Master of Science,Cybersecurity Management,Spring 2020,2020,First-Time Freshman,4.3,121,3.03,2.95,In-State,TRUE,12,1,0,0,34460,20570,Employed Full-Time,0.5,Data Analyst,Data & Analytics,Potomac Mission Solutions,Federal Contracting,"Columbia/Howard County, MD",68750,FALSE,Return Offer from Internship
CID-948510,Computer Science,Bachelor of Science,Data Science,Spring 2021,2021,Transfer,5.0,122,3.43,3.38,In-State,FALSE,17,2,0,1,11720,5130,No Response,Not Applicable,Not Applicable,Not Applicable,Not Applicable,Not Applicable,Not Applicable,Not Applicable,Not Applicable,Not Applicable
CID-676684,Computer Science,Bachelor of Science,Software Engineering,Spring 2026,2026,First-Time Freshman,8.3,120,2.24,2.29,In-State,FALSE,16,2,0,2,53480,31950,Employed Full-Time,0.1,Software Engineer I,Software Engineering,Meridian National Systems,Federal Contracting,"Baltimore, MD",68750,FALSE,Return Offer from Internship
CID-974253,Computer Science,Bachelor of Science,General,Spring 2025,2025,First-Time Freshman,3.7,120,3.77,3.74,In-State,FALSE,0,2,3,4,34810,27550,Continuing Education,Not Applicable,Not Applicable,Not Applicable,Not Applicable,Not Applicable,Not Applicable,Not Applicable,Not Applicable,Not Applicable
CID-315844,Computer Science,Bachelor of Science,Data Science,Fall 2020,2020,Transfer,2.0,122,3.03,2.93,In-State,FALSE,17,1,0,0,15020,6610,Employed Full-Time,1.2,Data Analyst,Data & Analytics,Maryland Department of IT,Federal Government,"Baltimore, MD",46750,TRUE,Personal Network
CID-498578,Computer Science,Bachelor of Science,Data Science,Spring 2016,2016,First-Time Freshman,7.3,120,2.97,2.84,Out-of-State,FALSE,17,2,0,5,82610,64340,Continuing Education,Not Applicable,Not Applicable,Not Applicable,Not Applicable,Not Applicable,Not Applicable,Not Applicable,Not Applicable,Not Applicable
CID-733307,Computer Science,Bachelor of Science,Cybersecurity,Fall 2015,2015,First-Time Freshman,4.3,120,2.92,2.87,In-State,FALSE,12,1,2,2,28360,19410,Employed Full-Time,0.4,Junior ML Engineer,Machine Learning & AI,Tidewater Defense Group,Defense & Aerospace,"Baltimore, MD",78500,FALSE,Online Application
CID-325078,Computer Science,Bachelor of Science,General,Fall 2024,2024,First-Time Freshman,3.3,120,3.07,2.95,In-State,FALSE,6,2,0,3,49550,25390,Employed Full-Time,0.0,Junior Developer,Software Engineering,Redoubt Security Partners,Cybersecurity Services,"Washington, DC Metro",97000,FALSE,Return Offer from Internship
CID-641128,Computer Science,Bachelor of Science,General,Fall 2023,2023,Transfer,2.7,120,3.01,2.96,Out-of-State,FALSE,8,1,1,2,21670,14890,Employed Full-Time,1.1,Business Analyst,IT Business & Product,Brightline Software Group,Software Products,Remote - United States,79250,TRUE,Student Organization Connection
CID-739400,Computer Science,Bachelor of Science,Artificial Intelligence,Fall 2021,2021,Transfer,2.0,121,3.64,3.76,In-State,FALSE,2,1,1,4,9220,5100,No Response,Not Applicable,Not Applicable,Not Applicable,Not Applicable,Not Applicable,Not Applicable,Not Applicable,Not Applicable,Not Applicable
CID-689081,Computer Science,Bachelor of Science,General,Fall 2015,2015,First-Time Freshman,4.7,123,2.40,2.24,In-State,FALSE,9,1,0,1,23340,18610,Employed Full-Time,0.5,Software Engineer I,Software Engineering,Patapsco Aerospace,Defense & Aerospace,"Washington, DC Metro",62750,FALSE,Recruiter Outreach
CID-728633,Information Systems,Bachelor of Science,Health Information Technology,Spring 2026,2026,First-Time Freshman,3.3,118,2.96,2.89,In-State,FALSE,14,2,3,4,32270,19240,Employed Full-Time,1.4,Junior Developer,Software Engineering,Office of Technology Policy,Federal Government,"Washington, DC Metro",75750,FALSE,Online Application
CID-875031,Information Systems,Bachelor of Science,Business Analytics,Spring 2024,2024,First-Time Freshman,6.7,121,3.15,3.00,In-State,FALSE,21,0,0,1,53420,41390,Employed Full-Time,5.9,SOC Analyst,Cybersecurity,Maryland Department of IT,Federal Government,"Baltimore, MD",68250,FALSE,Online Application
CID-986372,Computer Science,Bachelor of Science,General,Fall 2021,2021,First-Time Freshman,4.3,120,2.78,2.57,In-State,FALSE,11,1,0,3,46850,32720,Employed Part-Time,0.4,Software Engineer I,Software Engineering,Greenspring Health Systems,Healthcare & Life Sciences,"Washington, DC Metro",75250,FALSE,Career Fair
CID-762475,Computer Science,Bachelor of Science,General,Spring 2017,2017,Transfer,5.7,121,3.02,2.97,In-State,FALSE,14,0,0,0,12060,5640,Employed Full-Time,6.8,Cloud Support Engineer,Infrastructure & Cloud,Wayfinder Technology Advisors,Consulting & Professional Services,"Washington, DC Metro",72500,FALSE,Online Application
CID-441656,Information Systems,Bachelor of Science,Cybersecurity Management,Spring 2022,2022,Transfer,2.3,121,3.49,3.42,In-State,FALSE,15,1,0,2,7080,3670,Employed Full-Time,0.1,EHR Support Analyst,Health IT,Fidelis Capital Partners,Financial Services,"Washington, DC Metro",84500,FALSE,Return Offer from Internship
CID-508473,Computer Science,Bachelor of Science,General,Spring 2020,2020,Transfer,2.3,122,2.73,2.85,In-State,FALSE,2,1,0,2,13870,740,Employed Full-Time,0.8,Business Intelligence Analyst,Data & Analytics,Keystone Federal Services,Federal Contracting,"Baltimore, MD",53000,FALSE,Online Application
CID-138310,Computer Science,Bachelor of Science,Data Science,Spring 2026,2026,Transfer,2.3,111,3.10,3.18,In-State,FALSE,8,1,0,2,12600,5320,No Response,Not Applicable,Not Applicable,Not Applicable,Not Applicable,Not Applicable,Not Applicable,Not Applicable,Not Applicable,Not Applicable
CID-150791,Computer Science,Bachelor of Science,General,Fall 2024,2024,First-Time Freshman,3.7,120,2.64,2.44,In-State,FALSE,5,2,0,1,35170,24700,No Response,Not Applicable,Not Applicable,Not Applicable,Not Applicable,Not Applicable,Not Applicable,Not Applicable,Not Applicable,Not Applicable
CID-339695,Computer Science,Bachelor of Science,General,Summer 2017,2017,First-Time Freshman,3.3,120,3.84,3.70,In-State,FALSE,3,2,0,2,19590,7170,Employed Part-Time,1.5,Associate Software Engineer,Software Engineering,Northwind Platform Co.,Software Products,San Francisco Bay Area,113000,FALSE,Online Application
CID-697407,Computer Science,Bachelor of Science,Software Engineering,Spring 2020,2020,First-Time Freshman,4.7,120,2.38,2.39,In-State,FALSE,14,1,1,1,44890,14550,Employed Full-Time,2.5,Junior ML Engineer,Machine Learning & AI,Meridian National Systems,Federal Contracting,"Baltimore, MD",66500,FALSE,Personal Network
CID-814238,Computer Science,Bachelor of Science,General,Spring 2018,2018,First-Time Freshman,3.0,120,3.21,3.13,In-State,FALSE,7,1,0,3,28870,22890,Continuing Education,Not Applicable,Not Applicable,Not Applicable,Not Applicable,Not Applicable,Not Applicable,Not Applicable,Not Applicable,Not Applicable
CID-210666,Information Systems,Bachelor of Science,Cybersecurity Management,Spring 2023,2023,First-Time Freshman,9.3,121,2.29,2.19,Out-of-State,FALSE,18,2,0,3,78480,37130,Employed Full-Time,3.2,Security Analyst I,Cybersecurity,Potomac Mission Solutions,Federal Contracting,"Baltimore, MD",77000,FALSE,Recruiter Outreach
CID-172806,Computer Science,Bachelor of Science,Software Engineering,Spring 2019,2019,Transfer,2.0,120,2.24,2.11,In-State,FALSE,7,0,0,5,13620,8510,Employed Full-Time,1.3,Systems Administrator,Infrastructure & Cloud,Cartway Commerce,E-Commerce & Retail Tech,Northern Virginia,66250,FALSE,Online Application
CID-273008,Computer Science,Bachelor of Science,Software Engineering,Fall 2019,2019,First-Time Freshman,4.0,120,3.41,3.50,In-State,FALSE,2,3,0,3,19000,13620,Employed Full-Time,0.0,Machine Learning Engineer I,Machine Learning & AI,Maryland Department of IT,Federal Government,"Washington, DC Metro",70500,FALSE,Faculty or Staff Referral
CID-146572,Computer Science,Bachelor of Science,Cybersecurity,Fall 2021,2021,First-Time Freshman,8.3,122,3.07,2.95,In-State,FALSE,17,1,2,0,21840,12780,Employed Full-Time,0.0,Junior Security Engineer,Cybersecurity,Office of Technology Policy,Federal Government,"Washington, DC Metro",89500,FALSE,Career Fair
CID-231770,Computer Science,Bachelor of Science,Cybersecurity,Fall 2023,2023,Transfer,2.0,121,3.48,3.43,In-State,FALSE,5,1,1,2,10740,5420,Employed Full-Time,1.4,Cloud Support Engineer,Infrastructure & Cloud,Copper Ridge Data Centers,Cloud & Infrastructure,"Baltimore, MD",103500,FALSE,Career Fair
CID-748249,Computer Science,Bachelor of Science,Cybersecurity,Fall 2015,2015,First-Time Freshman,3.7,120,3.00,2.97,In-State,FALSE,5,1,0,4,36440,36400,Employed Full-Time,2.2,Junior Security Engineer,Cybersecurity,Antietam Systems Integration,Federal Contracting,"Washington, DC Metro",75500,FALSE,Student Organization Connection
CID-709722,Information Systems,Bachelor of Science,Health Information Technology,Spring 2020,2020,First-Time Freshman,3.7,121,3.64,3.60,Out-of-State,FALSE,1,1,2,6,61450,41410,Continuing Education,Not Applicable,Not Applicable,Not Applicable,Not Applicable,Not Applicable,Not Applicable,Not Applicable,Not Applicable,Not Applicable
CID-158368,Computer Science,Bachelor of Science,General,Spring 2015,2015,First-Time Freshman,3.3,121,3.02,3.19,In-State,FALSE,4,1,0,2,39470,23710,Employed Full-Time,0.2,Cloud Support Engineer,Infrastructure & Cloud,Chesapeake Defense Systems,Defense & Aerospace,"Washington, DC Metro",75500,FALSE,Online Application
CID-158886,Computer Science,Bachelor of Science,General,Summer 2024,2024,First-Time Freshman,4.3,122,3.23,2.98,Out-of-State,FALSE,0,0,0,3,87220,64850,Employed Full-Time,5.0,Junior DevOps Engineer,Infrastructure & Cloud,Anvil Compute,Cloud & Infrastructure,Remote - United States,115000,TRUE,Student Organization Connection
CID-238272,Computer Science,Bachelor of Science,Data Science,Fall 2016,2016,Transfer,1.7,122,2.74,2.85,In-State,FALSE,10,0,0,4,9190,8990,No Response,Not Applicable,Not Applicable,Not Applicable,Not Applicable,Not Applicable,Not Applicable,Not Applicable,Not Applicable,Not Applicable
CID-250733,Computer Science,Bachelor of Science,Software Engineering,Spring 2018,2018,First-Time Freshman,9.0,122,2.85,2.71,In-State,FALSE,34,2,0,1,28260,14380,Still Seeking,Not Applicable,Not Applicable,Not Applicable,Not Applicable,Not Applicable,Not Applicable,Not Applicable,Not Applicable,Not Applicable
CID-587365,Computer Science,Bachelor of Science,Data Science,Spring 2026,2026,Transfer,2.3,121,2.75,2.70,Out-of-State,FALSE,6,1,0,3,29800,14600,Employed Full-Time,2.3,Junior Security Engineer,Cybersecurity,Chesapeake Community College,Higher Education,"Baltimore, MD",70500,FALSE,Online Application
CID-536195,Computer Science,Bachelor of Science,Data Science,Fall 2020,2020,First-Time Freshman,3.7,120,3.49,3.43,Out-of-State,FALSE,12,1,0,6,67320,35230,Employed Part-Time,0.3,Clinical Systems Analyst,Health IT,Anvil Compute,Cloud & Infrastructure,"Columbia/Howard County, MD",101500,FALSE,Return Offer from Internship
CID-682069,Information Systems,Bachelor of Science,Business Analytics,Spring 2024,2024,First-Time Freshman,3.3,121,3.05,2.85,In-State,FALSE,13,2,0,1,39610,22850,Employed Full-Time,0.4,Junior Systems Analyst,IT Business & Product,Beacon Telecom Services,Telecommunications,Remote - United States,70750,TRUE,Return Offer from Internship
CID-421836,Information Systems,Bachelor of Science,General,Spring 2024,2024,Transfer,1.7,123,2.60,2.59,In-State,FALSE,11,0,2,3,13440,9080,Employed Full-Time,5.2,Security Analyst I,Cybersecurity,Fidelis Capital Partners,Financial Services,Northern Virginia,105500,FALSE,Alumni Network
CID-880296,Computer Science,Bachelor of Science,Data Science,Spring 2024,2024,First-Time Freshman,3.3,120,3.38,3.28,Out-of-State,FALSE,8,2,0,5,67650,50650,Employed Full-Time,0.0,Data Analyst,Data & Analytics,Lumen Grid Software,Software Products,"New York, NY",99000,FALSE,Student Organization Connection
CID-180846,Computer Science,Bachelor of Science,General,Spring 2021,2021,First-Time Freshman,3.3,120,3.23,3.25,Out-of-State,FALSE,16,0,0,6,49710,25290,Employed Full-Time,5.7,Software Engineer I,Software Engineering,Vantage Point Applications,Software Products,San Francisco Bay Area,95500,FALSE,Personal Network
CID-683271,Information Systems,Bachelor of Science,Cybersecurity Management,Spring 2017,2017,Transfer,3.0,120,3.00,2.94,In-State,FALSE,7,1,0,1,9500,8260,No Response,Not Applicable,Not Applicable,Not Applicable,Not Applicable,Not Applicable,Not Applicable,Not Applicable,Not Applicable,Not Applicable
CID-538872,Computer Science,Bachelor of Science,Data Science,Spring 2022,2022,First-Time Freshman,4.0,120,2.68,2.63,In-State,FALSE,1,1,0,2,39250,22030,Employed Full-Time,1.4,Junior Developer,Software Engineering,Severn River Consulting,Federal Contracting,Remote - United States,76750,TRUE,Alumni Network
CID-398958,Computer Science,Bachelor of Science,General,Fall 2016,2016,First-Time Freshman,4.0,121,2.99,3.10,In-State,FALSE,13,1,0,5,24630,13410,Employed Full-Time,0.5,IT Support Specialist,IT Support & Operations,Chesterfield Asset Management,Financial Services,"Columbia/Howard County, MD",64250,FALSE,Recruiter Outreach
CID-382630,Computer Science,Bachelor of Science,General,Spring 2016,2016,First-Time Freshman,4.7,122,2.98,2.83,In-State,FALSE,1,2,1,2,35790,23330,Employed Full-Time,0.2,Software Engineer I,Software Engineering,Chesapeake Defense Systems,Defense & Aerospace,"Washington, DC Metro",85750,FALSE,Personal Network
CID-355222,Computer Science,Bachelor of Science,Software Engineering,Fall 2024,2024,Transfer,2.0,120,2.92,3.05,In-State,FALSE,10,1,0,2,12650,6970,Employed Full-Time,7.1,Machine Learning Engineer I,Machine Learning & AI,Harborline Networks,Cloud & Infrastructure,"Washington, DC Metro",87250,FALSE,Faculty or Staff Referral
CID-710041,Computer Science,Bachelor of Science,General,Fall 2018,2018,Transfer,2.7,121,3.02,3.04,In-State,FALSE,2,0,0,2,15380,4660,No Response,Not Applicable,Not Applicable,Not Applicable,Not Applicable,Not Applicable,Not Applicable,Not Applicable,Not Applicable,Not Applicable
CID-280029,Computer Science,Master of Science,Artificial Intelligence,Spring 2018,2018,Transfer,2.3,120,3.82,3.74,In-State,TRUE,5,1,2,1,14320,7560,Employed Full-Time,0.0,Junior Developer,Software Engineering,Antietam Systems Integration,Federal Contracting,"Washington, DC Metro",89750,FALSE,Recruiter Outreach
CID-147169,Computer Science,Bachelor of Science,Artificial Intelligence,Fall 2025,2025,Transfer,3.0,130,1.75,1.72,In-State,FALSE,10,0,0,1,22350,0,No Response,Not Applicable,Not Applicable,Not Applicable,Not Applicable,Not Applicable,Not Applicable,Not Applicable,Not Applicable,Not Applicable
CID-465349,Information Systems,Bachelor of Science,General,Spring 2018,2018,First-Time Freshman,8.0,121,2.35,2.33,In-State,FALSE,29,1,0,2,38840,15400,Employed Part-Time,2.1,Machine Learning Engineer I,Machine Learning & AI,Bastion Threat Labs,Cybersecurity Services,Northern Virginia,64250,FALSE,Online Application
CID-154330,Computer Science,Bachelor of Science,Cybersecurity,Spring 2021,2021,Transfer,2.7,122,2.91,3.10,In-State,FALSE,12,0,0,4,12890,9150,Employed Full-Time,5.2,Junior DevOps Engineer,Infrastructure & Cloud,Monument Bank Technology,Financial Services,"Washington, DC Metro",83750,FALSE,Career Fair
CID-333874,Information Systems,Bachelor of Science,Health Information Technology,Spring 2017,2017,First-Time Freshman,4.0,121,3.21,3.10,In-State,FALSE,5,2,2,2,33920,4880,Continuing Education,Not Applicable,Not Applicable,Not Applicable,Not Applicable,Not Applicable,Not Applicable,Not Applicable,Not Applicable,Not Applicable
CID-740965,Information Systems,Bachelor of Science,Software Development,Fall 2019,2019,First-Time Freshman,4.0,121,3.69,3.65,In-State,FALSE,18,2,0,5,21440,3020,No Response,Not Applicable,Not Applicable,Not Applicable,Not Applicable,Not Applicable,Not Applicable,Not Applicable,Not Applicable,Not Applicable
CID-832161,Information Systems,Bachelor of Science,Business Analytics,Fall 2022,2022,Transfer,4.7,122,2.60,2.59,In-State,FALSE,25,1,1,0,13900,230,Employed Full-Time,0.0,Business Analyst,IT Business & Product,National Data Services Agency,Federal Government,"Baltimore, MD",60750,FALSE,Online Application
CID-207395,Computer Science,Bachelor of Science,Cybersecurity,Fall 2015,2015,First-Time Freshman,3.3,120,3.49,3.30,In-State,FALSE,12,1,1,2,33630,33630,Employed Full-Time,0.3,SOC Analyst,Cybersecurity,Office of Technology Policy,Federal Government,"Columbia/Howard County, MD",77000,FALSE,Return Offer from Internship
CID-253322,Computer Science,Bachelor of Science,Cybersecurity,Spring 2021,2021,Transfer,2.7,121,2.13,2.19,In-State,FALSE,18,2,0,3,14840,5220,Employed Full-Time,1.5,Associate Software Engineer,Software Engineering,Maryland Department of IT,Federal Government,"Columbia/Howard County, MD",55250,FALSE,Personal Network
CID-107420,Computer Science,Bachelor of Science,Software Engineering,Spring 2026,2026,First-Time Freshman,6.7,102,2.73,2.67,Out-of-State,FALSE,27,1,0,6,83720,52340,No Response,Not Applicable,Not Applicable,Not Applicable,Not Applicable,Not Applicable,Not Applicable,Not Applicable,Not Applicable,Not Applicable
CID-557053,Computer Science,Bachelor of Science,Cybersecurity,Spring 2023,2023,First-Time Freshman,3.7,120,2.45,2.56,In-State,FALSE,14,1,0,0,41000,6400,Continuing Education,Not Applicable,Not Applicable,Not Applicable,Not Applicable,Not Applicable,Not Applicable,Not Applicable,Not Applicable,Not Applicable
CID-150920,Information Systems,Bachelor of Science,General,Spring 2016,2016,Transfer,2.7,121,2.21,2.29,In-State,FALSE,12,0,0,1,11690,11540,Employed Full-Time,7.3,Junior Developer,Software Engineering,Patapsco Aerospace,Defense & Aerospace,"Washington, DC Metro",49500,FALSE,Recruiter Outreach
CID-182962,Computer Science,Master of Science,Software Engineering,Spring 2024,2024,Transfer,2.7,121,2.72,2.90,In-State,TRUE,10,2,1,4,14920,6680,Still Seeking,Not Applicable,Not Applicable,Not Applicable,Not Applicable,Not Applicable,Not Applicable,Not Applicable,Not Applicable,Not Applicable
CID-286105,Information Systems,Bachelor of Science,Business Analytics,Spring 2025,2025,First-Time Freshman,3.3,121,2.98,2.80,Out-of-State,FALSE,7,0,0,4,72100,58080,Employed Full-Time,6.2,Help Desk Technician,IT Support & Operations,University of Maryland System,Higher Education,"Columbia/Howard County, MD",35500,FALSE,Online Application
CID-535957,Computer Science,Master of Science,Cybersecurity,Spring 2018,2018,Transfer,2.7,120,3.24,3.38,Out-of-State,TRUE,6,1,0,4,20780,9940,Employed Full-Time,0.1,Cloud Support Engineer,Infrastructure & Cloud,Harborline Networks,Cloud & Infrastructure,"Baltimore, MD",85500,FALSE,Alumni Network
CID-338691,Information Systems,Bachelor of Science,Software Development,Spring 2015,2015,First-Time Freshman,4.0,121,2.97,3.00,In-State,FALSE,11,1,1,4,28370,17960,Employed Full-Time,2.9,Junior Systems Analyst,IT Business & Product,Keystone Federal Services,Federal Contracting,"Baltimore, MD",66500,FALSE,Personal Network
CID-588012,Computer Science,Bachelor of Science,General,Spring 2026,2026,Transfer,2.3,104,2.33,2.33,In-State,FALSE,18,1,0,5,19920,0,Employed Full-Time,0.5,Junior ML Engineer,Machine Learning & AI,Antietam Systems Integration,Federal Contracting,"Baltimore, MD",82250,FALSE,Return Offer from Internship
CID-622073,Computer Science,Bachelor of Science,General,Fall 2020,2020,First-Time Freshman,3.7,122,3.16,2.95,Out-of-State,FALSE,5,2,0,3,85210,38300,Employed Full-Time,0.2,Data Analyst,Data & Analytics,Calvert Advisory Group,Consulting & Professional Services,"Baltimore, MD",88750,TRUE,Return Offer from Internship
CID-188434,Computer Science,Bachelor of Science,Data Science,Fall 2020,2020,First-Time Freshman,4.3,120,2.99,2.82,In-State,FALSE,18,0,0,3,37090,290,Employed Full-Time,5.5,Junior Data Analyst,Data & Analytics,Sterling Ridge Consulting,Consulting & Professional Services,Northern Virginia,79250,FALSE,Career Fair
CID-196638,Computer Science,Bachelor of Science,Software Engineering,Fall 2023,2023,First-Time Freshman,4.7,123,2.56,2.46,In-State,FALSE,5,1,0,2,32090,18210,Employed Full-Time,1.6,Associate Software Engineer,Software Engineering,Sterling Ridge Consulting,Consulting & Professional Services,"Washington, DC Metro",81250,FALSE,Online Application
CID-933736,Information Systems,Bachelor of Science,Health Information Technology,Spring 2021,2021,First-Time Freshman,3.7,121,3.40,3.35,Out-of-State,FALSE,10,3,3,5,61500,30540,Employed Full-Time,0.0,Junior Systems Analyst,IT Business & Product,Copper Ridge Data Centers,Cloud & Infrastructure,"Columbia/Howard County, MD",91750,FALSE,Return Offer from Internship
CID-588301,Computer Science,Bachelor of Science,General,Fall 2015,2015,First-Time Freshman,7.0,121,3.08,3.00,In-State,FALSE,10,0,2,2,34480,29670,Employed Full-Time,3.8,Associate Software Engineer,Software Engineering,Office of Technology Policy,Federal Government,"Columbia/Howard County, MD",52250,FALSE,Personal Network
CID-501118,Computer Science,Master of Science,Artificial Intelligence,Spring 2024,2024,First-Time Freshman,4.0,122,3.94,3.95,In-State,FALSE,9,1,0,5,14660,8480,Employed Full-Time,0.6,Junior ML Engineer,Machine Learning & AI,Sterling Ridge Consulting,Consulting & Professional Services,"Baltimore, MD",115000,FALSE,Personal Network
CID-708727,Computer Science,Bachelor of Science,Software Engineering,Spring 2022,2022,First-Time Freshman,5.3,120,2.01,1.87,Out-of-State,FALSE,5,0,0,2,61350,43100,Employed Full-Time,4.2,Junior Developer,Software Engineering,Copper Ridge Data Centers,Cloud & Infrastructure,"Baltimore, MD",54500,FALSE,Online Application
CID-700541,Computer Science,Bachelor of Science,Cybersecurity,Fall 2019,2019,Transfer,2.7,120,2.55,2.64,In-State,FALSE,4,1,0,3,14630,11180,Employed Full-Time,0.3,Junior DevOps Engineer,Infrastructure & Cloud,Continental Wireless,Telecommunications,"Baltimore, MD",73000,FALSE,Return Offer from Internship
CID-265586,Computer Science,Bachelor of Science,Software Engineering,Fall 2025,2025,First-Time Freshman,9.0,121,2.87,2.67,In-State,FALSE,20,0,0,3,24630,11050,Employed Full-Time,3.9,Systems Administrator,Infrastructure & Cloud,National Data Services Agency,Federal Government,"Washington, DC Metro",84250,TRUE,Online Application
CID-462277,Information Systems,Bachelor of Science,Business Analytics,Fall 2015,2015,First-Time Freshman,4.0,121,3.10,3.00,In-State,FALSE,5,1,0,1,29270,18160,Employed Full-Time,0.3,Data Analyst,Data & Analytics,Shoreline Retail Group,E-Commerce & Retail Tech,"Washington, DC Metro",65000,FALSE,Return Offer from Internship
CID-974355,Computer Science,Bachelor of Science,Artificial Intelligence,Spring 2015,2015,Transfer,2.3,122,3.28,3.20,In-State,FALSE,21,1,0,6,6950,1870,Employed Full-Time,0.0,Junior ML Engineer,Machine Learning & AI,Chesapeake Defense Systems,Defense & Aerospace,"Baltimore, MD",70250,FALSE,Return Offer from Internship
CID-138275,Computer Science,Bachelor of Science,Cybersecurity,Spring 2025,2025,First-Time Freshman,10.0,120,2.08,2.11,In-State,FALSE,24,0,1,1,67270,33900,Employed Full-Time,3.4,Software Engineer I,Software Engineering,Vantage Point Applications,Software Products,"Baltimore, MD",77500,FALSE,Personal Network
CID-379515,Computer Science,Bachelor of Science,Cybersecurity,Spring 2015,2015,First-Time Freshman,4.0,122,2.75,2.74,Out-of-State,FALSE,14,3,0,3,61470,37300,Employed Full-Time,0.0,SOC Analyst,Cybersecurity,Meridian National Systems,Federal Contracting,Northern Virginia,97500,FALSE,Alumni Network
CID-881717,Information Systems,Bachelor of Science,Health Information Technology,Fall 2018,2018,First-Time Freshman,4.3,121,3.60,3.70,In-State,FALSE,16,3,0,2,24210,16920,Employed Full-Time,0.0,Business Analyst,IT Business & Product,Meridian National Systems,Federal Contracting,"Denver, CO",97750,FALSE,Personal Network
CID-373798,Computer Science,Bachelor of Science,Data Science,Fall 2015,2015,First-Time Freshman,4.3,121,2.83,2.95,In-State,FALSE,7,3,0,5,23100,20660,Continuing Education,Not Applicable,Not Applicable,Not Applicable,Not Applicable,Not Applicable,Not Applicable,Not Applicable,Not Applicable,Not Applicable
CID-705265,Computer Science,Bachelor of Science,Cybersecurity,Spring 2015,2015,First-Time Freshman,3.7,121,3.31,3.38,In-State,FALSE,4,1,0,2,34020,0,Employed Full-Time,3.0,Junior ML Engineer,Machine Learning & AI,Catoctin Analytics Group,Federal Contracting,"Baltimore, MD",76500,FALSE,Faculty or Staff Referral
CID-553945,Computer Science,Bachelor of Science,Artificial Intelligence,Spring 2020,2020,First-Time Freshman,4.0,121,2.87,3.02,In-State,FALSE,14,2,0,1,42460,5100,Employed Full-Time,0.4,Data Analyst,Data & Analytics,National Data Services Agency,Federal Government,"Columbia/Howard County, MD",82750,FALSE,Return Offer from Internship
CID-323902,Computer Science,Bachelor of Science,Software Engineering,Fall 2017,2017,Transfer,3.0,122,2.09,2.06,In-State,FALSE,5,1,0,1,13800,11680,Still Seeking,Not Applicable,Not Applicable,Not Applicable,Not Applicable,Not Applicable,Not Applicable,Not Applicable,Not Applicable,Not Applicable
CID-419197,Information Systems,Bachelor of Science,General,Spring 2024,2024,First-Time Freshman,4.3,121,2.98,3.05,In-State,FALSE,8,1,0,1,18780,16680,Continuing Education,Not Applicable,Not Applicable,Not Applicable,Not Applicable,Not Applicable,Not Applicable,Not Applicable,Not Applicable,Not Applicable
CID-346158,Computer Science,Bachelor of Science,Data Science,Fall 2019,2019,First-Time Freshman,4.3,121,2.63,2.72,In-State,FALSE,6,1,2,1,39070,24050,Employed Full-Time,1.3,Junior Developer,Software Engineering,Harborline Networks,Cloud & Infrastructure,"Baltimore, MD",67250,FALSE,Career Fair
CID-805749,Computer Science,Bachelor of Science,Software Engineering,Spring 2022,2022,First-Time Freshman,4.7,123,3.11,2.93,In-State,FALSE,13,2,0,0,25660,12900,Employed Full-Time,1.0,AI Research Assistant,Machine Learning & AI,Fidelis Capital Partners,Financial Services,"Baltimore, MD",103500,FALSE,Online Application
CID-195382,Computer Science,Bachelor of Science,Cybersecurity,Fall 2024,2024,Transfer,3.3,120,3.42,3.46,In-State,FALSE,10,2,2,2,15350,6500,Employed Full-Time,0.0,SOC Analyst,Cybersecurity,Chesapeake Defense Systems,Defense & Aerospace,"Columbia/Howard County, MD",125000,TRUE,Return Offer from Internship
CID-406293,Computer Science,Bachelor of Science,General,Spring 2015,2015,Transfer,2.0,122,3.10,2.90,In-State,FALSE,11,0,0,3,7370,0,Employed Full-Time,4.3,Junior Developer,Software Engineering,Potomac Mission Solutions,Federal Contracting,"Baltimore, MD",50250,FALSE,Student Organization Connection
CID-386959,Computer Science,Bachelor of Science,Software Engineering,Fall 2020,2020,First-Time Freshman,4.3,120,2.48,2.44,In-State,FALSE,25,0,0,6,33000,6190,Employed Full-Time,7.0,Cloud Support Engineer,Infrastructure & Cloud,Brightline Software Group,Software Products,"Baltimore, MD",66750,FALSE,Student Organization Connection
CID-337820,Information Systems,Bachelor of Science,General,Fall 2018,2018,First-Time Freshman,4.3,121,2.93,3.00,In-State,FALSE,8,2,0,3,26310,9980,Employed Full-Time,0.1,Data Analyst,Data & Analytics,Monument Bank Technology,Financial Services,Northern Virginia,71750,FALSE,Return Offer from Internship
CID-630166,Information Systems,Bachelor of Science,Cybersecurity Management,Spring 2022,2022,First-Time Freshman,4.3,121,3.50,3.45,In-State,FALSE,6,2,1,2,31250,13740,Employed Full-Time,0.3,Security Analyst I,Cybersecurity,Patapsco Aerospace,Defense & Aerospace,"Washington, DC Metro",125000,FALSE,Return Offer from Internship
CID-355106,Computer Science,Bachelor of Science,Cybersecurity,Spring 2021,2021,Transfer,2.3,120,2.80,2.72,In-State,FALSE,5,0,0,4,15410,8790,No Response,Not Applicable,Not Applicable,Not Applicable,Not Applicable,Not Applicable,Not Applicable,Not Applicable,Not Applicable,Not Applicable
CID-513163,Computer Science,Bachelor of Science,Artificial Intelligence,Spring 2022,2022,Transfer,2.7,122,3.31,3.40,In-State,FALSE,3,0,0,2,13500,1810,Employed Full-Time,2.0,Cloud Support Engineer,Infrastructure & Cloud,Meridian National Systems,Federal Contracting,"Baltimore, MD",77750,FALSE,Online Application
CID-343725,Information Systems,Bachelor of Science,Cybersecurity Management,Spring 2018,2018,First-Time Freshman,3.7,121,3.06,3.00,In-State,FALSE,10,2,2,3,36440,23860,No Response,Not Applicable,Not Applicable,Not Applicable,Not Applicable,Not Applicable,Not Applicable,Not Applicable,Not Applicable,Not Applicable
CID-707818,Computer Science,Bachelor of Science,General,Spring 2024,2024,First-Time Freshman,4.0,120,2.67,2.68,In-State,FALSE,9,1,0,2,43210,15810,Still Seeking,Not Applicable,Not Applicable,Not Applicable,Not Applicable,Not Applicable,Not Applicable,Not Applicable,Not Applicable,Not Applicable
CID-891676,Information Systems,Bachelor of Science,General,Spring 2024,2024,First-Time Freshman,3.3,121,2.89,2.75,In-State,FALSE,18,1,1,4,40990,23010,Employed Full-Time,0.4,Cloud Support Engineer,Infrastructure & Cloud,Potomac Mission Solutions,Federal Contracting,"Washington, DC Metro",96750,FALSE,Return Offer from Internship
CID-433696,Computer Science,Bachelor of Science,Software Engineering,Spring 2026,2026,Transfer,2.0,119,2.74,2.83,In-State,FALSE,9,0,2,5,13700,190,Employed Part-Time,1.2,Associate Software Engineer,Software Engineering,National Data Services Agency,Federal Government,"Washington, DC Metro",73750,FALSE,Student Organization Connection
CID-164669,Computer Science,Bachelor of Science,General,Spring 2024,2024,Transfer,2.0,120,2.74,2.74,In-State,FALSE,4,0,0,1,14600,4180,Employed Full-Time,5.3,Data Analyst,Data & Analytics,Harbor Mutual Insurance,Insurance,Other - United States,59750,FALSE,Online Application
CID-255436,Computer Science,Bachelor of Science,General,Spring 2019,2019,First-Time Freshman,4.0,120,3.53,3.63,Out-of-State,FALSE,9,0,0,1,61210,41990,No Response,Not Applicable,Not Applicable,Not Applicable,Not Applicable,Not Applicable,Not Applicable,Not Applicable,Not Applicable,Not Applicable
CID-123274,Computer Science,Bachelor of Science,Data Science,Fall 2022,2022,First-Time Freshman,4.0,121,2.48,2.58,In-State,FALSE,6,1,0,0,37800,7550,Continuing Education,Not Applicable,Not Applicable,Not Applicable,Not Applicable,Not Applicable,Not Applicable,Not Applicable,Not Applicable,Not Applicable
CID-522496,Computer Science,Bachelor of Science,Data Science,Spring 2018,2018,First-Time Freshman,3.7,120,2.41,2.43,In-State,FALSE,4,1,1,0,43800,22640,Employed Full-Time,2.6,Junior Developer,Software Engineering,Northwind Platform Co.,Software Products,"Baltimore, MD",65750,FALSE,Online Application
CID-271118,Computer Science,Bachelor of Science,Artificial Intelligence,Fall 2018,2018,Transfer,2.0,120,2.78,2.74,In-State,FALSE,9,1,0,1,10720,9310,Employed Full-Time,3.3,Junior Data Analyst,Data & Analytics,Meridian National Systems,Federal Contracting,"Columbia/Howard County, MD",71250,FALSE,Career Fair
CID-155876,Computer Science,Bachelor of Science,General,Spring 2019,2019,Transfer,2.3,121,3.41,3.53,In-State,FALSE,0,0,0,2,10770,3600,Employed Full-Time,1.3,Data Analyst,Data & Analytics,Tessellate Labs,Software Products,"Washington, DC Metro",83500,FALSE,Career Fair
CID-711430,Computer Science,Bachelor of Science,General,Fall 2023,2023,Transfer,3.3,121,2.79,2.70,In-State,FALSE,2,1,0,2,16060,11350,Employed Part-Time,3.0,Associate Software Engineer,Software Engineering,Meridian National Systems,Federal Contracting,"Washington, DC Metro",90250,TRUE,Personal Network
CID-313780,Information Systems,Bachelor of Science,Software Development,Fall 2021,2021,Transfer,3.3,120,2.77,2.71,In-State,FALSE,10,1,0,0,16300,9200,Employed Full-Time,0.0,Business Intelligence Analyst,Data & Analytics,Civic Code Alliance,Nonprofit & Civic Tech,"Columbia/Howard County, MD",44500,FALSE,Alumni Network
CID-801025,Computer Science,Bachelor of Science,Software Engineering,Fall 2022,2022,Transfer,2.0,121,2.93,2.89,In-State,FALSE,16,1,0,1,14100,5070,Employed Full-Time,1.0,Junior Security Engineer,Cybersecurity,Severn River Consulting,Federal Contracting,Remote - United States,75500,TRUE,Online Application
CID-552862,Information Systems,Bachelor of Science,Cybersecurity Management,Spring 2022,2022,First-Time Freshman,6.3,121,2.17,2.05,In-State,FALSE,21,1,2,4,33580,24030,Continuing Education,Not Applicable,Not Applicable,Not Applicable,Not Applicable,Not Applicable,Not Applicable,Not Applicable,Not Applicable,Not Applicable
CID-613166,Information Systems,Bachelor of Science,Cybersecurity Management,Fall 2019,2019,Transfer,4.3,120,2.64,2.67,In-State,FALSE,18,2,0,2,14480,8370,Employed Full-Time,0.0,Data Analyst,Data & Analytics,Patapsco Aerospace,Defense & Aerospace,"Baltimore, MD",63500,FALSE,Career Fair
CID-170515,Information Systems,Master of Science,Business Analytics,Spring 2026,2026,First-Time Freshman,10.0,81,1.30,1.40,In-State,TRUE,12,3,0,4,67610,25240,Employed Full-Time,2.5,Desktop Support Analyst,IT Support & Operations,Meridian National Systems,Federal Contracting,"Columbia/Howard County, MD",48000,FALSE,Recruiter Outreach
CID-932168,Computer Science,Bachelor of Science,Cybersecurity,Fall 2022,2022,Transfer,4.3,122,2.12,2.14,In-State,FALSE,6,0,0,1,21610,16370,No Response,Not Applicable,Not Applicable,Not Applicable,Not Applicable,Not Applicable,Not Applicable,Not Applicable,Not Applicable,Not Applicable
CID-797835,Computer Science,Bachelor of Science,Data Science,Spring 2023,2023,First-Time Freshman,4.7,122,2.82,2.76,In-State,FALSE,19,1,2,1,37740,10180,Employed Part-Time,0.4,Data Analyst,Data & Analytics,Antietam Systems Integration,Federal Contracting,"Baltimore, MD",90500,FALSE,Return Offer from Internship
CID-413329,Computer Science,Bachelor of Science,General,Spring 2021,2021,Transfer,3.3,122,2.60,2.48,Out-of-State,FALSE,5,1,0,2,25290,19850,Employed Full-Time,0.0,Business Intelligence Analyst,Data & Analytics,Federal Health Data Office,Federal Government,"Washington, DC Metro",53250,FALSE,Alumni Network
CID-385248,Computer Science,Bachelor of Science,Cybersecurity,Fall 2019,2019,First-Time Freshman,3.7,120,3.36,3.43,In-State,FALSE,3,3,2,4,38590,17270,Employed Full-Time,0.0,Junior Systems Analyst,IT Business & Product,University of Maryland System,Higher Education,"Washington, DC Metro",64000,FALSE,Return Offer from Internship
CID-762336,Computer Science,Bachelor of Science,General,Spring 2023,2023,Transfer,1.3,120,3.37,3.42,In-State,FALSE,4,1,0,2,11400,920,Still Seeking,Not Applicable,Not Applicable,Not Applicable,Not Applicable,Not Applicable,Not Applicable,Not Applicable,Not Applicable,Not Applicable
CID-841023,Computer Science,Bachelor of Science,General,Spring 2019,2019,First-Time Freshman,4.3,123,3.15,2.91,Out-of-State,FALSE,0,0,0,0,54750,40130,Employed Part-Time,2.5,Junior Data Analyst,Data & Analytics,Harborline Networks,Cloud & Infrastructure,"Columbia/Howard County, MD",65750,FALSE,Career Fair
CID-251628,Information Systems,Bachelor of Science,Health Information Technology,Spring 2016,2016,Transfer,2.3,121,3.60,3.78,In-State,FALSE,6,1,2,3,15230,8180,Employed Full-Time,0.2,Junior Data Analyst,Data & Analytics,Northfield Biosciences,Healthcare & Life Sciences,"Washington, DC Metro",63750,FALSE,Online Application
CID-754168,Information Systems,Bachelor of Science,Cybersecurity Management,Fall 2017,2017,First-Time Freshman,4.7,121,3.03,2.90,In-State,FALSE,2,2,2,5,44500,9090,Employed Full-Time,0.0,Security Analyst I,Cybersecurity,Patapsco Aerospace,Defense & Aerospace,"Baltimore, MD",76500,FALSE,Online Application
CID-966449,Computer Science,Master of Science,General,Fall 2020,2020,Transfer,4.0,121,2.62,2.60,In-State,TRUE,17,0,0,2,12760,10660,Employed Full-Time,6.0,Business Analyst,IT Business & Product,Calvert Advisory Group,Consulting & Professional Services,"Baltimore, MD",60750,FALSE,Faculty or Staff Referral
CID-708777,Computer Science,Bachelor of Science,Data Science,Spring 2021,2021,First-Time Freshman,4.3,122,2.79,2.76,In-State,FALSE,3,0,0,1,41820,24370,No Response,Not Applicable,Not Applicable,Not Applicable,Not Applicable,Not Applicable,Not Applicable,Not Applicable,Not Applicable,Not Applicable
CID-538036,Computer Science,Bachelor of Science,Cybersecurity,Fall 2017,2017,First-Time Freshman,3.3,120,3.47,3.59,Out-of-State,FALSE,10,2,3,3,56590,35450,No Response,Not Applicable,Not Applicable,Not Applicable,Not Applicable,Not Applicable,Not Applicable,Not Applicable,Not Applicable,Not Applicable
CID-927449,Computer Science,Bachelor of Science,Data Science,Spring 2019,2019,First-Time Freshman,6.0,123,2.13,2.21,Out-of-State,FALSE,21,0,3,2,81520,81030,Employed Full-Time,3.0,Junior Data Analyst,Data & Analytics,Allied Shield Insurance Group,Insurance,Northern Virginia,68500,FALSE,Personal Network
CID-767467,Information Systems,Bachelor of Science,Business Analytics,Spring 2023,2023,Transfer,2.7,121,2.71,2.78,Out-of-State,FALSE,14,0,0,0,28410,10570,Employed Full-Time,7.4,Junior Data Analyst,Data & Analytics,Maryland Department of IT,Federal Government,"Washington, DC Metro",52750,FALSE,Online Application
CID-799047,Computer Science,Bachelor of Science,General,Fall 2019,2019,Transfer,2.3,122,3.27,3.29,In-State,FALSE,2,1,0,7,8390,7400,Still Seeking,Not Applicable,Not Applicable,Not Applicable,Not Applicable,Not Applicable,Not Applicable,Not Applicable,Not Applicable,Not Applicable
CID-885990,Computer Science,Bachelor of Science,Cybersecurity,Spring 2018,2018,Transfer,2.0,121,3.69,3.70,In-State,FALSE,10,1,0,3,11900,4770,No Response,Not Applicable,Not Applicable,Not Applicable,Not Applicable,Not Applicable,Not Applicable,Not Applicable,Not Applicable,Not Applicable
CID-650119,Information Systems,Bachelor of Science,Cybersecurity Management,Spring 2020,2020,First-Time Freshman,3.7,121,2.99,3.05,Out-of-State,FALSE,13,1,2,3,69580,28180,Still Seeking,Not Applicable,Not Applicable,Not Applicable,Not Applicable,Not Applicable,Not Applicable,Not Applicable,Not Applicable,Not Applicable
CID-559830,Computer Science,Bachelor of Science,General,Spring 2016,2016,Transfer,2.3,120,3.20,3.21,In-State,FALSE,8,1,0,2,11410,4700,Employed Full-Time,3.5,Business Intelligence Analyst,Data & Analytics,Patapsco Aerospace,Defense & Aerospace,"Washington, DC Metro",69500,FALSE,Career Fair
CID-869621,Computer Science,Bachelor of Science,Data Science,Spring 2020,2020,Transfer,4.3,122,2.39,2.39,Out-of-State,FALSE,26,2,1,2,28900,15090,No Response,Not Applicable,Not Applicable,Not Applicable,Not Applicable,Not Applicable,Not Applicable,Not Applicable,Not Applicable,Not Applicable
CID-616467,Information Systems,Bachelor of Science,General,Spring 2019,2019,First-Time Freshman,4.0,121,3.76,3.85,In-State,FALSE,6,3,0,4,36750,10160,No Response,Not Applicable,Not Applicable,Not Applicable,Not Applicable,Not Applicable,Not Applicable,Not Applicable,Not Applicable,Not Applicable
CID-236479,Information Systems,Bachelor of Science,Health Information Technology,Spring 2026,2026,First-Time Freshman,4.0,118,3.53,3.63,Out-of-State,FALSE,6,1,2,2,76880,32180,Employed Part-Time,0.0,Business Analyst,IT Business & Product,Maryland Department of IT,Federal Government,"Baltimore, MD",87250,FALSE,Return Offer from Internship
CID-602029,Computer Science,Bachelor of Science,Cybersecurity,Summer 2022,2022,First-Time Freshman,4.0,122,3.25,3.16,In-State,FALSE,3,2,1,1,32610,17500,Employed Full-Time,0.0,Data Analyst,Data & Analytics,Fidelis Capital Partners,Financial Services,Northern Virginia,118500,FALSE,Career Fair
CID-805963,Computer Science,Bachelor of Science,Software Engineering,Fall 2022,2022,Transfer,2.3,120,3.00,2.84,In-State,FALSE,7,1,0,1,13940,3410,No Response,Not Applicable,Not Applicable,Not Applicable,Not Applicable,Not Applicable,Not Applicable,Not Applicable,Not Applicable,Not Applicable
CID-652978,Information Systems,Master of Science,General,Spring 2021,2021,Transfer,3.7,120,2.89,3.00,In-State,TRUE,12,3,0,1,16480,15840,No Response,Not Applicable,Not Applicable,Not Applicable,Not Applicable,Not Applicable,Not Applicable,Not Applicable,Not Applicable,Not Applicable
CID-358271,Information Systems,Bachelor of Science,General,Fall 2019,2019,Transfer,2.3,120,3.00,3.00,In-State,FALSE,3,0,0,2,9690,4620,No Response,Not Applicable,Not Applicable,Not Applicable,Not Applicable,Not Applicable,Not Applicable,Not Applicable,Not Applicable,Not Applicable
CID-446097,Information Systems,Bachelor of Science,Health Information Technology,Spring 2024,2024,First-Time Freshman,4.3,121,3.52,3.45,In-State,FALSE,15,3,2,4,25520,12780,No Response,Not Applicable,Not Applicable,Not Applicable,Not Applicable,Not Applicable,Not Applicable,Not Applicable,Not Applicable,Not Applicable
CID-218472,Computer Science,Bachelor of Science,General,Fall 2016,2016,First-Time Freshman,3.3,120,3.88,3.79,In-State,FALSE,7,2,0,5,26760,26760,Employed Full-Time,0.3,Cloud Support Engineer,Infrastructure & Cloud,Piedmont Energy Partners,Energy & Utilities,"Columbia/Howard County, MD",95750,FALSE,Return Offer from Internship
CID-673024,Computer Science,Bachelor of Science,Artificial Intelligence,Spring 2023,2023,First-Time Freshman,4.0,123,2.99,2.88,Out-of-State,FALSE,12,1,0,2,86600,33870,Employed Full-Time,0.3,SOC Analyst,Cybersecurity,Greenspring Health Systems,Healthcare & Life Sciences,"Washington, DC Metro",102000,FALSE,Return Offer from Internship
CID-488578,Computer Science,Bachelor of Science,Data Science,Fall 2017,2017,First-Time Freshman,3.7,120,2.95,2.96,In-State,FALSE,2,2,0,2,37260,34170,Employed Full-Time,0.3,Junior Data Analyst,Data & Analytics,Cartway Commerce,E-Commerce & Retail Tech,Northern Virginia,81250,FALSE,Return Offer from Internship
CID-590091,Computer Science,Bachelor of Science,General,Spring 2020,2020,First-Time Freshman,3.3,122,3.43,3.49,Out-of-State,FALSE,10,1,0,6,85730,63130,Employed Part-Time,0.0,Junior Developer,Software Engineering,Monument Bank Technology,Financial Services,"Columbia/Howard County, MD",84750,FALSE,Return Offer from Internship
CID-898554,Information Systems,Bachelor of Science,Health Information Technology,Spring 2023,2023,Transfer,5.0,121,3.17,3.11,In-State,FALSE,10,2,3,7,19820,8910,Military,Not Applicable,Not Applicable,Not Applicable,Not Applicable,Not Applicable,Not Applicable,Not Applicable,Not Applicable,Not Applicable
CID-341258,Information Systems,Bachelor of Science,General,Fall 2021,2021,First-Time Freshman,3.7,120,3.28,3.52,In-State,FALSE,25,1,2,3,24530,14420,Employed Full-Time,0.6,Data Analyst,Data & Analytics,Fidelis Capital Partners,Financial Services,Northern Virginia,92000,FALSE,Student Organization Connection
CID-248602,Information Systems,Bachelor of Science,Software Development,Fall 2017,2017,First-Time Freshman,4.3,121,3.13,3.05,Out-of-State,FALSE,3,2,2,2,48750,42970,Employed Full-Time,0.1,IT Analyst,IT Business & Product,Lumen Grid Software,Software Products,Northern Virginia,92000,FALSE,Return Offer from Internship
CID-942887,Computer Science,Bachelor of Science,Cybersecurity,Fall 2023,2023,Transfer,2.3,120,2.67,2.70,In-State,FALSE,17,0,2,2,16870,4930,Employed Full-Time,4.3,Junior DevOps Engineer,Infrastructure & Cloud,Chesapeake Community College,Higher Education,Northern Virginia,58000,FALSE,Online Application
CID-153423,Computer Science,Bachelor of Science,Artificial Intelligence,Summer 2024,2024,First-Time Freshman,3.7,122,3.67,3.64,In-State,FALSE,14,1,0,5,34520,9160,Employed Part-Time,1.1,Machine Learning Engineer I,Machine Learning & AI,Chesapeake Defense Systems,Defense & Aerospace,"Baltimore, MD",89500,FALSE,Online Application
CID-637533,Computer Science,Bachelor of Science,Data Science,Spring 2020,2020,First-Time Freshman,3.3,120,3.67,3.63,In-State,FALSE,3,2,2,5,32520,11110,Continuing Education,Not Applicable,Not Applicable,Not Applicable,Not Applicable,Not Applicable,Not Applicable,Not Applicable,Not Applicable,Not Applicable
CID-907317,Information Systems,Bachelor of Science,Cybersecurity Management,Fall 2019,2019,First-Time Freshman,4.3,121,3.07,3.10,In-State,FALSE,7,1,0,1,33610,15860,Employed Part-Time,0.0,Data Analyst,Data & Analytics,Maryland Department of IT,Federal Government,"Washington, DC Metro",53250,FALSE,Faculty or Staff Referral
CID-601990,Information Systems,Bachelor of Science,Software Development,Spring 2025,2025,First-Time Freshman,4.0,121,2.88,2.75,In-State,FALSE,3,1,3,4,51440,32260,Employed Full-Time,2.9,Systems Administrator,Infrastructure & Cloud,Redoubt Security Partners,Cybersecurity Services,"Washington, DC Metro",84750,FALSE,Alumni Network
CID-556031,Information Systems,Bachelor of Science,General,Fall 2018,2018,First-Time Freshman,3.7,121,3.76,3.70,Out-of-State,FALSE,0,3,0,1,62020,31260,Employed Full-Time,0.0,Business Intelligence Analyst,Data & Analytics,Federal Health Data Office,Federal Government,"Baltimore, MD",67500,FALSE,Career Fair
CID-789135,Information Systems,Bachelor of Science,Cybersecurity Management,Fall 2019,2019,First-Time Freshman,5.7,121,2.60,2.50,In-State,FALSE,16,0,0,1,44520,22070,Employed Full-Time,7.1,Software Engineer I,Software Engineering,Patapsco Aerospace,Defense & Aerospace,"Washington, DC Metro",68000,FALSE,Personal Network
CID-871474,Information Systems,Bachelor of Science,General,Spring 2020,2020,First-Time Freshman,3.3,121,3.31,3.25,Out-of-State,FALSE,3,1,0,4,80990,3360,Still Seeking,Not Applicable,Not Applicable,Not Applicable,Not Applicable,Not Applicable,Not Applicable,Not Applicable,Not Applicable,Not Applicable
CID-857787,Information Systems,Bachelor of Science,Health Information Technology,Spring 2023,2023,Transfer,2.3,121,2.57,2.50,In-State,FALSE,14,1,1,1,9510,4100,Employed Full-Time,0.4,Help Desk Technician,IT Support & Operations,National Data Services Agency,Federal Government,"Columbia/Howard County, MD",55250,FALSE,Return Offer from Internship
CID-960287,Computer Science,Bachelor of Science,Artificial Intelligence,Fall 2023,2023,Transfer,3.0,122,3.61,3.67,In-State,FALSE,8,2,1,0,13010,6750,Employed Full-Time,3.6,Systems Administrator,Infrastructure & Cloud,Greenspring Health Systems,Healthcare & Life Sciences,"Washington, DC Metro",111000,FALSE,Online Application
CID-435035,Computer Science,Bachelor of Science,Cybersecurity,Spring 2019,2019,Transfer,2.3,122,2.53,2.60,In-State,FALSE,10,0,2,2,10390,10390,Employed Full-Time,3.9,SOC Analyst,Cybersecurity,Patapsco Aerospace,Defense & Aerospace,"Washington, DC Metro",92250,FALSE,Career Fair
CID-491440,Computer Science,Bachelor of Science,Software Engineering,Spring 2023,2023,First-Time Freshman,4.0,120,3.09,3.14,In-State,FALSE,1,2,0,2,39640,1330,Employed Full-Time,1.5,Associate Software Engineer,Software Engineering,Open Harbor Foundation,Nonprofit & Civic Tech,"Baltimore, MD",63000,FALSE,Recruiter Outreach
CID-181696,Information Systems,Bachelor of Science,Software Development,Spring 2016,2016,First-Time Freshman,3.7,121,3.12,3.30,In-State,FALSE,4,2,2,2,37680,25450,Employed Full-Time,0.7,Junior Systems Analyst,IT Business & Product,Meridian National Systems,Federal Contracting,"Baltimore, MD",87000,FALSE,Return Offer from Internship
CID-883844,Computer Science,Bachelor of Science,General,Fall 2019,2019,First-Time Freshman,4.7,122,2.35,2.29,In-State,FALSE,23,1,0,4,36180,10170,Employed Full-Time,1.1,Business Analyst,IT Business & Product,Potomac Mission Solutions,Federal Contracting,"Baltimore, MD",65000,FALSE,Career Fair
CID-787389,Information Systems,Bachelor of Science,Software Development,Spring 2021,2021,First-Time Freshman,3.7,121,3.50,3.45,Out-of-State,FALSE,9,2,0,8,49220,39180,Continuing Education,Not Applicable,Not Applicable,Not Applicable,Not Applicable,Not Applicable,Not Applicable,Not Applicable,Not Applicable,Not Applicable
CID-215550,Computer Science,Bachelor of Science,Cybersecurity,Fall 2022,2022,Transfer,2.7,121,1.24,1.18,In-State,FALSE,8,0,0,0,17920,9790,No Response,Not Applicable,Not Applicable,Not Applicable,Not Applicable,Not Applicable,Not Applicable,Not Applicable,Not Applicable,Not Applicable
CID-301511,Information Systems,Bachelor of Science,Cybersecurity Management,Spring 2019,2019,First-Time Freshman,4.0,121,3.09,3.15,In-State,FALSE,16,1,2,2,31000,11750,Employed Full-Time,0.2,SOC Analyst,Cybersecurity,Piedmont Energy Partners,Energy & Utilities,"Columbia/Howard County, MD",92250,FALSE,Personal Network
CID-575955,Computer Science,Bachelor of Science,Cybersecurity,Fall 2019,2019,Transfer,2.0,120,2.90,2.83,In-State,FALSE,10,1,2,4,9720,6960,Employed Full-Time,0.8,IT Analyst,IT Business & Product,Potomac Mission Solutions,Federal Contracting,"Baltimore, MD",60000,FALSE,Online Application
CID-339370,Computer Science,Bachelor of Science,Software Engineering,Spring 2021,2021,First-Time Freshman,4.0,120,3.17,3.16,In-State,FALSE,21,1,0,1,32300,23410,Employed Full-Time,2.7,Security Analyst I,Cybersecurity,Sterling Ridge Consulting,Consulting & Professional Services,"Baltimore, MD",91500,FALSE,Online Application
CID-537117,Computer Science,Bachelor of Science,Data Science,Fall 2018,2018,First-Time Freshman,4.3,123,2.90,2.87,In-State,FALSE,6,2,3,2,35380,15580,No Response,Not Applicable,Not Applicable,Not Applicable,Not Applicable,Not Applicable,Not Applicable,Not Applicable,Not Applicable,Not Applicable
CID-930725,Computer Science,Bachelor of Science,Artificial Intelligence,Spring 2019,2019,First-Time Freshman,3.7,122,3.48,3.37,In-State,FALSE,9,2,0,2,31770,16690,Continuing Education,Not Applicable,Not Applicable,Not Applicable,Not Applicable,Not Applicable,Not Applicable,Not Applicable,Not Applicable,Not Applicable
CID-556363,Computer Science,Bachelor of Science,General,Spring 2022,2022,Transfer,2.7,122,2.65,2.81,Out-of-State,FALSE,1,0,0,4,30790,10980,Continuing Education,Not Applicable,Not Applicable,Not Applicable,Not Applicable,Not Applicable,Not Applicable,Not Applicable,Not Applicable,Not Applicable
CID-481386,Computer Science,Bachelor of Science,General,Spring 2023,2023,Transfer,2.0,120,3.53,3.68,Out-of-State,FALSE,12,0,0,2,20780,11860,Continuing Education,Not Applicable,Not Applicable,Not Applicable,Not Applicable,Not Applicable,Not Applicable,Not Applicable,Not Applicable,Not Applicable
CID-407818,Computer Science,Bachelor of Science,General,Spring 2019,2019,Transfer,2.0,120,3.18,3.19,In-State,FALSE,1,0,0,0,12150,10710,Continuing Education,Not Applicable,Not Applicable,Not Applicable,Not Applicable,Not Applicable,Not Applicable,Not Applicable,Not Applicable,Not Applicable
CID-546468,Information Systems,Bachelor of Science,General,Fall 2020,2020,First-Time Freshman,5.3,121,2.75,2.70,Out-of-State,FALSE,11,1,0,3,81610,59800,Employed Part-Time,4.4,EHR Support Analyst,Health IT,Office of Technology Policy,Federal Government,"Baltimore, MD",54500,FALSE,Recruiter Outreach
CID-381825,Computer Science,Bachelor of Science,Data Science,Spring 2016,2016,First-Time Freshman,4.3,122,3.37,3.22,In-State,FALSE,0,2,0,2,28470,23180,Employed Full-Time,0.0,Junior Data Analyst,Data & Analytics,Chesterfield Asset Management,Financial Services,Northern Virginia,100500,FALSE,Return Offer from Internship
CID-189183,Information Systems,Bachelor of Science,General,Spring 2024,2024,Transfer,2.3,120,3.74,3.61,In-State,FALSE,3,1,0,1,14190,7930,Employed Full-Time,0.0,Health Data Analyst,Health IT,Falconview Systems,Software Products,"Washington, DC Metro",97000,FALSE,Online Application
CID-189872,Computer Science,Bachelor of Science,Data Science,Spring 2026,2026,First-Time Freshman,6.7,119,3.06,3.05,In-State,FALSE,11,0,1,2,49400,23930,Employed Full-Time,2.2,Security Analyst I,Cybersecurity,Allied Shield Insurance Group,Insurance,"Washington, DC Metro",111000,FALSE,Faculty or Staff Referral
CID-962769,Computer Science,Bachelor of Science,Data Science,Spring 2015,2015,Transfer,2.7,136,2.29,2.34,In-State,FALSE,7,1,0,3,15690,15690,Employed Full-Time,0.1,Business Intelligence Analyst,Data & Analytics,Monument Bank Technology,Financial Services,"Columbia/Howard County, MD",63250,FALSE,Return Offer from Internship
CID-403494,Information Systems,Bachelor of Science,Cybersecurity Management,Fall 2023,2023,First-Time Freshman,4.0,121,3.22,3.30,In-State,FALSE,14,2,1,3,31930,12060,Employed Full-Time,1.1,Associate Software Engineer,Software Engineering,Vantage Point Applications,Software Products,"Baltimore, MD",68250,FALSE,Career Fair
CID-992160,Computer Science,Bachelor of Science,General,Spring 2022,2022,First-Time Freshman,4.3,121,2.61,2.55,Out-of-State,FALSE,21,1,3,2,61390,17230,Military,Not Applicable,Not Applicable,Not Applicable,Not Applicable,Not Applicable,Not Applicable,Not Applicable,Not Applicable,Not Applicable
CID-102969,Computer Science,Bachelor of Science,Cybersecurity,Spring 2026,2026,First-Time Freshman,4.0,122,3.57,3.58,In-State,FALSE,6,1,0,2,33340,17600,Employed Full-Time,0.9,AI Research Assistant,Machine Learning & AI,Patapsco Aerospace,Defense & Aerospace,"Baltimore, MD",95000,TRUE,Student Organization Connection
CID-489542,Computer Science,Bachelor of Science,Artificial Intelligence,Spring 2022,2022,First-Time Freshman,4.0,120,2.85,2.75,In-State,FALSE,6,1,0,1,35630,27700,Employed Full-Time,0.8,Machine Learning Engineer I,Machine Learning & AI,Falconview Systems,Software Products,"Columbia/Howard County, MD",82750,FALSE,Career Fair
CID-481800,Information Systems,Bachelor of Science,Cybersecurity Management,Spring 2026,2026,First-Time Freshman,4.0,121,3.38,3.35,Out-of-State,FALSE,12,0,0,3,101520,66100,No Response,Not Applicable,Not Applicable,Not Applicable,Not Applicable,Not Applicable,Not Applicable,Not Applicable,Not Applicable,Not Applicable
CID-792855,Information Systems,Bachelor of Science,Business Analytics,Spring 2015,2015,Transfer,5.7,122,3.04,2.89,In-State,FALSE,15,1,0,0,14940,6470,Employed Full-Time,1.7,Help Desk Technician,IT Support & Operations,Stratus Cloud Works,Cloud & Infrastructure,"Baltimore, MD",46500,FALSE,Career Fair
CID-746955,Information Systems,Bachelor of Science,Software Development,Spring 2020,2020,Transfer,2.3,121,3.66,3.67,In-State,FALSE,6,1,0,2,11650,9060,Employed Full-Time,2.1,AI Research Assistant,Machine Learning & AI,Meridian National Systems,Federal Contracting,"Washington, DC Metro",77750,TRUE,Career Fair
CID-745009,Information Systems,Bachelor of Science,Software Development,Spring 2018,2018,Transfer,2.3,121,3.17,3.17,In-State,FALSE,5,0,0,0,15020,0,Employed Full-Time,4.3,Junior DevOps Engineer,Infrastructure & Cloud,Catoctin Analytics Group,Federal Contracting,Northern Virginia,75250,FALSE,Student Organization Connection
CID-309955,Computer Science,Bachelor of Science,Data Science,Fall 2021,2021,First-Time Freshman,4.0,122,3.44,3.38,In-State,FALSE,2,0,0,1,31350,14530,Employed Full-Time,0.0,Junior Data Analyst,Data & Analytics,Bayview Medical Informatics,Healthcare & Life Sciences,"Washington, DC Metro",67750,FALSE,Alumni Network
CID-219605,Computer Science,Bachelor of Science,General,Spring 2018,2018,First-Time Freshman,3.3,120,3.74,3.80,Out-of-State,FALSE,3,2,0,2,31490,21620,Continuing Education,Not Applicable,Not Applicable,Not Applicable,Not Applicable,Not Applicable,Not Applicable,Not Applicable,Not Applicable,Not Applicable
CID-966649,Computer Science,Bachelor of Science,General,Fall 2018,2018,First-Time Freshman,4.3,120,2.34,2.41,In-State,FALSE,11,1,0,1,25610,10810,Employed Full-Time,1.1,Junior Data Analyst,Data & Analytics,Greenspring Health Systems,Healthcare & Life Sciences,Northern Virginia,54750,FALSE,Online Application
CID-834280,Computer Science,Bachelor of Science,General,Fall 2021,2021,First-Time Freshman,4.3,121,2.70,2.72,Out-of-State,FALSE,15,0,0,3,68590,22050,Employed Full-Time,5.3,Junior Security Engineer,Cybersecurity,National Data Services Agency,Federal Government,Remote - United States,68500,TRUE,Alumni Network
CID-415943,Information Systems,Bachelor of Science,Health Information Technology,Spring 2015,2015,First-Time Freshman,3.3,121,3.07,2.95,Out-of-State,FALSE,13,1,1,2,45890,39190,Continuing Education,Not Applicable,Not Applicable,Not Applicable,Not Applicable,Not Applicable,Not Applicable,Not Applicable,Not Applicable,Not Applicable
CID-697094,Computer Science,Bachelor of Science,Software Engineering,Spring 2026,2026,First-Time Freshman,5.3,107,1.95,1.70,In-State,FALSE,5,1,0,1,47120,40250,Employed Full-Time,2.4,Software Engineer I,Software Engineering,Catoctin Analytics Group,Federal Contracting,"Baltimore, MD",52500,TRUE,Online Application
CID-766399,Computer Science,Bachelor of Science,Data Science,Spring 2022,2022,First-Time Freshman,4.7,123,2.80,2.87,In-State,FALSE,13,2,1,2,16550,5800,Employed Full-Time,0.5,Software Engineer I,Software Engineering,Tidewater Defense Group,Defense & Aerospace,"Washington, DC Metro",99250,FALSE,Return Offer from Internship
CID-901546,Computer Science,Bachelor of Science,Cybersecurity,Fall 2015,2015,Transfer,2.7,121,2.88,2.87,In-State,FALSE,16,0,0,2,11710,2570,Employed Full-Time,6.2,Business Intelligence Analyst,Data & Analytics,Chesapeake Community College,Higher Education,Northern Virginia,44500,FALSE,Online Application
CID-228803,Computer Science,Bachelor of Science,Artificial Intelligence,Fall 2025,2025,First-Time Freshman,6.3,122,2.18,2.07,In-State,FALSE,25,0,0,3,59370,28940,No Response,Not Applicable,Not Applicable,Not Applicable,Not Applicable,Not Applicable,Not Applicable,Not Applicable,Not Applicable,Not Applicable
CID-482988,Computer Science,Master of Science,Artificial Intelligence,Spring 2019,2019,First-Time Freshman,3.7,120,3.48,3.40,In-State,FALSE,11,0,0,6,45430,16060,Still Seeking,Not Applicable,Not Applicable,Not Applicable,Not Applicable,Not Applicable,Not Applicable,Not Applicable,Not Applicable,Not Applicable
CID-277922,Computer Science,Bachelor of Science,Cybersecurity,Spring 2026,2026,First-Time Freshman,7.0,85,1.94,1.84,In-State,FALSE,14,1,0,2,52040,32390,Employed Full-Time,1.0,Junior Security Engineer,Cybersecurity,Patapsco Aerospace,Defense & Aerospace,"Washington, DC Metro",102000,FALSE,Personal Network
CID-805977,Information Systems,Bachelor of Science,Health Information Technology,Spring 2024,2024,Transfer,3.0,121,3.75,3.72,In-State,FALSE,0,2,1,4,11710,5590,Employed Full-Time,0.1,Help Desk Technician,IT Support & Operations,Chesapeake Defense Systems,Defense & Aerospace,"Columbia/Howard County, MD",71750,TRUE,Return Offer from Internship
CID-317997,Computer Science,Bachelor of Science,Cybersecurity,Spring 2023,2023,Transfer,2.7,122,3.31,3.40,Out-of-State,FALSE,0,1,1,4,31370,24960,Employed Full-Time,0.2,Software Engineer I,Software Engineering,Chesapeake Defense Systems,Defense & Aerospace,"Baltimore, MD",78750,TRUE,Return Offer from Internship
CID-996638,Computer Science,Bachelor of Science,General,Fall 2016,2016,Transfer,2.3,120,3.39,3.44,In-State,FALSE,11,1,3,2,7090,3930,Employed Full-Time,0.0,Junior Security Engineer,Cybersecurity,Keystone Federal Services,Federal Contracting,"Washington, DC Metro",87250,FALSE,Alumni Network
CID-855126,Computer Science,Bachelor of Science,Software Engineering,Fall 2024,2024,Transfer,3.3,121,2.94,2.96,In-State,FALSE,9,0,0,4,16710,10610,Employed Part-Time,5.8,Junior Systems Analyst,IT Business & Product,Federal Health Data Office,Federal Government,"Washington, DC Metro",64250,FALSE,Online Application
CID-702860,Computer Science,Master of Science,General,Fall 2016,2016,First-Time Freshman,4.3,121,3.35,3.33,In-State,TRUE,12,3,3,2,32220,3970,Continuing Education,Not Applicable,Not Applicable,Not Applicable,Not Applicable,Not Applicable,Not Applicable,Not Applicable,Not Applicable,Not Applicable
CID-506121,Computer Science,Master of Science,General,Fall 2023,2023,First-Time Freshman,4.0,120,3.68,3.68,In-State,TRUE,4,2,0,0,27570,23600,Employed Full-Time,1.1,Junior DevOps Engineer,Infrastructure & Cloud,Harborline Networks,Cloud & Infrastructure,"Columbia/Howard County, MD",113500,TRUE,Online Application
CID-166204,Information Systems,Bachelor of Science,Business Analytics,Spring 2020,2020,First-Time Freshman,4.0,121,3.46,3.30,In-State,FALSE,0,2,0,2,35690,21950,Still Seeking,Not Applicable,Not Applicable,Not Applicable,Not Applicable,Not Applicable,Not Applicable,Not Applicable,Not Applicable,Not Applicable
CID-333408,Computer Science,Bachelor of Science,Data Science,Spring 2026,2026,First-Time Freshman,8.0,121,3.13,3.05,Out-of-State,FALSE,35,2,0,3,73370,27800,Employed Full-Time,2.4,Desktop Support Analyst,IT Support & Operations,Lumen Grid Software,Software Products,"Baltimore, MD",81000,FALSE,Faculty or Staff Referral
CID-421870,Computer Science,Bachelor of Science,General,Spring 2026,2026,First-Time Freshman,7.0,119,2.58,2.33,Out-of-State,FALSE,29,1,0,1,101410,49490,Employed Full-Time,0.4,IT Support Specialist,IT Support & Operations,Marketside Digital,E-Commerce & Retail Tech,Other - United States,72000,FALSE,Return Offer from Internship
CID-205796,Information Systems,Bachelor of Science,Software Development,Fall 2017,2017,First-Time Freshman,4.3,121,2.61,2.45,In-State,FALSE,15,2,0,3,38310,28930,Employed Full-Time,0.3,Junior Systems Analyst,IT Business & Product,Shoreline Retail Group,E-Commerce & Retail Tech,"Columbia/Howard County, MD",67250,FALSE,Return Offer from Internship
CID-592135,Computer Science,Bachelor of Science,Software Engineering,Spring 2018,2018,Transfer,1.3,126,2.90,2.78,In-State,FALSE,10,1,0,3,8710,3860,Continuing Education,Not Applicable,Not Applicable,Not Applicable,Not Applicable,Not Applicable,Not Applicable,Not Applicable,Not Applicable,Not Applicable
CID-369386,Information Systems,Bachelor of Science,Business Analytics,Fall 2023,2023,First-Time Freshman,4.0,121,3.46,3.35,Out-of-State,FALSE,0,1,0,6,81510,41140,Continuing Education,Not Applicable,Not Applicable,Not Applicable,Not Applicable,Not Applicable,Not Applicable,Not Applicable,Not Applicable,Not Applicable
CID-463394,Computer Science,Bachelor of Science,Data Science,Fall 2018,2018,First-Time Freshman,4.7,122,2.50,2.51,In-State,FALSE,18,0,0,2,45420,19900,No Response,Not Applicable,Not Applicable,Not Applicable,Not Applicable,Not Applicable,Not Applicable,Not Applicable,Not Applicable,Not Applicable
CID-192242,Information Systems,Bachelor of Science,Business Analytics,Spring 2024,2024,First-Time Freshman,4.0,121,3.36,3.19,In-State,FALSE,16,0,0,4,36200,36200,Continuing Education,Not Applicable,Not Applicable,Not Applicable,Not Applicable,Not Applicable,Not Applicable,Not Applicable,Not Applicable,Not Applicable
CID-133007,Information Systems,Master of Science,Health Information Technology,Spring 2021,2021,Transfer,4.0,122,2.67,2.53,In-State,TRUE,5,2,2,2,15110,13660,No Response,Not Applicable,Not Applicable,Not Applicable,Not Applicable,Not Applicable,Not Applicable,Not Applicable,Not Applicable,Not Applicable
CID-828117,Computer Science,Bachelor of Science,Software Engineering,Fall 2015,2015,First-Time Freshman,6.7,120,2.88,2.88,In-State,FALSE,17,3,0,3,36810,17770,Employed Full-Time,1.0,Associate Software Engineer,Software Engineering,Arbor Peak Technologies,Software Products,"Baltimore, MD",67750,FALSE,Online Application
CID-324302,Computer Science,Bachelor of Science,Artificial Intelligence,Spring 2017,2017,First-Time Freshman,4.7,120,2.58,2.75,In-State,FALSE,9,1,1,2,35400,8250,No Response,Not Applicable,Not Applicable,Not Applicable,Not Applicable,Not Applicable,Not Applicable,Not Applicable,Not Applicable,Not Applicable
CID-941999,Computer Science,Bachelor of Science,General,Spring 2024,2024,First-Time Freshman,3.3,120,3.64,3.53,In-State,FALSE,0,1,0,5,31770,13040,Employed Full-Time,0.5,Junior DevOps Engineer,Infrastructure & Cloud,Antietam Systems Integration,Federal Contracting,"Columbia/Howard County, MD",98500,FALSE,Return Offer from Internship
CID-256231,Information Systems,Bachelor of Science,Software Development,Spring 2026,2026,First-Time Freshman,4.0,121,2.97,3.00,In-State,FALSE,12,1,0,0,46610,18830,Employed Full-Time,0.0,Junior Data Analyst,Data & Analytics,Shoreline Retail Group,E-Commerce & Retail Tech,"Washington, DC Metro",94250,FALSE,Return Offer from Internship
CID-452465,Computer Science,Bachelor of Science,Data Science,Fall 2018,2018,First-Time Freshman,3.7,120,2.92,2.90,In-State,FALSE,9,2,0,0,41060,6220,No Response,Not Applicable,Not Applicable,Not Applicable,Not Applicable,Not Applicable,Not Applicable,Not Applicable,Not Applicable,Not Applicable
CID-562783,Information Systems,Bachelor of Science,Health Information Technology,Spring 2017,2017,Transfer,2.7,120,3.11,3.17,In-State,FALSE,10,2,0,4,13970,7020,No Response,Not Applicable,Not Applicable,Not Applicable,Not Applicable,Not Applicable,Not Applicable,Not Applicable,Not Applicable,Not Applicable
CID-141416,Information Systems,Bachelor of Science,Business Analytics,Fall 2021,2021,First-Time Freshman,8.0,121,2.55,2.60,Out-of-State,FALSE,18,2,1,2,73120,47570,Employed Full-Time,2.7,Data Analyst,Data & Analytics,Calvert Advisory Group,Consulting & Professional Services,"Baltimore, MD",70500,FALSE,Career Fair
CID-974540,Computer Science,Bachelor of Science,General,Fall 2024,2024,First-Time Freshman,4.3,120,3.38,3.40,In-State,FALSE,8,0,0,3,38330,31690,Still Seeking,Not Applicable,Not Applicable,Not Applicable,Not Applicable,Not Applicable,Not Applicable,Not Applicable,Not Applicable,Not Applicable
CID-670718,Information Systems,Bachelor of Science,General,Spring 2026,2026,First-Time Freshman,4.0,121,3.54,3.60,In-State,FALSE,7,2,0,6,30330,18400,Continuing Education,Not Applicable,Not Applicable,Not Applicable,Not Applicable,Not Applicable,Not Applicable,Not Applicable,Not Applicable,Not Applicable
CID-853223,Computer Science,Bachelor of Science,General,Fall 2022,2022,First-Time Freshman,3.7,120,3.47,3.49,In-State,FALSE,4,2,0,4,41990,12500,Employed Full-Time,0.6,Junior Developer,Software Engineering,Civic Code Alliance,Nonprofit & Civic Tech,"Washington, DC Metro",80000,FALSE,Return Offer from Internship
CID-469447,Information Systems,Bachelor of Science,Software Development,Fall 2024,2024,First-Time Freshman,3.7,121,3.08,2.90,In-State,FALSE,15,0,0,2,38070,16790,Employed Full-Time,4.2,Systems Administrator,Infrastructure & Cloud,Potomac Mission Solutions,Federal Contracting,"Baltimore, MD",79500,FALSE,Personal Network
CID-400540,Computer Science,Bachelor of Science,Software Engineering,Spring 2024,2024,First-Time Freshman,4.0,122,3.66,3.65,In-State,FALSE,15,2,0,3,37990,22840,Employed Full-Time,0.6,Machine Learning Engineer I,Machine Learning & AI,Pinnacle Bridge Partners,Consulting & Professional Services,"Washington, DC Metro",88750,FALSE,Return Offer from Internship
CID-771343,Information Systems,Master of Science,Cybersecurity Management,Spring 2024,2024,Transfer,2.3,121,3.18,3.17,In-State,TRUE,18,1,0,4,9790,3170,Employed Full-Time,2.5,Junior Security Engineer,Cybersecurity,National Data Services Agency,Federal Government,Northern Virginia,91250,FALSE,Online Application
CID-507128,Computer Science,Bachelor of Science,General,Spring 2026,2026,First-Time Freshman,3.7,120,3.02,2.87,Out-of-State,FALSE,9,2,0,2,71030,50220,Employed Full-Time,2.5,Junior Developer,Software Engineering,Redoubt Security Partners,Cybersecurity Services,Remote - United States,95000,TRUE,Recruiter Outreach
CID-315001,Information Systems,Bachelor of Science,General,Spring 2016,2016,Transfer,3.3,120,3.23,3.22,In-State,FALSE,24,2,0,1,4360,2720,Employed Full-Time,0.0,Business Analyst,IT Business & Product,Stratus Cloud Works,Cloud & Infrastructure,San Francisco Bay Area,112000,FALSE,Faculty or Staff Referral
CID-812079,Computer Science,Bachelor of Science,Software Engineering,Fall 2025,2025,Transfer,2.7,120,3.77,3.86,In-State,FALSE,20,2,2,2,5230,4940,No Response,Not Applicable,Not Applicable,Not Applicable,Not Applicable,Not Applicable,Not Applicable,Not Applicable,Not Applicable,Not Applicable
CID-614720,Computer Science,Master of Science,General,Spring 2020,2020,First-Time Freshman,3.3,120,3.39,3.33,In-State,TRUE,15,0,0,1,31430,19070,Employed Part-Time,7.8,Systems Administrator,Infrastructure & Cloud,Keystone Federal Services,Federal Contracting,"Columbia/Howard County, MD",71750,TRUE,Personal Network
CID-960398,Information Systems,Bachelor of Science,Software Development,Spring 2023,2023,First-Time Freshman,4.3,121,3.12,3.20,In-State,FALSE,27,2,0,2,33530,13290,Employed Full-Time,0.1,Business Intelligence Analyst,Data & Analytics,Patapsco Aerospace,Defense & Aerospace,"Baltimore, MD",85250,FALSE,Return Offer from Internship
CID-873495,Computer Science,Bachelor of Science,Software Engineering,Spring 2017,2017,First-Time Freshman,4.0,120,2.88,2.72,Out-of-State,FALSE,21,1,0,1,69850,29540,Continuing Education,Not Applicable,Not Applicable,Not Applicable,Not Applicable,Not Applicable,Not Applicable,Not Applicable,Not Applicable,Not Applicable
CID-660390,Information Systems,Bachelor of Science,Business Analytics,Spring 2022,2022,First-Time Freshman,4.0,121,3.48,3.55,In-State,FALSE,1,3,1,1,44180,9000,Employed Full-Time,0.0,EHR Support Analyst,Health IT,Northfield Biosciences,Healthcare & Life Sciences,"Washington, DC Metro",90250,FALSE,Faculty or Staff Referral
CID-798105,Information Systems,Bachelor of Science,Business Analytics,Fall 2025,2025,First-Time Freshman,3.7,121,3.64,3.75,In-State,FALSE,4,2,2,2,42490,18330,Employed Full-Time,0.2,Health Data Analyst,Health IT,Clarion Clinical Data,Healthcare & Life Sciences,"Baltimore, MD",91250,FALSE,Return Offer from Internship
CID-357301,Computer Science,Bachelor of Science,General,Fall 2015,2015,First-Time Freshman,4.3,123,3.56,3.53,Out-of-State,FALSE,4,2,0,3,43080,17780,Employed Part-Time,0.4,SOC Analyst,Cybersecurity,Chesapeake Defense Systems,Defense & Aerospace,"Baltimore, MD",98750,FALSE,Return Offer from Internship
CID-383951,Computer Science,Bachelor of Science,Data Science,Spring 2022,2022,Transfer,2.3,121,3.37,3.39,Out-of-State,FALSE,18,1,1,2,29410,18840,No Response,Not Applicable,Not Applicable,Not Applicable,Not Applicable,Not Applicable,Not Applicable,Not Applicable,Not Applicable,Not Applicable
CID-156291,Information Systems,Bachelor of Science,Business Analytics,Spring 2016,2016,First-Time Freshman,7.3,121,2.62,2.70,Out-of-State,FALSE,18,1,0,1,81730,22200,Employed Full-Time,3.6,Help Desk Technician,IT Support & Operations,Office of Technology Policy,Federal Government,"Baltimore, MD",37500,FALSE,Faculty or Staff Referral
CID-196840,Information Systems,Bachelor of Science,Health Information Technology,Spring 2015,2015,First-Time Freshman,3.0,121,3.45,3.40,In-State,FALSE,10,1,0,2,27770,14550,Employed Full-Time,0.0,Desktop Support Analyst,IT Support & Operations,Greenspring Health Systems,Healthcare & Life Sciences,Northern Virginia,60500,FALSE,Online Application
CID-887301,Computer Science,Bachelor of Science,Data Science,Spring 2018,2018,First-Time Freshman,3.7,120,3.34,3.31,In-State,FALSE,6,2,1,3,23590,8520,Employed Full-Time,0.0,Desktop Support Analyst,IT Support & Operations,Keystone Federal Services,Federal Contracting,Northern Virginia,69250,FALSE,Alumni Network
CID-985447,Computer Science,Bachelor of Science,General,Spring 2023,2023,First-Time Freshman,3.3,122,3.62,3.51,Out-of-State,FALSE,5,2,0,1,81320,60850,Continuing Education,Not Applicable,Not Applicable,Not Applicable,Not Applicable,Not Applicable,Not Applicable,Not Applicable,Not Applicable,Not Applicable
CID-229367,Computer Science,Bachelor of Science,Software Engineering,Fall 2020,2020,Transfer,2.7,120,3.22,3.07,In-State,FALSE,9,1,2,3,10330,5270,Continuing Education,Not Applicable,Not Applicable,Not Applicable,Not Applicable,Not Applicable,Not Applicable,Not Applicable,Not Applicable,Not Applicable
CID-345228,Computer Science,Bachelor of Science,General,Spring 2026,2026,First-Time Freshman,4.0,123,2.98,2.80,In-State,FALSE,4,2,1,2,40510,21910,Employed Full-Time,0.6,Associate Software Engineer,Software Engineering,Anvil Compute,Cloud & Infrastructure,"Baltimore, MD",110500,TRUE,Return Offer from Internship
CID-484449,Computer Science,Bachelor of Science,Data Science,Fall 2017,2017,Transfer,2.7,122,3.10,3.07,In-State,FALSE,16,2,1,7,11600,5330,No Response,Not Applicable,Not Applicable,Not Applicable,Not Applicable,Not Applicable,Not Applicable,Not Applicable,Not Applicable,Not Applicable
CID-506595,Information Systems,Bachelor of Science,Business Analytics,Spring 2026,2026,First-Time Freshman,4.0,121,3.12,3.15,In-State,FALSE,9,0,2,0,40200,24420,Employed Full-Time,3.2,Software Engineer I,Software Engineering,Northfield Biosciences,Healthcare & Life Sciences,Remote - United States,63000,TRUE,Career Fair
CID-564583,Information Systems,Bachelor of Science,General,Fall 2024,2024,Transfer,4.0,120,3.14,3.12,In-State,FALSE,23,1,1,2,16050,6480,Employed Full-Time,4.2,Junior DevOps Engineer,Infrastructure & Cloud,Marketside Digital,E-Commerce & Retail Tech,Remote - United States,83250,TRUE,Recruiter Outreach
CID-238044,Computer Science,Master of Science,General,Spring 2020,2020,Transfer,2.7,121,2.49,2.36,In-State,TRUE,18,0,1,1,10300,4890,Employed Full-Time,5.1,Junior Developer,Software Engineering,Federal Health Data Office,Federal Government,"Washington, DC Metro",57250,FALSE,Career Fair
CID-740940,Information Systems,Bachelor of Science,Health Information Technology,Fall 2020,2020,First-Time Freshman,4.3,121,2.91,2.70,In-State,FALSE,5,0,0,1,36000,0,Still Seeking,Not Applicable,Not Applicable,Not Applicable,Not Applicable,Not Applicable,Not Applicable,Not Applicable,Not Applicable,Not Applicable
CID-919488,Information Systems,Bachelor of Science,Cybersecurity Management,Spring 2026,2026,First-Time Freshman,4.7,121,2.44,2.60,In-State,FALSE,3,0,0,0,58980,26840,No Response,Not Applicable,Not Applicable,Not Applicable,Not Applicable,Not Applicable,Not Applicable,Not Applicable,Not Applicable,Not Applicable
CID-616710,Information Systems,Bachelor of Science,Software Development,Spring 2026,2026,First-Time Freshman,4.3,118,2.60,2.68,In-State,FALSE,0,2,1,4,48310,32830,No Response,Not Applicable,Not Applicable,Not Applicable,Not Applicable,Not Applicable,Not Applicable,Not Applicable,Not Applicable,Not Applicable
CID-468471,Computer Science,Bachelor of Science,Cybersecurity,Fall 2025,2025,First-Time Freshman,4.3,121,3.42,3.40,Out-of-State,FALSE,10,2,0,2,87400,57590,Employed Full-Time,0.2,Junior ML Engineer,Machine Learning & AI,Northwind Platform Co.,Software Products,"Washington, DC Metro",112000,FALSE,Return Offer from Internship
CID-440227,Information Systems,Bachelor of Science,General,Spring 2026,2026,Transfer,2.7,115,3.04,3.00,In-State,FALSE,3,2,0,1,16450,5060,Continuing Education,Not Applicable,Not Applicable,Not Applicable,Not Applicable,Not Applicable,Not Applicable,Not Applicable,Not Applicable,Not Applicable
CID-232974,Computer Science,Bachelor of Science,General,Spring 2017,2017,Transfer,3.0,123,2.60,2.68,In-State,FALSE,14,0,0,2,9000,5260,No Response,Not Applicable,Not Applicable,Not Applicable,Not Applicable,Not Applicable,Not Applicable,Not Applicable,Not Applicable,Not Applicable
CID-419363,Computer Science,Bachelor of Science,Data Science,Fall 2025,2025,First-Time Freshman,4.3,120,2.49,2.50,Out-of-State,FALSE,3,1,2,4,94900,11940,Employed Full-Time,0.3,Junior Data Analyst,Data & Analytics,Calvert Advisory Group,Consulting & Professional Services,"Baltimore, MD",96500,FALSE,Return Offer from Internship
CID-399274,Computer Science,Bachelor of Science,Artificial Intelligence,Spring 2022,2022,Transfer,2.7,120,3.08,3.08,In-State,FALSE,26,1,1,1,14850,3100,Employed Full-Time,0.0,Systems Administrator,Infrastructure & Cloud,Federal Health Data Office,Federal Government,"Washington, DC Metro",85750,FALSE,Online Application
CID-787196,Information Systems,Bachelor of Science,Cybersecurity Management,Spring 2023,2023,First-Time Freshman,4.3,121,3.07,3.05,In-State,FALSE,8,1,0,1,30820,30820,No Response,Not Applicable,Not Applicable,Not Applicable,Not Applicable,Not Applicable,Not Applicable,Not Applicable,Not Applicable,Not Applicable
CID-900841,Computer Science,Bachelor of Science,General,Spring 2024,2024,First-Time Freshman,4.0,120,2.66,2.95,In-State,FALSE,19,2,0,2,35680,7850,Employed Full-Time,3.2,Associate Software Engineer,Software Engineering,Shoreline Retail Group,E-Commerce & Retail Tech,"Denver, CO",71250,FALSE,Career Fair
CID-948302,Information Systems,Bachelor of Science,Health Information Technology,Spring 2025,2025,First-Time Freshman,4.7,121,3.79,3.95,In-State,FALSE,8,3,0,4,36170,17340,Employed Full-Time,0.1,SOC Analyst,Cybersecurity,Bayview Medical Informatics,Healthcare & Life Sciences,"Columbia/Howard County, MD",113500,FALSE,Return Offer from Internship
CID-315664,Computer Science,Bachelor of Science,Data Science,Spring 2025,2025,First-Time Freshman,4.0,122,2.80,2.71,In-State,FALSE,2,0,0,3,50340,17090,Employed Full-Time,6.2,Data Analyst,Data & Analytics,National Data Services Agency,Federal Government,"Baltimore, MD",64250,FALSE,Online Application
CID-171012,Computer Science,Bachelor of Science,Artificial Intelligence,Spring 2025,2025,First-Time Freshman,4.7,122,3.46,3.38,Out-of-State,FALSE,19,2,2,4,52700,16880,Continuing Education,Not Applicable,Not Applicable,Not Applicable,Not Applicable,Not Applicable,Not Applicable,Not Applicable,Not Applicable,Not Applicable
CID-252187,Computer Science,Bachelor of Science,Data Science,Fall 2016,2016,Transfer,3.7,123,2.20,2.41,In-State,FALSE,1,1,0,2,16530,2650,No Response,Not Applicable,Not Applicable,Not Applicable,Not Applicable,Not Applicable,Not Applicable,Not Applicable,Not Applicable,Not Applicable
CID-260901,Computer Science,Bachelor of Science,Software Engineering,Fall 2023,2023,First-Time Freshman,7.3,122,3.07,3.20,In-State,FALSE,23,1,1,3,45010,41960,Employed Full-Time,0.0,Junior DevOps Engineer,Infrastructure & Cloud,Marketside Digital,E-Commerce & Retail Tech,Remote - United States,91750,TRUE,Return Offer from Internship
CID-267422,Computer Science,Bachelor of Science,Software Engineering,Fall 2016,2016,First-Time Freshman,4.7,122,3.43,3.43,In-State,FALSE,12,2,0,1,20990,9860,Continuing Education,Not Applicable,Not Applicable,Not Applicable,Not Applicable,Not Applicable,Not Applicable,Not Applicable,Not Applicable,Not Applicable
CID-696235,Information Systems,Bachelor of Science,General,Fall 2020,2020,First-Time Freshman,4.3,121,3.48,3.55,In-State,FALSE,14,3,3,2,39580,19240,Employed Full-Time,0.2,Help Desk Technician,IT Support & Operations,University of Maryland System,Higher Education,Northern Virginia,61250,FALSE,Return Offer from Internship
CID-482681,Computer Science,Bachelor of Science,General,Spring 2017,2017,Transfer,3.3,122,1.97,2.24,In-State,FALSE,6,0,2,5,16890,9030,Continuing Education,Not Applicable,Not Applicable,Not Applicable,Not Applicable,Not Applicable,Not Applicable,Not Applicable,Not Applicable,Not Applicable
CID-993292,Computer Science,Bachelor of Science,Cybersecurity,Fall 2025,2025,Transfer,2.7,122,2.85,2.80,In-State,FALSE,2,1,0,3,13740,7840,Employed Full-Time,0.6,Junior Security Engineer,Cybersecurity,Office of Technology Policy,Federal Government,"Baltimore, MD",73250,FALSE,Online Application
CID-647097,Information Systems,Bachelor of Science,Cybersecurity Management,Spring 2015,2015,First-Time Freshman,3.3,121,3.04,2.95,Out-of-State,FALSE,3,0,2,1,64480,33700,Employed Full-Time,4.7,Security Analyst I,Cybersecurity,Tidewater Defense Group,Defense & Aerospace,Northern Virginia,82500,FALSE,Recruiter Outreach
CID-921251,Computer Science,Bachelor of Science,General,Spring 2018,2018,First-Time Freshman,4.3,122,2.79,2.62,In-State,FALSE,24,2,0,3,37620,26300,Employed Full-Time,3.5,Junior Data Analyst,Data & Analytics,Beacon Telecom Services,Telecommunications,Northern Virginia,71000,FALSE,Alumni Network
CID-606698,Computer Science,Bachelor of Science,Data Science,Fall 2017,2017,Transfer,6.3,120,2.69,2.53,In-State,FALSE,18,1,0,1,19050,5090,Military,Not Applicable,Not Applicable,Not Applicable,Not Applicable,Not Applicable,Not Applicable,Not Applicable,Not Applicable,Not Applicable
CID-294595,Information Systems,Bachelor of Science,Cybersecurity Management,Spring 2023,2023,First-Time Freshman,4.3,121,2.81,2.55,Out-of-State,FALSE,7,1,0,0,89590,14600,Employed Full-Time,2.4,IT Analyst,IT Business & Product,Federal Health Data Office,Federal Government,"Columbia/Howard County, MD",67750,FALSE,Recruiter Outreach
CID-148208,Computer Science,Bachelor of Science,Artificial Intelligence,Fall 2022,2022,Transfer,2.0,120,2.67,2.57,Out-of-State,FALSE,9,1,0,8,29220,20770,Employed Full-Time,0.5,Cloud Support Engineer,Infrastructure & Cloud,Clarion Clinical Data,Healthcare & Life Sciences,"Baltimore, MD",80750,FALSE,Return Offer from Internship
CID-174781,Information Systems,Bachelor of Science,Cybersecurity Management,Fall 2023,2023,First-Time Freshman,5.0,121,2.55,2.85,In-State,FALSE,5,1,0,3,48510,27210,Employed Full-Time,1.2,EHR Support Analyst,Health IT,Potomac Mission Solutions,Federal Contracting,"Baltimore, MD",63250,FALSE,Online Application
CID-617602,Information Systems,Bachelor of Science,Business Analytics,Fall 2025,2025,First-Time Freshman,4.0,121,3.57,3.60,Out-of-State,FALSE,0,3,0,1,70050,32820,Employed Full-Time,0.5,IT Support Specialist,IT Support & Operations,Meridian National Systems,Federal Contracting,"Baltimore, MD",76750,FALSE,Personal Network
CID-981969,Information Systems,Bachelor of Science,Software Development,Spring 2023,2023,First-Time Freshman,4.0,121,3.67,3.70,Out-of-State,FALSE,8,2,0,3,72240,31070,No Response,Not Applicable,Not Applicable,Not Applicable,Not Applicable,Not Applicable,Not Applicable,Not Applicable,Not Applicable,Not Applicable
CID-856034,Computer Science,Bachelor of Science,Data Science,Fall 2025,2025,First-Time Freshman,5.3,120,2.33,2.40,In-State,FALSE,7,0,0,0,31540,8990,Employed Part-Time,5.3,Business Intelligence Analyst,Data & Analytics,Catoctin Analytics Group,Federal Contracting,"Baltimore, MD",52250,FALSE,Online Application
CID-686072,Information Systems,Bachelor of Science,Software Development,Fall 2020,2020,First-Time Freshman,4.0,121,3.78,3.85,In-State,FALSE,0,2,0,3,31190,17380,Employed Full-Time,3.6,Desktop Support Analyst,IT Support & Operations,National Data Services Agency,Federal Government,"Baltimore, MD",60750,FALSE,Personal Network
CID-858589,Information Systems,Bachelor of Science,Business Analytics,Spring 2023,2023,First-Time Freshman,3.3,121,3.40,3.55,In-State,FALSE,11,2,2,1,40230,33330,Employed Part-Time,0.3,Business Analyst,IT Business & Product,National Data Services Agency,Federal Government,"Washington, DC Metro",97250,FALSE,Return Offer from Internship
CID-934588,Computer Science,Bachelor of Science,Data Science,Fall 2017,2017,Transfer,3.3,121,2.59,2.61,Out-of-State,FALSE,12,0,0,2,22760,19200,No Response,Not Applicable,Not Applicable,Not Applicable,Not Applicable,Not Applicable,Not Applicable,Not Applicable,Not Applicable,Not Applicable
CID-233373,Information Systems,Bachelor of Science,General,Spring 2024,2024,Transfer,1.7,123,3.75,3.82,In-State,FALSE,3,1,0,3,8520,6340,Employed Full-Time,0.0,Business Analyst,IT Business & Product,Calvert Advisory Group,Consulting & Professional Services,"Washington, DC Metro",105500,FALSE,Return Offer from Internship
CID-867853,Computer Science,Master of Science,General,Spring 2015,2015,First-Time Freshman,4.0,122,3.34,3.35,Out-of-State,TRUE,9,1,2,3,32740,1780,Employed Full-Time,0.0,Junior Security Engineer,Cybersecurity,Marketside Digital,E-Commerce & Retail Tech,"Washington, DC Metro",96000,FALSE,Faculty or Staff Referral
CID-788485,Computer Science,Bachelor of Science,Software Engineering,Spring 2025,2025,First-Time Freshman,4.7,122,2.80,2.68,Out-of-State,FALSE,10,2,2,1,105470,54930,Employed Full-Time,0.2,Junior Developer,Software Engineering,Anvil Compute,Cloud & Infrastructure,"Baltimore, MD",96750,FALSE,Return Offer from Internship
CID-140469,Computer Science,Master of Science,Software Engineering,Fall 2016,2016,Transfer,2.0,121,3.72,3.66,In-State,TRUE,9,0,0,1,7620,1380,Employed Full-Time,5.8,Junior Developer,Software Engineering,Sentinel Peak Security,Cybersecurity Services,"Baltimore, MD",65500,FALSE,Online Application
CID-757008,Computer Science,Master of Science,General,Fall 2025,2025,First-Time Freshman,4.0,122,3.75,3.83,Out-of-State,TRUE,7,2,0,1,64210,64210,Employed Part-Time,0.4,Cloud Support Engineer,Infrastructure & Cloud,Catoctin Analytics Group,Federal Contracting,"Columbia/Howard County, MD",103000,FALSE,Return Offer from Internship
CID-794752,Information Systems,Bachelor of Science,General,Spring 2022,2022,First-Time Freshman,6.7,121,3.36,3.50,Out-of-State,FALSE,11,2,1,7,64380,50070,Employed Full-Time,0.0,Business Intelligence Analyst,Data & Analytics,Chesapeake Community College,Higher Education,"Baltimore, MD",65250,FALSE,Student Organization Connection
CID-831952,Computer Science,Bachelor of Science,Cybersecurity,Fall 2015,2015,First-Time Freshman,4.0,122,3.44,3.48,In-State,FALSE,7,0,0,3,34790,23630,Employed Full-Time,5.5,Machine Learning Engineer I,Machine Learning & AI,Keystone Federal Services,Federal Contracting,"Baltimore, MD",62000,FALSE,Student Organization Connection
CID-851251,Information Systems,Bachelor of Science,General,Spring 2025,2025,First-Time Freshman,3.3,121,3.60,3.60,In-State,FALSE,10,1,0,2,38260,27330,Employed Full-Time,0.6,SOC Analyst,Cybersecurity,Antietam Systems Integration,Federal Contracting,"Baltimore, MD",96750,FALSE,Return Offer from Internship
CID-124912,Information Systems,Bachelor of Science,Business Analytics,Spring 2018,2018,First-Time Freshman,7.3,121,2.60,2.52,In-State,FALSE,13,1,0,1,43040,5170,Employed Full-Time,4.9,AI Research Assistant,Machine Learning & AI,Chesapeake Defense Systems,Defense & Aerospace,"Columbia/Howard County, MD",56750,FALSE,Personal Network
CID-658360,Information Systems,Bachelor of Science,General,Spring 2022,2022,First-Time Freshman,4.0,121,3.19,3.20,Out-of-State,FALSE,9,1,0,3,79880,60330,Employed Full-Time,2.0,Junior Systems Analyst,IT Business & Product,Office of Technology Policy,Federal Government,"Baltimore, MD",78500,FALSE,Career Fair
CID-586948,Computer Science,Bachelor of Science,Cybersecurity,Spring 2026,2026,First-Time Freshman,4.3,123,2.92,2.95,In-State,FALSE,5,3,2,3,46330,11250,Employed Full-Time,0.3,Data Analyst,Data & Analytics,Falconview Systems,Software Products,"Baltimore, MD",93500,FALSE,Return Offer from Internship
CID-601322,Computer Science,Bachelor of Science,Cybersecurity,Fall 2024,2024,Transfer,3.0,121,2.80,2.60,In-State,FALSE,18,1,2,2,19830,13250,Employed Full-Time,2.8,IT Support Specialist,IT Support & Operations,National Data Services Agency,Federal Government,"Baltimore, MD",62250,FALSE,Online Application
CID-884947,Information Systems,Bachelor of Science,Software Development,Spring 2019,2019,First-Time Freshman,4.7,121,2.70,2.70,In-State,FALSE,13,1,0,3,35460,23960,No Response,Not Applicable,Not Applicable,Not Applicable,Not Applicable,Not Applicable,Not Applicable,Not Applicable,Not Applicable,Not Applicable
CID-897267,Computer Science,Bachelor of Science,Software Engineering,Spring 2026,2026,Transfer,2.3,116,2.37,2.47,In-State,FALSE,15,0,2,2,20030,4190,No Response,Not Applicable,Not Applicable,Not Applicable,Not Applicable,Not Applicable,Not Applicable,Not Applicable,Not Applicable,Not Applicable
CID-979914,Information Systems,Bachelor of Science,Health Information Technology,Spring 2025,2025,First-Time Freshman,4.3,121,3.48,3.40,In-State,FALSE,4,0,0,2,39980,9700,Still Seeking,Not Applicable,Not Applicable,Not Applicable,Not Applicable,Not Applicable,Not Applicable,Not Applicable,Not Applicable,Not Applicable
CID-659158,Information Systems,Bachelor of Science,Business Analytics,Spring 2017,2017,Transfer,2.7,121,3.27,3.33,In-State,FALSE,14,1,0,2,6140,4420,Continuing Education,Not Applicable,Not Applicable,Not Applicable,Not Applicable,Not Applicable,Not Applicable,Not Applicable,Not Applicable,Not Applicable
CID-544113,Information Systems,Bachelor of Science,Software Development,Spring 2018,2018,First-Time Freshman,3.7,121,3.39,3.30,In-State,FALSE,13,2,0,1,26760,15840,Still Seeking,Not Applicable,Not Applicable,Not Applicable,Not Applicable,Not Applicable,Not Applicable,Not Applicable,Not Applicable,Not Applicable
CID-178466,Computer Science,Bachelor of Science,Software Engineering,Spring 2019,2019,Transfer,3.0,122,2.48,2.42,In-State,FALSE,6,0,0,0,13590,5820,Employed Full-Time,3.7,Junior Security Engineer,Cybersecurity,Office of Technology Policy,Federal Government,Northern Virginia,79000,FALSE,Online Application
CID-567830,Computer Science,Bachelor of Science,Software Engineering,Fall 2018,2018,Transfer,2.0,121,2.26,2.23,In-State,FALSE,22,0,1,1,11100,9080,Employed Full-Time,2.1,Junior Systems Analyst,IT Business & Product,Antietam Systems Integration,Federal Contracting,"Baltimore, MD",61250,FALSE,Online Application
CID-559143,Computer Science,Bachelor of Science,Software Engineering,Fall 2015,2015,Transfer,2.3,121,2.76,2.68,In-State,FALSE,10,0,0,0,10790,5690,Employed Full-Time,7.6,Data Analyst,Data & Analytics,National Data Services Agency,Federal Government,"Washington, DC Metro",55750,FALSE,Alumni Network
CID-271625,Computer Science,Bachelor of Science,Artificial Intelligence,Fall 2016,2016,First-Time Freshman,4.0,120,2.51,2.57,In-State,FALSE,16,1,0,0,25950,6110,No Response,Not Applicable,Not Applicable,Not Applicable,Not Applicable,Not Applicable,Not Applicable,Not Applicable,Not Applicable,Not Applicable
CID-130740,Computer Science,Bachelor of Science,Data Science,Fall 2023,2023,Transfer,2.3,120,2.60,2.92,In-State,FALSE,5,0,0,0,17670,11990,Employed Full-Time,5.4,Junior DevOps Engineer,Infrastructure & Cloud,Beacon Telecom Services,Telecommunications,"Columbia/Howard County, MD",71500,TRUE,Career Fair
CID-261075,Computer Science,Bachelor of Science,Data Science,Spring 2017,2017,Transfer,3.3,122,2.54,2.54,In-State,FALSE,11,0,0,1,12970,5610,No Response,Not Applicable,Not Applicable,Not Applicable,Not Applicable,Not Applicable,Not Applicable,Not Applicable,Not Applicable,Not Applicable
CID-244423,Information Systems,Bachelor of Science,General,Fall 2025,2025,Transfer,2.7,122,3.60,3.56,In-State,FALSE,6,2,0,1,14000,290,No Response,Not Applicable,Not Applicable,Not Applicable,Not Applicable,Not Applicable,Not Applicable,Not Applicable,Not Applicable,Not Applicable
CID-819126,Information Systems,Bachelor of Science,Business Analytics,Fall 2023,2023,First-Time Freshman,3.7,121,3.46,3.20,In-State,FALSE,4,2,0,1,46820,11710,Employed Full-Time,0.4,Junior Data Analyst,Data & Analytics,Beacon Telecom Services,Telecommunications,"Washington, DC Metro",92000,FALSE,Return Offer from Internship
CID-152728,Computer Science,Bachelor of Science,Cybersecurity,Fall 2022,2022,Transfer,2.7,122,2.94,2.95,In-State,FALSE,7,2,0,0,13420,8020,Employed Full-Time,0.1,SOC Analyst,Cybersecurity,Patapsco Aerospace,Defense & Aerospace,"Baltimore, MD",89250,FALSE,Return Offer from Internship
CID-218595,Information Systems,Bachelor of Science,General,Spring 2020,2020,First-Time Freshman,4.3,121,2.75,2.57,In-State,FALSE,16,2,0,0,50030,32840,No Response,Not Applicable,Not Applicable,Not Applicable,Not Applicable,Not Applicable,Not Applicable,Not Applicable,Not Applicable,Not Applicable
CID-494923,Computer Science,Bachelor of Science,Cybersecurity,Fall 2019,2019,First-Time Freshman,3.7,122,2.89,2.87,In-State,FALSE,12,0,1,4,29150,7430,Employed Full-Time,4.8,Junior Data Analyst,Data & Analytics,Piedmont Energy Partners,Energy & Utilities,"Baltimore, MD",55250,FALSE,Recruiter Outreach
CID-230263,Computer Science,Bachelor of Science,Artificial Intelligence,Spring 2026,2026,Transfer,2.0,115,2.42,2.32,In-State,FALSE,6,0,0,0,9030,3790,Employed Full-Time,4.4,Systems Administrator,Infrastructure & Cloud,Cartway Commerce,E-Commerce & Retail Tech,Other - United States,81250,FALSE,Personal Network
CID-279389,Information Systems,Bachelor of Science,Business Analytics,Fall 2020,2020,First-Time Freshman,4.7,121,2.72,2.70,Out-of-State,FALSE,12,1,0,2,73870,49480,Employed Full-Time,5.6,EHR Support Analyst,Health IT,Potomac Mission Solutions,Federal Contracting,"Baltimore, MD",72250,FALSE,Alumni Network
CID-519615,Computer Science,Bachelor of Science,Software Engineering,Fall 2020,2020,First-Time Freshman,3.7,120,2.63,2.56,In-State,FALSE,10,1,0,3,37010,30120,No Response,Not Applicable,Not Applicable,Not Applicable,Not Applicable,Not Applicable,Not Applicable,Not Applicable,Not Applicable,Not Applicable
CID-122332,Information Systems,Bachelor of Science,Business Analytics,Spring 2025,2025,Transfer,3.7,122,3.29,3.33,Out-of-State,FALSE,11,1,1,4,11150,2850,Still Seeking,Not Applicable,Not Applicable,Not Applicable,Not Applicable,Not Applicable,Not Applicable,Not Applicable,Not Applicable,Not Applicable
CID-248388,Computer Science,Master of Science,Software Engineering,Summer 2021,2021,First-Time Freshman,3.7,122,3.25,3.33,Out-of-State,TRUE,14,1,0,0,63980,21170,Continuing Education,Not Applicable,Not Applicable,Not Applicable,Not Applicable,Not Applicable,Not Applicable,Not Applicable,Not Applicable,Not Applicable
CID-690939,Computer Science,Bachelor of Science,Software Engineering,Fall 2025,2025,Transfer,3.3,122,2.89,3.02,In-State,FALSE,6,2,0,1,16320,9170,Employed Full-Time,0.0,Junior Data Analyst,Data & Analytics,Dockside Logistics Systems,Logistics & Transportation,"Baltimore, MD",73750,FALSE,Return Offer from Internship
CID-498652,Computer Science,Bachelor of Science,Data Science,Spring 2025,2025,First-Time Freshman,3.3,120,3.36,3.42,In-State,FALSE,15,0,0,1,32180,8110,Continuing Education,Not Applicable,Not Applicable,Not Applicable,Not Applicable,Not Applicable,Not Applicable,Not Applicable,Not Applicable,Not Applicable
CID-843936,Computer Science,Bachelor of Science,Data Science,Fall 2015,2015,First-Time Freshman,4.3,121,2.76,2.76,Out-of-State,FALSE,5,1,0,2,55830,55830,Continuing Education,Not Applicable,Not Applicable,Not Applicable,Not Applicable,Not Applicable,Not Applicable,Not Applicable,Not Applicable,Not Applicable
CID-212747,Computer Science,Bachelor of Science,General,Fall 2016,2016,First-Time Freshman,3.7,120,3.09,3.26,In-State,FALSE,8,1,2,3,33050,25530,Employed Full-Time,0.0,Junior Developer,Software Engineering,Falconview Systems,Software Products,"Baltimore, MD",75500,FALSE,Faculty or Staff Referral
CID-144017,Computer Science,Bachelor of Science,General,Fall 2016,2016,First-Time Freshman,7.0,120,3.16,3.33,In-State,FALSE,19,2,0,4,37510,27230,Employed Full-Time,0.0,Junior Systems Analyst,IT Business & Product,Chesapeake Defense Systems,Defense & Aerospace,Northern Virginia,77250,FALSE,Personal Network
CID-124214,Computer Science,Bachelor of Science,Software Engineering,Spring 2017,2017,First-Time Freshman,4.0,122,3.51,3.65,In-State,FALSE,11,1,0,2,33910,15170,Employed Full-Time,0.1,Junior Developer,Software Engineering,Chesapeake Defense Systems,Defense & Aerospace,"Baltimore, MD",85000,FALSE,Return Offer from Internship
CID-309363,Information Systems,Bachelor of Science,Software Development,Spring 2019,2019,First-Time Freshman,6.7,121,2.55,2.55,Out-of-State,FALSE,23,1,0,3,83140,62240,Employed Full-Time,2.6,IT Analyst,IT Business & Product,Pinnacle Bridge Partners,Consulting & Professional Services,"Baltimore, MD",58750,FALSE,Personal Network
CID-972532,Information Systems,Bachelor of Science,General,Fall 2018,2018,First-Time Freshman,4.0,121,3.37,3.60,In-State,FALSE,5,3,1,2,45860,34910,Employed Full-Time,0.1,Data Analyst,Data & Analytics,National Data Services Agency,Federal Government,"Baltimore, MD",72250,FALSE,Return Offer from Internship
CID-419518,Computer Science,Bachelor of Science,General,Spring 2015,2015,First-Time Freshman,3.7,120,2.88,2.63,Out-of-State,FALSE,5,1,0,3,70090,17530,Employed Part-Time,1.2,Cloud Support Engineer,Infrastructure & Cloud,Northwind Platform Co.,Software Products,"Washington, DC Metro",101000,FALSE,Recruiter Outreach
CID-909929,Information Systems,Bachelor of Science,General,Fall 2021,2021,Transfer,2.3,120,2.77,2.82,In-State,FALSE,6,1,0,0,9700,4480,Employed Full-Time,0.0,Clinical Systems Analyst,Health IT,Northfield Biosciences,Healthcare & Life Sciences,"Baltimore, MD",53750,FALSE,Personal Network
CID-243221,Computer Science,Bachelor of Science,Data Science,Fall 2023,2023,First-Time Freshman,3.7,120,3.17,3.22,In-State,FALSE,3,1,0,2,40350,31960,Continuing Education,Not Applicable,Not Applicable,Not Applicable,Not Applicable,Not Applicable,Not Applicable,Not Applicable,Not Applicable,Not Applicable
CID-800163,Information Systems,Bachelor of Science,Business Analytics,Spring 2024,2024,Transfer,3.0,121,2.49,2.56,In-State,FALSE,7,1,2,1,13530,9770,No Response,Not Applicable,Not Applicable,Not Applicable,Not Applicable,Not Applicable,Not Applicable,Not Applicable,Not Applicable,Not Applicable
CID-673582,Computer Science,Bachelor of Science,Cybersecurity,Spring 2025,2025,First-Time Freshman,6.7,122,3.10,3.13,In-State,FALSE,13,1,0,0,42400,12690,Employed Full-Time,3.2,Junior Developer,Software Engineering,Northwind Platform Co.,Software Products,"Washington, DC Metro",90000,FALSE,Career Fair
CID-573126,Computer Science,Bachelor of Science,General,Spring 2020,2020,First-Time Freshman,3.7,120,3.23,3.30,Out-of-State,FALSE,4,1,1,2,76800,63690,Employed Full-Time,4.7,SOC Analyst,Cybersecurity,University of Maryland System,Higher Education,"Washington, DC Metro",74000,FALSE,Personal Network
CID-698836,Computer Science,Bachelor of Science,Data Science,Fall 2021,2021,First-Time Freshman,4.0,122,2.84,2.68,In-State,FALSE,8,2,0,5,42360,17230,Employed Full-Time,0.4,Security Analyst I,Cybersecurity,Marketside Digital,E-Commerce & Retail Tech,"Washington, DC Metro",114500,FALSE,Return Offer from Internship
CID-178650,Computer Science,Bachelor of Science,Artificial Intelligence,Spring 2016,2016,Transfer,2.0,120,2.40,2.26,In-State,FALSE,7,1,2,2,9580,320,Employed Full-Time,0.3,Systems Administrator,Infrastructure & Cloud,National Data Services Agency,Federal Government,"Baltimore, MD",67500,FALSE,Return Offer from Internship
CID-816027,Computer Science,Bachelor of Science,Software Engineering,Spring 2019,2019,Transfer,1.7,123,2.85,2.87,In-State,FALSE,11,1,0,1,6670,2690,Employed Full-Time,0.0,Business Intelligence Analyst,Data & Analytics,Shoreline Retail Group,E-Commerce & Retail Tech,"Washington, DC Metro",67250,FALSE,Personal Network
CID-203862,Information Systems,Bachelor of Science,Business Analytics,Spring 2018,2018,First-Time Freshman,7.0,121,2.98,3.05,In-State,FALSE,22,1,2,1,38820,38820,Still Seeking,Not Applicable,Not Applicable,Not Applicable,Not Applicable,Not Applicable,Not Applicable,Not Applicable,Not Applicable,Not Applicable
CID-855091,Computer Science,Bachelor of Science,Data Science,Spring 2020,2020,First-Time Freshman,3.3,120,3.27,3.26,In-State,FALSE,2,2,0,3,22610,12380,Employed Full-Time,0.2,Junior DevOps Engineer,Infrastructure & Cloud,Meridian National Systems,Federal Contracting,"Baltimore, MD",88750,FALSE,Return Offer from Internship
CID-381610,Computer Science,Bachelor of Science,Artificial Intelligence,Fall 2020,2020,Transfer,2.7,121,2.42,2.39,In-State,FALSE,10,2,0,4,12600,5800,Employed Full-Time,0.5,Business Intelligence Analyst,Data & Analytics,Northwind Platform Co.,Software Products,"Baltimore, MD",85750,FALSE,Return Offer from Internship
CID-292135,Computer Science,Master of Science,General,Spring 2015,2015,First-Time Freshman,6.0,121,3.49,3.48,In-State,TRUE,14,2,2,2,29210,19830,Employed Full-Time,0.0,Junior ML Engineer,Machine Learning & AI,Marketside Digital,E-Commerce & Retail Tech,"Baltimore, MD",82750,FALSE,Personal Network
CID-348563,Computer Science,Bachelor of Science,Data Science,Fall 2017,2017,Transfer,2.0,121,2.70,2.86,In-State,FALSE,17,0,0,7,10390,3150,Employed Full-Time,6.2,Cloud Support Engineer,Infrastructure & Cloud,Sterling Ridge Consulting,Consulting & Professional Services,Northern Virginia,67750,FALSE,Career Fair
CID-503540,Computer Science,Bachelor of Science,General,Fall 2022,2022,Transfer,2.7,120,2.94,3.09,In-State,FALSE,2,1,3,2,18910,12870,Employed Full-Time,0.0,Machine Learning Engineer I,Machine Learning & AI,Chesapeake Defense Systems,Defense & Aerospace,Northern Virginia,107000,FALSE,Online Application
CID-604512,Computer Science,Bachelor of Science,Data Science,Spring 2020,2020,First-Time Freshman,7.3,122,2.15,2.10,Out-of-State,FALSE,12,1,0,1,80910,29040,Employed Full-Time,5.1,Junior ML Engineer,Machine Learning & AI,CareBridge Technology,Healthcare & Life Sciences,Northern Virginia,69250,TRUE,Career Fair
CID-366661,Computer Science,Bachelor of Science,General,Spring 2025,2025,Transfer,1.3,127,3.41,3.30,In-State,FALSE,5,1,0,2,12380,7380,Continuing Education,Not Applicable,Not Applicable,Not Applicable,Not Applicable,Not Applicable,Not Applicable,Not Applicable,Not Applicable,Not Applicable
CID-639797,Computer Science,Bachelor of Science,Data Science,Spring 2020,2020,Transfer,2.3,122,2.99,2.94,In-State,FALSE,0,1,0,2,16690,11550,Continuing Education,Not Applicable,Not Applicable,Not Applicable,Not Applicable,Not Applicable,Not Applicable,Not Applicable,Not Applicable,Not Applicable
CID-681544,Computer Science,Bachelor of Science,General,Fall 2022,2022,First-Time Freshman,3.7,120,3.41,3.22,In-State,FALSE,7,2,1,3,45240,41360,Employed Full-Time,0.0,AI Research Assistant,Machine Learning & AI,Severn River Consulting,Federal Contracting,"Washington, DC Metro",111000,FALSE,Career Fair
CID-444068,Computer Science,Bachelor of Science,Cybersecurity,Spring 2023,2023,First-Time Freshman,8.7,121,2.74,2.70,In-State,FALSE,24,1,0,2,43350,21180,Employed Full-Time,4.3,Business Intelligence Analyst,Data & Analytics,Potomac Mission Solutions,Federal Contracting,Northern Virginia,89500,FALSE,Career Fair
CID-160065,Computer Science,Master of Science,General,Fall 2022,2022,Transfer,3.3,120,2.64,2.67,Out-of-State,FALSE,15,2,3,3,18930,17080,Employed Full-Time,0.2,Business Intelligence Analyst,Data & Analytics,Sterling Ridge Consulting,Consulting & Professional Services,Northern Virginia,99000,FALSE,Return Offer from Internship
CID-179830,Information Systems,Master of Science,General,Fall 2023,2023,First-Time Freshman,4.0,121,3.36,3.40,In-State,TRUE,15,0,2,3,30650,20300,Continuing Education,Not Applicable,Not Applicable,Not Applicable,Not Applicable,Not Applicable,Not Applicable,Not Applicable,Not Applicable,Not Applicable
CID-912127,Computer Science,Bachelor of Science,General,Fall 2016,2016,First-Time Freshman,8.0,123,3.12,3.05,Out-of-State,FALSE,33,2,0,2,78060,35790,Employed Full-Time,0.5,Junior ML Engineer,Machine Learning & AI,Chesapeake Defense Systems,Defense & Aerospace,"Columbia/Howard County, MD",81750,FALSE,Return Offer from Internship
CID-147923,Information Systems,Bachelor of Science,Health Information Technology,Spring 2019,2019,First-Time Freshman,4.3,121,2.63,2.45,Out-of-State,FALSE,9,1,0,2,78450,53530,Employed Full-Time,1.3,IT Support Specialist,IT Support & Operations,Quarry Road Software,Software Products,Northern Virginia,46750,FALSE,Alumni Network
CID-475768,Computer Science,Bachelor of Science,General,Spring 2016,2016,First-Time Freshman,4.3,123,2.68,2.65,In-State,FALSE,1,2,0,1,29960,16500,Continuing Education,Not Applicable,Not Applicable,Not Applicable,Not Applicable,Not Applicable,Not Applicable,Not Applicable,Not Applicable,Not Applicable
CID-697417,Computer Science,Bachelor of Science,Data Science,Spring 2021,2021,Transfer,2.3,122,3.15,3.25,In-State,FALSE,10,0,1,6,7780,4680,No Response,Not Applicable,Not Applicable,Not Applicable,Not Applicable,Not Applicable,Not Applicable,Not Applicable,Not Applicable,Not Applicable
CID-183792,Information Systems,Master of Science,General,Fall 2022,2022,First-Time Freshman,7.0,121,3.45,3.40,In-State,FALSE,18,3,0,4,21270,8550,Employed Full-Time,0.0,Junior Systems Analyst,IT Business & Product,Office of Technology Policy,Federal Government,"Columbia/Howard County, MD",95500,FALSE,Return Offer from Internship
CID-199235,Information Systems,Bachelor of Science,General,Fall 2017,2017,First-Time Freshman,4.0,121,3.32,3.25,In-State,FALSE,18,2,0,2,25000,7990,No Response,Not Applicable,Not Applicable,Not Applicable,Not Applicable,Not Applicable,Not Applicable,Not Applicable,Not Applicable,Not Applicable
CID-531239,Computer Science,Bachelor of Science,Software Engineering,Spring 2016,2016,Transfer,3.7,122,2.86,3.00,In-State,FALSE,17,0,0,1,14780,12320,Employed Full-Time,5.1,Software Engineer I,Software Engineering,Northfield Biosciences,Healthcare & Life Sciences,"Columbia/Howard County, MD",63000,FALSE,Online Application
CID-866263,Information Systems,Bachelor of Science,Cybersecurity Management,Spring 2026,2026,First-Time Freshman,4.3,121,2.38,2.40,In-State,FALSE,12,2,0,2,38230,15080,Employed Full-Time,1.7,Business Analyst,IT Business & Product,Brightline Software Group,Software Products,"Baltimore, MD",80000,TRUE,Recruiter Outreach
CID-330058,Information Systems,Bachelor of Science,General,Spring 2021,2021,First-Time Freshman,4.0,121,3.64,3.60,In-State,FALSE,19,1,1,3,32130,18910,No Response,Not Applicable,Not Applicable,Not Applicable,Not Applicable,Not Applicable,Not Applicable,Not Applicable,Not Applicable,Not Applicable
CID-670504,Computer Science,Bachelor of Science,General,Fall 2017,2017,First-Time Freshman,8.7,122,2.65,2.70,In-State,FALSE,17,1,1,6,46150,11480,Still Seeking,Not Applicable,Not Applicable,Not Applicable,Not Applicable,Not Applicable,Not Applicable,Not Applicable,Not Applicable,Not Applicable
CID-435197,Information Systems,Bachelor of Science,Business Analytics,Fall 2025,2025,First-Time Freshman,7.7,121,2.85,2.95,In-State,FALSE,11,1,0,5,60290,27070,Employed Full-Time,3.8,Business Intelligence Analyst,Data & Analytics,Potomac Mission Solutions,Federal Contracting,"Baltimore, MD",78750,FALSE,Career Fair
CID-927633,Information Systems,Bachelor of Science,Business Analytics,Spring 2026,2026,First-Time Freshman,6.7,121,3.20,3.10,In-State,FALSE,24,1,0,3,39350,38460,Employed Full-Time,1.6,Clinical Systems Analyst,Health IT,Blue Heron Technologies,Federal Contracting,"Washington, DC Metro",84750,FALSE,Faculty or Staff Referral
CID-569827,Computer Science,Bachelor of Science,Artificial Intelligence,Fall 2018,2018,First-Time Freshman,4.3,121,2.58,2.42,In-State,FALSE,4,1,0,4,40860,29860,Employed Full-Time,1.6,Junior Developer,Software Engineering,Chesapeake Defense Systems,Defense & Aerospace,San Francisco Bay Area,93500,FALSE,Recruiter Outreach
CID-531768,Information Systems,Bachelor of Science,Software Development,Fall 2021,2021,First-Time Freshman,4.0,121,2.96,2.80,In-State,FALSE,4,2,1,1,33100,23030,Employed Full-Time,0.0,Junior Systems Analyst,IT Business & Product,Severn River Consulting,Federal Contracting,Northern Virginia,88250,FALSE,Online Application
CID-198714,Information Systems,Bachelor of Science,Software Development,Fall 2018,2018,First-Time Freshman,4.3,121,3.34,3.15,In-State,FALSE,17,2,0,5,41950,17630,Employed Full-Time,0.0,IT Analyst,IT Business & Product,Shoreline Retail Group,E-Commerce & Retail Tech,"Baltimore, MD",81250,FALSE,Personal Network
CID-239161,Computer Science,Bachelor of Science,General,Spring 2022,2022,Transfer,3.0,122,3.49,3.47,In-State,FALSE,0,2,3,3,16550,8520,Employed Full-Time,0.0,Business Intelligence Analyst,Data & Analytics,Marketside Digital,E-Commerce & Retail Tech,"Baltimore, MD",97500,FALSE,Student Organization Connection
CID-687801,Information Systems,Bachelor of Science,General,Spring 2026,2026,First-Time Freshman,3.7,121,3.07,3.05,In-State,FALSE,9,1,0,2,51500,27850,Employed Full-Time,0.3,Security Analyst I,Cybersecurity,Marketside Digital,E-Commerce & Retail Tech,"Washington, DC Metro",108000,FALSE,Career Fair
CID-418665,Computer Science,Bachelor of Science,Data Science,Spring 2021,2021,First-Time Freshman,3.7,121,3.36,3.33,Out-of-State,FALSE,21,0,0,2,41380,16580,Employed Full-Time,4.5,Software Engineer I,Software Engineering,Harborline Networks,Cloud & Infrastructure,Northern Virginia,82250,FALSE,Online Application
CID-302036,Information Systems,Bachelor of Science,General,Spring 2020,2020,Transfer,3.3,121,2.62,2.83,In-State,FALSE,13,1,0,4,16240,6360,Employed Full-Time,4.2,Business Analyst,IT Business & Product,Potomac Mission Solutions,Federal Contracting,"Baltimore, MD",63250,FALSE,Recruiter Outreach
CID-647562,Computer Science,Bachelor of Science,General,Spring 2021,2021,Transfer,2.0,122,3.40,3.61,In-State,FALSE,12,0,0,3,10660,8530,Employed Full-Time,1.7,Security Analyst I,Cybersecurity,Maryland Department of IT,Federal Government,Northern Virginia,69750,FALSE,Career Fair
CID-208393,Computer Science,Bachelor of Science,Software Engineering,Spring 2023,2023,First-Time Freshman,4.7,122,2.50,2.44,Out-of-State,FALSE,7,0,0,1,111200,6430,Employed Full-Time,6.6,Associate Software Engineer,Software Engineering,Catoctin Analytics Group,Federal Contracting,Northern Virginia,75500,FALSE,Recruiter Outreach
CID-208687,Computer Science,Bachelor of Science,Cybersecurity,Spring 2024,2024,First-Time Freshman,3.7,120,3.34,3.30,Out-of-State,FALSE,6,2,0,0,98790,85150,No Response,Not Applicable,Not Applicable,Not Applicable,Not Applicable,Not Applicable,Not Applicable,Not Applicable,Not Applicable,Not Applicable
CID-880681,Computer Science,Bachelor of Science,General,Spring 2024,2024,First-Time Freshman,4.0,120,2.61,2.52,In-State,FALSE,3,0,0,1,49320,23540,Continuing Education,Not Applicable,Not Applicable,Not Applicable,Not Applicable,Not Applicable,Not Applicable,Not Applicable,Not Applicable,Not Applicable
CID-370079,Computer Science,Bachelor of Science,Artificial Intelligence,Spring 2018,2018,Transfer,3.3,122,2.83,2.72,In-State,FALSE,22,1,0,3,14450,9800,Continuing Education,Not Applicable,Not Applicable,Not Applicable,Not Applicable,Not Applicable,Not Applicable,Not Applicable,Not Applicable,Not Applicable
CID-935396,Computer Science,Bachelor of Science,Software Engineering,Fall 2023,2023,Transfer,1.7,122,3.06,3.17,In-State,FALSE,8,1,1,1,12240,9410,Employed Full-Time,4.2,SOC Analyst,Cybersecurity,Fidelis Capital Partners,Financial Services,"Washington, DC Metro",108500,FALSE,Career Fair
CID-803417,Computer Science,Bachelor of Science,Software Engineering,Fall 2017,2017,First-Time Freshman,4.0,121,2.64,2.74,In-State,FALSE,11,1,0,2,37290,9120,Employed Full-Time,0.3,Junior Developer,Software Engineering,Harbor Mutual Insurance,Insurance,Northern Virginia,77000,FALSE,Return Offer from Internship
CID-285090,Computer Science,Bachelor of Science,Software Engineering,Spring 2024,2024,First-Time Freshman,3.7,120,3.83,3.81,In-State,FALSE,0,1,0,7,40500,5600,Employed Full-Time,0.5,Software Engineer I,Software Engineering,Office of Technology Policy,Federal Government,"Baltimore, MD",80000,FALSE,Return Offer from Internship
CID-996962,Computer Science,Bachelor of Science,General,Spring 2018,2018,First-Time Freshman,4.0,123,3.55,3.51,In-State,FALSE,13,1,0,2,20640,16120,Continuing Education,Not Applicable,Not Applicable,Not Applicable,Not Applicable,Not Applicable,Not Applicable,Not Applicable,Not Applicable,Not Applicable
CID-210668,Computer Science,Bachelor of Science,Software Engineering,Spring 2026,2026,First-Time Freshman,3.3,119,3.05,2.80,In-State,FALSE,8,0,0,2,29540,23280,Still Seeking,Not Applicable,Not Applicable,Not Applicable,Not Applicable,Not Applicable,Not Applicable,Not Applicable,Not Applicable,Not Applicable
CID-591939,Computer Science,Bachelor of Science,General,Fall 2015,2015,First-Time Freshman,4.3,120,2.85,2.76,In-State,FALSE,7,1,0,1,25400,25260,Employed Full-Time,2.4,Security Analyst I,Cybersecurity,Clarion Clinical Data,Healthcare & Life Sciences,"Columbia/Howard County, MD",75250,FALSE,Online Application
CID-888494,Information Systems,Bachelor of Science,General,Fall 2017,2017,First-Time Freshman,4.3,121,2.74,2.67,In-State,FALSE,8,0,0,0,37380,14680,No Response,Not Applicable,Not Applicable,Not Applicable,Not Applicable,Not Applicable,Not Applicable,Not Applicable,Not Applicable,Not Applicable
CID-943669,Computer Science,Bachelor of Science,Software Engineering,Spring 2019,2019,First-Time Freshman,5.7,122,2.41,2.24,In-State,FALSE,7,0,0,0,42100,6040,Employed Full-Time,2.5,IT Analyst,IT Business & Product,Parcel & Post Technologies,Logistics & Transportation,"Austin, TX",61750,FALSE,Personal Network
CID-426982,Information Systems,Bachelor of Science,Business Analytics,Fall 2024,2024,First-Time Freshman,4.3,121,2.77,2.80,In-State,FALSE,13,3,2,3,28800,17880,Employed Full-Time,0.5,Business Analyst,IT Business & Product,Dockside Logistics Systems,Logistics & Transportation,"Washington, DC Metro",84500,FALSE,Return Offer from Internship
CID-459273,Information Systems,Bachelor of Science,Business Analytics,Fall 2016,2016,First-Time Freshman,6.3,121,3.61,3.62,In-State,FALSE,13,2,0,2,28370,28250,Employed Full-Time,0.0,Business Analyst,IT Business & Product,Blue Heron Technologies,Federal Contracting,"Baltimore, MD",88000,FALSE,Alumni Network
CID-283321,Computer Science,Bachelor of Science,General,Fall 2024,2024,First-Time Freshman,6.7,122,2.70,2.54,In-State,FALSE,19,3,3,1,46410,36690,Employed Full-Time,0.5,Associate Software Engineer,Software Engineering,Meridian National Systems,Federal Contracting,"Baltimore, MD",89750,FALSE,Return Offer from Internship
CID-357556,Computer Science,Bachelor of Science,Data Science,Spring 2023,2023,Transfer,3.7,121,2.52,2.52,In-State,FALSE,4,0,0,0,18740,13690,Still Seeking,Not Applicable,Not Applicable,Not Applicable,Not Applicable,Not Applicable,Not Applicable,Not Applicable,Not Applicable,Not Applicable
CID-316716,Information Systems,Bachelor of Science,General,Fall 2021,2021,First-Time Freshman,4.0,121,3.07,3.05,Out-of-State,FALSE,9,1,0,3,61690,35000,Employed Full-Time,0.0,Junior Data Analyst,Data & Analytics,National Data Services Agency,Federal Government,"Baltimore, MD",61000,FALSE,Recruiter Outreach
CID-449109,Computer Science,Bachelor of Science,Software Engineering,Spring 2024,2024,First-Time Freshman,3.7,120,3.15,3.18,Out-of-State,FALSE,9,1,0,2,60640,6280,Continuing Education,Not Applicable,Not Applicable,Not Applicable,Not Applicable,Not Applicable,Not Applicable,Not Applicable,Not Applicable,Not Applicable
CID-191688,Information Systems,Bachelor of Science,Business Analytics,Spring 2024,2024,First-Time Freshman,4.7,121,2.87,2.85,In-State,FALSE,5,0,1,2,41580,41580,Employed Full-Time,5.4,IT Analyst,IT Business & Product,Chesapeake Defense Systems,Defense & Aerospace,"Baltimore, MD",77000,FALSE,Career Fair
CID-152247,Computer Science,Bachelor of Science,Software Engineering,Spring 2024,2024,First-Time Freshman,6.7,120,2.67,2.60,Out-of-State,FALSE,22,2,0,2,92200,53830,Employed Full-Time,0.2,Associate Software Engineer,Software Engineering,Severn River Consulting,Federal Contracting,"Columbia/Howard County, MD",71250,FALSE,Return Offer from Internship
CID-423515,Information Systems,Bachelor of Science,Health Information Technology,Fall 2018,2018,First-Time Freshman,4.7,121,2.98,2.85,In-State,FALSE,12,1,0,1,30750,9460,Employed Full-Time,1.4,Data Analyst,Data & Analytics,Fidelis Capital Partners,Financial Services,"Baltimore, MD",60250,FALSE,Career Fair
CID-125198,Computer Science,Bachelor of Science,General,Spring 2018,2018,First-Time Freshman,3.3,120,3.08,3.11,In-State,FALSE,0,1,2,4,27430,19780,Employed Full-Time,0.0,Data Analyst,Data & Analytics,Vantage Point Applications,Software Products,"Washington, DC Metro",76000,FALSE,Recruiter Outreach
CID-316534,Computer Science,Bachelor of Science,Artificial Intelligence,Fall 2018,2018,First-Time Freshman,4.0,123,3.05,3.11,In-State,FALSE,4,2,2,1,33030,19200,Employed Full-Time,0.0,Junior Security Engineer,Cybersecurity,Redoubt Security Partners,Cybersecurity Services,Northern Virginia,91250,FALSE,Online Application
CID-638978,Information Systems,Bachelor of Science,Cybersecurity Management,Spring 2023,2023,First-Time Freshman,4.7,121,3.14,3.10,In-State,FALSE,24,2,3,3,34610,14860,Employed Full-Time,2.8,Junior Security Engineer,Cybersecurity,Blue Heron Technologies,Federal Contracting,"Washington, DC Metro",82250,FALSE,Online Application
CID-836657,Information Systems,Bachelor of Science,Cybersecurity Management,Spring 2022,2022,First-Time Freshman,4.3,121,3.27,3.25,In-State,FALSE,9,0,3,3,44380,10260,No Response,Not Applicable,Not Applicable,Not Applicable,Not Applicable,Not Applicable,Not Applicable,Not Applicable,Not Applicable,Not Applicable
CID-426795,Computer Science,Bachelor of Science,Software Engineering,Fall 2016,2016,First-Time Freshman,3.7,120,3.31,3.44,In-State,FALSE,7,3,2,3,33180,10710,Employed Full-Time,0.4,Security Analyst I,Cybersecurity,Federal Health Data Office,Federal Government,"Columbia/Howard County, MD",87500,FALSE,Return Offer from Internship
CID-331933,Information Systems,Bachelor of Science,Cybersecurity Management,Fall 2017,2017,First-Time Freshman,4.0,121,2.89,2.86,In-State,FALSE,9,2,0,6,38880,29060,Employed Full-Time,0.4,Junior DevOps Engineer,Infrastructure & Cloud,Harbor Mutual Insurance,Insurance,Northern Virginia,77750,FALSE,Return Offer from Internship
CID-136541,Computer Science,Bachelor of Science,General,Fall 2017,2017,First-Time Freshman,3.3,120,3.27,3.00,Out-of-State,FALSE,10,2,0,4,75400,13190,Employed Full-Time,0.0,Junior Security Engineer,Cybersecurity,Harbor Mutual Insurance,Insurance,"Seattle, WA",91250,FALSE,Recruiter Outreach
CID-291604,Computer Science,Bachelor of Science,Software Engineering,Spring 2022,2022,First-Time Freshman,4.0,120,2.93,3.13,Out-of-State,FALSE,2,3,0,0,89240,20370,Employed Full-Time,0.8,Systems Administrator,Infrastructure & Cloud,Maryland Department of IT,Federal Government,Northern Virginia,74250,FALSE,Faculty or Staff Referral
CID-895248,Computer Science,Bachelor of Science,General,Fall 2021,2021,First-Time Freshman,9.7,122,2.49,2.39,Out-of-State,FALSE,24,2,2,4,105450,24770,Employed Part-Time,0.0,SOC Analyst,Cybersecurity,Harborline Networks,Cloud & Infrastructure,"Columbia/Howard County, MD",115000,FALSE,Personal Network
CID-153961,Computer Science,Bachelor of Science,Artificial Intelligence,Spring 2017,2017,First-Time Freshman,4.3,120,2.68,2.68,In-State,FALSE,9,1,0,2,26860,8620,Employed Full-Time,5.5,Security Analyst I,Cybersecurity,Catoctin Analytics Group,Federal Contracting,Northern Virginia,100000,FALSE,Career Fair
CID-358652,Computer Science,Bachelor of Science,Software Engineering,Fall 2025,2025,Transfer,3.3,121,3.25,3.14,In-State,FALSE,11,1,1,3,12810,6110,No Response,Not Applicable,Not Applicable,Not Applicable,Not Applicable,Not Applicable,Not Applicable,Not Applicable,Not Applicable,Not Applicable
CID-583395,Computer Science,Bachelor of Science,Software Engineering,Spring 2022,2022,First-Time Freshman,3.3,122,3.73,3.62,In-State,FALSE,0,1,0,2,28160,19620,Employed Full-Time,0.2,Junior DevOps Engineer,Infrastructure & Cloud,Lumen Grid Software,Software Products,"Seattle, WA",133000,FALSE,Return Offer from Internship
CID-715951,Computer Science,Bachelor of Science,General,Spring 2024,2024,First-Time Freshman,4.3,122,2.92,2.86,In-State,FALSE,14,2,0,0,30660,25020,Employed Full-Time,3.0,Business Intelligence Analyst,Data & Analytics,Vantage Point Applications,Software Products,"Washington, DC Metro",98500,FALSE,Career Fair
CID-805824,Information Systems,Bachelor of Science,Business Analytics,Spring 2021,2021,First-Time Freshman,3.3,121,3.51,3.40,In-State,FALSE,9,1,2,1,40950,18560,Employed Full-Time,0.3,Junior Data Analyst,Data & Analytics,Maryland Department of IT,Federal Government,"Washington, DC Metro",80750,TRUE,Return Offer from Internship
CID-190168,Computer Science,Bachelor of Science,Artificial Intelligence,Fall 2022,2022,First-Time Freshman,4.3,122,3.58,3.53,In-State,FALSE,12,2,0,6,30490,18660,Continuing Education,Not Applicable,Not Applicable,Not Applicable,Not Applicable,Not Applicable,Not Applicable,Not Applicable,Not Applicable,Not Applicable
CID-657919,Computer Science,Bachelor of Science,Cybersecurity,Spring 2023,2023,Transfer,2.7,122,2.78,2.79,In-State,FALSE,13,2,1,5,12960,8140,Employed Full-Time,2.2,Desktop Support Analyst,IT Support & Operations,National Data Services Agency,Federal Government,"Washington, DC Metro",70500,TRUE,Online Application
CID-243864,Computer Science,Bachelor of Science,Data Science,Spring 2017,2017,First-Time Freshman,3.3,120,3.23,3.20,In-State,FALSE,4,0,1,3,21520,16490,Continuing Education,Not Applicable,Not Applicable,Not Applicable,Not Applicable,Not Applicable,Not Applicable,Not Applicable,Not Applicable,Not Applicable
CID-982476,Information Systems,Bachelor of Science,Business Analytics,Spring 2023,2023,Transfer,5.3,122,2.32,2.44,In-State,FALSE,20,2,3,5,19910,13430,Employed Full-Time,1.7,Cloud Support Engineer,Infrastructure & Cloud,Chesapeake Defense Systems,Defense & Aerospace,"Washington, DC Metro",79250,FALSE,Faculty or Staff Referral
CID-792760,Computer Science,Bachelor of Science,Software Engineering,Spring 2022,2022,First-Time Freshman,4.3,120,2.65,2.70,Out-of-State,FALSE,15,2,0,3,65710,36280,Employed Full-Time,0.4,Associate Software Engineer,Software Engineering,Northfield Biosciences,Healthcare & Life Sciences,"Denver, CO",82750,FALSE,Return Offer from Internship
CID-599505,Computer Science,Bachelor of Science,Software Engineering,Spring 2016,2016,Transfer,3.0,121,2.67,2.65,In-State,FALSE,6,2,2,5,13870,2570,Employed Full-Time,0.1,Junior Data Analyst,Data & Analytics,Northfield Biosciences,Healthcare & Life Sciences,"Columbia/Howard County, MD",66000,FALSE,Return Offer from Internship
CID-844933,Computer Science,Bachelor of Science,Data Science,Fall 2024,2024,First-Time Freshman,3.3,120,3.54,3.54,In-State,FALSE,13,2,0,1,28330,15140,Employed Full-Time,0.0,Clinical Systems Analyst,Health IT,Northfield Biosciences,Healthcare & Life Sciences,"Baltimore, MD",87500,FALSE,Return Offer from Internship
CID-272884,Computer Science,Bachelor of Science,Software Engineering,Spring 2021,2021,First-Time Freshman,5.3,121,2.98,2.91,Out-of-State,FALSE,24,1,2,1,60660,23400,Military,Not Applicable,Not Applicable,Not Applicable,Not Applicable,Not Applicable,Not Applicable,Not Applicable,Not Applicable,Not Applicable
CID-594670,Computer Science,Bachelor of Science,Data Science,Spring 2017,2017,First-Time Freshman,4.3,123,3.03,2.90,In-State,FALSE,16,3,3,3,41220,23380,Employed Full-Time,0.9,Associate Software Engineer,Software Engineering,Clarion Clinical Data,Healthcare & Life Sciences,"Baltimore, MD",75250,FALSE,Return Offer from Internship
CID-787140,Computer Science,Bachelor of Science,General,Spring 2016,2016,Transfer,3.0,120,2.47,2.54,In-State,FALSE,13,0,0,1,13120,5430,Still Seeking,Not Applicable,Not Applicable,Not Applicable,Not Applicable,Not Applicable,Not Applicable,Not Applicable,Not Applicable,Not Applicable
CID-617879,Information Systems,Bachelor of Science,Business Analytics,Fall 2023,2023,First-Time Freshman,4.0,121,3.07,3.10,Out-of-State,FALSE,9,0,0,1,99010,81560,Continuing Education,Not Applicable,Not Applicable,Not Applicable,Not Applicable,Not Applicable,Not Applicable,Not Applicable,Not Applicable,Not Applicable
CID-343627,Computer Science,Bachelor of Science,Data Science,Spring 2026,2026,First-Time Freshman,8.0,107,2.36,2.49,Out-of-State,FALSE,25,0,0,2,79930,18920,No Response,Not Applicable,Not Applicable,Not Applicable,Not Applicable,Not Applicable,Not Applicable,Not Applicable,Not Applicable,Not Applicable
CID-685356,Computer Science,Bachelor of Science,Software Engineering,Fall 2019,2019,First-Time Freshman,3.0,120,3.76,3.73,In-State,FALSE,10,2,0,3,30890,8890,Employed Full-Time,0.9,Junior Developer,Software Engineering,Monument Bank Technology,Financial Services,"Baltimore, MD",87500,FALSE,Recruiter Outreach
CID-233714,Information Systems,Master of Science,Cybersecurity Management,Spring 2024,2024,Transfer,3.7,122,3.36,3.37,In-State,TRUE,12,1,0,2,11990,1620,No Response,Not Applicable,Not Applicable,Not Applicable,Not Applicable,Not Applicable,Not Applicable,Not Applicable,Not Applicable,Not Applicable
CID-511498,Computer Science,Bachelor of Science,General,Fall 2021,2021,Transfer,2.0,121,2.95,2.88,In-State,FALSE,0,0,0,5,13220,13220,Employed Full-Time,2.5,Health Data Analyst,Health IT,Anvil Compute,Cloud & Infrastructure,"Baltimore, MD",99000,FALSE,Recruiter Outreach
CID-622182,Computer Science,Bachelor of Science,Cybersecurity,Fall 2017,2017,First-Time Freshman,4.3,120,3.37,3.48,In-State,FALSE,21,0,0,1,21730,4430,Employed Full-Time,3.1,Data Analyst,Data & Analytics,Chesapeake Defense Systems,Defense & Aerospace,"Baltimore, MD",72000,FALSE,Personal Network
CID-249580,Computer Science,Bachelor of Science,Artificial Intelligence,Fall 2017,2017,First-Time Freshman,3.7,120,3.22,3.17,In-State,FALSE,6,2,0,6,31770,19810,Employed Full-Time,0.0,Machine Learning Engineer I,Machine Learning & AI,Anvil Compute,Cloud & Infrastructure,"New York, NY",122500,FALSE,Return Offer from Internship
CID-201659,Computer Science,Bachelor of Science,General,Fall 2022,2022,First-Time Freshman,3.7,120,2.81,2.97,In-State,FALSE,3,1,0,2,32490,25390,Still Seeking,Not Applicable,Not Applicable,Not Applicable,Not Applicable,Not Applicable,Not Applicable,Not Applicable,Not Applicable,Not Applicable
CID-902820,Information Systems,Bachelor of Science,Business Analytics,Spring 2026,2026,First-Time Freshman,4.3,121,3.31,3.40,In-State,FALSE,11,1,2,0,36650,33830,Employed Full-Time,0.4,Junior Security Engineer,Cybersecurity,Pinnacle Bridge Partners,Consulting & Professional Services,"Baltimore, MD",104000,FALSE,Alumni Network
CID-564812,Information Systems,Bachelor of Science,Software Development,Spring 2020,2020,Transfer,2.7,121,2.86,2.83,In-State,FALSE,19,0,0,2,12940,6380,Still Seeking,Not Applicable,Not Applicable,Not Applicable,Not Applicable,Not Applicable,Not Applicable,Not Applicable,Not Applicable,Not Applicable
CID-721179,Computer Science,Bachelor of Science,Data Science,Fall 2015,2015,Transfer,2.7,121,2.73,2.64,Out-of-State,FALSE,17,0,0,3,26600,11340,Employed Full-Time,3.5,Associate Software Engineer,Software Engineering,Greenspring Health Systems,Healthcare & Life Sciences,"Washington, DC Metro",50750,FALSE,Faculty or Staff Referral
CID-904388,Information Systems,Bachelor of Science,Business Analytics,Spring 2019,2019,Transfer,3.0,120,3.34,3.39,In-State,FALSE,9,2,0,0,13350,1680,Continuing Education,Not Applicable,Not Applicable,Not Applicable,Not Applicable,Not Applicable,Not Applicable,Not Applicable,Not Applicable,Not Applicable
CID-934494,Computer Science,Bachelor of Science,Cybersecurity,Fall 2022,2022,First-Time Freshman,4.3,120,2.40,2.56,In-State,FALSE,4,0,0,1,43650,13660,Employed Full-Time,0.7,Junior Developer,Software Engineering,Cartway Commerce,E-Commerce & Retail Tech,"Washington, DC Metro",73500,FALSE,Personal Network
CID-354115,Computer Science,Bachelor of Science,Software Engineering,Spring 2017,2017,First-Time Freshman,7.0,121,2.86,2.78,In-State,FALSE,26,2,0,4,38050,37430,Military,Not Applicable,Not Applicable,Not Applicable,Not Applicable,Not Applicable,Not Applicable,Not Applicable,Not Applicable,Not Applicable
CID-385487,Computer Science,Bachelor of Science,Artificial Intelligence,Spring 2018,2018,Transfer,2.7,121,3.17,3.18,In-State,FALSE,8,1,2,4,9680,7860,No Response,Not Applicable,Not Applicable,Not Applicable,Not Applicable,Not Applicable,Not Applicable,Not Applicable,Not Applicable,Not Applicable
CID-950315,Information Systems,Bachelor of Science,Software Development,Spring 2016,2016,First-Time Freshman,4.0,121,2.81,2.85,In-State,FALSE,15,0,3,3,40900,38440,Employed Full-Time,3.0,Software Engineer I,Software Engineering,Monument Bank Technology,Financial Services,Northern Virginia,68750,FALSE,Student Organization Connection
CID-440316,Computer Science,Bachelor of Science,Cybersecurity,Fall 2024,2024,First-Time Freshman,4.7,122,2.65,2.61,In-State,FALSE,11,0,0,1,44300,27550,Employed Full-Time,5.3,Associate Software Engineer,Software Engineering,Clearfield Assurance,Cybersecurity Services,"Baltimore, MD",59000,FALSE,Online Application
CID-726242,Computer Science,Master of Science,Artificial Intelligence,Fall 2021,2021,Transfer,3.7,122,2.24,2.31,In-State,TRUE,15,0,0,0,18700,15030,Employed Full-Time,2.7,Business Analyst,IT Business & Product,Sterling Ridge Consulting,Consulting & Professional Services,"Washington, DC Metro",68000,FALSE,Faculty or Staff Referral
CID-852846,Computer Science,Bachelor of Science,Artificial Intelligence,Summer 2018,2018,First-Time Freshman,4.3,120,2.62,2.87,Out-of-State,FALSE,27,0,0,2,41060,22950,Employed Part-Time,5.5,Junior Developer,Software Engineering,Monument Bank Technology,Financial Services,"Baltimore, MD",62250,TRUE,Recruiter Outreach
CID-635028,Computer Science,Bachelor of Science,Software Engineering,Spring 2017,2017,First-Time Freshman,3.3,120,2.82,2.84,In-State,FALSE,12,0,0,4,37930,13550,No Response,Not Applicable,Not Applicable,Not Applicable,Not Applicable,Not Applicable,Not Applicable,Not Applicable,Not Applicable,Not Applicable
CID-121587,Computer Science,Bachelor of Science,Software Engineering,Fall 2016,2016,First-Time Freshman,3.7,121,2.92,2.89,Out-of-State,FALSE,9,2,0,7,69940,35560,No Response,Not Applicable,Not Applicable,Not Applicable,Not Applicable,Not Applicable,Not Applicable,Not Applicable,Not Applicable,Not Applicable
CID-452259,Computer Science,Bachelor of Science,Software Engineering,Spring 2019,2019,First-Time Freshman,4.3,122,3.19,2.94,In-State,FALSE,12,0,0,2,37290,11550,Continuing Education,Not Applicable,Not Applicable,Not Applicable,Not Applicable,Not Applicable,Not Applicable,Not Applicable,Not Applicable,Not Applicable
CID-513802,Information Systems,Bachelor of Science,Business Analytics,Fall 2023,2023,Transfer,3.0,121,3.23,3.33,In-State,FALSE,12,0,0,6,18860,8610,Still Seeking,Not Applicable,Not Applicable,Not Applicable,Not Applicable,Not Applicable,Not Applicable,Not Applicable,Not Applicable,Not Applicable
CID-354876,Computer Science,Bachelor of Science,General,Fall 2017,2017,First-Time Freshman,4.3,120,2.96,3.05,In-State,FALSE,13,2,0,1,44750,11520,Employed Full-Time,0.0,Junior DevOps Engineer,Infrastructure & Cloud,Severn River Consulting,Federal Contracting,"Baltimore, MD",61500,FALSE,Personal Network
CID-129932,Computer Science,Bachelor of Science,Cybersecurity,Spring 2021,2021,First-Time Freshman,4.3,120,2.40,2.18,In-State,FALSE,6,3,0,3,40100,18880,Employed Full-Time,0.2,Junior Developer,Software Engineering,Allied Shield Insurance Group,Insurance,Remote - United States,76500,TRUE,Return Offer from Internship
CID-720418,Computer Science,Bachelor of Science,General,Spring 2024,2024,Transfer,3.0,122,2.72,2.78,Out-of-State,FALSE,22,0,1,1,32180,21180,Employed Full-Time,5.2,Business Analyst,IT Business & Product,Shoreline Retail Group,E-Commerce & Retail Tech,Northern Virginia,85500,FALSE,Online Application
CID-695121,Computer Science,Bachelor of Science,Data Science,Summer 2017,2017,First-Time Freshman,4.0,122,3.12,3.00,In-State,FALSE,7,1,0,4,33450,12820,Employed Full-Time,0.8,AI Research Assistant,Machine Learning & AI,Chesapeake Defense Systems,Defense & Aerospace,"Columbia/Howard County, MD",85750,FALSE,Online Application
CID-683215,Computer Science,Bachelor of Science,Cybersecurity,Spring 2017,2017,Transfer,2.7,121,2.68,2.62,In-State,FALSE,7,1,0,3,9780,6870,Employed Full-Time,0.0,Software Engineer I,Software Engineering,Piedmont Energy Partners,Energy & Utilities,"Washington, DC Metro",63500,FALSE,Personal Network
CID-217633,Information Systems,Bachelor of Science,Cybersecurity Management,Spring 2024,2024,First-Time Freshman,5.7,121,3.15,3.05,In-State,FALSE,19,2,2,1,49780,19340,Employed Full-Time,0.5,SOC Analyst,Cybersecurity,Tidewater Defense Group,Defense & Aerospace,"Baltimore, MD",96500,FALSE,Return Offer from Internship
CID-686112,Information Systems,Master of Science,Business Analytics,Spring 2018,2018,First-Time Freshman,3.3,121,3.46,3.40,In-State,TRUE,10,1,0,0,32920,8300,Continuing Education,Not Applicable,Not Applicable,Not Applicable,Not Applicable,Not Applicable,Not Applicable,Not Applicable,Not Applicable,Not Applicable
CID-479533,Information Systems,Bachelor of Science,Business Analytics,Fall 2020,2020,Transfer,2.3,122,3.25,3.24,In-State,FALSE,5,1,0,4,12130,5840,Employed Full-Time,0.0,Junior Security Engineer,Cybersecurity,Bayview Medical Informatics,Healthcare & Life Sciences,"Baltimore, MD",84250,FALSE,Return Offer from Internship
CID-736781,Computer Science,Bachelor of Science,General,Fall 2024,2024,Transfer,2.3,120,3.68,3.70,In-State,FALSE,4,1,0,4,14090,11010,Continuing Education,Not Applicable,Not Applicable,Not Applicable,Not Applicable,Not Applicable,Not Applicable,Not Applicable,Not Applicable,Not Applicable
CID-820661,Computer Science,Bachelor of Science,Artificial Intelligence,Fall 2023,2023,First-Time Freshman,4.0,122,2.86,2.81,Out-of-State,FALSE,14,1,0,3,73870,27920,Employed Full-Time,3.1,Junior ML Engineer,Machine Learning & AI,CareBridge Technology,Healthcare & Life Sciences,"Washington, DC Metro",76000,FALSE,Personal Network
CID-860608,Computer Science,Bachelor of Science,General,Fall 2023,2023,Transfer,3.3,121,2.82,2.88,In-State,FALSE,4,1,0,2,16530,6690,Employed Full-Time,3.8,Junior Data Analyst,Data & Analytics,Clearfield Assurance,Cybersecurity Services,"Philadelphia, PA",88750,FALSE,Career Fair
CID-177703,Computer Science,Bachelor of Science,Cybersecurity,Fall 2023,2023,First-Time Freshman,7.7,122,2.80,2.83,Out-of-State,FALSE,23,3,0,0,88580,59440,Employed Full-Time,0.4,Associate Software Engineer,Software Engineering,Lumen Grid Software,Software Products,"Baltimore, MD",92000,FALSE,Return Offer from Internship
CID-141749,Information Systems,Bachelor of Science,General,Spring 2018,2018,First-Time Freshman,4.3,121,2.95,3.00,In-State,FALSE,16,2,3,6,25430,13570,Employed Full-Time,0.1,Junior Developer,Software Engineering,Vantage Point Applications,Software Products,Northern Virginia,91500,FALSE,Return Offer from Internship
CID-581707,Computer Science,Bachelor of Science,General,Spring 2019,2019,First-Time Freshman,9.7,116,2.11,2.19,In-State,FALSE,24,0,0,5,44700,34730,Employed Full-Time,5.2,Security Analyst I,Cybersecurity,Tidewater Defense Group,Defense & Aerospace,"Washington, DC Metro",76500,FALSE,Personal Network
CID-343400,Computer Science,Bachelor of Science,Software Engineering,Spring 2024,2024,Transfer,4.3,120,3.38,3.34,In-State,FALSE,28,1,2,2,11630,5060,Employed Full-Time,4.1,Software Engineer I,Software Engineering,Stratus Cloud Works,Cloud & Infrastructure,"Seattle, WA",114000,FALSE,Alumni Network
CID-296879,Computer Science,Bachelor of Science,Software Engineering,Fall 2018,2018,First-Time Freshman,4.0,120,2.67,2.63,Out-of-State,FALSE,17,1,0,4,67150,17960,Employed Full-Time,0.8,Data Analyst,Data & Analytics,Tidewater Defense Group,Defense & Aerospace,"Washington, DC Metro",75500,FALSE,Online Application
CID-539832,Computer Science,Bachelor of Science,Data Science,Spring 2023,2023,First-Time Freshman,7.0,121,3.28,3.02,In-State,FALSE,31,2,3,1,47650,31220,No Response,Not Applicable,Not Applicable,Not Applicable,Not Applicable,Not Applicable,Not Applicable,Not Applicable,Not Applicable,Not Applicable
CID-198450,Information Systems,Bachelor of Science,Cybersecurity Management,Spring 2023,2023,Transfer,2.0,120,3.25,3.24,In-State,FALSE,15,1,2,1,15580,8830,Employed Full-Time,0.3,EHR Support Analyst,Health IT,Shoreline Retail Group,E-Commerce & Retail Tech,"Washington, DC Metro",86250,FALSE,Return Offer from Internship
CID-967697,Computer Science,Bachelor of Science,General,Spring 2023,2023,First-Time Freshman,4.0,123,2.85,2.83,Out-of-State,FALSE,8,1,0,5,61110,38100,Still Seeking,Not Applicable,Not Applicable,Not Applicable,Not Applicable,Not Applicable,Not Applicable,Not Applicable,Not Applicable,Not Applicable
CID-452993,Information Systems,Bachelor of Science,General,Spring 2025,2025,First-Time Freshman,3.7,121,2.92,3.10,In-State,FALSE,9,0,0,2,38900,22600,Still Seeking,Not Applicable,Not Applicable,Not Applicable,Not Applicable,Not Applicable,Not Applicable,Not Applicable,Not Applicable,Not Applicable
CID-893723,Computer Science,Bachelor of Science,General,Fall 2025,2025,Transfer,3.7,122,2.98,3.11,In-State,FALSE,8,3,2,4,23740,12690,Employed Full-Time,0.1,Junior ML Engineer,Machine Learning & AI,Harborline Networks,Cloud & Infrastructure,"Washington, DC Metro",111500,FALSE,Return Offer from Internship
CID-696089,Information Systems,Bachelor of Science,Cybersecurity Management,Fall 2022,2022,Transfer,2.0,121,3.05,3.00,In-State,FALSE,7,1,2,6,12840,7620,Employed Full-Time,0.0,Data Analyst,Data & Analytics,Arbor Peak Technologies,Software Products,"Washington, DC Metro",77750,FALSE,Online Application
CID-516878,Information Systems,Bachelor of Science,General,Spring 2020,2020,Transfer,3.0,120,3.24,3.41,In-State,FALSE,5,1,0,4,15650,15420,Employed Full-Time,0.0,Junior DevOps Engineer,Infrastructure & Cloud,National Data Services Agency,Federal Government,"Baltimore, MD",68750,FALSE,Return Offer from Internship
CID-468777,Information Systems,Bachelor of Science,General,Spring 2016,2016,Transfer,2.7,120,2.91,3.00,In-State,FALSE,2,1,0,4,9400,4570,Employed Full-Time,2.6,Cloud Support Engineer,Infrastructure & Cloud,Calvert Advisory Group,Consulting & Professional Services,Northern Virginia,66250,FALSE,Recruiter Outreach
CID-814136,Computer Science,Bachelor of Science,Data Science,Spring 2024,2024,First-Time Freshman,4.0,122,3.17,3.05,In-State,FALSE,2,1,0,0,31660,14140,No Response,Not Applicable,Not Applicable,Not Applicable,Not Applicable,Not Applicable,Not Applicable,Not Applicable,Not Applicable,Not Applicable
CID-830188,Computer Science,Bachelor of Science,Data Science,Spring 2019,2019,Transfer,1.3,120,2.60,2.61,In-State,FALSE,8,0,0,2,9810,5470,Employed Full-Time,3.6,Associate Software Engineer,Software Engineering,Keystone Federal Services,Federal Contracting,"Baltimore, MD",55250,FALSE,Personal Network
CID-140767,Computer Science,Master of Science,Software Engineering,Fall 2019,2019,First-Time Freshman,4.0,120,2.82,2.65,In-State,FALSE,12,2,0,3,21730,20030,Employed Full-Time,0.3,Systems Administrator,Infrastructure & Cloud,Continental Wireless,Telecommunications,"Seattle, WA",110500,FALSE,Return Offer from Internship
CID-688665,Computer Science,Bachelor of Science,General,Spring 2023,2023,First-Time Freshman,3.0,120,3.77,3.94,In-State,FALSE,5,1,2,4,31230,29180,Continuing Education,Not Applicable,Not Applicable,Not Applicable,Not Applicable,Not Applicable,Not Applicable,Not Applicable,Not Applicable,Not Applicable
CID-306068,Information Systems,Bachelor of Science,Software Development,Fall 2024,2024,First-Time Freshman,4.0,121,3.52,3.75,In-State,FALSE,21,1,0,1,53580,35260,Employed Full-Time,4.0,Security Analyst I,Cybersecurity,National Data Services Agency,Federal Government,"Washington, DC Metro",99250,FALSE,Online Application
CID-953721,Computer Science,Bachelor of Science,Data Science,Spring 2017,2017,Transfer,2.0,123,2.88,2.78,In-State,FALSE,3,0,2,3,11590,4580,Employed Full-Time,4.4,Software Engineer I,Software Engineering,Pinnacle Bridge Partners,Consulting & Professional Services,"Raleigh-Durham, NC",54750,FALSE,Alumni Network
CID-868989,Information Systems,Bachelor of Science,Business Analytics,Fall 2015,2015,First-Time Freshman,4.0,121,2.97,2.85,In-State,FALSE,10,1,1,3,32370,20010,No Response,Not Applicable,Not Applicable,Not Applicable,Not Applicable,Not Applicable,Not Applicable,Not Applicable,Not Applicable,Not Applicable
CID-417711,Computer Science,Bachelor of Science,General,Fall 2024,2024,First-Time Freshman,4.0,121,2.95,3.11,Out-of-State,FALSE,0,1,1,3,64240,17480,Continuing Education,Not Applicable,Not Applicable,Not Applicable,Not Applicable,Not Applicable,Not Applicable,Not Applicable,Not Applicable,Not Applicable
CID-224994,Computer Science,Bachelor of Science,General,Fall 2024,2024,First-Time Freshman,4.7,120,2.34,2.30,In-State,FALSE,10,2,0,3,43950,14320,Employed Full-Time,0.5,Junior ML Engineer,Machine Learning & AI,Blue Heron Technologies,Federal Contracting,"Baltimore, MD",71000,TRUE,Return Offer from Internship
CID-668973,Computer Science,Bachelor of Science,Software Engineering,Spring 2019,2019,First-Time Freshman,4.3,120,2.20,2.39,Out-of-State,FALSE,4,1,2,4,89720,38010,Employed Full-Time,1.6,Software Engineer I,Software Engineering,Shoreline Retail Group,E-Commerce & Retail Tech,Northern Virginia,68250,FALSE,Online Application
CID-157168,Computer Science,Bachelor of Science,Data Science,Fall 2024,2024,Transfer,2.0,120,3.29,3.44,In-State,FALSE,5,0,1,2,12330,0,Employed Full-Time,8.6,Associate Software Engineer,Software Engineering,Blue Heron Technologies,Federal Contracting,Remote - United States,76000,TRUE,Recruiter Outreach
CID-599221,Computer Science,Bachelor of Science,Data Science,Spring 2015,2015,Transfer,2.0,121,3.44,3.39,In-State,FALSE,2,0,0,2,8320,5580,Employed Full-Time,5.7,Cloud Support Engineer,Infrastructure & Cloud,Falconview Systems,Software Products,Northern Virginia,90000,FALSE,Online Application
CID-940758,Information Systems,Bachelor of Science,Business Analytics,Spring 2019,2019,First-Time Freshman,3.3,121,3.85,3.80,In-State,FALSE,5,1,3,1,28530,15380,Employed Full-Time,0.0,Junior Developer,Software Engineering,Piedmont Energy Partners,Energy & Utilities,"Baltimore, MD",70750,FALSE,Return Offer from Internship
CID-217959,Computer Science,Master of Science,Data Science,Fall 2022,2022,First-Time Freshman,5.0,121,2.18,2.21,In-State,TRUE,16,2,0,1,41380,5160,Employed Full-Time,0.0,Associate Software Engineer,Software Engineering,Antietam Systems Integration,Federal Contracting,Remote - United States,64500,TRUE,Alumni Network
CID-514282,Computer Science,Bachelor of Science,Software Engineering,Fall 2016,2016,First-Time Freshman,4.3,120,2.62,2.46,Out-of-State,FALSE,12,0,0,0,51310,5130,Employed Full-Time,3.2,Data Analyst,Data & Analytics,CareBridge Technology,Healthcare & Life Sciences,"Baltimore, MD",50000,FALSE,Online Application
CID-481593,Information Systems,Bachelor of Science,Health Information Technology,Spring 2020,2020,First-Time Freshman,4.0,121,3.37,3.35,In-State,FALSE,28,1,0,3,31450,20090,Employed Full-Time,3.0,Data Analyst,Data & Analytics,Northfield Biosciences,Healthcare & Life Sciences,"Columbia/Howard County, MD",71500,FALSE,Online Application
CID-481408,Computer Science,Bachelor of Science,General,Spring 2026,2026,First-Time Freshman,8.0,110,2.01,1.81,In-State,FALSE,22,0,0,0,52630,33750,Employed Part-Time,0.4,Junior Developer,Software Engineering,Quarry Road Software,Software Products,"Columbia/Howard County, MD",68000,FALSE,Career Fair
CID-860522,Computer Science,Bachelor of Science,General,Fall 2018,2018,First-Time Freshman,4.3,120,2.98,3.13,In-State,FALSE,2,2,0,1,32980,11010,Employed Full-Time,4.3,IT Support Specialist,IT Support & Operations,Harborline Networks,Cloud & Infrastructure,"Washington, DC Metro",58500,FALSE,Career Fair
CID-720162,Computer Science,Bachelor of Science,General,Fall 2024,2024,Transfer,2.7,120,3.54,3.60,In-State,FALSE,8,1,1,2,10460,6200,Employed Full-Time,0.2,Business Intelligence Analyst,Data & Analytics,Continental Wireless,Telecommunications,Northern Virginia,96500,TRUE,Return Offer from Internship
CID-821367,Information Systems,Bachelor of Science,Business Analytics,Spring 2024,2024,Transfer,3.0,122,3.22,3.33,In-State,FALSE,17,1,0,2,21010,13570,No Response,Not Applicable,Not Applicable,Not Applicable,Not Applicable,Not Applicable,Not Applicable,Not Applicable,Not Applicable,Not Applicable
CID-978811,Information Systems,Bachelor of Science,Health Information Technology,Spring 2018,2018,First-Time Freshman,3.7,121,3.47,3.40,In-State,FALSE,13,2,0,5,28040,26940,Continuing Education,Not Applicable,Not Applicable,Not Applicable,Not Applicable,Not Applicable,Not Applicable,Not Applicable,Not Applicable,Not Applicable
CID-198410,Computer Science,Bachelor of Science,Software Engineering,Fall 2016,2016,First-Time Freshman,4.0,122,2.84,2.71,In-State,FALSE,12,2,0,2,31150,9430,Employed Full-Time,0.1,Help Desk Technician,IT Support & Operations,National Data Services Agency,Federal Government,"Washington, DC Metro",73000,FALSE,Return Offer from Internship
CID-626441,Information Systems,Bachelor of Science,Business Analytics,Fall 2022,2022,First-Time Freshman,10.0,115,1.79,1.57,In-State,FALSE,24,1,0,4,38980,6280,Military,Not Applicable,Not Applicable,Not Applicable,Not Applicable,Not Applicable,Not Applicable,Not Applicable,Not Applicable,Not Applicable
CID-451966,Computer Science,Bachelor of Science,Data Science,Fall 2022,2022,First-Time Freshman,3.7,121,3.21,3.16,In-State,FALSE,13,2,2,2,30120,13650,Employed Full-Time,0.0,SOC Analyst,Cybersecurity,Antietam Systems Integration,Federal Contracting,"Columbia/Howard County, MD",110500,FALSE,Recruiter Outreach
CID-745888,Computer Science,Bachelor of Science,Cybersecurity,Spring 2015,2015,First-Time Freshman,3.7,120,3.09,2.94,In-State,FALSE,7,3,3,6,38090,22300,Employed Full-Time,0.2,Systems Administrator,Infrastructure & Cloud,Marketside Digital,E-Commerce & Retail Tech,Northern Virginia,116000,FALSE,Return Offer from Internship
CID-986526,Computer Science,Bachelor of Science,General,Fall 2023,2023,First-Time Freshman,4.0,120,3.08,3.00,In-State,FALSE,11,2,0,3,38390,32950,Employed Full-Time,0.6,EHR Support Analyst,Health IT,Northwind Platform Co.,Software Products,"Philadelphia, PA",106000,FALSE,Return Offer from Internship
CID-810639,Computer Science,Bachelor of Science,General,Spring 2021,2021,First-Time Freshman,4.7,122,2.68,2.84,Out-of-State,FALSE,13,1,1,1,59960,29390,Employed Full-Time,0.0,Associate Software Engineer,Software Engineering,Tidewater Defense Group,Defense & Aerospace,"Baltimore, MD",83500,FALSE,Return Offer from Internship
CID-608130,Computer Science,Bachelor of Science,Software Engineering,Spring 2025,2025,First-Time Freshman,4.7,123,2.90,2.92,In-State,FALSE,22,2,0,1,50490,23590,Employed Part-Time,0.7,Software Engineer I,Software Engineering,Blue Heron Technologies,Federal Contracting,"Washington, DC Metro",90000,FALSE,Personal Network
CID-620305,Computer Science,Bachelor of Science,Artificial Intelligence,Spring 2018,2018,First-Time Freshman,3.3,120,3.44,3.43,In-State,FALSE,7,1,0,2,26300,15450,Employed Full-Time,2.0,SOC Analyst,Cybersecurity,Continental Wireless,Telecommunications,"Baltimore, MD",96250,FALSE,Student Organization Connection
CID-368972,Computer Science,Bachelor of Science,Software Engineering,Spring 2021,2021,Transfer,3.0,122,2.80,2.81,In-State,FALSE,9,0,0,1,14760,1580,Employed Full-Time,3.2,Associate Software Engineer,Software Engineering,Keystone Federal Services,Federal Contracting,"Columbia/Howard County, MD",66250,TRUE,Faculty or Staff Referral
CID-680878,Information Systems,Bachelor of Science,Software Development,Fall 2025,2025,First-Time Freshman,4.0,121,3.20,3.15,Out-of-State,FALSE,12,3,0,0,66690,27710,Continuing Education,Not Applicable,Not Applicable,Not Applicable,Not Applicable,Not Applicable,Not Applicable,Not Applicable,Not Applicable,Not Applicable
CID-676302,Computer Science,Bachelor of Science,Artificial Intelligence,Spring 2018,2018,Transfer,5.0,121,2.65,2.68,In-State,FALSE,29,3,3,3,13950,13950,Employed Full-Time,0.1,SOC Analyst,Cybersecurity,Chesterfield Asset Management,Financial Services,"Columbia/Howard County, MD",92750,FALSE,Return Offer from Internship
CID-697681,Information Systems,Master of Science,Business Analytics,Spring 2018,2018,Transfer,1.3,122,3.47,3.50,In-State,FALSE,14,0,0,0,9010,1140,Still Seeking,Not Applicable,Not Applicable,Not Applicable,Not Applicable,Not Applicable,Not Applicable,Not Applicable,Not Applicable,Not Applicable
CID-311695,Computer Science,Bachelor of Science,General,Spring 2020,2020,Transfer,2.0,120,2.26,2.20,In-State,FALSE,12,0,0,1,9900,9730,Continuing Education,Not Applicable,Not Applicable,Not Applicable,Not Applicable,Not Applicable,Not Applicable,Not Applicable,Not Applicable,Not Applicable
CID-721255,Information Systems,Bachelor of Science,Business Analytics,Spring 2020,2020,First-Time Freshman,4.7,121,3.25,3.05,In-State,FALSE,18,3,1,4,43470,16970,Employed Full-Time,0.0,Security Analyst I,Cybersecurity,Chesterfield Asset Management,Financial Services,"Baltimore, MD",101000,FALSE,Student Organization Connection
CID-221849,Computer Science,Master of Science,Software Engineering,Spring 2025,2025,Transfer,1.7,121,2.62,2.71,In-State,FALSE,6,1,0,4,10010,2320,Employed Full-Time,3.8,SOC Analyst,Cybersecurity,Chesapeake Defense Systems,Defense & Aerospace,"Baltimore, MD",98500,FALSE,Recruiter Outreach
CID-536210,Information Systems,Bachelor of Science,Cybersecurity Management,Spring 2024,2024,Transfer,2.7,121,3.11,3.28,In-State,FALSE,5,1,0,3,20960,11560,Employed Full-Time,0.2,Junior Systems Analyst,IT Business & Product,Antietam Systems Integration,Federal Contracting,"Columbia/Howard County, MD",74750,FALSE,Return Offer from Internship
CID-339768,Computer Science,Bachelor of Science,General,Fall 2019,2019,First-Time Freshman,4.0,122,2.93,3.02,In-State,FALSE,7,1,0,0,31770,16160,No Response,Not Applicable,Not Applicable,Not Applicable,Not Applicable,Not Applicable,Not Applicable,Not Applicable,Not Applicable,Not Applicable
CID-106284,Information Systems,Bachelor of Science,Business Analytics,Fall 2015,2015,First-Time Freshman,6.0,120,3.49,3.52,In-State,FALSE,21,2,0,4,24340,14620,Employed Full-Time,0.3,Security Analyst I,Cybersecurity,Antietam Systems Integration,Federal Contracting,"Baltimore, MD",76500,FALSE,Return Offer from Internship
CID-276076,Computer Science,Bachelor of Science,Artificial Intelligence,Spring 2025,2025,Transfer,1.3,127,3.66,3.73,In-State,FALSE,11,1,0,4,9450,1600,Employed Full-Time,1.3,Junior Data Analyst,Data & Analytics,Blue Heron Technologies,Federal Contracting,"Washington, DC Metro",96500,FALSE,Online Application
CID-650541,Computer Science,Bachelor of Science,Software Engineering,Spring 2015,2015,First-Time Freshman,4.0,120,3.14,3.19,In-State,FALSE,8,2,1,3,31850,14760,Employed Full-Time,0.4,Junior Developer,Software Engineering,Wayfinder Technology Advisors,Consulting & Professional Services,Northern Virginia,75000,FALSE,Career Fair
CID-341361,Computer Science,Bachelor of Science,Data Science,Fall 2025,2025,First-Time Freshman,4.3,120,3.32,3.32,Out-of-State,FALSE,8,2,2,2,53800,35990,Still Seeking,Not Applicable,Not Applicable,Not Applicable,Not Applicable,Not Applicable,Not Applicable,Not Applicable,Not Applicable,Not Applicable
CID-672973,Computer Science,Bachelor of Science,Artificial Intelligence,Fall 2020,2020,First-Time Freshman,4.3,122,3.81,3.79,Out-of-State,FALSE,9,2,0,5,45220,14560,Continuing Education,Not Applicable,Not Applicable,Not Applicable,Not Applicable,Not Applicable,Not Applicable,Not Applicable,Not Applicable,Not Applicable
CID-921189,Information Systems,Bachelor of Science,Business Analytics,Spring 2026,2026,Transfer,2.0,121,3.95,3.94,In-State,FALSE,9,1,3,1,5880,3550,Employed Full-Time,2.8,Associate Software Engineer,Software Engineering,Patapsco Aerospace,Defense & Aerospace,Northern Virginia,92750,FALSE,Faculty or Staff Referral
CID-420816,Information Systems,Bachelor of Science,Health Information Technology,Spring 2020,2020,First-Time Freshman,6.3,121,3.05,3.15,In-State,FALSE,30,0,0,4,47510,23660,Still Seeking,Not Applicable,Not Applicable,Not Applicable,Not Applicable,Not Applicable,Not Applicable,Not Applicable,Not Applicable,Not Applicable
CID-809455,Computer Science,Bachelor of Science,Software Engineering,Fall 2018,2018,Transfer,2.0,121,3.49,3.40,Out-of-State,FALSE,12,0,0,6,13370,6080,No Response,Not Applicable,Not Applicable,Not Applicable,Not Applicable,Not Applicable,Not Applicable,Not Applicable,Not Applicable,Not Applicable
CID-391107,Information Systems,Bachelor of Science,Cybersecurity Management,Spring 2024,2024,First-Time Freshman,4.0,121,3.11,3.00,In-State,FALSE,5,0,0,6,32290,13920,No Response,Not Applicable,Not Applicable,Not Applicable,Not Applicable,Not Applicable,Not Applicable,Not Applicable,Not Applicable,Not Applicable
CID-414664,Computer Science,Bachelor of Science,Software Engineering,Spring 2020,2020,First-Time Freshman,4.7,122,2.25,2.25,Out-of-State,FALSE,22,1,0,3,100330,75500,Employed Full-Time,0.1,Junior Developer,Software Engineering,Keystone Federal Services,Federal Contracting,"Washington, DC Metro",66250,FALSE,Return Offer from Internship
CID-806394,Computer Science,Master of Science,Cybersecurity,Fall 2018,2018,Transfer,2.7,120,2.36,2.58,In-State,TRUE,13,2,2,4,13150,8780,No Response,Not Applicable,Not Applicable,Not Applicable,Not Applicable,Not Applicable,Not Applicable,Not Applicable,Not Applicable,Not Applicable
CID-220193,Computer Science,Bachelor of Science,Data Science,Spring 2022,2022,First-Time Freshman,4.0,123,2.85,3.04,In-State,FALSE,19,2,0,5,38380,35480,Employed Full-Time,0.0,Junior Data Analyst,Data & Analytics,Harbor Mutual Insurance,Insurance,"New York, NY",89750,FALSE,Online Application
CID-888281,Information Systems,Bachelor of Science,Business Analytics,Spring 2024,2024,First-Time Freshman,5.7,121,2.04,2.00,Out-of-State,FALSE,23,1,0,3,75010,46200,Employed Full-Time,3.5,EHR Support Analyst,Health IT,National Data Services Agency,Federal Government,Remote - United States,60250,TRUE,Recruiter Outreach
CID-983566,Information Systems,Bachelor of Science,Cybersecurity Management,Fall 2022,2022,First-Time Freshman,4.3,121,3.40,3.45,In-State,FALSE,11,1,0,2,21070,10870,Employed Full-Time,1.1,Systems Administrator,Infrastructure & Cloud,Chesapeake Defense Systems,Defense & Aerospace,"Washington, DC Metro",96500,FALSE,Online Application
CID-182652,Computer Science,Bachelor of Science,Data Science,Fall 2021,2021,First-Time Freshman,4.3,122,2.61,2.67,In-State,FALSE,11,1,2,0,43460,42500,Employed Full-Time,1.8,Security Analyst I,Cybersecurity,Monument Bank Technology,Financial Services,Northern Virginia,110500,TRUE,Recruiter Outreach
CID-539777,Computer Science,Bachelor of Science,Cybersecurity,Spring 2025,2025,First-Time Freshman,4.3,122,2.94,2.75,In-State,FALSE,3,0,0,2,39960,34200,Employed Full-Time,2.8,Cloud Support Engineer,Infrastructure & Cloud,Tidal Power Cooperative,Energy & Utilities,"Washington, DC Metro",81000,FALSE,Online Application
CID-867061,Computer Science,Bachelor of Science,Data Science,Fall 2018,2018,First-Time Freshman,4.7,122,2.73,2.86,Out-of-State,FALSE,12,2,1,1,83560,52970,Employed Full-Time,0.0,SOC Analyst,Cybersecurity,Clarion Clinical Data,Healthcare & Life Sciences,"Columbia/Howard County, MD",90500,FALSE,Student Organization Connection
CID-131074,Computer Science,Bachelor of Science,Software Engineering,Spring 2017,2017,Transfer,2.3,120,3.14,2.84,In-State,FALSE,15,1,0,1,11820,9260,Employed Full-Time,0.0,Security Analyst I,Cybersecurity,Beacon Telecom Services,Telecommunications,"Baltimore, MD",80000,FALSE,Return Offer from Internship
CID-284247,Computer Science,Bachelor of Science,General,Spring 2016,2016,First-Time Freshman,7.3,120,2.88,2.94,In-State,FALSE,13,3,0,1,42660,21850,Military,Not Applicable,Not Applicable,Not Applicable,Not Applicable,Not Applicable,Not Applicable,Not Applicable,Not Applicable,Not Applicable
CID-805573,Information Systems,Bachelor of Science,Health Information Technology,Fall 2018,2018,First-Time Freshman,3.7,121,3.95,3.90,In-State,FALSE,0,1,0,4,27060,7630,Employed Full-Time,0.3,Junior Data Analyst,Data & Analytics,Vantage Point Applications,Software Products,"Columbia/Howard County, MD",87500,FALSE,Return Offer from Internship
CID-968071,Computer Science,Bachelor of Science,Data Science,Fall 2024,2024,First-Time Freshman,4.7,121,2.57,2.49,In-State,FALSE,20,1,0,2,53980,0,No Response,Not Applicable,Not Applicable,Not Applicable,Not Applicable,Not Applicable,Not Applicable,Not Applicable,Not Applicable,Not Applicable
CID-854701,Information Systems,Bachelor of Science,General,Spring 2020,2020,First-Time Freshman,3.7,121,3.53,3.40,In-State,FALSE,8,2,0,4,29650,29650,Employed Full-Time,0.0,IT Analyst,IT Business & Product,Northwind Platform Co.,Software Products,"Baltimore, MD",90000,FALSE,Personal Network
CID-623636,Computer Science,Bachelor of Science,Software Engineering,Fall 2025,2025,First-Time Freshman,4.7,122,2.80,2.77,Out-of-State,FALSE,5,0,0,0,77690,53040,Continuing Education,Not Applicable,Not Applicable,Not Applicable,Not Applicable,Not Applicable,Not Applicable,Not Applicable,Not Applicable,Not Applicable
CID-898172,Computer Science,Bachelor of Science,Data Science,Spring 2022,2022,Transfer,2.7,123,3.45,3.55,In-State,FALSE,13,2,2,4,12470,5420,Employed Full-Time,0.6,EHR Support Analyst,Health IT,Chesapeake Defense Systems,Defense & Aerospace,"Baltimore, MD",89750,TRUE,Return Offer from Internship
CID-927651,Computer Science,Bachelor of Science,General,Spring 2021,2021,First-Time Freshman,5.0,123,2.40,2.30,In-State,FALSE,0,1,0,2,46710,45110,Employed Full-Time,0.0,AI Research Assistant,Machine Learning & AI,Tidal Power Cooperative,Energy & Utilities,"Washington, DC Metro",77000,FALSE,Career Fair
CID-912746,Information Systems,Bachelor of Science,Business Analytics,Spring 2026,2026,Transfer,2.7,119,3.53,3.35,In-State,FALSE,19,1,0,4,14540,2220,Employed Full-Time,0.0,Junior Systems Analyst,IT Business & Product,Patapsco Aerospace,Defense & Aerospace,"Baltimore, MD",81750,TRUE,Career Fair
CID-690632,Information Systems,Bachelor of Science,General,Fall 2018,2018,Transfer,3.7,122,3.10,3.22,In-State,FALSE,10,2,0,3,13750,8160,Employed Full-Time,0.4,Junior Systems Analyst,IT Business & Product,Parcel & Post Technologies,Logistics & Transportation,"Baltimore, MD",67500,FALSE,Return Offer from Internship
CID-374077,Computer Science,Bachelor of Science,General,Spring 2025,2025,First-Time Freshman,4.3,122,2.92,3.10,Out-of-State,FALSE,13,1,1,2,88130,39600,Employed Full-Time,0.5,Business Analyst,IT Business & Product,Arbor Peak Technologies,Software Products,"Baltimore, MD",102000,FALSE,Return Offer from Internship
CID-857783,Information Systems,Bachelor of Science,Business Analytics,Spring 2015,2015,First-Time Freshman,4.3,121,3.40,3.45,In-State,FALSE,24,1,1,2,26610,13700,Employed Full-Time,0.4,IT Analyst,IT Business & Product,Shoreline Retail Group,E-Commerce & Retail Tech,"Baltimore, MD",79000,FALSE,Return Offer from Internship
CID-691480,Computer Science,Bachelor of Science,General,Spring 2019,2019,First-Time Freshman,4.0,120,3.20,3.15,In-State,FALSE,11,2,0,1,23750,12090,Employed Full-Time,0.0,Associate Software Engineer,Software Engineering,Marketside Digital,E-Commerce & Retail Tech,"Baltimore, MD",68750,FALSE,Online Application
CID-398583,Information Systems,Bachelor of Science,Health Information Technology,Spring 2020,2020,First-Time Freshman,4.3,121,3.88,3.85,In-State,FALSE,10,0,0,1,27930,3750,Continuing Education,Not Applicable,Not Applicable,Not Applicable,Not Applicable,Not Applicable,Not Applicable,Not Applicable,Not Applicable,Not Applicable
CID-178673,Information Systems,Bachelor of Science,General,Spring 2015,2015,First-Time Freshman,6.0,121,3.51,3.65,In-State,FALSE,15,3,2,6,28300,8880,Employed Full-Time,0.1,Health Data Analyst,Health IT,Brightline Software Group,Software Products,"Washington, DC Metro",75250,FALSE,Return Offer from Internship
CID-251715,Information Systems,Bachelor of Science,Business Analytics,Spring 2023,2023,First-Time Freshman,4.0,121,3.41,3.35,In-State,FALSE,1,1,0,3,59120,39430,Employed Part-Time,0.0,Junior Systems Analyst,IT Business & Product,Stratus Cloud Works,Cloud & Infrastructure,Remote - United States,92500,TRUE,Online Application
CID-787647,Computer Science,Bachelor of Science,General,Spring 2020,2020,First-Time Freshman,5.0,122,2.69,2.60,In-State,FALSE,13,0,0,0,37090,22120,Still Seeking,Not Applicable,Not Applicable,Not Applicable,Not Applicable,Not Applicable,Not Applicable,Not Applicable,Not Applicable,Not Applicable
CID-884824,Computer Science,Bachelor of Science,Data Science,Fall 2019,2019,First-Time Freshman,6.0,120,3.34,3.17,In-State,FALSE,18,3,3,2,33930,24900,Employed Full-Time,0.2,Associate Software Engineer,Software Engineering,Allied Shield Insurance Group,Insurance,"New York, NY",103500,FALSE,Return Offer from Internship
CID-335136,Information Systems,Bachelor of Science,Business Analytics,Fall 2020,2020,First-Time Freshman,5.0,121,3.07,3.20,In-State,FALSE,12,1,0,3,31040,19850,Employed Full-Time,3.8,Junior Data Analyst,Data & Analytics,Clarion Clinical Data,Healthcare & Life Sciences,Northern Virginia,71000,FALSE,Online Application
CID-373901,Computer Science,Bachelor of Science,General,Fall 2020,2020,First-Time Freshman,4.3,122,3.42,3.37,Out-of-State,FALSE,3,2,0,3,79070,60600,No Response,Not Applicable,Not Applicable,Not Applicable,Not Applicable,Not Applicable,Not Applicable,Not Applicable,Not Applicable,Not Applicable
CID-341779,Information Systems,Bachelor of Science,Health Information Technology,Spring 2026,2026,Transfer,3.0,118,2.40,2.35,In-State,FALSE,13,1,3,1,22620,21210,No Response,Not Applicable,Not Applicable,Not Applicable,Not Applicable,Not Applicable,Not Applicable,Not Applicable,Not Applicable,Not Applicable
CID-734794,Information Systems,Bachelor of Science,Business Analytics,Spring 2026,2026,First-Time Freshman,7.3,99,2.54,2.50,In-State,FALSE,34,0,0,1,47370,17450,Employed Full-Time,3.5,Business Analyst,IT Business & Product,Blue Heron Technologies,Federal Contracting,Remote - United States,77500,TRUE,Online Application
CID-481129,Computer Science,Bachelor of Science,General,Fall 2019,2019,Transfer,3.3,122,2.49,2.44,In-State,FALSE,11,0,0,2,13720,7100,Employed Full-Time,3.5,Junior Developer,Software Engineering,Chesapeake Defense Systems,Defense & Aerospace,"Baltimore, MD",53500,FALSE,Student Organization Connection
CID-674653,Information Systems,Bachelor of Science,Cybersecurity Management,Fall 2019,2019,First-Time Freshman,4.0,121,3.03,2.76,In-State,FALSE,21,2,0,1,29510,18530,Employed Full-Time,1.4,Junior Data Analyst,Data & Analytics,Northwind Platform Co.,Software Products,"Baltimore, MD",80250,FALSE,Career Fair
CID-144909,Computer Science,Bachelor of Science,General,Fall 2025,2025,Transfer,2.0,121,2.42,2.37,In-State,FALSE,12,1,0,3,10630,7260,Employed Full-Time,2.1,Software Engineer I,Software Engineering,Shoreline Retail Group,E-Commerce & Retail Tech,"Washington, DC Metro",66250,FALSE,Online Application
CID-837403,Computer Science,Bachelor of Science,Cybersecurity,Fall 2022,2022,First-Time Freshman,5.0,122,2.55,2.37,In-State,FALSE,7,2,0,7,52840,11830,Employed Full-Time,0.0,Software Engineer I,Software Engineering,Office of Technology Policy,Federal Government,"Washington, DC Metro",78250,FALSE,Return Offer from Internship
CID-153293,Computer Science,Bachelor of Science,Artificial Intelligence,Spring 2017,2017,Transfer,3.0,122,2.99,3.00,In-State,FALSE,9,0,0,3,13760,5720,Employed Full-Time,3.1,Help Desk Technician,IT Support & Operations,Continental Wireless,Telecommunications,"Baltimore, MD",43750,FALSE,Personal Network
CID-164070,Computer Science,Bachelor of Science,Data Science,Fall 2018,2018,First-Time Freshman,3.0,121,3.83,3.80,In-State,FALSE,0,2,2,4,32020,25300,Employed Full-Time,0.2,AI Research Assistant,Machine Learning & AI,Antietam Systems Integration,Federal Contracting,"Baltimore, MD",97750,FALSE,Return Offer from Internship
CID-287667,Computer Science,Bachelor of Science,General,Fall 2017,2017,First-Time Freshman,4.0,120,2.76,2.76,Out-of-State,FALSE,13,1,0,2,62090,30320,Employed Full-Time,1.5,Cloud Support Engineer,Infrastructure & Cloud,Clarion Clinical Data,Healthcare & Life Sciences,"Philadelphia, PA",84500,FALSE,Personal Network
CID-387040,Information Systems,Bachelor of Science,Business Analytics,Spring 2018,2018,First-Time Freshman,4.3,121,3.17,3.30,In-State,FALSE,18,0,1,0,18980,11900,Continuing Education,Not Applicable,Not Applicable,Not Applicable,Not Applicable,Not Applicable,Not Applicable,Not Applicable,Not Applicable,Not Applicable
CID-493108,Computer Science,Bachelor of Science,Software Engineering,Spring 2018,2018,First-Time Freshman,9.3,116,2.49,2.70,In-State,FALSE,31,1,0,1,45020,18860,Employed Full-Time,3.2,Data Analyst,Data & Analytics,Patapsco Aerospace,Defense & Aerospace,Northern Virginia,78750,FALSE,Online Application
CID-864758,Information Systems,Bachelor of Science,Software Development,Spring 2017,2017,First-Time Freshman,4.0,121,3.48,3.60,In-State,FALSE,15,2,2,3,30610,0,Continuing Education,Not Applicable,Not Applicable,Not Applicable,Not Applicable,Not Applicable,Not Applicable,Not Applicable,Not Applicable,Not Applicable
CID-847928,Information Systems,Bachelor of Science,Business Analytics,Spring 2026,2026,Transfer,3.7,121,3.47,3.58,In-State,FALSE,0,1,0,0,26640,19070,Employed Full-Time,3.8,Junior Security Engineer,Cybersecurity,Tessellate Labs,Software Products,"Baltimore, MD",94250,TRUE,Recruiter Outreach
CID-649225,Computer Science,Bachelor of Science,Cybersecurity,Spring 2026,2026,First-Time Freshman,6.0,115,3.77,3.71,In-State,FALSE,20,2,0,2,31790,16340,Employed Full-Time,0.2,Junior Developer,Software Engineering,Continental Wireless,Telecommunications,"Washington, DC Metro",103500,FALSE,Return Offer from Internship
CID-360178,Computer Science,Bachelor of Science,Software Engineering,Fall 2018,2018,Transfer,1.7,120,3.77,3.91,In-State,FALSE,11,0,0,0,6380,3410,Continuing Education,Not Applicable,Not Applicable,Not Applicable,Not Applicable,Not Applicable,Not Applicable,Not Applicable,Not Applicable,Not Applicable
CID-824644,Computer Science,Bachelor of Science,Cybersecurity,Fall 2021,2021,First-Time Freshman,3.7,120,2.67,2.87,In-State,FALSE,7,1,0,2,32660,15850,Employed Full-Time,0.7,Junior ML Engineer,Machine Learning & AI,Anvil Compute,Cloud & Infrastructure,"Columbia/Howard County, MD",78250,FALSE,Online Application
CID-178887,Computer Science,Bachelor of Science,General,Fall 2024,2024,Transfer,3.0,120,2.98,2.98,In-State,FALSE,10,1,0,5,19700,11490,Employed Full-Time,1.6,Junior ML Engineer,Machine Learning & AI,Falconview Systems,Software Products,"Baltimore, MD",83000,TRUE,Career Fair
CID-545071,Computer Science,Bachelor of Science,General,Fall 2025,2025,Transfer,2.0,121,3.53,3.68,Out-of-State,FALSE,3,0,1,0,26530,10380,Employed Full-Time,4.4,Cloud Support Engineer,Infrastructure & Cloud,Brightline Software Group,Software Products,"Baltimore, MD",82000,FALSE,Recruiter Outreach
CID-810721,Computer Science,Bachelor of Science,Data Science,Spring 2018,2018,First-Time Freshman,4.0,122,3.23,3.56,In-State,FALSE,9,2,0,0,32780,19990,Continuing Education,Not Applicable,Not Applicable,Not Applicable,Not Applicable,Not Applicable,Not Applicable,Not Applicable,Not Applicable,Not Applicable
CID-773671,Computer Science,Bachelor of Science,Software Engineering,Fall 2019,2019,Transfer,6.0,122,2.34,2.28,In-State,FALSE,20,1,0,2,21180,9490,Employed Full-Time,2.0,Associate Software Engineer,Software Engineering,Open Harbor Foundation,Nonprofit & Civic Tech,"Baltimore, MD",44000,FALSE,Student Organization Connection
CID-457843,Information Systems,Bachelor of Science,Software Development,Spring 2019,2019,Transfer,4.7,120,3.42,3.35,In-State,FALSE,20,2,0,1,9090,910,Employed Full-Time,0.0,Junior Security Engineer,Cybersecurity,Maryland Department of IT,Federal Government,"Washington, DC Metro",77500,FALSE,Online Application
CID-119395,Computer Science,Bachelor of Science,Artificial Intelligence,Spring 2019,2019,Transfer,3.0,122,2.96,2.93,In-State,FALSE,13,0,0,4,11820,10250,Employed Full-Time,2.8,Associate Software Engineer,Software Engineering,Maryland Department of IT,Federal Government,"Baltimore, MD",49750,FALSE,Recruiter Outreach
CID-257046,Information Systems,Master of Science,Cybersecurity Management,Spring 2024,2024,Transfer,2.3,121,3.06,3.17,In-State,TRUE,16,0,0,1,14030,7980,Employed Part-Time,4.3,Business Intelligence Analyst,Data & Analytics,Chesapeake Defense Systems,Defense & Aerospace,"Baltimore, MD",72250,FALSE,Career Fair
CID-273384,Computer Science,Bachelor of Science,Artificial Intelligence,Spring 2023,2023,First-Time Freshman,4.0,123,3.23,3.26,Out-of-State,FALSE,15,2,0,7,82740,76010,Employed Full-Time,0.5,Software Engineer I,Software Engineering,Blue Heron Technologies,Federal Contracting,Northern Virginia,104000,FALSE,Return Offer from Internship
CID-143742,Information Systems,Bachelor of Science,Cybersecurity Management,Spring 2022,2022,First-Time Freshman,4.0,121,2.95,2.75,In-State,FALSE,6,2,0,1,46850,46080,Still Seeking,Not Applicable,Not Applicable,Not Applicable,Not Applicable,Not Applicable,Not Applicable,Not Applicable,Not Applicable,Not Applicable
CID-156886,Computer Science,Bachelor of Science,Cybersecurity,Fall 2023,2023,Transfer,2.7,120,3.42,3.62,In-State,FALSE,0,0,0,6,11980,5620,No Response,Not Applicable,Not Applicable,Not Applicable,Not Applicable,Not Applicable,Not Applicable,Not Applicable,Not Applicable,Not Applicable
CID-125251,Computer Science,Bachelor of Science,General,Fall 2017,2017,Transfer,1.7,127,3.91,3.86,In-State,FALSE,8,1,0,3,7770,4570,Continuing Education,Not Applicable,Not Applicable,Not Applicable,Not Applicable,Not Applicable,Not Applicable,Not Applicable,Not Applicable,Not Applicable
CID-149462,Computer Science,Bachelor of Science,Software Engineering,Spring 2018,2018,First-Time Freshman,4.0,120,2.82,3.04,Out-of-State,FALSE,11,2,3,2,64350,51020,Employed Full-Time,0.0,Junior Security Engineer,Cybersecurity,Lumen Grid Software,Software Products,"Baltimore, MD",100500,FALSE,Career Fair
CID-357611,Computer Science,Bachelor of Science,Software Engineering,Spring 2017,2017,First-Time Freshman,4.3,122,2.82,2.58,In-State,FALSE,22,0,1,0,28260,7570,Employed Full-Time,5.3,Junior Developer,Software Engineering,Meridian National Systems,Federal Contracting,"Baltimore, MD",63250,FALSE,Personal Network
CID-808520,Computer Science,Bachelor of Science,Software Engineering,Fall 2015,2015,Transfer,3.0,120,3.15,3.22,In-State,FALSE,25,1,1,5,4510,1900,Continuing Education,Not Applicable,Not Applicable,Not Applicable,Not Applicable,Not Applicable,Not Applicable,Not Applicable,Not Applicable,Not Applicable
CID-481890,Computer Science,Bachelor of Science,Software Engineering,Fall 2024,2024,Transfer,3.7,122,2.78,2.63,In-State,FALSE,14,0,0,3,17200,12240,Employed Full-Time,5.4,Junior Data Analyst,Data & Analytics,CareBridge Technology,Healthcare & Life Sciences,"Columbia/Howard County, MD",68750,FALSE,Personal Network
CID-163741,Information Systems,Bachelor of Science,General,Spring 2026,2026,First-Time Freshman,3.7,118,2.69,2.63,In-State,FALSE,17,0,0,4,47390,39820,No Response,Not Applicable,Not Applicable,Not Applicable,Not Applicable,Not Applicable,Not Applicable,Not Applicable,Not Applicable,Not Applicable
CID-401398,Information Systems,Bachelor of Science,Business Analytics,Fall 2019,2019,Transfer,4.0,122,2.32,2.33,In-State,FALSE,19,0,0,1,13470,5010,Employed Full-Time,3.6,Junior Data Analyst,Data & Analytics,National Data Services Agency,Federal Government,Northern Virginia,52000,FALSE,Personal Network
CID-635417,Information Systems,Bachelor of Science,Health Information Technology,Spring 2026,2026,First-Time Freshman,4.0,121,2.84,2.65,Out-of-State,FALSE,9,1,0,3,88700,38210,Employed Full-Time,0.3,Clinical Systems Analyst,Health IT,Potomac Mission Solutions,Federal Contracting,"Baltimore, MD",84000,FALSE,Career Fair
CID-268798,Computer Science,Bachelor of Science,Software Engineering,Fall 2022,2022,First-Time Freshman,4.7,122,2.69,2.84,In-State,FALSE,19,2,1,7,44110,23100,Employed Full-Time,0.6,Junior Developer,Software Engineering,Calvert Advisory Group,Consulting & Professional Services,"Baltimore, MD",82250,FALSE,Return Offer from Internship
CID-211824,Computer Science,Bachelor of Science,Software Engineering,Spring 2023,2023,First-Time Freshman,4.3,123,2.88,3.05,In-State,FALSE,14,2,0,1,23610,10640,Employed Full-Time,0.0,Business Intelligence Analyst,Data & Analytics,Federal Health Data Office,Federal Government,"Baltimore, MD",88500,FALSE,Return Offer from Internship
CID-769160,Computer Science,Bachelor of Science,General,Spring 2023,2023,Transfer,3.0,122,3.48,3.37,In-State,FALSE,4,1,1,1,14300,9820,Employed Full-Time,0.0,Business Analyst,IT Business & Product,Cartway Commerce,E-Commerce & Retail Tech,"Washington, DC Metro",106500,FALSE,Return Offer from Internship
CID-795222,Information Systems,Bachelor of Science,Health Information Technology,Fall 2022,2022,Transfer,3.7,120,2.99,3.11,In-State,FALSE,4,1,0,0,19890,1900,Employed Full-Time,0.2,Junior ML Engineer,Machine Learning & AI,Quarry Road Software,Software Products,"Baltimore, MD",68000,FALSE,Return Offer from Internship
CID-463104,Information Systems,Bachelor of Science,Business Analytics,Spring 2024,2024,First-Time Freshman,4.3,121,2.85,2.85,In-State,FALSE,9,3,0,2,29990,9090,Employed Full-Time,0.0,Junior Security Engineer,Cybersecurity,Chesapeake Defense Systems,Defense & Aerospace,"Baltimore, MD",92750,FALSE,Return Offer from Internship
CID-455633,Information Systems,Bachelor of Science,General,Fall 2022,2022,First-Time Freshman,3.7,121,3.58,3.45,In-State,FALSE,9,1,0,1,26030,18350,Continuing Education,Not Applicable,Not Applicable,Not Applicable,Not Applicable,Not Applicable,Not Applicable,Not Applicable,Not Applicable,Not Applicable
CID-422314,Computer Science,Bachelor of Science,Cybersecurity,Fall 2020,2020,First-Time Freshman,4.0,122,3.37,3.24,In-State,FALSE,21,0,0,1,23550,23550,Employed Part-Time,6.9,Security Analyst I,Cybersecurity,Keystone Federal Services,Federal Contracting,"Washington, DC Metro",83500,FALSE,Career Fair
CID-409670,Computer Science,Bachelor of Science,Data Science,Spring 2021,2021,First-Time Freshman,3.7,123,3.25,3.03,In-State,FALSE,5,2,0,2,40040,17200,Still Seeking,Not Applicable,Not Applicable,Not Applicable,Not Applicable,Not Applicable,Not Applicable,Not Applicable,Not Applicable,Not Applicable
CID-584720,Computer Science,Bachelor of Science,General,Summer 2016,2016,Transfer,3.3,122,1.99,2.06,In-State,FALSE,10,0,1,3,13240,7190,Employed Full-Time,5.0,Systems Administrator,Infrastructure & Cloud,Chesapeake Community College,Higher Education,"Baltimore, MD",37000,FALSE,Career Fair
CID-249101,Computer Science,Bachelor of Science,General,Fall 2021,2021,Transfer,7.0,122,2.77,2.62,In-State,FALSE,24,1,0,0,21880,13510,Employed Full-Time,1.8,Junior DevOps Engineer,Infrastructure & Cloud,National Data Services Agency,Federal Government,"Baltimore, MD",68250,FALSE,Online Application
CID-578426,Computer Science,Master of Science,Data Science,Summer 2018,2018,First-Time Freshman,3.7,122,3.65,3.56,Out-of-State,TRUE,14,2,3,4,43360,24010,Continuing Education,Not Applicable,Not Applicable,Not Applicable,Not Applicable,Not Applicable,Not Applicable,Not Applicable,Not Applicable,Not Applicable
CID-219727,Information Systems,Bachelor of Science,Software Development,Spring 2025,2025,First-Time Freshman,4.7,121,3.31,3.20,In-State,FALSE,18,1,0,5,51110,17490,Employed Full-Time,2.3,IT Analyst,IT Business & Product,National Data Services Agency,Federal Government,Northern Virginia,72500,FALSE,Personal Network
CID-858668,Computer Science,Bachelor of Science,Artificial Intelligence,Spring 2020,2020,First-Time Freshman,3.7,120,3.37,3.21,In-State,FALSE,12,2,0,2,46440,15490,Employed Full-Time,4.5,Software Engineer I,Software Engineering,Northwind Platform Co.,Software Products,"Washington, DC Metro",103500,FALSE,Alumni Network
CID-724394,Computer Science,Bachelor of Science,General,Fall 2020,2020,First-Time Freshman,8.0,122,2.46,2.43,In-State,FALSE,15,1,1,3,46440,4690,Employed Full-Time,5.3,Junior Data Analyst,Data & Analytics,Falconview Systems,Software Products,Remote - United States,70750,TRUE,Student Organization Connection
CID-718631,Computer Science,Bachelor of Science,Software Engineering,Fall 2020,2020,First-Time Freshman,4.3,122,2.86,2.87,In-State,FALSE,12,1,2,2,33570,25510,Employed Full-Time,2.3,Software Engineer I,Software Engineering,Antietam Systems Integration,Federal Contracting,"Baltimore, MD",80750,FALSE,Career Fair
CID-931560,Computer Science,Bachelor of Science,General,Spring 2022,2022,First-Time Freshman,3.3,121,3.60,3.68,In-State,FALSE,8,0,0,3,38830,34360,Employed Full-Time,2.6,Junior Developer,Software Engineering,Tidewater Defense Group,Defense & Aerospace,"Washington, DC Metro",97500,FALSE,Recruiter Outreach
CID-647782,Computer Science,Bachelor of Science,Artificial Intelligence,Fall 2024,2024,Transfer,2.7,121,2.84,2.80,In-State,FALSE,21,1,0,3,17000,14250,Employed Full-Time,4.1,Business Intelligence Analyst,Data & Analytics,Arbor Peak Technologies,Software Products,Remote - United States,73750,TRUE,Recruiter Outreach
CID-351018,Information Systems,Bachelor of Science,Business Analytics,Spring 2019,2019,First-Time Freshman,4.3,121,2.97,3.10,In-State,FALSE,7,2,0,3,33400,30190,Employed Full-Time,0.0,Health Data Analyst,Health IT,Severn River Consulting,Federal Contracting,"Washington, DC Metro",64750,FALSE,Recruiter Outreach
CID-644385,Information Systems,Bachelor of Science,Business Analytics,Spring 2024,2024,Transfer,3.0,120,2.35,2.35,Out-of-State,FALSE,8,0,0,0,26610,15310,Employed Full-Time,4.8,Junior Security Engineer,Cybersecurity,National Data Services Agency,Federal Government,"Washington, DC Metro",76750,FALSE,Recruiter Outreach
CID-999916,Computer Science,Bachelor of Science,Data Science,Fall 2020,2020,First-Time Freshman,6.7,120,3.15,3.17,In-State,FALSE,22,1,3,3,52410,39980,Employed Full-Time,3.9,AI Research Assistant,Machine Learning & AI,Federal Health Data Office,Federal Government,"Baltimore, MD",68000,FALSE,Online Application
CID-158034,Information Systems,Bachelor of Science,Cybersecurity Management,Spring 2025,2025,Transfer,2.3,122,3.14,3.22,In-State,FALSE,12,1,0,1,13270,6180,Still Seeking,Not Applicable,Not Applicable,Not Applicable,Not Applicable,Not Applicable,Not Applicable,Not Applicable,Not Applicable,Not Applicable
CID-179564,Computer Science,Bachelor of Science,Data Science,Fall 2025,2025,First-Time Freshman,6.7,122,3.32,3.35,In-State,FALSE,24,2,2,3,46080,43360,Employed Full-Time,0.0,Systems Administrator,Infrastructure & Cloud,Meridian National Systems,Federal Contracting,"Baltimore, MD",100500,TRUE,Personal Network
CID-933534,Information Systems,Bachelor of Science,General,Spring 2026,2026,First-Time Freshman,4.3,121,3.12,3.25,In-State,FALSE,22,2,0,1,52160,24020,Employed Full-Time,0.6,Junior Data Analyst,Data & Analytics,Potomac Mission Solutions,Federal Contracting,"Washington, DC Metro",95250,TRUE,Return Offer from Internship
CID-578836,Computer Science,Bachelor of Science,General,Spring 2019,2019,Transfer,1.3,120,3.52,3.61,In-State,FALSE,13,1,2,2,9580,5060,Employed Full-Time,0.0,Associate Software Engineer,Software Engineering,Tidewater Defense Group,Defense & Aerospace,Northern Virginia,85000,FALSE,Online Application
CID-584693,Computer Science,Bachelor of Science,Artificial Intelligence,Spring 2019,2019,First-Time Freshman,4.0,122,3.44,3.49,In-State,FALSE,4,0,0,2,35930,8210,Continuing Education,Not Applicable,Not Applicable,Not Applicable,Not Applicable,Not Applicable,Not Applicable,Not Applicable,Not Applicable,Not Applicable
CID-879054,Computer Science,Bachelor of Science,Software Engineering,Fall 2017,2017,Transfer,3.0,122,3.34,3.45,In-State,FALSE,4,0,0,1,16390,1980,No Response,Not Applicable,Not Applicable,Not Applicable,Not Applicable,Not Applicable,Not Applicable,Not Applicable,Not Applicable,Not Applicable
CID-565157,Information Systems,Bachelor of Science,Cybersecurity Management,Spring 2022,2022,First-Time Freshman,4.0,121,2.87,2.70,In-State,FALSE,12,0,0,7,31500,19820,Employed Full-Time,3.9,Health Data Analyst,Health IT,Bayview Medical Informatics,Healthcare & Life Sciences,Remote - United States,59000,TRUE,Student Organization Connection
CID-581618,Computer Science,Bachelor of Science,General,Spring 2024,2024,Transfer,1.7,120,3.34,3.42,Out-of-State,FALSE,8,1,0,5,12070,6530,Employed Full-Time,0.0,Associate Software Engineer,Software Engineering,Shoreline Retail Group,E-Commerce & Retail Tech,Remote - United States,97500,TRUE,Return Offer from Internship
CID-833858,Information Systems,Bachelor of Science,General,Spring 2024,2024,First-Time Freshman,4.7,121,2.47,2.33,In-State,FALSE,12,2,1,0,57600,57390,Employed Full-Time,0.5,Associate Software Engineer,Software Engineering,Meridian National Systems,Federal Contracting,"Washington, DC Metro",72250,FALSE,Return Offer from Internship
CID-990375,Computer Science,Bachelor of Science,Data Science,Spring 2017,2017,Transfer,2.3,120,2.58,2.75,In-State,FALSE,4,0,0,1,13560,8850,Employed Full-Time,5.9,Junior Developer,Software Engineering,Falconview Systems,Software Products,"Baltimore, MD",48500,FALSE,Online Application
CID-492866,Computer Science,Bachelor of Science,Artificial Intelligence,Spring 2026,2026,First-Time Freshman,4.0,119,3.11,3.07,In-State,FALSE,11,1,0,0,27650,17880,No Response,Not Applicable,Not Applicable,Not Applicable,Not Applicable,Not Applicable,Not Applicable,Not Applicable,Not Applicable,Not Applicable
CID-867903,Computer Science,Bachelor of Science,Artificial Intelligence,Spring 2016,2016,First-Time Freshman,4.0,122,2.60,2.39,Out-of-State,FALSE,7,2,0,7,43180,4470,No Response,Not Applicable,Not Applicable,Not Applicable,Not Applicable,Not Applicable,Not Applicable,Not Applicable,Not Applicable,Not Applicable
CID-144002,Computer Science,Bachelor of Science,Software Engineering,Spring 2019,2019,First-Time Freshman,4.7,122,2.68,2.57,In-State,FALSE,18,2,0,0,28450,15750,Employed Full-Time,0.6,Junior ML Engineer,Machine Learning & AI,Blue Heron Technologies,Federal Contracting,Remote - United States,91250,TRUE,Recruiter Outreach
CID-638144,Computer Science,Bachelor of Science,General,Spring 2023,2023,Transfer,2.0,120,2.31,2.09,Out-of-State,FALSE,26,0,0,2,25510,25350,Employed Full-Time,4.4,Associate Software Engineer,Software Engineering,Federal Health Data Office,Federal Government,"Washington, DC Metro",52750,FALSE,Career Fair
CID-637320,Information Systems,Bachelor of Science,Software Development,Spring 2019,2019,First-Time Freshman,7.7,121,2.98,3.20,Out-of-State,FALSE,26,1,0,1,69580,34930,Employed Full-Time,2.3,IT Analyst,IT Business & Product,Cartway Commerce,E-Commerce & Retail Tech,Northern Virginia,87250,FALSE,Career Fair
CID-211760,Computer Science,Bachelor of Science,General,Spring 2022,2022,First-Time Freshman,4.3,122,2.33,2.38,Out-of-State,FALSE,0,1,3,1,77240,53000,Employed Full-Time,0.0,Security Analyst I,Cybersecurity,Shoreline Retail Group,E-Commerce & Retail Tech,"Baltimore, MD",107000,TRUE,Return Offer from Internship
CID-259860,Computer Science,Bachelor of Science,General,Spring 2019,2019,Transfer,2.3,121,2.94,2.86,In-State,FALSE,10,0,0,2,11800,11340,Employed Full-Time,7.0,EHR Support Analyst,Health IT,Brightline Software Group,Software Products,"Washington, DC Metro",73500,FALSE,Online Application
CID-353829,Information Systems,Bachelor of Science,Health Information Technology,Spring 2022,2022,Transfer,3.0,121,2.56,2.61,In-State,FALSE,10,1,0,1,11430,9310,No Response,Not Applicable,Not Applicable,Not Applicable,Not Applicable,Not Applicable,Not Applicable,Not Applicable,Not Applicable,Not Applicable
CID-139651,Computer Science,Bachelor of Science,General,Fall 2021,2021,Transfer,2.0,120,3.41,3.43,In-State,FALSE,15,1,0,5,12370,4450,Continuing Education,Not Applicable,Not Applicable,Not Applicable,Not Applicable,Not Applicable,Not Applicable,Not Applicable,Not Applicable,Not Applicable
CID-123086,Information Systems,Bachelor of Science,General,Spring 2022,2022,Transfer,3.0,121,3.12,3.17,In-State,FALSE,10,0,1,2,23120,13380,Continuing Education,Not Applicable,Not Applicable,Not Applicable,Not Applicable,Not Applicable,Not Applicable,Not Applicable,Not Applicable,Not Applicable
CID-735209,Information Systems,Bachelor of Science,Health Information Technology,Fall 2017,2017,Transfer,3.0,120,3.58,3.61,In-State,FALSE,0,2,0,4,8340,6300,Employed Full-Time,0.1,SOC Analyst,Cybersecurity,CareBridge Technology,Healthcare & Life Sciences,"Baltimore, MD",76250,FALSE,Return Offer from Internship
CID-632747,Information Systems,Bachelor of Science,Business Analytics,Spring 2024,2024,Transfer,2.3,120,2.42,2.41,In-State,FALSE,7,1,0,0,16810,13760,Still Seeking,Not Applicable,Not Applicable,Not Applicable,Not Applicable,Not Applicable,Not Applicable,Not Applicable,Not Applicable,Not Applicable
CID-901207,Computer Science,Bachelor of Science,Software Engineering,Spring 2020,2020,First-Time Freshman,3.7,121,3.39,3.33,In-State,FALSE,2,2,2,4,29820,14600,No Response,Not Applicable,Not Applicable,Not Applicable,Not Applicable,Not Applicable,Not Applicable,Not Applicable,Not Applicable,Not Applicable
CID-469563,Computer Science,Bachelor of Science,Cybersecurity,Spring 2026,2026,Transfer,2.3,122,2.88,2.91,In-State,FALSE,9,1,2,2,17200,5940,Employed Full-Time,0.8,Junior DevOps Engineer,Infrastructure & Cloud,Greenspring Health Systems,Healthcare & Life Sciences,"Washington, DC Metro",84750,FALSE,Return Offer from Internship
CID-177759,Computer Science,Bachelor of Science,Software Engineering,Summer 2018,2018,First-Time Freshman,7.0,120,3.13,3.32,In-State,FALSE,22,2,0,2,37230,19510,Employed Full-Time,0.0,Business Intelligence Analyst,Data & Analytics,Marketside Digital,E-Commerce & Retail Tech,Other - United States,77250,FALSE,Career Fair
CID-537352,Computer Science,Bachelor of Science,General,Fall 2020,2020,First-Time Freshman,4.3,120,3.33,3.40,In-State,FALSE,8,1,0,3,28880,15000,Employed Full-Time,0.1,Help Desk Technician,IT Support & Operations,Shoreline Retail Group,E-Commerce & Retail Tech,"Baltimore, MD",72500,FALSE,Return Offer from Internship
CID-378368,Computer Science,Master of Science,Artificial Intelligence,Fall 2024,2024,First-Time Freshman,3.3,121,3.86,3.84,In-State,TRUE,6,2,3,7,28020,19880,Employed Full-Time,0.0,Cloud Support Engineer,Infrastructure & Cloud,Beacon Telecom Services,Telecommunications,"Columbia/Howard County, MD",122000,FALSE,Return Offer from Internship
CID-154589,Information Systems,Bachelor of Science,General,Spring 2019,2019,First-Time Freshman,3.7,121,2.98,2.85,In-State,FALSE,10,3,0,3,22340,12380,Employed Full-Time,0.3,Business Analyst,IT Business & Product,Patapsco Aerospace,Defense & Aerospace,"Baltimore, MD",83500,FALSE,Return Offer from Internship
CID-212945,Computer Science,Bachelor of Science,Data Science,Fall 2024,2024,Transfer,3.7,123,2.61,2.70,Out-of-State,FALSE,5,2,1,2,42870,42870,No Response,Not Applicable,Not Applicable,Not Applicable,Not Applicable,Not Applicable,Not Applicable,Not Applicable,Not Applicable,Not Applicable
CID-639298,Information Systems,Bachelor of Science,Cybersecurity Management,Fall 2025,2025,First-Time Freshman,4.0,121,2.43,2.35,Out-of-State,FALSE,6,0,0,0,58230,22360,Employed Full-Time,7.8,Data Analyst,Data & Analytics,Catoctin Analytics Group,Federal Contracting,Northern Virginia,77250,FALSE,Alumni Network
CID-361134,Computer Science,Bachelor of Science,Data Science,Spring 2020,2020,First-Time Freshman,5.3,122,2.10,2.10,Out-of-State,FALSE,10,0,2,0,51470,43240,Still Seeking,Not Applicable,Not Applicable,Not Applicable,Not Applicable,Not Applicable,Not Applicable,Not Applicable,Not Applicable,Not Applicable
CID-433677,Computer Science,Master of Science,General,Spring 2016,2016,First-Time Freshman,3.7,120,3.08,2.84,Out-of-State,FALSE,22,0,0,1,52710,4050,Employed Full-Time,5.5,IT Analyst,IT Business & Product,Sterling Ridge Consulting,Consulting & Professional Services,"Baltimore, MD",67750,FALSE,Alumni Network
CID-529610,Computer Science,Bachelor of Science,General,Spring 2016,2016,First-Time Freshman,4.0,120,2.67,2.50,In-State,FALSE,6,1,0,5,37380,0,No Response,Not Applicable,Not Applicable,Not Applicable,Not Applicable,Not Applicable,Not Applicable,Not Applicable,Not Applicable,Not Applicable
CID-284507,Computer Science,Bachelor of Science,Data Science,Fall 2023,2023,First-Time Freshman,4.0,120,2.33,2.30,Out-of-State,FALSE,6,1,0,1,58660,39750,Employed Full-Time,3.3,Business Intelligence Analyst,Data & Analytics,Piedmont Energy Partners,Energy & Utilities,"Chicago, IL",67500,FALSE,Personal Network
CID-716838,Information Systems,Bachelor of Science,General,Spring 2026,2026,First-Time Freshman,4.7,121,2.56,2.55,In-State,FALSE,11,1,0,1,34780,14300,Employed Full-Time,2.2,Junior Security Engineer,Cybersecurity,Patapsco Aerospace,Defense & Aerospace,"Washington, DC Metro",87500,FALSE,Alumni Network
CID-175241,Information Systems,Bachelor of Science,Cybersecurity Management,Fall 2015,2015,Transfer,3.0,122,2.89,2.78,In-State,FALSE,6,2,2,2,16280,7430,No Response,Not Applicable,Not Applicable,Not Applicable,Not Applicable,Not Applicable,Not Applicable,Not Applicable,Not Applicable,Not Applicable
CID-834506,Computer Science,Bachelor of Science,Data Science,Fall 2024,2024,First-Time Freshman,3.7,120,3.29,3.18,In-State,FALSE,3,1,0,1,30300,13610,Employed Full-Time,4.9,Software Engineer I,Software Engineering,University of Maryland System,Higher Education,"Columbia/Howard County, MD",64500,FALSE,Recruiter Outreach
CID-891434,Computer Science,Bachelor of Science,General,Fall 2023,2023,First-Time Freshman,4.7,122,2.84,2.83,In-State,FALSE,5,0,0,1,35180,6280,No Response,Not Applicable,Not Applicable,Not Applicable,Not Applicable,Not Applicable,Not Applicable,Not Applicable,Not Applicable,Not Applicable
CID-268136,Information Systems,Bachelor of Science,Health Information Technology,Spring 2019,2019,First-Time Freshman,4.7,121,2.77,2.95,Out-of-State,FALSE,15,1,1,4,57200,5710,No Response,Not Applicable,Not Applicable,Not Applicable,Not Applicable,Not Applicable,Not Applicable,Not Applicable,Not Applicable,Not Applicable
CID-547795,Information Systems,Bachelor of Science,Health Information Technology,Spring 2022,2022,First-Time Freshman,4.7,121,2.62,2.50,In-State,FALSE,11,2,0,4,41840,33400,Employed Full-Time,0.0,Associate Software Engineer,Software Engineering,Tidewater Defense Group,Defense & Aerospace,"Baltimore, MD",75000,FALSE,Return Offer from Internship
CID-445227,Information Systems,Bachelor of Science,Software Development,Fall 2019,2019,First-Time Freshman,4.3,121,2.41,2.30,In-State,FALSE,7,0,0,1,38510,18580,Employed Full-Time,4.3,Junior Security Engineer,Cybersecurity,Meridian National Systems,Federal Contracting,"Washington, DC Metro",87250,FALSE,Online Application
CID-200054,Computer Science,Bachelor of Science,Data Science,Fall 2019,2019,First-Time Freshman,3.7,120,3.16,3.37,Out-of-State,FALSE,8,1,2,4,87040,38680,Employed Full-Time,0.5,Junior Data Analyst,Data & Analytics,Open Harbor Foundation,Nonprofit & Civic Tech,Northern Virginia,66250,FALSE,Online Application
CID-876041,Information Systems,Bachelor of Science,General,Fall 2020,2020,Transfer,3.3,122,3.55,3.50,In-State,FALSE,1,1,0,1,15010,7510,Employed Full-Time,4.7,Business Analyst,IT Business & Product,Civic Code Alliance,Nonprofit & Civic Tech,"Seattle, WA",67500,FALSE,Student Organization Connection
CID-721458,Information Systems,Bachelor of Science,Software Development,Fall 2017,2017,First-Time Freshman,7.7,121,2.75,2.60,In-State,FALSE,32,0,0,1,29630,17270,Employed Full-Time,3.8,Associate Software Engineer,Software Engineering,Marketside Digital,E-Commerce & Retail Tech,"Boston, MA",74250,FALSE,Faculty or Staff Referral
CID-484856,Information Systems,Bachelor of Science,Cybersecurity Management,Spring 2022,2022,Transfer,2.7,120,3.10,3.35,In-State,FALSE,15,0,1,1,11840,6350,Employed Full-Time,4.5,Security Analyst I,Cybersecurity,Parcel & Post Technologies,Logistics & Transportation,"Washington, DC Metro",95000,FALSE,Alumni Network
CID-248109,Information Systems,Bachelor of Science,Health Information Technology,Fall 2017,2017,First-Time Freshman,4.0,120,3.04,3.10,In-State,FALSE,7,1,2,1,38810,14110,Employed Full-Time,0.4,Junior DevOps Engineer,Infrastructure & Cloud,Quarry Road Software,Software Products,"Baltimore, MD",88750,FALSE,Return Offer from Internship
CID-406862,Information Systems,Bachelor of Science,Business Analytics,Spring 2019,2019,Transfer,3.0,122,2.30,2.41,In-State,FALSE,22,2,2,3,13860,7990,Employed Full-Time,1.7,Junior Security Engineer,Cybersecurity,Keystone Federal Services,Federal Contracting,"Baltimore, MD",66000,FALSE,Recruiter Outreach
CID-492044,Information Systems,Bachelor of Science,General,Spring 2019,2019,First-Time Freshman,3.7,121,3.75,3.65,In-State,FALSE,7,3,0,3,42300,30390,Employed Full-Time,0.0,Systems Administrator,Infrastructure & Cloud,Anvil Compute,Cloud & Infrastructure,"Baltimore, MD",102000,FALSE,Return Offer from Internship
CID-585239,Computer Science,Bachelor of Science,Cybersecurity,Spring 2020,2020,Transfer,4.7,120,3.26,3.36,In-State,FALSE,19,0,0,3,14610,4250,Employed Full-Time,10.0,Machine Learning Engineer I,Machine Learning & AI,Sterling Ridge Consulting,Consulting & Professional Services,"Baltimore, MD",87500,FALSE,Career Fair
CID-724197,Computer Science,Bachelor of Science,Software Engineering,Spring 2023,2023,Transfer,3.3,122,3.17,3.15,In-State,FALSE,20,1,0,3,22490,3950,Employed Full-Time,1.5,Junior Developer,Software Engineering,Catoctin Analytics Group,Federal Contracting,"Washington, DC Metro",75000,FALSE,Personal Network
CID-643051,Information Systems,Bachelor of Science,General,Spring 2021,2021,Transfer,3.3,122,3.10,3.06,In-State,FALSE,7,2,0,1,13340,5790,Employed Full-Time,0.1,Systems Administrator,Infrastructure & Cloud,Cartway Commerce,E-Commerce & Retail Tech,"Baltimore, MD",76000,TRUE,Return Offer from Internship
CID-934141,Computer Science,Bachelor of Science,Data Science,Spring 2026,2026,First-Time Freshman,3.7,111,2.65,2.56,Out-of-State,FALSE,5,2,0,3,99160,59020,Employed Full-Time,1.6,Business Intelligence Analyst,Data & Analytics,Harbor Mutual Insurance,Insurance,"Washington, DC Metro",88500,FALSE,Personal Network
CID-588792,Computer Science,Bachelor of Science,Cybersecurity,Fall 2016,2016,First-Time Freshman,4.0,122,3.47,3.45,Out-of-State,FALSE,4,3,0,4,64410,37300,Employed Full-Time,0.0,AI Research Assistant,Machine Learning & AI,Shoreline Retail Group,E-Commerce & Retail Tech,Northern Virginia,83250,FALSE,Return Offer from Internship
CID-514243,Information Systems,Bachelor of Science,Cybersecurity Management,Spring 2024,2024,First-Time Freshman,3.3,121,2.92,2.90,Out-of-State,FALSE,10,1,0,3,76990,23960,Employed Full-Time,0.2,IT Support Specialist,IT Support & Operations,Chesapeake Defense Systems,Defense & Aerospace,"Baltimore, MD",66500,TRUE,Return Offer from Internship
CID-371889,Computer Science,Bachelor of Science,Artificial Intelligence,Spring 2019,2019,First-Time Freshman,4.0,122,3.07,3.16,In-State,FALSE,16,1,0,1,29660,22300,Employed Full-Time,0.6,Business Intelligence Analyst,Data & Analytics,Redoubt Security Partners,Cybersecurity Services,"Baltimore, MD",62750,FALSE,Faculty or Staff Referral
CID-241806,Computer Science,Bachelor of Science,Cybersecurity,Fall 2015,2015,First-Time Freshman,4.3,122,3.31,3.10,In-State,FALSE,18,1,0,4,29810,16170,Employed Part-Time,1.3,Junior Data Analyst,Data & Analytics,Copper Ridge Data Centers,Cloud & Infrastructure,"Washington, DC Metro",78250,FALSE,Online Application
CID-799168,Computer Science,Bachelor of Science,General,Fall 2024,2024,First-Time Freshman,4.3,120,2.97,3.05,Out-of-State,FALSE,10,2,0,3,80520,80520,No Response,Not Applicable,Not Applicable,Not Applicable,Not Applicable,Not Applicable,Not Applicable,Not Applicable,Not Applicable,Not Applicable
CID-455524,Computer Science,Bachelor of Science,Artificial Intelligence,Fall 2025,2025,First-Time Freshman,4.3,120,2.97,2.88,Out-of-State,FALSE,2,1,0,7,71280,23970,Employed Full-Time,0.1,IT Analyst,IT Business & Product,Piedmont Energy Partners,Energy & Utilities,"Baltimore, MD",82750,FALSE,Return Offer from Internship
CID-729334,Information Systems,Bachelor of Science,Software Development,Fall 2021,2021,First-Time Freshman,3.7,121,3.54,3.50,In-State,FALSE,0,2,0,2,34950,8930,Employed Full-Time,0.0,Desktop Support Analyst,IT Support & Operations,National Data Services Agency,Federal Government,"Baltimore, MD",81500,FALSE,Student Organization Connection
CID-908064,Information Systems,Bachelor of Science,General,Fall 2017,2017,First-Time Freshman,5.0,121,2.67,2.40,In-State,FALSE,2,1,0,4,22430,14750,No Response,Not Applicable,Not Applicable,Not Applicable,Not Applicable,Not Applicable,Not Applicable,Not Applicable,Not Applicable,Not Applicable
CID-892166,Computer Science,Bachelor of Science,Data Science,Fall 2016,2016,First-Time Freshman,4.0,121,3.57,3.45,In-State,FALSE,0,2,2,2,31860,2760,Employed Full-Time,0.0,Junior ML Engineer,Machine Learning & AI,Sterling Ridge Consulting,Consulting & Professional Services,"Chicago, IL",98500,FALSE,Alumni Network
CID-695051,Information Systems,Bachelor of Science,General,Spring 2018,2018,First-Time Freshman,5.0,121,2.11,2.15,In-State,FALSE,19,1,0,4,38450,19020,Employed Full-Time,1.9,Business Analyst,IT Business & Product,Northfield Biosciences,Healthcare & Life Sciences,"Washington, DC Metro",61500,FALSE,Recruiter Outreach
CID-948724,Computer Science,Bachelor of Science,General,Fall 2018,2018,Transfer,3.0,122,2.83,2.93,In-State,FALSE,15,1,0,1,16020,6760,Employed Full-Time,0.2,Business Intelligence Analyst,Data & Analytics,Catoctin Analytics Group,Federal Contracting,"Baltimore, MD",72500,FALSE,Return Offer from Internship
CID-446284,Information Systems,Master of Science,Health Information Technology,Spring 2015,2015,Transfer,4.7,120,3.70,3.61,In-State,TRUE,11,1,1,4,10460,4680,Employed Full-Time,0.6,Health Data Analyst,Health IT,Antietam Systems Integration,Federal Contracting,"Washington, DC Metro",73750,FALSE,Return Offer from Internship
CID-729466,Information Systems,Bachelor of Science,General,Spring 2018,2018,First-Time Freshman,4.0,121,3.31,3.20,In-State,FALSE,13,0,0,0,43030,26160,Employed Full-Time,5.7,EHR Support Analyst,Health IT,Clarion Clinical Data,Healthcare & Life Sciences,"Washington, DC Metro",63000,FALSE,Online Application
CID-103752,Computer Science,Bachelor of Science,Data Science,Fall 2015,2015,First-Time Freshman,4.3,120,2.59,2.37,In-State,FALSE,8,2,2,1,34740,10970,Employed Full-Time,0.2,Junior Developer,Software Engineering,Calvert Advisory Group,Consulting & Professional Services,"Washington, DC Metro",73000,FALSE,Return Offer from Internship
CID-977939,Computer Science,Bachelor of Science,General,Fall 2017,2017,First-Time Freshman,4.7,122,2.31,2.40,In-State,FALSE,11,1,0,0,39050,11650,Employed Full-Time,2.6,Junior Developer,Software Engineering,Patapsco Aerospace,Defense & Aerospace,Northern Virginia,60500,FALSE,Faculty or Staff Referral
CID-769552,Computer Science,Bachelor of Science,General,Fall 2018,2018,First-Time Freshman,4.0,120,3.15,3.12,In-State,FALSE,7,2,0,1,30220,14900,Employed Full-Time,0.2,AI Research Assistant,Machine Learning & AI,Northwind Platform Co.,Software Products,"Washington, DC Metro",105000,FALSE,Alumni Network
CID-351273,Computer Science,Bachelor of Science,Data Science,Spring 2026,2026,Transfer,2.7,119,2.84,2.79,In-State,FALSE,6,0,0,2,21860,13500,Employed Full-Time,2.3,Junior Developer,Software Engineering,Meridian National Systems,Federal Contracting,"Baltimore, MD",66500,FALSE,Online Application
CID-588920,Computer Science,Bachelor of Science,General,Fall 2020,2020,First-Time Freshman,3.7,120,2.72,2.61,Out-of-State,FALSE,7,0,0,1,77100,42340,Employed Full-Time,6.4,Cloud Support Engineer,Infrastructure & Cloud,Monument Bank Technology,Financial Services,Other - United States,64500,TRUE,Personal Network
CID-337296,Information Systems,Master of Science,General,Fall 2022,2022,First-Time Freshman,7.3,121,3.15,3.10,Out-of-State,FALSE,16,2,1,6,66950,34650,Employed Full-Time,0.2,Business Intelligence Analyst,Data & Analytics,Sentinel Peak Security,Cybersecurity Services,"Baltimore, MD",86000,FALSE,Return Offer from Internship
CID-902093,Computer Science,Master of Science,Data Science,Spring 2021,2021,First-Time Freshman,4.7,122,3.45,3.49,In-State,TRUE,6,1,0,0,39930,20600,Employed Full-Time,0.4,Data Analyst,Data & Analytics,Anvil Compute,Cloud & Infrastructure,Remote - United States,99500,TRUE,Return Offer from Internship
CID-846394,Computer Science,Bachelor of Science,Data Science,Fall 2020,2020,First-Time Freshman,4.7,120,2.27,2.37,In-State,FALSE,7,2,0,6,39460,23790,Still Seeking,Not Applicable,Not Applicable,Not Applicable,Not Applicable,Not Applicable,Not Applicable,Not Applicable,Not Applicable,Not Applicable
CID-622025,Computer Science,Bachelor of Science,Cybersecurity,Fall 2020,2020,First-Time Freshman,4.3,120,2.91,2.79,In-State,FALSE,1,1,0,1,40990,27390,Employed Full-Time,2.6,Systems Administrator,Infrastructure & Cloud,Office of Technology Policy,Federal Government,Northern Virginia,87750,TRUE,Online Application
CID-980845,Computer Science,Bachelor of Science,Cybersecurity,Spring 2022,2022,Transfer,1.7,120,2.54,2.46,In-State,FALSE,4,1,0,2,9450,6200,Employed Full-Time,2.1,Business Intelligence Analyst,Data & Analytics,Maryland Department of IT,Federal Government,"Baltimore, MD",47000,FALSE,Alumni Network
CID-872625,Computer Science,Bachelor of Science,Data Science,Fall 2024,2024,Transfer,1.7,123,2.79,2.90,In-State,FALSE,15,1,1,0,14230,5470,No Response,Not Applicable,Not Applicable,Not Applicable,Not Applicable,Not Applicable,Not Applicable,Not Applicable,Not Applicable,Not Applicable
CID-826136,Information Systems,Bachelor of Science,General,Spring 2025,2025,Transfer,2.3,121,3.13,3.17,In-State,FALSE,10,1,0,2,14930,2990,Employed Full-Time,4.9,Junior Developer,Software Engineering,Anvil Compute,Cloud & Infrastructure,"Washington, DC Metro",91500,FALSE,Career Fair
CID-638694,Computer Science,Bachelor of Science,Cybersecurity,Fall 2016,2016,First-Time Freshman,4.3,120,3.02,2.80,In-State,FALSE,5,0,2,2,26050,11060,Continuing Education,Not Applicable,Not Applicable,Not Applicable,Not Applicable,Not Applicable,Not Applicable,Not Applicable,Not Applicable,Not Applicable
CID-991820,Computer Science,Bachelor of Science,Cybersecurity,Spring 2020,2020,First-Time Freshman,4.3,122,2.88,2.77,Out-of-State,FALSE,0,0,0,2,63420,32200,Continuing Education,Not Applicable,Not Applicable,Not Applicable,Not Applicable,Not Applicable,Not Applicable,Not Applicable,Not Applicable,Not Applicable
CID-104450,Computer Science,Master of Science,Artificial Intelligence,Fall 2017,2017,Transfer,3.0,121,3.29,3.10,In-State,FALSE,13,1,0,0,8460,6540,No Response,Not Applicable,Not Applicable,Not Applicable,Not Applicable,Not Applicable,Not Applicable,Not Applicable,Not Applicable,Not Applicable
CID-537079,Computer Science,Bachelor of Science,Data Science,Fall 2016,2016,First-Time Freshman,4.3,120,3.18,3.15,In-State,FALSE,8,2,0,1,33770,15650,Employed Full-Time,0.0,Data Analyst,Data & Analytics,Piedmont Energy Partners,Energy & Utilities,"Baltimore, MD",71750,FALSE,Return Offer from Internship
CID-608776,Computer Science,Bachelor of Science,Cybersecurity,Spring 2021,2021,First-Time Freshman,4.7,122,2.81,2.76,In-State,FALSE,10,1,2,3,46570,17050,Employed Full-Time,0.0,Junior Systems Analyst,IT Business & Product,Continental Wireless,Telecommunications,"Columbia/Howard County, MD",75000,FALSE,Alumni Network
CID-340255,Information Systems,Bachelor of Science,Business Analytics,Spring 2023,2023,First-Time Freshman,4.0,121,3.12,3.20,Out-of-State,FALSE,24,0,0,3,63370,56840,Employed Full-Time,4.4,Business Analyst,IT Business & Product,Keystone Federal Services,Federal Contracting,"Washington, DC Metro",80500,FALSE,Personal Network
CID-823050,Computer Science,Bachelor of Science,Cybersecurity,Spring 2016,2016,Transfer,2.7,122,2.63,2.54,In-State,FALSE,7,1,0,3,12410,5140,No Response,Not Applicable,Not Applicable,Not Applicable,Not Applicable,Not Applicable,Not Applicable,Not Applicable,Not Applicable,Not Applicable
CID-261697,Computer Science,Master of Science,Data Science,Spring 2025,2025,First-Time Freshman,4.7,122,3.10,3.03,In-State,TRUE,15,2,0,2,54670,22210,Employed Full-Time,0.1,SOC Analyst,Cybersecurity,Northfield Biosciences,Healthcare & Life Sciences,"Baltimore, MD",93500,FALSE,Personal Network
CID-745965,Computer Science,Bachelor of Science,General,Fall 2015,2015,First-Time Freshman,4.0,123,3.46,3.63,In-State,FALSE,7,2,2,6,26740,14980,Still Seeking,Not Applicable,Not Applicable,Not Applicable,Not Applicable,Not Applicable,Not Applicable,Not Applicable,Not Applicable,Not Applicable
CID-919541,Computer Science,Bachelor of Science,Cybersecurity,Spring 2025,2025,First-Time Freshman,6.3,122,2.96,2.68,Out-of-State,FALSE,11,1,0,7,96230,76680,Employed Full-Time,0.1,EHR Support Analyst,Health IT,CareBridge Technology,Healthcare & Life Sciences,Remote - United States,79250,TRUE,Return Offer from Internship
CID-409728,Computer Science,Bachelor of Science,Cybersecurity,Fall 2015,2015,First-Time Freshman,4.0,122,3.20,3.18,In-State,FALSE,2,1,2,3,27550,15030,Employed Full-Time,0.5,Desktop Support Analyst,IT Support & Operations,Sterling Ridge Consulting,Consulting & Professional Services,"Columbia/Howard County, MD",76500,FALSE,Return Offer from Internship
CID-844479,Computer Science,Master of Science,Artificial Intelligence,Fall 2019,2019,First-Time Freshman,5.7,121,3.34,3.45,In-State,TRUE,28,1,3,5,36830,17300,Continuing Education,Not Applicable,Not Applicable,Not Applicable,Not Applicable,Not Applicable,Not Applicable,Not Applicable,Not Applicable,Not Applicable
CID-158043,Computer Science,Bachelor of Science,General,Summer 2022,2022,First-Time Freshman,3.7,122,2.99,2.97,In-State,FALSE,0,1,2,3,33810,4760,Employed Full-Time,0.2,AI Research Assistant,Machine Learning & AI,Federal Health Data Office,Federal Government,"Baltimore, MD",84750,TRUE,Return Offer from Internship
