job_id,campus_id,employer,employer_industry,employer_size,job_title,job_family,seniority_level,region,cost_of_living_index,is_remote,start_date,end_date,is_current,tenure_months,annual_salary_usd,change_type,requires_clearance,role_skill_tags
JOB-0000001,CID-655977,Clearfield Assurance,Cybersecurity Services,Startup,IT Analyst,IT Business & Product,Entry,Northern Virginia,114,FALSE,2021-01-15,2022-11-15,FALSE,23,84500,First Job,FALSE,Business Process|Presentation|Product Management|Project Management|Requirements|Roadmapping|Technical Writing
JOB-0000002,CID-655977,Clearfield Assurance,Cybersecurity Services,Startup,Systems Analyst,IT Business & Product,Mid,Northern Virginia,114,FALSE,2022-11-15,2025-03-15,FALSE,29,95750,Internal Promotion,FALSE,Business Process|Presentation|Product Management|Project Management|Requirements|Roadmapping
JOB-0000003,CID-655977,Civic Code Alliance,Nonprofit & Civic Tech,Small,Senior Systems Analyst,IT Business & Product,Senior,"Baltimore, MD",100,TRUE,2025-03-15,2026-05-15,FALSE,15,103500,New Employer - Advance,FALSE,Business Process|IT Governance|Management|Project Management|Requirements|Roadmapping|Strategy|User Research
JOB-0000004,CID-655977,Blue Heron Technologies,Federal Contracting,Mid,Principal Business Analyst,IT Business & Product,Lead,"Washington, DC Metro",112,FALSE,2026-07-15,,TRUE,3,132000,New Employer - Advance,TRUE,Business Process|IT Governance|Management|Product Management|Project Management|Requirements|Risk Assessment|Strategy|UML
JOB-0000005,CID-861644,Tidal Power Cooperative,Energy & Utilities,Mid,Associate Software Engineer,Software Engineering,Entry,"Columbia/Howard County, MD",107,FALSE,2026-03-15,,TRUE,7,74500,First Job,FALSE,Algorithms|C++|Data Structures|Python|Quality Assurance|Testing|Version Control
JOB-0000006,CID-472013,Tidewater Defense Group,Defense & Aerospace,Large,Systems Administrator,Infrastructure & Cloud,Entry,"Columbia/Howard County, MD",107,FALSE,2017-01-01,2019-09-01,FALSE,33,65000,First Job,FALSE,Automation|Cloud|Distributed Systems|Infrastructure as Code|Linux|Networking
JOB-0000007,CID-472013,Tidewater Defense Group,Defense & Aerospace,Large,Cloud Engineer,Infrastructure & Cloud,Mid,"Columbia/Howard County, MD",107,FALSE,2019-09-01,2020-02-01,FALSE,6,80500,Internal Promotion,FALSE,Automation|CI/CD|Cloud|Concurrency|Linux|TCP/IP
JOB-0000008,CID-472013,Tidewater Defense Group,Defense & Aerospace,Large,Senior Cloud Engineer,Infrastructure & Cloud,Senior,"Columbia/Howard County, MD",107,FALSE,2020-02-01,2023-04-01,FALSE,39,93500,Internal Promotion,FALSE,Automation|Cloud|Containers|Linux|Performance Analysis|Python
JOB-0000009,CID-472013,Tidewater Defense Group,Defense & Aerospace,Large,Senior Site Reliability Engineer,Infrastructure & Cloud,Senior,"Columbia/Howard County, MD",107,FALSE,2023-04-01,,TRUE,42,109500,Internal Lateral,FALSE,Automation|Cloud|Linux|Networking|Performance Analysis
JOB-0000010,CID-382067,Calvert Advisory Group,Consulting & Professional Services,Large,Junior Developer,Software Engineering,Entry,"Washington, DC Metro",112,FALSE,2022-06-01,2024-01-01,FALSE,20,84250,First Job,TRUE,Algorithms|C++|Data Structures|Java|Python|Testing|Version Control|Web Frameworks
JOB-0000011,CID-382067,Allied Shield Insurance Group,Insurance,Enterprise,Software Engineer II,Software Engineering,Mid,"Baltimore, MD",100,FALSE,2024-01-01,2026-04-01,FALSE,28,93250,New Employer - Advance,FALSE,Algorithms|C++|CI/CD|Data Structures|Software Design|Testing|Version Control
JOB-0000012,CID-382067,Cartway Commerce,E-Commerce & Retail Tech,Mid,Applications Engineer,Software Engineering,Mid,"Baltimore, MD",100,FALSE,2026-06-01,,TRUE,4,92500,New Employer - Lateral,FALSE,Algorithms|CI/CD|Data Structures|Python|Testing|Version Control|Web Frameworks
JOB-0000013,CID-543202,Northfield Biosciences,Healthcare & Life Sciences,Large,Business Intelligence Analyst,Data & Analytics,Entry,"Baltimore, MD",100,FALSE,2026-01-15,,TRUE,9,71250,First Job,FALSE,Data Mining|Data Modeling|Predictive Modeling|SQL|Statistics
JOB-0000014,CID-817273,Tidewater Defense Group,Defense & Aerospace,Large,Data Analyst,Data & Analytics,Entry,"Washington, DC Metro",112,FALSE,2025-06-01,2026-07-01,FALSE,14,76000,First Job,TRUE,Compliance|Data Modeling|Query Optimization|R|SQL|Statistics
JOB-0000015,CID-817273,Severn River Consulting,Federal Contracting,Small,Analytics Engineer,Data & Analytics,Mid,"Washington, DC Metro",112,TRUE,2026-07-01,,TRUE,3,90250,New Employer - Advance,TRUE,Compliance|Data Mining|Data Modeling|ETL|Python|R|SQL|Statistics
JOB-0000016,CID-619082,Lumen Grid Software,Software Products,Large,Junior Developer,Software Engineering,Entry,Northern Virginia,114,FALSE,2026-07-15,,TRUE,3,82750,First Job,FALSE,Algorithms|CI/CD|Data Structures|SQL|Software Design|Testing|Version Control|Web Frameworks
JOB-0000017,CID-295254,Blue Heron Technologies,Federal Contracting,Mid,Security Analyst I,Cybersecurity,Entry,"Baltimore, MD",100,FALSE,2023-06-15,2023-11-15,FALSE,6,91250,First Job,TRUE,Compliance|Cryptography|Exploit Development|Incident Response|Linux|Network Security
JOB-0000018,CID-295254,Blue Heron Technologies,Federal Contracting,Mid,SOC Analyst,Cybersecurity,Entry,"Baltimore, MD",100,FALSE,2023-11-15,,TRUE,35,88750,Internal Lateral,TRUE,Incident Response|Linux|Network Security|Penetration Testing|Risk Assessment|Security Operations|Security Protocols
JOB-0000019,CID-359949,Monument Bank Technology,Financial Services,Large,IT Analyst,IT Business & Product,Entry,Northern Virginia,114,FALSE,2025-07-01,,TRUE,15,93500,First Job,FALSE,Business Process|Project Management|Requirements|Roadmapping|Strategy
JOB-0000020,CID-985651,Meridian National Systems,Federal Contracting,Enterprise,SOC Analyst,Cybersecurity,Entry,Northern Virginia,114,FALSE,2020-06-01,2023-05-01,FALSE,36,94000,First Job,TRUE,Compliance|Exploit Development|Incident Response|Linux|Network Security|Security Operations
JOB-0000021,CID-985651,Meridian National Systems,Federal Contracting,Enterprise,Incident Response Analyst,Cybersecurity,Mid,Northern Virginia,114,FALSE,2023-05-01,,TRUE,41,111500,Internal Promotion,TRUE,Compliance|Forensics|Incident Response|Linux|Network Security|Penetration Testing
JOB-0000022,CID-637434,Patapsco Aerospace,Defense & Aerospace,Large,Data Analyst,Data & Analytics,Entry,"Columbia/Howard County, MD",107,FALSE,2026-06-01,,TRUE,4,68500,First Job,TRUE,Business Intelligence|Data Modeling|R|SQL|Statistics|Tableau
JOB-0000023,CID-730806,Antietam Systems Integration,Federal Contracting,Small,Business Intelligence Analyst,Data & Analytics,Entry,Remote - United States,99,TRUE,2022-01-01,2025-01-01,FALSE,37,46500,First Job,FALSE,Data Engineering|Data Modeling|Database Design|Query Optimization|SQL|Statistics|Visualization
JOB-0000024,CID-730806,Antietam Systems Integration,Federal Contracting,Small,Data Analyst II,Data & Analytics,Mid,Remote - United States,99,TRUE,2025-01-01,,TRUE,21,62750,Internal Promotion,FALSE,Data Engineering|Data Modeling|Database Design|Query Optimization|SQL|Statistics
JOB-0000025,CID-299315,Potomac Mission Solutions,Federal Contracting,Large,Junior Developer,Software Engineering,Entry,"Baltimore, MD",100,FALSE,2017-07-01,2019-11-01,FALSE,29,56500,First Job,TRUE,Agile|Algorithms|C++|Data Structures|Git|Object-Oriented Design|Risk Assessment|Testing|Version Control
JOB-0000026,CID-299315,Cartway Commerce,E-Commerce & Retail Tech,Mid,Software Developer,Software Engineering,Mid,"Baltimore, MD",100,FALSE,2019-12-01,2023-04-01,FALSE,41,71500,New Employer - Advance,FALSE,Algorithms|C++|Data Structures|JavaScript|Software Design|Testing|Version Control
JOB-0000027,CID-299315,Cartway Commerce,E-Commerce & Retail Tech,Mid,Senior Developer,Software Engineering,Senior,"Baltimore, MD",100,FALSE,2023-04-01,2024-10-01,FALSE,19,97000,Internal Promotion,FALSE,Agile|Algorithms|Data Structures|Java|JavaScript|Performance Analysis|Requirements|Software Design|Team Software|Testing|Version Control
JOB-0000028,CID-299315,Northwind Platform Co.,Software Products,Enterprise,Senior Software Engineer,Software Engineering,Senior,San Francisco Bay Area,135,FALSE,2024-11-01,,TRUE,23,140500,Industry Switch,FALSE,Algorithms|Data Structures|Distributed Systems|Git|Java|Performance Analysis|REST APIs|Requirements|Software Design|Team Software|Testing|Version Control
JOB-0000029,CID-717896,Vantage Point Applications,Software Products,Mid,Business Analyst,IT Business & Product,Entry,Northern Virginia,114,FALSE,2019-02-01,2020-07-01,FALSE,18,75500,First Job,FALSE,Business Process|Product Management|Project Management|Requirements|UML
JOB-0000030,CID-717896,Pinnacle Bridge Partners,Consulting & Professional Services,Mid,IT Analyst,IT Business & Product,Entry,"New York, NY",132,FALSE,2020-08-01,2023-05-01,FALSE,34,85750,Industry Switch,FALSE,Business Process|MIS|Presentation|Project Management|Requirements|SQL|Systems Analysis
JOB-0000031,CID-717896,Patapsco Aerospace,Defense & Aerospace,Large,IT Analyst,IT Business & Product,Entry,"Columbia/Howard County, MD",107,FALSE,2023-05-01,2025-04-01,FALSE,24,91750,Industry Switch,TRUE,Business Process|MIS|Project Management|Requirements|Roadmapping
JOB-0000032,CID-717896,Patapsco Aerospace,Defense & Aerospace,Large,Technical Project Coordinator,IT Business & Product,Mid,"Columbia/Howard County, MD",107,FALSE,2025-04-01,,TRUE,18,105000,Internal Promotion,TRUE,Agile|Business Process|Compliance|Product Management|Project Management|Requirements|Risk Assessment|Roadmapping|Strategy
JOB-0000033,CID-281932,Harborline Networks,Cloud & Infrastructure,Mid,Business Intelligence Analyst,Data & Analytics,Entry,"Baltimore, MD",100,FALSE,2015-06-01,2017-10-01,FALSE,29,57000,First Job,FALSE,Business Intelligence|Data Modeling|Predictive Modeling|Python|R|SQL|Statistics
JOB-0000034,CID-281932,Chesapeake Defense Systems,Defense & Aerospace,Enterprise,Data Analyst II,Data & Analytics,Mid,"Baltimore, MD",100,FALSE,2017-10-01,2022-04-01,FALSE,55,68000,New Employer - Advance,FALSE,Business Intelligence|Data Modeling|SQL|Statistics|Tableau
JOB-0000035,CID-281932,Chesapeake Defense Systems,Defense & Aerospace,Enterprise,Senior Data Engineer,Data & Analytics,Senior,"Baltimore, MD",100,FALSE,2022-04-01,2024-10-01,FALSE,31,86250,Internal Promotion,FALSE,Business Process|Data Mining|Data Modeling|R|SQL|Statistics|Tableau|Visualization
JOB-0000036,CID-281932,Chesapeake Defense Systems,Defense & Aerospace,Enterprise,Senior Data Engineer,Data & Analytics,Senior,"Baltimore, MD",100,FALSE,2025-09-01,,TRUE,13,86999,Career Break,FALSE,Business Intelligence|Data Engineering|Data Modeling|Database Design|ETL|Project Management|Requirements|SQL|Statistics|Visualization
JOB-0000037,CID-233316,Calvert Advisory Group,Consulting & Professional Services,Large,Junior Developer,Software Engineering,Entry,"Baltimore, MD",100,FALSE,2023-07-15,2025-11-15,FALSE,29,81750,First Job,FALSE,Agile|Algorithms|Data Structures|Object-Oriented Design|Testing|Version Control
JOB-0000038,CID-233316,Chesapeake Defense Systems,Defense & Aerospace,Enterprise,Software Developer,Software Engineering,Mid,Northern Virginia,114,FALSE,2025-12-15,,TRUE,10,92750,New Employer - Advance,FALSE,Algorithms|C++|CI/CD|Data Structures|Object-Oriented Design|Quality Assurance|Testing|Version Control
JOB-0000039,CID-385603,Monument Bank Technology,Financial Services,Large,Junior Systems Analyst,IT Business & Product,Entry,Northern Virginia,114,FALSE,2021-06-01,2023-10-01,FALSE,29,78750,First Job,FALSE,Business Process|MIS|Product Management|Project Management|Requirements
JOB-0000040,CID-385603,Monument Bank Technology,Financial Services,Large,Systems Analyst,IT Business & Product,Mid,Northern Virginia,114,FALSE,2023-10-01,2026-08-01,FALSE,35,100500,Internal Promotion,FALSE,Business Process|Product Management|Project Management|Requirements|Roadmapping
JOB-0000041,CID-385603,Tidewater Defense Group,Defense & Aerospace,Large,Systems Analyst,IT Business & Product,Mid,Remote - United States,99,TRUE,2026-09-01,,TRUE,1,113000,Industry Switch,TRUE,Business Process|Compliance|MIS|Product Management|Project Management|Requirements|Systems Analysis|UML
JOB-0000042,CID-851194,Patapsco Aerospace,Defense & Aerospace,Large,Junior ML Engineer,Machine Learning & AI,Entry,Northern Virginia,114,FALSE,2019-09-01,2022-02-01,FALSE,30,95250,First Job,TRUE,AI|Algorithms|Machine Learning|Probability|PyTorch|Python|Risk Assessment|Statistics
JOB-0000043,CID-851194,Maryland Department of IT,Federal Government,Mid,AI Research Assistant,Machine Learning & AI,Entry,"Washington, DC Metro",112,FALSE,2022-02-01,2025-02-01,FALSE,37,77500,Industry Switch,FALSE,Data Mining|Linear Algebra|Machine Learning|Python|Statistics
JOB-0000044,CID-851194,Meridian National Systems,Federal Contracting,Enterprise,ML Engineer,Machine Learning & AI,Mid,"Baltimore, MD",100,FALSE,2025-02-01,,TRUE,20,97000,New Employer - Advance,TRUE,Linear Algebra|Machine Learning|PyTorch|Python|Risk Assessment|Statistics
JOB-0000045,CID-737140,Office of Technology Policy,Federal Government,Mid,Security Analyst I,Cybersecurity,Entry,"Baltimore, MD",100,FALSE,2021-03-15,2024-01-15,FALSE,35,85250,First Job,TRUE,Compliance|Incident Response|Linux|Network Security|Networking|TCP/IP
JOB-0000046,CID-737140,Office of Technology Policy,Federal Government,Mid,Incident Response Analyst,Cybersecurity,Mid,"Baltimore, MD",100,FALSE,2024-01-15,2026-04-15,FALSE,28,100500,Internal Promotion,TRUE,Compliance|Forensics|Incident Response|Linux|Network Security|Networking|Risk Assessment|Security Operations
JOB-0000047,CID-737140,Office of Technology Policy,Federal Government,Mid,Security Analyst II,Cybersecurity,Mid,"Baltimore, MD",100,FALSE,2026-04-15,,TRUE,6,105000,Internal Lateral,TRUE,Compliance|Exploit Development|Incident Response|Linux|Network Security|Risk Assessment
JOB-0000048,CID-434123,Fidelis Capital Partners,Financial Services,Enterprise,Data Analyst,Data & Analytics,Entry,"Washington, DC Metro",112,FALSE,2025-09-01,,TRUE,13,78000,First Job,FALSE,Data Modeling|Predictive Modeling|Python|SQL|Statistics
JOB-0000049,CID-753923,Fidelis Capital Partners,Financial Services,Enterprise,Junior Data Analyst,Data & Analytics,Entry,Remote - United States,99,TRUE,2025-10-15,,TRUE,12,69750,First Job,FALSE,Data Modeling|Predictive Modeling|SQL|Statistics|Tableau
JOB-0000050,CID-232412,Fidelis Capital Partners,Financial Services,Enterprise,Junior Data Analyst,Data & Analytics,Entry,Northern Virginia,114,FALSE,2021-06-01,2022-04-01,FALSE,11,94250,First Job,FALSE,Data Mining|Data Modeling|ETL|Query Optimization|SQL|Statistics|Tableau
JOB-0000051,CID-232412,Blue Heron Technologies,Federal Contracting,Mid,Business Intelligence Analyst,Data & Analytics,Entry,"Washington, DC Metro",112,FALSE,2022-04-01,2023-10-01,FALSE,19,89750,New Employer - Lateral,TRUE,Data Mining|Data Modeling|Python|R|Risk Assessment|SQL|Statistics
JOB-0000052,CID-232412,Blue Heron Technologies,Federal Contracting,Mid,Business Intelligence Analyst,Data & Analytics,Entry,"Washington, DC Metro",112,FALSE,2024-09-01,,TRUE,25,96453,Career Break,TRUE,Compliance|Data Modeling|Python|Query Optimization|Risk Assessment|SQL|Statistics
JOB-0000053,CID-686391,Anvil Compute,Cloud & Infrastructure,Enterprise,AI Research Assistant,Machine Learning & AI,Entry,"Washington, DC Metro",112,FALSE,2025-01-15,2025-07-15,FALSE,7,128000,First Job,TRUE,AI|Linear Algebra|Machine Learning|Python|Statistics
JOB-0000054,CID-686391,Potomac Mission Solutions,Federal Contracting,Large,Machine Learning Engineer I,Machine Learning & AI,Entry,"Washington, DC Metro",112,FALSE,2025-07-15,,TRUE,15,110500,New Employer - Lateral,TRUE,Algorithms|Data Mining|Linear Algebra|Machine Learning|Python|Risk Assessment|Statistics
JOB-0000055,CID-373939,Dockside Logistics Systems,Logistics & Transportation,Mid,Junior Data Analyst,Data & Analytics,Entry,"Baltimore, MD",100,FALSE,2018-06-01,2020-09-01,FALSE,28,69500,First Job,FALSE,Business Intelligence|Data Modeling|ETL|SQL|Statistics|Tableau
JOB-0000056,CID-373939,Antietam Systems Integration,Federal Contracting,Small,Data Engineer,Data & Analytics,Mid,Northern Virginia,114,FALSE,2020-09-01,2022-03-01,FALSE,19,76250,New Employer - Advance,FALSE,Data Engineering|Data Modeling|SQL|Statistics|Visualization
JOB-0000057,CID-373939,Antietam Systems Integration,Federal Contracting,Small,Senior Analytics Engineer,Data & Analytics,Senior,Northern Virginia,114,FALSE,2022-03-01,,TRUE,55,89500,Internal Promotion,FALSE,Business Intelligence|Data Engineering|Data Modeling|Project Management|Query Optimization|Requirements|SQL|Statistics|Visualization
JOB-0000058,CID-976072,Northwind Platform Co.,Software Products,Enterprise,Business Intelligence Analyst,Data & Analytics,Entry,"Baltimore, MD",100,FALSE,2025-06-01,,TRUE,16,89500,First Job,FALSE,Data Modeling|R|SQL|Statistics|Visualization
JOB-0000059,CID-703142,Dockside Logistics Systems,Logistics & Transportation,Mid,Associate Software Engineer,Software Engineering,Entry,Northern Virginia,114,FALSE,2016-06-01,2018-10-01,FALSE,29,65750,First Job,FALSE,Agile|Algorithms|Data Structures|Java|Quality Assurance|Software Design|Testing|Version Control
JOB-0000060,CID-703142,Blue Heron Technologies,Federal Contracting,Mid,Software Developer,Software Engineering,Mid,"Baltimore, MD",100,FALSE,2018-12-01,2020-10-01,FALSE,23,76750,New Employer - Advance,TRUE,Algorithms|Compliance|Data Structures|Git|Quality Assurance|Risk Assessment|SQL|Testing|Version Control
JOB-0000061,CID-703142,Blue Heron Technologies,Federal Contracting,Mid,Senior Software Engineer,Software Engineering,Senior,"Baltimore, MD",100,FALSE,2020-10-01,2026-05-01,FALSE,68,90000,Internal Promotion,TRUE,Algorithms|CI/CD|Data Structures|Distributed Systems|Object-Oriented Design|Quality Assurance|Risk Assessment|SQL|Software Design|Team Software|Testing|Version Control
JOB-0000062,CID-703142,Fidelis Capital Partners,Financial Services,Enterprise,Lead Software Engineer,Software Engineering,Lead,"Baltimore, MD",100,FALSE,2026-06-01,,TRUE,4,134500,New Employer - Advance,FALSE,Algorithms|CI/CD|Data Structures|Requirements|Software Design|Team Software|Testing|Version Control|Web Frameworks
JOB-0000063,CID-892993,Cartway Commerce,E-Commerce & Retail Tech,Mid,Security Analyst I,Cybersecurity,Entry,"Baltimore, MD",100,TRUE,2023-06-01,2024-06-01,FALSE,13,104500,First Job,FALSE,Compliance|Incident Response|Linux|Network Security|TCP/IP
JOB-0000064,CID-892993,Cartway Commerce,E-Commerce & Retail Tech,Mid,Security Analyst II,Cybersecurity,Mid,"Baltimore, MD",100,TRUE,2024-06-01,,TRUE,28,105000,Internal Promotion,FALSE,Cryptography|Forensics|Incident Response|Linux|Network Security|Security Operations
JOB-0000065,CID-805053,Marketside Digital,E-Commerce & Retail Tech,Large,Junior Developer,Software Engineering,Entry,"Baltimore, MD",100,FALSE,2025-05-15,2025-12-15,FALSE,8,74500,First Job,FALSE,Algorithms|Data Structures|Git|Java|REST APIs|Testing|Version Control
JOB-0000066,CID-805053,Marketside Digital,E-Commerce & Retail Tech,Large,Applications Engineer,Software Engineering,Mid,"Baltimore, MD",100,FALSE,2025-12-15,,TRUE,10,93250,Internal Promotion,FALSE,Agile|Algorithms|Data Structures|Java|Python|SQL|Testing|Version Control
JOB-0000067,CID-113605,Anvil Compute,Cloud & Infrastructure,Enterprise,SOC Analyst,Cybersecurity,Entry,"Washington, DC Metro",112,FALSE,2025-03-15,,TRUE,19,138000,First Job,TRUE,Exploit Development|Incident Response|Linux|Network Security|Networking|Risk Assessment
JOB-0000068,CID-493840,Chesapeake Defense Systems,Defense & Aerospace,Enterprise,Junior Developer,Software Engineering,Entry,Northern Virginia,114,FALSE,2021-07-15,2023-09-15,FALSE,27,56750,First Job,TRUE,Agile|Algorithms|Data Structures|Java|Python|Risk Assessment|Testing|Version Control
JOB-0000069,CID-493840,Vantage Point Applications,Software Products,Mid,Associate Software Engineer,Software Engineering,Entry,San Francisco Bay Area,135,FALSE,2023-09-15,2024-02-15,FALSE,6,83500,New Employer - Lateral,FALSE,Algorithms|C++|Data Structures|Testing|Version Control|Web Frameworks
JOB-0000070,CID-493840,Vantage Point Applications,Software Products,Mid,Junior Developer,Software Engineering,Entry,San Francisco Bay Area,135,FALSE,2024-02-15,2024-07-15,FALSE,6,86250,Internal Lateral,FALSE,Agile|Algorithms|CI/CD|Data Structures|Testing|Version Control
JOB-0000071,CID-493840,Federal Health Data Office,Federal Government,Large,Software Engineer I,Software Engineering,Entry,"Baltimore, MD",100,FALSE,2024-08-15,2025-09-15,FALSE,14,74000,New Employer - Lateral,TRUE,Algorithms|Data Structures|Python|REST APIs|Risk Assessment|SQL|Testing|Version Control
JOB-0000072,CID-493840,Federal Health Data Office,Federal Government,Large,Software Engineer I,Software Engineering,Entry,"Baltimore, MD",100,FALSE,2025-09-15,,TRUE,13,68750,Internal Lateral,TRUE,Agile|Algorithms|Data Structures|Git|Risk Assessment|Testing|Version Control
JOB-0000073,CID-809525,Meridian National Systems,Federal Contracting,Enterprise,Security Analyst I,Cybersecurity,Entry,Northern Virginia,114,FALSE,2026-01-01,,TRUE,9,109000,First Job,TRUE,Compliance|Incident Response|Linux|Network Security|Risk Assessment|Security Protocols
JOB-0000074,CID-236616,Tessellate Labs,Software Products,Startup,Software Engineer I,Software Engineering,Entry,"Washington, DC Metro",112,FALSE,2016-06-15,2019-02-15,FALSE,33,64750,First Job,FALSE,Agile|Algorithms|Data Structures|Software Design|Testing|Version Control|Web Frameworks
JOB-0000075,CID-236616,Tessellate Labs,Software Products,Startup,Software Engineer II,Software Engineering,Mid,"Washington, DC Metro",112,FALSE,2019-02-15,2021-07-15,FALSE,30,81250,Internal Promotion,FALSE,Algorithms|C++|Data Structures|Java|REST APIs|Testing|Version Control|Web Frameworks
JOB-0000076,CID-236616,Keystone Federal Services,Federal Contracting,Mid,Applications Engineer,Software Engineering,Mid,Northern Virginia,114,FALSE,2021-09-15,2024-03-15,FALSE,31,90000,New Employer - Lateral,TRUE,Algorithms|CI/CD|Compliance|Data Structures|SQL|Software Design|Testing|Version Control
JOB-0000077,CID-236616,Keystone Federal Services,Federal Contracting,Mid,Software Developer,Software Engineering,Mid,Northern Virginia,114,FALSE,2024-03-15,2025-09-15,FALSE,19,98000,Internal Lateral,TRUE,Algorithms|C++|Compliance|Data Structures|Object-Oriented Design|REST APIs|Risk Assessment|Software Design|Testing|Version Control
JOB-0000078,CID-236616,Keystone Federal Services,Federal Contracting,Mid,Applications Engineer,Software Engineering,Mid,Northern Virginia,114,FALSE,2025-09-15,,TRUE,13,101000,Internal Lateral,TRUE,Algorithms|C++|CI/CD|Compliance|Data Structures|Git|Testing|Version Control
JOB-0000079,CID-399213,Federal Health Data Office,Federal Government,Large,Junior Systems Analyst,IT Business & Product,Entry,"Baltimore, MD",100,FALSE,2023-07-15,2025-09-15,FALSE,27,63250,First Job,FALSE,Business Process|MIS|Project Management|Requirements|Strategy|Technical Writing|User Research
JOB-0000080,CID-399213,Federal Health Data Office,Federal Government,Large,Systems Analyst,IT Business & Product,Mid,"Baltimore, MD",100,FALSE,2025-09-15,,TRUE,13,71000,Internal Promotion,FALSE,Business Process|Product Management|Project Management|Requirements|Roadmapping|SQL|Technical Writing
JOB-0000081,CID-718425,Antietam Systems Integration,Federal Contracting,Small,Software Engineer I,Software Engineering,Entry,"Washington, DC Metro",112,FALSE,2020-02-01,2023-09-01,FALSE,44,57500,First Job,TRUE,Algorithms|Data Structures|REST APIs|Software Design|Testing|Version Control
JOB-0000082,CID-718425,Antietam Systems Integration,Federal Contracting,Small,Software Engineer I,Software Engineering,Entry,"Washington, DC Metro",112,FALSE,2023-09-01,2024-04-01,FALSE,8,68500,Internal Lateral,TRUE,Algorithms|CI/CD|Data Structures|Risk Assessment|SQL|Software Design|Testing|Version Control|Web Frameworks
JOB-0000083,CID-718425,Blue Heron Technologies,Federal Contracting,Mid,Software Engineer I,Software Engineering,Entry,Remote - United States,99,TRUE,2024-04-01,,TRUE,30,71750,New Employer - Lateral,TRUE,Algorithms|Data Structures|REST APIs|Risk Assessment|Testing|Version Control|Web Frameworks
JOB-0000084,CID-626085,Chesapeake Defense Systems,Defense & Aerospace,Enterprise,Junior Security Engineer,Cybersecurity,Entry,"Baltimore, MD",100,TRUE,2022-06-01,2025-03-01,FALSE,34,116000,First Job,TRUE,Compliance|Incident Response|Linux|Network Security|Security Operations
JOB-0000085,CID-626085,Chesapeake Defense Systems,Defense & Aerospace,Enterprise,Security Engineer,Cybersecurity,Mid,"Baltimore, MD",100,TRUE,2025-03-01,,TRUE,19,111500,Internal Promotion,TRUE,Compliance|Cryptography|Incident Response|Linux|Network Security|Networking|Risk Assessment
JOB-0000086,CID-613962,Marketside Digital,E-Commerce & Retail Tech,Large,Junior Developer,Software Engineering,Entry,"Baltimore, MD",100,FALSE,2017-01-01,2019-08-01,FALSE,32,88250,First Job,FALSE,Agile|Algorithms|Data Structures|Object-Oriented Design|Python|Testing|Version Control
JOB-0000087,CID-613962,Marketside Digital,E-Commerce & Retail Tech,Large,Applications Engineer,Software Engineering,Mid,"Baltimore, MD",100,FALSE,2019-08-01,2021-09-01,FALSE,26,93750,Internal Promotion,FALSE,Algorithms|Data Structures|JavaScript|Quality Assurance|Testing|Version Control
JOB-0000088,CID-613962,Marketside Digital,E-Commerce & Retail Tech,Large,Senior Software Engineer,Software Engineering,Senior,"Baltimore, MD",100,FALSE,2021-09-01,2022-12-01,FALSE,16,103500,Internal Promotion,FALSE,Agile|Algorithms|CI/CD|Data Structures|Distributed Systems|Git|Python|Team Software|Testing|Version Control
JOB-0000089,CID-613962,Marketside Digital,E-Commerce & Retail Tech,Large,Engineering Manager,Software Engineering,Manager,"Baltimore, MD",100,FALSE,2022-12-01,2025-05-01,FALSE,30,144000,Internal Promotion,FALSE,Algorithms|Data Structures|Distributed Systems|Java|Object-Oriented Design|Performance Analysis|REST APIs|SQL|Software Design|Testing|Version Control
JOB-0000090,CID-613962,Clarion Clinical Data,Healthcare & Life Sciences,Small,Senior Engineering Manager,Software Engineering,Director,"Baltimore, MD",100,TRUE,2025-06-01,,TRUE,16,205500,New Employer - Advance,FALSE,Algorithms|C++|Data Structures|Performance Analysis|Python|Software Design|Testing|Version Control
JOB-0000091,CID-762388,Meridian National Systems,Federal Contracting,Enterprise,IT Analyst,IT Business & Product,Entry,"Washington, DC Metro",112,FALSE,2024-01-01,2024-06-01,FALSE,6,77250,First Job,TRUE,Business Process|Compliance|Project Management|Requirements|Risk Assessment|Roadmapping|SQL|Systems Analysis
JOB-0000092,CID-762388,Meridian National Systems,Federal Contracting,Enterprise,Systems Analyst,IT Business & Product,Mid,"Washington, DC Metro",112,FALSE,2024-06-01,,TRUE,28,99750,Internal Promotion,TRUE,Business Process|Project Management|Requirements|Roadmapping|Technical Writing
JOB-0000093,CID-810421,CareBridge Technology,Healthcare & Life Sciences,Mid,Junior Security Engineer,Cybersecurity,Entry,"Columbia/Howard County, MD",107,FALSE,2019-06-01,2020-11-01,FALSE,18,94250,First Job,FALSE,Incident Response|Linux|Network Security|Penetration Testing|Security Protocols|TCP/IP
JOB-0000094,CID-810421,Cartway Commerce,E-Commerce & Retail Tech,Mid,SOC Analyst,Cybersecurity,Entry,"Baltimore, MD",100,FALSE,2020-11-01,2021-12-01,FALSE,14,85750,New Employer - Lateral,FALSE,Exploit Development|Incident Response|Linux|Network Security|Penetration Testing
JOB-0000095,CID-810421,Harborline Networks,Cloud & Infrastructure,Mid,Security Analyst I,Cybersecurity,Entry,"Austin, TX",105,FALSE,2021-12-01,2022-05-01,FALSE,6,90750,New Employer - Lateral,FALSE,Cryptography|Exploit Development|Incident Response|Linux|Network Security
JOB-0000096,CID-810421,Harborline Networks,Cloud & Infrastructure,Mid,SOC Analyst,Cybersecurity,Entry,"Austin, TX",105,FALSE,2022-05-01,2023-08-01,FALSE,16,82500,Internal Lateral,FALSE,Forensics|Incident Response|Linux|Network Security|Risk Assessment|Security Operations|TCP/IP
JOB-0000097,CID-810421,Federal Health Data Office,Federal Government,Large,Security Analyst I,Cybersecurity,Entry,"Baltimore, MD",100,TRUE,2023-08-01,2025-12-01,FALSE,29,84000,New Employer - Lateral,TRUE,Forensics|Incident Response|Linux|Network Security|Penetration Testing|Risk Assessment
JOB-0000098,CID-810421,Federal Health Data Office,Federal Government,Large,Incident Response Analyst,Cybersecurity,Mid,"Baltimore, MD",100,TRUE,2025-12-01,,TRUE,10,94750,Internal Promotion,TRUE,Compliance|Incident Response|Linux|Network Security|Penetration Testing|Security Protocols|TCP/IP
JOB-0000099,CID-475430,Catoctin Analytics Group,Federal Contracting,Mid,Junior Developer,Software Engineering,Entry,"Washington, DC Metro",112,FALSE,2022-01-01,2023-02-01,FALSE,14,81500,First Job,TRUE,Algorithms|Data Structures|Git|Quality Assurance|Software Design|Testing|Version Control|Web Frameworks
JOB-0000100,CID-475430,Catoctin Analytics Group,Federal Contracting,Mid,Software Engineer II,Software Engineering,Mid,"Washington, DC Metro",112,FALSE,2024-09-01,,TRUE,25,97722,Return to School,TRUE,Algorithms|Data Structures|Java|Object-Oriented Design|Testing|Version Control
JOB-0000101,CID-712082,Dockside Logistics Systems,Logistics & Transportation,Mid,Software Engineer I,Software Engineering,Entry,"Washington, DC Metro",112,FALSE,2022-06-01,2024-03-01,FALSE,22,95000,First Job,FALSE,Algorithms|C++|Data Structures|Java|Python|SQL|Testing|Version Control
JOB-0000102,CID-712082,Severn River Consulting,Federal Contracting,Small,Software Engineer II,Software Engineering,Mid,"Baltimore, MD",100,FALSE,2024-03-01,2024-08-01,FALSE,6,89750,New Employer - Advance,TRUE,Algorithms|Data Structures|Java|Software Design|Testing|Version Control|Web Frameworks
JOB-0000103,CID-712082,Severn River Consulting,Federal Contracting,Small,Software Developer,Software Engineering,Mid,"Baltimore, MD",100,FALSE,2024-08-01,,TRUE,26,88500,Internal Lateral,TRUE,Algorithms|Compliance|Data Structures|REST APIs|Risk Assessment|SQL|Testing|Version Control
JOB-0000104,CID-823726,Harbor Mutual Insurance,Insurance,Large,IT Analyst,IT Business & Product,Entry,"Baltimore, MD",100,FALSE,2022-04-01,2022-12-01,FALSE,9,54500,First Job,FALSE,Business Process|Product Management|Project Management|Requirements|Roadmapping|SQL|UML
JOB-0000105,CID-823726,Harbor Mutual Insurance,Insurance,Large,IT Analyst,IT Business & Product,Entry,"Baltimore, MD",100,FALSE,2022-12-01,2025-01-01,FALSE,26,59750,Internal Lateral,FALSE,Agile|Business Process|Presentation|Project Management|Requirements|Strategy|Systems Analysis
JOB-0000106,CID-823726,Harbor Mutual Insurance,Insurance,Large,Product Analyst,IT Business & Product,Mid,"Baltimore, MD",100,FALSE,2025-01-01,,TRUE,21,85250,Internal Promotion,FALSE,Business Process|Project Management|Requirements|Strategy|UML|User Research
JOB-0000107,CID-355503,Antietam Systems Integration,Federal Contracting,Small,Business Analyst,IT Business & Product,Entry,"Washington, DC Metro",112,FALSE,2026-06-01,,TRUE,4,98500,First Job,FALSE,Business Process|MIS|Project Management|Requirements|Technical Writing
JOB-0000108,CID-350459,Federal Health Data Office,Federal Government,Large,Machine Learning Engineer I,Machine Learning & AI,Entry,"Baltimore, MD",100,FALSE,2026-06-01,,TRUE,4,76750,First Job,FALSE,AI|Linear Algebra|Machine Learning|PyTorch|Python|Statistics
JOB-0000109,CID-604268,Potomac Mission Solutions,Federal Contracting,Large,Data Analyst,Data & Analytics,Entry,"Baltimore, MD",100,FALSE,2025-10-01,,TRUE,12,55250,First Job,FALSE,Data Engineering|Data Modeling|Database Design|Predictive Modeling|Query Optimization|SQL|Statistics
JOB-0000110,CID-578480,Northwind Platform Co.,Software Products,Enterprise,Associate Software Engineer,Software Engineering,Entry,"Boston, MA",124,FALSE,2016-06-01,2016-11-01,FALSE,6,94750,First Job,FALSE,Algorithms|C++|CI/CD|Data Structures|Object-Oriented Design|REST APIs|Testing|Version Control
JOB-0000111,CID-578480,Meridian National Systems,Federal Contracting,Enterprise,Junior Developer,Software Engineering,Entry,"Washington, DC Metro",112,FALSE,2017-01-01,2019-06-01,FALSE,30,88500,New Employer - Lateral,TRUE,Algorithms|Data Structures|Git|Object-Oriented Design|Python|Quality Assurance|Risk Assessment|Testing|Version Control
JOB-0000112,CID-578480,Meridian National Systems,Federal Contracting,Enterprise,Software Engineer II,Software Engineering,Mid,"Washington, DC Metro",112,FALSE,2019-06-01,2023-04-01,FALSE,47,95500,Internal Promotion,TRUE,Algorithms|Data Structures|JavaScript|Risk Assessment|SQL|Testing|Version Control|Web Frameworks
JOB-0000113,CID-578480,Meridian National Systems,Federal Contracting,Enterprise,Applications Engineer,Software Engineering,Mid,"Washington, DC Metro",112,FALSE,2023-04-01,,TRUE,42,103500,Internal Lateral,TRUE,Algorithms|Compliance|Data Structures|Git|Java|Quality Assurance|Risk Assessment|Software Design|Testing|Version Control
JOB-0000114,CID-390828,Parcel & Post Technologies,Logistics & Transportation,Large,Software Engineer I,Software Engineering,Entry,Northern Virginia,114,FALSE,2017-01-01,2019-05-01,FALSE,29,87000,First Job,TRUE,Algorithms|Data Structures|Java|Risk Assessment|SQL|Software Design|Testing|Version Control|Web Frameworks
JOB-0000115,CID-390828,Meridian National Systems,Federal Contracting,Enterprise,Applications Engineer,Software Engineering,Mid,"Baltimore, MD",100,FALSE,2019-05-01,2023-10-01,FALSE,54,86000,New Employer - Advance,FALSE,Algorithms|C++|Data Structures|Java|Testing|Version Control
JOB-0000116,CID-390828,Anvil Compute,Cloud & Infrastructure,Enterprise,Senior Developer,Software Engineering,Senior,"Baltimore, MD",100,FALSE,2023-11-01,,TRUE,35,116500,New Employer - Advance,FALSE,Agile|Algorithms|CI/CD|Data Structures|Distributed Systems|REST APIs|SQL|Team Software|Testing|Version Control
JOB-0000117,CID-100384,Potomac Mission Solutions,Federal Contracting,Large,IT Support Specialist,IT Support & Operations,Entry,"Columbia/Howard County, MD",107,FALSE,2026-06-01,,TRUE,4,82500,First Job,TRUE,Automation|Linux|Networking|Operating Systems|Presentation|Problem Solving|Risk Assessment
JOB-0000118,CID-574621,Catoctin Analytics Group,Federal Contracting,Mid,Software Engineer I,Software Engineering,Entry,"Baltimore, MD",100,FALSE,2026-06-01,,TRUE,4,80500,First Job,FALSE,Agile|Algorithms|Data Structures|JavaScript|Testing|Version Control
JOB-0000119,CID-931948,Marketside Digital,E-Commerce & Retail Tech,Large,Junior Developer,Software Engineering,Entry,"Baltimore, MD",100,FALSE,2017-01-01,2018-12-01,FALSE,24,72500,First Job,FALSE,Algorithms|Data Structures|Java|JavaScript|Software Design|Testing|Version Control
JOB-0000120,CID-931948,Cartway Commerce,E-Commerce & Retail Tech,Mid,Software Developer,Software Engineering,Mid,Northern Virginia,114,FALSE,2018-12-01,2020-03-01,FALSE,16,84500,New Employer - Advance,FALSE,Agile|Algorithms|Data Structures|Quality Assurance|SQL|Testing|Version Control|Web Frameworks
JOB-0000121,CID-931948,Falconview Systems,Software Products,Mid,Senior Software Engineer,Software Engineering,Senior,"Washington, DC Metro",112,FALSE,2020-03-01,2022-02-01,FALSE,24,103000,New Employer - Advance,TRUE,Algorithms|CI/CD|Compliance|Data Structures|Distributed Systems|Performance Analysis|Requirements|Risk Assessment|Software Design|Team Software|Testing|Version Control|Web Frameworks
JOB-0000122,CID-931948,Antietam Systems Integration,Federal Contracting,Small,Lead Software Engineer,Software Engineering,Lead,"Columbia/Howard County, MD",107,FALSE,2022-02-01,,TRUE,56,116500,New Employer - Advance,FALSE,Algorithms|C++|CI/CD|Data Structures|Distributed Systems|Requirements|Testing|Version Control
JOB-0000123,CID-316026,Catoctin Analytics Group,Federal Contracting,Mid,Software Engineer I,Software Engineering,Entry,"Washington, DC Metro",112,FALSE,2016-06-15,2018-06-15,FALSE,25,59750,First Job,FALSE,Algorithms|Data Structures|JavaScript|Quality Assurance|Testing|Version Control
JOB-0000124,CID-316026,Catoctin Analytics Group,Federal Contracting,Mid,Applications Engineer,Software Engineering,Mid,"Washington, DC Metro",112,FALSE,2018-06-15,2021-10-15,FALSE,41,72250,Internal Promotion,FALSE,Algorithms|C++|Data Structures|Git|JavaScript|Testing|Version Control|Web Frameworks
JOB-0000125,CID-316026,Catoctin Analytics Group,Federal Contracting,Mid,Applications Engineer,Software Engineering,Mid,"Washington, DC Metro",112,FALSE,2021-10-15,,TRUE,60,82000,Internal Lateral,FALSE,Algorithms|Data Structures|Git|Python|Testing|Version Control
JOB-0000126,CID-508507,Patapsco Aerospace,Defense & Aerospace,Large,Junior Data Analyst,Data & Analytics,Entry,"Baltimore, MD",100,FALSE,2026-08-15,,TRUE,2,65750,First Job,TRUE,Business Intelligence|Data Modeling|Predictive Modeling|SQL|Statistics|Visualization
JOB-0000127,CID-183508,Federal Health Data Office,Federal Government,Large,Junior Data Analyst,Data & Analytics,Entry,"Columbia/Howard County, MD",107,FALSE,2021-06-01,2026-08-01,FALSE,63,59750,First Job,FALSE,Data Mining|Data Modeling|ETL|Predictive Modeling|R|SQL|Statistics
JOB-0000128,CID-183508,Federal Health Data Office,Federal Government,Large,Data Analyst II,Data & Analytics,Mid,"Columbia/Howard County, MD",107,FALSE,2026-08-01,,TRUE,2,74500,Internal Promotion,FALSE,Data Mining|Data Modeling|Python|Query Optimization|SQL|Statistics
JOB-0000129,CID-143389,Tidewater Defense Group,Defense & Aerospace,Large,Software Engineer I,Software Engineering,Entry,"Washington, DC Metro",112,FALSE,2021-07-01,2025-06-01,FALSE,48,68250,First Job,TRUE,Algorithms|Data Structures|Python|Software Design|Testing|Version Control
JOB-0000130,CID-143389,Tidewater Defense Group,Defense & Aerospace,Large,Applications Engineer,Software Engineering,Mid,"Washington, DC Metro",112,FALSE,2025-06-01,,TRUE,16,81750,Internal Promotion,TRUE,Agile|Algorithms|CI/CD|Data Structures|SQL|Testing|Version Control|Web Frameworks
JOB-0000131,CID-922958,Calvert Advisory Group,Consulting & Professional Services,Large,EHR Support Analyst,Health IT,Entry,Northern Virginia,114,FALSE,2026-01-15,,TRUE,9,104500,First Job,FALSE,EHR|FHIR|HIPAA|Health Analytics|Health IT|Interoperability
JOB-0000132,CID-501308,Blue Heron Technologies,Federal Contracting,Mid,Junior ML Engineer,Machine Learning & AI,Entry,"Washington, DC Metro",112,FALSE,2019-06-01,2020-02-01,FALSE,9,85000,First Job,FALSE,GPU Computing|Linear Algebra|Machine Learning|Matrix Computation|Python|Statistics
JOB-0000133,CID-501308,Blue Heron Technologies,Federal Contracting,Mid,Machine Learning Engineer I,Machine Learning & AI,Entry,"Washington, DC Metro",112,FALSE,2020-02-01,2024-06-01,FALSE,53,66750,Internal Lateral,FALSE,AI|Machine Learning|NLP|Python|Search Algorithms|Statistics
JOB-0000134,CID-501308,Keystone Federal Services,Federal Contracting,Mid,Machine Learning Engineer I,Machine Learning & AI,Entry,"Washington, DC Metro",112,FALSE,2024-07-01,2025-06-01,FALSE,12,77750,New Employer - Lateral,TRUE,AI|Compliance|Machine Learning|PyTorch|Python|Statistics
JOB-0000135,CID-501308,Keystone Federal Services,Federal Contracting,Mid,Machine Learning Engineer I,Machine Learning & AI,Entry,"Washington, DC Metro",112,FALSE,2025-06-01,,TRUE,16,77250,Internal Lateral,TRUE,Compliance|Deep Learning|GPU Computing|Linear Algebra|Machine Learning|PyTorch|Python|Risk Assessment|Statistics
JOB-0000136,CID-599762,Tidewater Defense Group,Defense & Aerospace,Large,Junior Security Engineer,Cybersecurity,Entry,"Washington, DC Metro",112,FALSE,2023-01-01,,TRUE,45,79500,First Job,FALSE,Compliance|Forensics|Incident Response|Linux|Network Security|Penetration Testing|TCP/IP
JOB-0000137,CID-361250,Patapsco Aerospace,Defense & Aerospace,Large,Junior Data Analyst,Data & Analytics,Entry,"Baltimore, MD",100,FALSE,2026-06-15,,TRUE,4,87250,First Job,TRUE,Data Modeling|ETL|Python|Risk Assessment|SQL|Statistics
JOB-0000138,CID-957937,Federal Health Data Office,Federal Government,Large,Junior Data Analyst,Data & Analytics,Entry,"Baltimore, MD",100,FALSE,2022-06-01,2025-08-01,FALSE,39,55250,First Job,TRUE,Compliance|Data Mining|Data Modeling|Database Design|R|Risk Assessment|SQL|Statistics
JOB-0000139,CID-957937,Federal Health Data Office,Federal Government,Large,Data Engineer,Data & Analytics,Mid,"Baltimore, MD",100,FALSE,2025-08-01,2026-07-01,FALSE,12,70500,Internal Promotion,TRUE,Compliance|Data Modeling|Predictive Modeling|Python|SQL|Statistics|Tableau
JOB-0000140,CID-957937,Federal Health Data Office,Federal Government,Large,Senior Data Engineer,Data & Analytics,Senior,"Baltimore, MD",100,FALSE,2026-07-01,,TRUE,3,73750,Internal Promotion,TRUE,Compliance|Data Engineering|Data Modeling|ETL|Project Management|Python|Requirements|Risk Assessment|SQL|Statistics
JOB-0000141,CID-376458,Harbor Mutual Insurance,Insurance,Large,Junior Systems Analyst,IT Business & Product,Entry,"Baltimore, MD",100,TRUE,2021-06-01,2023-04-01,FALSE,23,62500,First Job,FALSE,Business Process|Presentation|Project Management|Requirements|Roadmapping|SQL|Technical Writing
JOB-0000142,CID-376458,Harbor Mutual Insurance,Insurance,Large,Systems Analyst,IT Business & Product,Mid,"Baltimore, MD",100,TRUE,2023-04-01,2024-05-01,FALSE,14,79750,Internal Promotion,FALSE,Agile|Business Process|Presentation|Product Management|Project Management|Requirements|Systems Analysis
JOB-0000143,CID-376458,Harbor Mutual Insurance,Insurance,Large,Systems Analyst,IT Business & Product,Mid,"Baltimore, MD",100,TRUE,2024-05-01,,TRUE,29,81500,Internal Lateral,FALSE,Business Process|MIS|Project Management|Requirements|SQL
JOB-0000144,CID-131331,Allied Shield Insurance Group,Insurance,Enterprise,Junior Developer,Software Engineering,Entry,Northern Virginia,114,FALSE,2018-01-01,2019-05-01,FALSE,17,62000,First Job,FALSE,Algorithms|Data Structures|Git|REST APIs|Testing|Version Control
JOB-0000145,CID-131331,Allied Shield Insurance Group,Insurance,Enterprise,Software Engineer I,Software Engineering,Entry,Northern Virginia,114,FALSE,2019-05-01,2021-10-01,FALSE,30,58750,Internal Lateral,FALSE,Algorithms|C++|Data Structures|Object-Oriented Design|Software Design|Testing|Version Control
JOB-0000146,CID-131331,Keystone Federal Services,Federal Contracting,Mid,Software Developer,Software Engineering,Mid,"Baltimore, MD",100,FALSE,2021-11-01,2023-02-01,FALSE,16,80000,New Employer - Advance,TRUE,Algorithms|C++|Compliance|Data Structures|Java|Python|Risk Assessment|Testing|Version Control
JOB-0000147,CID-131331,Keystone Federal Services,Federal Contracting,Mid,Senior Developer,Software Engineering,Senior,"Baltimore, MD",100,FALSE,2023-02-01,2026-08-01,FALSE,43,97000,Internal Promotion,TRUE,Algorithms|Data Structures|Distributed Systems|JavaScript|Object-Oriented Design|Python|SQL|Software Design|Testing|Version Control
JOB-0000148,CID-131331,Chesapeake Defense Systems,Defense & Aerospace,Enterprise,Engineering Manager,Software Engineering,Manager,"Baltimore, MD",100,FALSE,2026-08-01,,TRUE,2,143500,New Employer - Advance,TRUE,Algorithms|C++|Data Structures|Distributed Systems|Java|Object-Oriented Design|Performance Analysis|Quality Assurance|Risk Assessment|Software Design|Testing|Version Control
JOB-0000149,CID-580718,Blue Heron Technologies,Federal Contracting,Mid,SOC Analyst,Cybersecurity,Entry,Northern Virginia,114,TRUE,2020-03-01,2024-04-01,FALSE,50,69750,First Job,FALSE,Cryptography|Exploit Development|Incident Response|Linux|Network Security|Networking|Security Operations
JOB-0000150,CID-580718,Harbor Mutual Insurance,Insurance,Large,Security Analyst II,Cybersecurity,Mid,"Washington, DC Metro",112,FALSE,2024-05-01,2025-10-01,FALSE,18,101500,New Employer - Advance,FALSE,Exploit Development|Incident Response|Linux|Network Security|Networking|Penetration Testing
JOB-0000151,CID-580718,Harbor Mutual Insurance,Insurance,Large,Security Analyst II,Cybersecurity,Mid,"Washington, DC Metro",112,FALSE,2025-10-01,,TRUE,12,106500,Internal Lateral,FALSE,Incident Response|Linux|Network Security|Networking|Risk Assessment|Security Operations|Security Protocols
JOB-0000152,CID-961612,Allied Shield Insurance Group,Insurance,Enterprise,Business Analyst,IT Business & Product,Entry,"Baltimore, MD",100,FALSE,2016-01-01,2018-01-01,FALSE,25,69750,First Job,FALSE,Business Process|Presentation|Project Management|Requirements|Technical Writing
JOB-0000153,CID-961612,Allied Shield Insurance Group,Insurance,Enterprise,Product Analyst,IT Business & Product,Mid,"Baltimore, MD",100,FALSE,2018-01-01,2019-06-01,FALSE,18,73000,Internal Promotion,FALSE,Business Process|MIS|Project Management|Requirements|Systems Analysis
JOB-0000154,CID-961612,Allied Shield Insurance Group,Insurance,Enterprise,Systems Analyst,IT Business & Product,Mid,"Baltimore, MD",100,FALSE,2019-06-01,2021-02-01,FALSE,21,75750,Internal Lateral,FALSE,Business Process|Presentation|Project Management|Requirements|SQL|Systems Analysis|UML
JOB-0000155,CID-961612,Allied Shield Insurance Group,Insurance,Enterprise,Technical Project Coordinator,IT Business & Product,Mid,"Baltimore, MD",100,FALSE,2021-02-01,2022-06-01,FALSE,17,75250,Internal Lateral,FALSE,Business Process|Product Management|Project Management|Requirements|Strategy|UML
JOB-0000156,CID-961612,Allied Shield Insurance Group,Insurance,Enterprise,Systems Analyst,IT Business & Product,Mid,"Baltimore, MD",100,FALSE,2022-06-01,2024-08-01,FALSE,27,80750,Internal Lateral,FALSE,Business Process|Project Management|Requirements|Roadmapping|Systems Analysis
JOB-0000157,CID-961612,Allied Shield Insurance Group,Insurance,Enterprise,Systems Analyst,IT Business & Product,Mid,"Baltimore, MD",100,FALSE,2025-03-01,,TRUE,19,82867,Career Break,FALSE,Business Process|Presentation|Product Management|Project Management|Requirements|Roadmapping|User Research
JOB-0000158,CID-907406,Fidelis Capital Partners,Financial Services,Enterprise,IT Analyst,IT Business & Product,Entry,Remote - United States,99,TRUE,2025-06-15,2025-11-15,FALSE,6,104500,First Job,FALSE,Business Process|Presentation|Project Management|Requirements|Technical Writing
JOB-0000159,CID-907406,Falconview Systems,Software Products,Mid,Business Analyst,IT Business & Product,Entry,"Washington, DC Metro",112,FALSE,2026-01-15,,TRUE,9,102500,New Employer - Lateral,FALSE,Business Process|Project Management|Requirements|Technical Writing|UML
JOB-0000160,CID-611883,Office of Technology Policy,Federal Government,Mid,Junior Systems Analyst,IT Business & Product,Entry,"Washington, DC Metro",112,FALSE,2026-06-01,,TRUE,4,93000,First Job,FALSE,Business Process|Project Management|Requirements|SQL|Technical Writing|User Research
JOB-0000161,CID-110755,Meridian National Systems,Federal Contracting,Enterprise,Junior DevOps Engineer,Infrastructure & Cloud,Entry,Northern Virginia,114,FALSE,2022-01-01,2022-07-01,FALSE,7,90750,First Job,TRUE,Automation|CI/CD|Cloud|Compliance|Concurrency|Infrastructure as Code|Linux|Risk Assessment
JOB-0000162,CID-110755,Lumen Grid Software,Software Products,Large,Site Reliability Engineer,Infrastructure & Cloud,Mid,"Columbia/Howard County, MD",107,FALSE,2022-07-01,2026-06-01,FALSE,48,101000,New Employer - Advance,FALSE,Automation|Cloud|Concurrency|Containers|Linux
JOB-0000163,CID-110755,Greenspring Health Systems,Healthcare & Life Sciences,Enterprise,Cloud Engineer,Infrastructure & Cloud,Mid,"Washington, DC Metro",112,FALSE,2026-06-01,,TRUE,4,109000,New Employer - Lateral,FALSE,Automation|CI/CD|Cloud|Containers|Linux|Python|TCP/IP
JOB-0000164,CID-565439,Chesapeake Defense Systems,Defense & Aerospace,Enterprise,Machine Learning Engineer I,Machine Learning & AI,Entry,"Baltimore, MD",100,FALSE,2022-06-01,2023-06-01,FALSE,13,98750,First Job,TRUE,Algorithms|GPU Computing|Machine Learning|Matrix Computation|NLP|Python|Statistics
JOB-0000165,CID-565439,Chesapeake Defense Systems,Defense & Aerospace,Enterprise,Applied Scientist,Machine Learning & AI,Mid,"Baltimore, MD",100,FALSE,2023-06-01,2025-03-01,FALSE,22,92250,Internal Promotion,TRUE,Algorithms|Data Mining|Linear Algebra|Machine Learning|PyTorch|Python|Risk Assessment|Statistics
JOB-0000166,CID-565439,Chesapeake Defense Systems,Defense & Aerospace,Enterprise,Senior Applied Scientist,Machine Learning & AI,Senior,"Baltimore, MD",100,FALSE,2025-03-01,,TRUE,19,107000,Internal Promotion,TRUE,AI|Compliance|Distributed Systems|GPU Computing|Machine Learning|NLP|Performance Analysis|Python|Search Algorithms|Statistics|Team Software
JOB-0000167,CID-642500,Sterling Ridge Consulting,Consulting & Professional Services,Enterprise,Systems Administrator,Infrastructure & Cloud,Entry,Other - United States,95,FALSE,2020-07-01,2022-04-01,FALSE,22,84000,First Job,FALSE,Automation|Cloud|Containers|Distributed Systems|Linux
JOB-0000168,CID-642500,Greenspring Health Systems,Healthcare & Life Sciences,Enterprise,Systems Administrator,Infrastructure & Cloud,Entry,"Baltimore, MD",100,TRUE,2022-04-01,2023-02-01,FALSE,11,86250,New Employer - Lateral,FALSE,Automation|Cloud|Distributed Systems|Linux|Networking|Performance Analysis|TCP/IP
JOB-0000169,CID-642500,Greenspring Health Systems,Healthcare & Life Sciences,Enterprise,Systems Administrator,Infrastructure & Cloud,Entry,"Baltimore, MD",100,TRUE,2023-02-01,2023-08-01,FALSE,7,77250,Internal Lateral,FALSE,Automation|CI/CD|Cloud|Containers|Linux
JOB-0000170,CID-642500,Greenspring Health Systems,Healthcare & Life Sciences,Enterprise,Site Reliability Engineer,Infrastructure & Cloud,Mid,"Baltimore, MD",100,TRUE,2023-08-01,2026-07-01,FALSE,36,85000,Internal Promotion,FALSE,Automation|CI/CD|Cloud|Linux|TCP/IP
JOB-0000171,CID-642500,Keystone Federal Services,Federal Contracting,Mid,Senior Cloud Engineer,Infrastructure & Cloud,Senior,"Washington, DC Metro",112,FALSE,2026-08-01,,TRUE,2,119000,New Employer - Advance,TRUE,Automation|Cloud|Compliance|Concurrency|Linux|Networking|Performance Analysis|TCP/IP|Team Software
JOB-0000172,CID-452182,Patapsco Aerospace,Defense & Aerospace,Large,Systems Administrator,Infrastructure & Cloud,Entry,"Washington, DC Metro",112,FALSE,2025-01-01,,TRUE,21,99500,First Job,TRUE,Automation|CI/CD|Cloud|Linux|Networking|Risk Assessment
JOB-0000173,CID-520855,Pinnacle Bridge Partners,Consulting & Professional Services,Mid,Business Analyst,IT Business & Product,Entry,"New York, NY",132,FALSE,2021-03-01,2022-06-01,FALSE,16,75250,First Job,FALSE,Agile|Business Process|MIS|Project Management|Requirements|Roadmapping|Technical Writing
JOB-0000174,CID-520855,Pinnacle Bridge Partners,Consulting & Professional Services,Mid,IT Analyst,IT Business & Product,Entry,"New York, NY",132,FALSE,2022-06-01,2024-04-01,FALSE,23,84750,Internal Lateral,FALSE,Business Process|Project Management|Requirements|Roadmapping|UML
JOB-0000175,CID-520855,Greenspring Health Systems,Healthcare & Life Sciences,Enterprise,Business Analyst,IT Business & Product,Entry,"Columbia/Howard County, MD",107,FALSE,2024-05-01,2025-02-01,FALSE,10,88750,New Employer - Lateral,FALSE,Business Process|Project Management|Requirements|Systems Analysis|UML
JOB-0000176,CID-520855,Greenspring Health Systems,Healthcare & Life Sciences,Enterprise,IT Analyst,IT Business & Product,Entry,"Columbia/Howard County, MD",107,FALSE,2025-02-01,,TRUE,20,79750,Internal Lateral,FALSE,Business Process|Product Management|Project Management|Requirements|SQL
JOB-0000177,CID-415085,Meridian National Systems,Federal Contracting,Enterprise,Associate Software Engineer,Software Engineering,Entry,"Washington, DC Metro",112,FALSE,2022-06-01,2025-01-01,FALSE,32,101000,First Job,TRUE,Algorithms|C++|Compliance|Data Structures|Java|Software Design|Testing|Version Control
JOB-0000178,CID-415085,Quarry Road Software,Software Products,Startup,Software Engineer I,Software Engineering,Entry,"Columbia/Howard County, MD",107,FALSE,2025-02-01,,TRUE,20,91250,Industry Switch,FALSE,Algorithms|CI/CD|Data Structures|REST APIs|Testing|Version Control
JOB-0000179,CID-219318,Chesapeake Defense Systems,Defense & Aerospace,Enterprise,Help Desk Technician,IT Support & Operations,Entry,"Washington, DC Metro",112,FALSE,2020-04-15,2020-12-15,FALSE,9,45250,First Job,FALSE,Linux|Networking|Presentation|Problem Solving|TCP/IP
JOB-0000180,CID-219318,Chesapeake Defense Systems,Defense & Aerospace,Enterprise,Systems Support Engineer,IT Support & Operations,Mid,"Washington, DC Metro",112,FALSE,2020-12-15,2025-02-15,FALSE,51,62250,Internal Promotion,FALSE,Automation|Compliance|Linux|Networking|Problem Solving|Technical Writing
JOB-0000181,CID-219318,Fidelis Capital Partners,Financial Services,Enterprise,Senior Systems Engineer,IT Support & Operations,Senior,"Denver, CO",107,FALSE,2025-03-15,,TRUE,19,96000,New Employer - Advance,FALSE,Automation|Linux|Networking|Presentation|Problem Solving|Project Management|TCP/IP
JOB-0000182,CID-990239,Meridian National Systems,Federal Contracting,Enterprise,Junior Data Analyst,Data & Analytics,Entry,Northern Virginia,114,TRUE,2023-02-15,,TRUE,44,64500,First Job,TRUE,Business Intelligence|Compliance|Data Modeling|Python|Query Optimization|Risk Assessment|SQL|Statistics|Visualization
JOB-0000183,CID-965326,Shoreline Retail Group,E-Commerce & Retail Tech,Enterprise,Junior DevOps Engineer,Infrastructure & Cloud,Entry,"Columbia/Howard County, MD",107,FALSE,2020-01-01,2021-07-01,FALSE,19,75250,First Job,FALSE,Automation|Cloud|Distributed Systems|Linux|Networking|Python
JOB-0000184,CID-965326,National Data Services Agency,Federal Government,Enterprise,Site Reliability Engineer,Infrastructure & Cloud,Mid,"Baltimore, MD",100,TRUE,2021-09-01,2024-08-01,FALSE,36,83750,New Employer - Advance,TRUE,Automation|CI/CD|Cloud|Compliance|Concurrency|Distributed Systems|Linux|Networking|Risk Assessment
JOB-0000185,CID-965326,National Data Services Agency,Federal Government,Enterprise,Senior DevOps Engineer,Infrastructure & Cloud,Senior,"Baltimore, MD",100,TRUE,2024-08-01,,TRUE,26,101500,Internal Promotion,TRUE,Automation|Cloud|Compliance|Linux|Networking|Operating Systems|Performance Analysis|Risk Assessment|Strategy
JOB-0000186,CID-506961,Harbor Mutual Insurance,Insurance,Large,Data Analyst,Data & Analytics,Entry,Remote - United States,99,TRUE,2021-06-01,2021-11-01,FALSE,6,57000,First Job,FALSE,Data Mining|Data Modeling|Database Design|ETL|SQL|Statistics
JOB-0000187,CID-506961,Harbor Mutual Insurance,Insurance,Large,Analytics Engineer,Data & Analytics,Mid,Remote - United States,99,TRUE,2021-11-01,2023-05-01,FALSE,19,65500,Internal Promotion,FALSE,Data Mining|Data Modeling|Predictive Modeling|R|SQL|Statistics
JOB-0000188,CID-506961,Harbor Mutual Insurance,Insurance,Large,Senior Data Analyst,Data & Analytics,Senior,Remote - United States,99,TRUE,2023-05-01,2024-08-01,FALSE,16,87500,Internal Promotion,FALSE,Business Process|Data Engineering|Data Modeling|ETL|Python|Query Optimization|Requirements|SQL|Statistics|Tableau
JOB-0000189,CID-506961,Redoubt Security Partners,Cybersecurity Services,Mid,Senior Data Engineer,Data & Analytics,Senior,"Baltimore, MD",100,FALSE,2024-08-01,,TRUE,26,103500,New Employer - Lateral,TRUE,Business Intelligence|Business Process|Data Engineering|Data Modeling|Database Design|Requirements|Risk Assessment|SQL|Statistics|Tableau
JOB-0000190,CID-271750,Harbor Mutual Insurance,Insurance,Large,Data Analyst,Data & Analytics,Entry,"Baltimore, MD",100,FALSE,2021-06-01,2022-06-01,FALSE,13,74750,First Job,FALSE,Data Modeling|ETL|Python|SQL|Statistics
JOB-0000191,CID-271750,Northwind Platform Co.,Software Products,Enterprise,Junior Data Analyst,Data & Analytics,Entry,"Washington, DC Metro",112,FALSE,2022-06-01,2023-10-01,FALSE,17,79500,Industry Switch,FALSE,Data Engineering|Data Modeling|Predictive Modeling|Query Optimization|SQL|Statistics
JOB-0000192,CID-271750,Northwind Platform Co.,Software Products,Enterprise,Data Engineer,Data & Analytics,Mid,"Washington, DC Metro",112,FALSE,2023-10-01,2024-10-01,FALSE,13,95500,Internal Promotion,FALSE,Data Modeling|ETL|R|SQL|Statistics|Visualization
JOB-0000193,CID-271750,Northwind Platform Co.,Software Products,Enterprise,Senior Data Engineer,Data & Analytics,Senior,"Washington, DC Metro",112,FALSE,2024-10-01,2026-05-01,FALSE,20,117000,Internal Promotion,FALSE,Business Process|Data Engineering|Data Modeling|ETL|Predictive Modeling|Query Optimization|Requirements|SQL|Statistics|Visualization
JOB-0000194,CID-271750,University of Maryland System,Higher Education,Enterprise,Data Engineering Manager,Data & Analytics,Manager,"Washington, DC Metro",112,FALSE,2026-07-01,,TRUE,3,144000,New Employer - Advance,FALSE,Data Engineering|Data Modeling|Project Management|R|Requirements|SQL|Statistics|Tableau
JOB-0000195,CID-535562,Fidelis Capital Partners,Financial Services,Enterprise,SOC Analyst,Cybersecurity,Entry,"Columbia/Howard County, MD",107,TRUE,2025-09-15,,TRUE,13,89000,First Job,FALSE,Compliance|Cryptography|Incident Response|Linux|Network Security|Networking|TCP/IP
JOB-0000196,CID-168975,Chesapeake Defense Systems,Defense & Aerospace,Enterprise,SOC Analyst,Cybersecurity,Entry,"Baltimore, MD",100,FALSE,2023-08-01,2026-05-01,FALSE,34,78000,First Job,FALSE,Cryptography|Exploit Development|Forensics|Incident Response|Linux|Network Security|Security Operations
JOB-0000197,CID-168975,Chesapeake Defense Systems,Defense & Aerospace,Enterprise,Security Engineer,Cybersecurity,Mid,"Baltimore, MD",100,FALSE,2026-05-01,,TRUE,5,94750,Internal Promotion,FALSE,Forensics|Incident Response|Linux|Network Security|Networking|Security Operations|TCP/IP
JOB-0000198,CID-974718,Chesapeake Defense Systems,Defense & Aerospace,Enterprise,Data Analyst,Data & Analytics,Entry,"Columbia/Howard County, MD",107,FALSE,2016-04-01,2018-05-01,FALSE,26,51750,First Job,TRUE,Data Modeling|ETL|Predictive Modeling|Risk Assessment|SQL|Statistics
JOB-0000199,CID-974718,Tidal Power Cooperative,Energy & Utilities,Mid,Data Analyst II,Data & Analytics,Mid,"Baltimore, MD",100,TRUE,2018-05-01,2020-03-01,FALSE,23,63750,New Employer - Advance,FALSE,Business Intelligence|Data Modeling|Query Optimization|SQL|Statistics|Visualization
JOB-0000200,CID-974718,Office of Technology Policy,Federal Government,Mid,Analytics Engineer,Data & Analytics,Mid,"Washington, DC Metro",112,FALSE,2020-04-01,2024-07-01,FALSE,52,64250,New Employer - Lateral,FALSE,Data Modeling|Python|Query Optimization|SQL|Statistics
JOB-0000201,CID-974718,Office of Technology Policy,Federal Government,Mid,Data Engineer,Data & Analytics,Mid,"Washington, DC Metro",112,FALSE,2024-07-01,,TRUE,27,75000,Internal Lateral,FALSE,Business Intelligence|Data Mining|Data Modeling|Python|Query Optimization|SQL|Statistics
JOB-0000202,CID-872171,Vantage Point Applications,Software Products,Mid,Junior DevOps Engineer,Infrastructure & Cloud,Entry,"Baltimore, MD",100,FALSE,2025-06-01,,TRUE,16,92500,First Job,FALSE,Automation|CI/CD|Cloud|Concurrency|Linux|Performance Analysis|TCP/IP
JOB-0000203,CID-132298,Blue Heron Technologies,Federal Contracting,Mid,Junior DevOps Engineer,Infrastructure & Cloud,Entry,"Baltimore, MD",100,FALSE,2022-01-01,2024-05-01,FALSE,29,81250,First Job,FALSE,Automation|CI/CD|Cloud|Linux|Operating Systems|TCP/IP
JOB-0000204,CID-132298,Catoctin Analytics Group,Federal Contracting,Mid,Site Reliability Engineer,Infrastructure & Cloud,Mid,"Baltimore, MD",100,FALSE,2024-05-01,,TRUE,29,99750,New Employer - Advance,TRUE,Automation|Cloud|Containers|Distributed Systems|Linux|Performance Analysis|Risk Assessment|TCP/IP
JOB-0000205,CID-375003,National Data Services Agency,Federal Government,Enterprise,IT Analyst,IT Business & Product,Entry,Northern Virginia,114,FALSE,2023-02-01,2025-11-01,FALSE,34,64750,First Job,FALSE,Business Process|Project Management|Requirements|Systems Analysis|User Research
JOB-0000206,CID-375003,Sentinel Peak Security,Cybersecurity Services,Mid,Systems Analyst,IT Business & Product,Mid,Northern Virginia,114,FALSE,2025-12-01,2026-05-01,FALSE,6,96250,New Employer - Advance,FALSE,Agile|Business Process|Product Management|Project Management|Requirements
JOB-0000207,CID-375003,Monument Bank Technology,Financial Services,Large,Senior Business Analyst,IT Business & Product,Senior,"Baltimore, MD",100,FALSE,2026-05-01,,TRUE,5,114500,New Employer - Advance,FALSE,Business Process|Product Management|Project Management|Requirements|Strategy|UML|User Research
JOB-0000208,CID-817644,Allied Shield Insurance Group,Insurance,Enterprise,Junior Data Analyst,Data & Analytics,Entry,Remote - United States,99,TRUE,2023-06-15,2024-10-15,FALSE,17,65500,First Job,FALSE,Data Modeling|Query Optimization|R|SQL|Statistics
JOB-0000209,CID-817644,Northwind Platform Co.,Software Products,Enterprise,Business Intelligence Analyst,Data & Analytics,Entry,"Washington, DC Metro",112,FALSE,2024-10-15,2026-05-15,FALSE,20,83750,New Employer - Lateral,FALSE,Data Engineering|Data Modeling|Predictive Modeling|Query Optimization|SQL|Statistics|Tableau
JOB-0000210,CID-817644,Northwind Platform Co.,Software Products,Enterprise,Data Analyst,Data & Analytics,Entry,"Washington, DC Metro",112,FALSE,2026-05-15,,TRUE,5,90250,Internal Lateral,FALSE,Data Modeling|Query Optimization|R|SQL|Statistics|Tableau
JOB-0000211,CID-714973,Sterling Ridge Consulting,Consulting & Professional Services,Enterprise,Business Analyst,IT Business & Product,Entry,"Washington, DC Metro",112,FALSE,2026-08-15,,TRUE,2,82500,First Job,FALSE,Business Process|Product Management|Project Management|Requirements|Strategy|Systems Analysis
JOB-0000212,CID-221502,Quarry Road Software,Software Products,Startup,Software Engineer I,Software Engineering,Entry,"Baltimore, MD",100,FALSE,2016-06-01,2018-01-01,FALSE,20,74750,First Job,FALSE,Algorithms|Data Structures|Git|Java|Object-Oriented Design|Testing|Version Control
JOB-0000213,CID-221502,Quarry Road Software,Software Products,Startup,Software Engineer I,Software Engineering,Entry,"Baltimore, MD",100,FALSE,2018-08-01,2020-03-01,FALSE,20,75834,Career Break,FALSE,Algorithms|Data Structures|JavaScript|Quality Assurance|SQL|Software Design|Testing|Version Control
JOB-0000214,CID-221502,Quarry Road Software,Software Products,Startup,Software Engineer I,Software Engineering,Entry,"Baltimore, MD",100,FALSE,2021-02-01,2022-12-01,FALSE,23,79786,Career Break,FALSE,Agile|Algorithms|Data Structures|SQL|Testing|Version Control|Web Frameworks
JOB-0000215,CID-221502,Quarry Road Software,Software Products,Startup,Applications Engineer,Software Engineering,Mid,"Baltimore, MD",100,FALSE,2022-12-01,2024-04-01,FALSE,17,82500,Internal Promotion,FALSE,Algorithms|Data Structures|Java|SQL|Software Design|Testing|Version Control|Web Frameworks
JOB-0000216,CID-221502,Potomac Mission Solutions,Federal Contracting,Large,Senior Developer,Software Engineering,Senior,"Baltimore, MD",100,FALSE,2024-04-01,,TRUE,30,101000,New Employer - Advance,TRUE,Algorithms|Data Structures|Distributed Systems|Git|Python|Quality Assurance|Requirements|Risk Assessment|Software Design|Testing|Version Control|Web Frameworks
JOB-0000217,CID-395317,Meridian National Systems,Federal Contracting,Enterprise,Software Engineer I,Software Engineering,Entry,"Baltimore, MD",100,FALSE,2023-07-15,2025-11-15,FALSE,29,64250,First Job,FALSE,Algorithms|Data Structures|Object-Oriented Design|Python|Testing|Version Control
JOB-0000218,CID-395317,Meridian National Systems,Federal Contracting,Enterprise,Software Engineer I,Software Engineering,Entry,"Baltimore, MD",100,FALSE,2025-11-15,,TRUE,11,68750,Internal Lateral,FALSE,Agile|Algorithms|CI/CD|Data Structures|REST APIs|SQL|Testing|Version Control
JOB-0000219,CID-651410,Civic Code Alliance,Nonprofit & Civic Tech,Small,Machine Learning Engineer I,Machine Learning & AI,Entry,"Washington, DC Metro",112,FALSE,2018-06-15,2020-02-15,FALSE,21,59750,First Job,FALSE,Algorithms|GPU Computing|Machine Learning|Matrix Computation|PyTorch|Python|Statistics
JOB-0000220,CID-651410,Piedmont Energy Partners,Energy & Utilities,Large,ML Engineer,Machine Learning & AI,Mid,"Columbia/Howard County, MD",107,FALSE,2020-03-15,2022-12-15,FALSE,34,71250,New Employer - Advance,FALSE,GPU Computing|Machine Learning|NLP|PyTorch|Python|Statistics
JOB-0000221,CID-651410,Piedmont Energy Partners,Energy & Utilities,Large,ML Engineer,Machine Learning & AI,Mid,"Columbia/Howard County, MD",107,FALSE,2023-08-15,2024-03-15,FALSE,8,73882,Career Break,FALSE,Machine Learning|NLP|Probability|PyTorch|Python|Search Algorithms|Statistics
JOB-0000222,CID-651410,Piedmont Energy Partners,Energy & Utilities,Large,Machine Learning Engineer II,Machine Learning & AI,Mid,"Columbia/Howard County, MD",107,FALSE,2024-03-15,2026-04-15,FALSE,26,88750,Internal Lateral,FALSE,Deep Learning|Machine Learning|NLP|Python|Statistics
JOB-0000223,CID-651410,Harborline Networks,Cloud & Infrastructure,Mid,ML Engineer,Machine Learning & AI,Mid,"Baltimore, MD",100,FALSE,2026-05-15,,TRUE,5,98000,New Employer - Lateral,FALSE,Algorithms|Deep Learning|Linear Algebra|Machine Learning|Probability|Python|Statistics
JOB-0000224,CID-908721,Northfield Biosciences,Healthcare & Life Sciences,Large,EHR Support Analyst,Health IT,Entry,Northern Virginia,114,FALSE,2025-06-01,,TRUE,16,79000,First Job,FALSE,Compliance|EHR|FHIR|HIPAA|Health IT|Interoperability|Population Health
JOB-0000225,CID-214535,Maryland Department of IT,Federal Government,Mid,Junior Developer,Software Engineering,Entry,Northern Virginia,114,TRUE,2022-03-01,2024-03-01,FALSE,25,51000,First Job,FALSE,Agile|Algorithms|Data Structures|Git|JavaScript|Python|Testing|Version Control
JOB-0000226,CID-214535,Keystone Federal Services,Federal Contracting,Mid,Applications Engineer,Software Engineering,Mid,"Baltimore, MD",100,FALSE,2024-03-01,2026-01-01,FALSE,23,72000,New Employer - Advance,TRUE,Algorithms|Data Structures|Python|Quality Assurance|Testing|Version Control
JOB-0000227,CID-214535,Keystone Federal Services,Federal Contracting,Mid,Software Engineer II,Software Engineering,Mid,"Baltimore, MD",100,FALSE,2026-01-01,,TRUE,9,80000,Internal Lateral,TRUE,Agile|Algorithms|C++|Compliance|Data Structures|Object-Oriented Design|Software Design|Testing|Version Control
JOB-0000228,CID-200881,Meridian National Systems,Federal Contracting,Enterprise,Junior Systems Analyst,IT Business & Product,Entry,"Baltimore, MD",100,FALSE,2022-06-01,2026-09-01,FALSE,52,91500,First Job,TRUE,Agile|Business Process|Project Management|Requirements|Risk Assessment|SQL|Technical Writing
JOB-0000229,CID-200881,Meridian National Systems,Federal Contracting,Enterprise,Product Analyst,IT Business & Product,Mid,"Baltimore, MD",100,FALSE,2026-09-01,,TRUE,1,105500,Internal Promotion,TRUE,Business Process|Compliance|Project Management|Requirements|SQL|UML
JOB-0000230,CID-678738,Keystone Federal Services,Federal Contracting,Mid,Data Analyst,Data & Analytics,Entry,"Baltimore, MD",100,FALSE,2024-12-15,2026-07-15,FALSE,20,65750,First Job,TRUE,Business Intelligence|Data Engineering|Data Modeling|Database Design|R|Risk Assessment|SQL|Statistics
JOB-0000231,CID-678738,Keystone Federal Services,Federal Contracting,Mid,Data Engineer,Data & Analytics,Mid,"Baltimore, MD",100,FALSE,2026-07-15,,TRUE,3,74500,Internal Promotion,TRUE,Business Intelligence|Compliance|Data Modeling|Database Design|Query Optimization|SQL|Statistics|Visualization
JOB-0000232,CID-597444,Blue Heron Technologies,Federal Contracting,Mid,Junior Data Analyst,Data & Analytics,Entry,"Columbia/Howard County, MD",107,FALSE,2021-06-01,2024-07-01,FALSE,38,64250,First Job,FALSE,Data Modeling|ETL|Predictive Modeling|Query Optimization|SQL|Statistics
JOB-0000233,CID-597444,Blue Heron Technologies,Federal Contracting,Mid,Data Analyst II,Data & Analytics,Mid,"Columbia/Howard County, MD",107,FALSE,2024-07-01,,TRUE,27,75750,Internal Promotion,FALSE,Data Modeling|Python|R|SQL|Statistics
JOB-0000234,CID-235395,Patapsco Aerospace,Defense & Aerospace,Large,Security Analyst I,Cybersecurity,Entry,"Baltimore, MD",100,FALSE,2018-07-01,2022-05-01,FALSE,47,87750,First Job,TRUE,Compliance|Cryptography|Forensics|Incident Response|Linux|Network Security|Risk Assessment|TCP/IP
JOB-0000235,CID-235395,Patapsco Aerospace,Defense & Aerospace,Large,Incident Response Analyst,Cybersecurity,Mid,"Baltimore, MD",100,FALSE,2022-05-01,2025-12-01,FALSE,44,97750,Internal Promotion,TRUE,Compliance|Forensics|Incident Response|Linux|Network Security|Networking|Penetration Testing|Risk Assessment
JOB-0000236,CID-235395,Patapsco Aerospace,Defense & Aerospace,Large,Senior Security Analyst,Cybersecurity,Senior,"Baltimore, MD",100,FALSE,2025-12-01,,TRUE,10,122000,Internal Promotion,TRUE,Audit|Compliance|Forensics|Governance|Incident Response|Linux|Network Security|Networking|Risk Management|Security Operations
JOB-0000237,CID-431548,Tidewater Defense Group,Defense & Aerospace,Large,Security Analyst I,Cybersecurity,Entry,Remote - United States,99,TRUE,2022-06-01,2025-06-01,FALSE,37,82500,First Job,TRUE,Compliance|Exploit Development|Incident Response|Linux|Network Security|TCP/IP
JOB-0000238,CID-431548,Tidewater Defense Group,Defense & Aerospace,Large,Security Analyst II,Cybersecurity,Mid,Remote - United States,99,TRUE,2025-06-01,,TRUE,16,106500,Internal Promotion,TRUE,Cryptography|Incident Response|Linux|Network Security|Networking|Risk Assessment
JOB-0000239,CID-734785,Marketside Digital,E-Commerce & Retail Tech,Large,Data Analyst,Data & Analytics,Entry,Remote - United States,99,TRUE,2023-01-01,2024-04-01,FALSE,16,77250,First Job,FALSE,Data Engineering|Data Modeling|Database Design|SQL|Statistics
JOB-0000240,CID-734785,Northfield Biosciences,Healthcare & Life Sciences,Large,Business Intelligence Analyst,Data & Analytics,Entry,Northern Virginia,114,FALSE,2024-04-01,2025-05-01,FALSE,14,76500,New Employer - Lateral,FALSE,Data Modeling|Query Optimization|SQL|Statistics|Visualization
JOB-0000241,CID-734785,Bayview Medical Informatics,Healthcare & Life Sciences,Mid,Data Analyst,Data & Analytics,Entry,"Baltimore, MD",100,FALSE,2025-05-01,,TRUE,17,69750,New Employer - Lateral,FALSE,Data Mining|Data Modeling|Database Design|Query Optimization|SQL|Statistics|Tableau
JOB-0000242,CID-792211,Federal Health Data Office,Federal Government,Large,Security Analyst I,Cybersecurity,Entry,"Baltimore, MD",100,FALSE,2019-01-01,2019-06-01,FALSE,6,66250,First Job,FALSE,Compliance|Cryptography|Incident Response|Linux|Network Security|Risk Assessment|Security Protocols
JOB-0000243,CID-792211,Federal Health Data Office,Federal Government,Large,Incident Response Analyst,Cybersecurity,Mid,"Baltimore, MD",100,FALSE,2019-06-01,2024-04-01,FALSE,59,73000,Internal Promotion,FALSE,Forensics|Incident Response|Linux|Network Security|Risk Assessment
JOB-0000244,CID-792211,National Data Services Agency,Federal Government,Enterprise,Senior Security Engineer,Cybersecurity,Senior,"Baltimore, MD",100,FALSE,2024-05-01,,TRUE,29,115000,New Employer - Advance,TRUE,Compliance|Exploit Development|Governance|Incident Response|Linux|Network Security|Risk Management|Security Management|Security Operations|Security Protocols
JOB-0000245,CID-960336,Greenspring Health Systems,Healthcare & Life Sciences,Enterprise,Health Data Analyst,Health IT,Entry,"Baltimore, MD",100,FALSE,2024-08-15,2026-02-15,FALSE,19,76000,First Job,FALSE,Compliance|Data Modeling|EHR|HIPAA|HL7|Health Analytics|Health IT
JOB-0000246,CID-960336,Clarion Clinical Data,Healthcare & Life Sciences,Small,Health Information Systems Analyst,Health IT,Mid,"Washington, DC Metro",112,TRUE,2026-03-15,,TRUE,7,96750,New Employer - Advance,FALSE,Data Modeling|EHR|HIPAA|Health Analytics|Health IT|Requirements
JOB-0000247,CID-705511,Federal Health Data Office,Federal Government,Large,Junior Security Engineer,Cybersecurity,Entry,"Baltimore, MD",100,FALSE,2025-03-15,,TRUE,19,65500,First Job,FALSE,Compliance|Incident Response|Linux|Network Security|Risk Assessment
JOB-0000248,CID-808384,Tessellate Labs,Software Products,Startup,Business Intelligence Analyst,Data & Analytics,Entry,"Baltimore, MD",100,FALSE,2019-06-01,2021-12-01,FALSE,31,67500,First Job,FALSE,Business Intelligence|Data Modeling|ETL|Python|SQL|Statistics
JOB-0000249,CID-808384,Lumen Grid Software,Software Products,Large,Data Analyst II,Data & Analytics,Mid,"Baltimore, MD",100,TRUE,2021-12-01,2023-07-01,FALSE,20,82000,New Employer - Advance,FALSE,Data Modeling|Database Design|Query Optimization|SQL|Statistics|Tableau
JOB-0000250,CID-808384,Lumen Grid Software,Software Products,Large,Analytics Engineer,Data & Analytics,Mid,"Baltimore, MD",100,TRUE,2023-07-01,2025-01-01,FALSE,19,87250,Internal Lateral,FALSE,Data Mining|Data Modeling|Predictive Modeling|Query Optimization|SQL|Statistics|Visualization
JOB-0000251,CID-808384,Maryland Department of IT,Federal Government,Mid,Data Engineer,Data & Analytics,Mid,"Baltimore, MD",100,FALSE,2025-01-01,2026-09-01,FALSE,21,79750,New Employer - Lateral,FALSE,Data Engineering|Data Modeling|Database Design|Query Optimization|SQL|Statistics|Tableau
JOB-0000252,CID-808384,Maryland Department of IT,Federal Government,Mid,Analytics Engineer,Data & Analytics,Mid,"Baltimore, MD",100,FALSE,2026-09-01,,TRUE,1,72000,Internal Lateral,FALSE,Data Engineering|Data Mining|Data Modeling|Query Optimization|SQL|Statistics
JOB-0000253,CID-595715,Potomac Mission Solutions,Federal Contracting,Large,Health Data Analyst,Health IT,Entry,"Washington, DC Metro",112,FALSE,2017-08-01,2019-06-01,FALSE,23,54250,First Job,FALSE,Data Modeling|EHR|FHIR|HIPAA|Health IT|Interoperability|Population Health
JOB-0000254,CID-595715,Potomac Mission Solutions,Federal Contracting,Large,Health Information Systems Analyst,Health IT,Mid,"Washington, DC Metro",112,FALSE,2019-06-01,2022-11-01,FALSE,42,67250,Internal Promotion,FALSE,Data Modeling|EHR|HIPAA|Health IT|Population Health|Requirements
JOB-0000255,CID-595715,Potomac Mission Solutions,Federal Contracting,Large,Senior Health Data Analyst,Health IT,Senior,"Washington, DC Metro",112,FALSE,2022-11-01,2026-05-01,FALSE,43,92000,Internal Promotion,FALSE,EHR|Governance|HIPAA|HL7|Health Analytics|Health IT|Strategy
JOB-0000256,CID-595715,Potomac Mission Solutions,Federal Contracting,Large,Clinical Informatics Manager,Health IT,Manager,"Washington, DC Metro",112,FALSE,2026-05-01,,TRUE,5,158500,Internal Promotion,FALSE,Compliance|EHR|Governance|HIPAA|HL7|Health IT|Requirements|Strategy
JOB-0000257,CID-209773,Tidal Power Cooperative,Energy & Utilities,Mid,SOC Analyst,Cybersecurity,Entry,"Washington, DC Metro",112,FALSE,2026-04-15,,TRUE,6,75000,First Job,FALSE,Compliance|Incident Response|Linux|Network Security|Risk Assessment|Security Operations
JOB-0000258,CID-409905,Calvert Advisory Group,Consulting & Professional Services,Large,Desktop Support Analyst,IT Support & Operations,Entry,"Columbia/Howard County, MD",107,TRUE,2023-09-01,2025-09-01,FALSE,25,65250,First Job,FALSE,Automation|Linux|Networking|Operating Systems|Presentation|Problem Solving|TCP/IP
JOB-0000259,CID-409905,Beacon Telecom Services,Telecommunications,Large,Systems Support Engineer,IT Support & Operations,Mid,"Denver, CO",107,FALSE,2025-10-01,,TRUE,12,74250,New Employer - Advance,FALSE,Linux|Networking|Presentation|Problem Solving|TCP/IP|Testing
JOB-0000260,CID-687654,Monument Bank Technology,Financial Services,Large,Associate Software Engineer,Software Engineering,Entry,"Columbia/Howard County, MD",107,TRUE,2025-07-01,,TRUE,15,73250,First Job,FALSE,Algorithms|Data Structures|Git|Java|Software Design|Testing|Version Control
JOB-0000261,CID-715086,Maryland Department of IT,Federal Government,Mid,Junior Systems Analyst,IT Business & Product,Entry,"Baltimore, MD",100,FALSE,2021-06-01,2024-10-01,FALSE,41,59750,First Job,FALSE,Agile|Business Process|Presentation|Product Management|Project Management|Requirements
JOB-0000262,CID-715086,Maryland Department of IT,Federal Government,Mid,Junior Systems Analyst,IT Business & Product,Entry,"Baltimore, MD",100,FALSE,2025-12-01,,TRUE,10,64264,Career Break,FALSE,Agile|Business Process|Presentation|Project Management|Requirements|Technical Writing|UML
JOB-0000263,CID-551387,Parcel & Post Technologies,Logistics & Transportation,Large,Cloud Support Engineer,Infrastructure & Cloud,Entry,"Baltimore, MD",100,FALSE,2025-01-01,2026-03-01,FALSE,15,96250,First Job,FALSE,Automation|Cloud|Concurrency|Linux|Python|TCP/IP
JOB-0000264,CID-551387,Antietam Systems Integration,Federal Contracting,Small,Systems Administrator,Infrastructure & Cloud,Entry,"Baltimore, MD",100,FALSE,2026-05-01,,TRUE,5,95750,New Employer - Lateral,TRUE,Automation|Cloud|Infrastructure as Code|Linux|Networking|Performance Analysis|TCP/IP
JOB-0000265,CID-333035,Beacon Telecom Services,Telecommunications,Large,Software Engineer I,Software Engineering,Entry,"Washington, DC Metro",112,TRUE,2022-06-01,2022-11-01,FALSE,6,86750,First Job,FALSE,Agile|Algorithms|Data Structures|Git|JavaScript|Testing|Version Control
JOB-0000266,CID-333035,Beacon Telecom Services,Telecommunications,Large,Software Engineer I,Software Engineering,Entry,"Washington, DC Metro",112,TRUE,2022-11-01,2024-12-01,FALSE,26,82250,Internal Lateral,FALSE,Agile|Algorithms|Data Structures|Python|Testing|Version Control
JOB-0000267,CID-333035,Falconview Systems,Software Products,Mid,Applications Engineer,Software Engineering,Mid,"Washington, DC Metro",112,TRUE,2024-12-01,2026-05-01,FALSE,18,109000,New Employer - Advance,FALSE,Algorithms|Data Structures|Object-Oriented Design|Quality Assurance|REST APIs|Software Design|Testing|Version Control
JOB-0000268,CID-333035,Arbor Peak Technologies,Software Products,Mid,Senior Software Engineer,Software Engineering,Senior,Northern Virginia,114,FALSE,2026-07-01,,TRUE,3,132000,New Employer - Advance,FALSE,Algorithms|Data Structures|Java|JavaScript|Performance Analysis|REST APIs|Requirements|SQL|Software Design|Team Software|Testing|Version Control
JOB-0000269,CID-714802,Chesapeake Defense Systems,Defense & Aerospace,Enterprise,Business Intelligence Analyst,Data & Analytics,Entry,"Washington, DC Metro",112,FALSE,2026-04-01,,TRUE,6,67000,First Job,TRUE,Data Modeling|Database Design|ETL|SQL|Statistics
JOB-0000270,CID-552074,Keystone Federal Services,Federal Contracting,Mid,EHR Support Analyst,Health IT,Entry,"Washington, DC Metro",112,TRUE,2021-06-01,2022-08-01,FALSE,15,55750,First Job,FALSE,Compliance|EHR|HIPAA|HL7|Health IT|Population Health
JOB-0000271,CID-552074,Keystone Federal Services,Federal Contracting,Mid,Clinical Systems Analyst,Health IT,Entry,"Washington, DC Metro",112,TRUE,2022-08-01,2025-07-01,FALSE,36,61500,Internal Lateral,FALSE,EHR|HIPAA|Health IT|Population Health|Requirements
JOB-0000272,CID-552074,National Data Services Agency,Federal Government,Enterprise,Health Information Systems Analyst,Health IT,Mid,"Baltimore, MD",100,FALSE,2025-09-01,,TRUE,13,82250,New Employer - Advance,TRUE,Compliance|EHR|HIPAA|HL7|Health IT|Risk Assessment|SQL
JOB-0000273,CID-875053,Allied Shield Insurance Group,Insurance,Enterprise,Software Engineer I,Software Engineering,Entry,"Columbia/Howard County, MD",107,FALSE,2025-11-15,,TRUE,11,74000,First Job,FALSE,Agile|Algorithms|CI/CD|Data Structures|Python|Testing|Version Control|Web Frameworks
JOB-0000274,CID-444621,Parcel & Post Technologies,Logistics & Transportation,Large,Junior DevOps Engineer,Infrastructure & Cloud,Entry,Northern Virginia,114,FALSE,2016-07-01,2017-12-01,FALSE,18,68500,First Job,FALSE,Automation|Cloud|Linux|Networking|Performance Analysis|Python|TCP/IP
JOB-0000275,CID-444621,Parcel & Post Technologies,Logistics & Transportation,Large,Cloud Engineer,Infrastructure & Cloud,Mid,Northern Virginia,114,FALSE,2017-12-01,2019-03-01,FALSE,16,82250,Internal Promotion,FALSE,Automation|Cloud|Linux|Networking|Performance Analysis
JOB-0000276,CID-444621,Parcel & Post Technologies,Logistics & Transportation,Large,DevOps Engineer,Infrastructure & Cloud,Mid,Northern Virginia,114,FALSE,2019-03-01,2021-01-01,FALSE,23,89000,Internal Lateral,FALSE,Automation|Cloud|Concurrency|Linux|Networking|Performance Analysis
JOB-0000277,CID-444621,Fidelis Capital Partners,Financial Services,Enterprise,Senior DevOps Engineer,Infrastructure & Cloud,Senior,"Baltimore, MD",100,FALSE,2021-03-01,2022-01-01,FALSE,11,116500,New Employer - Advance,FALSE,Automation|Cloud|Containers|Distributed Systems|Linux|Networking|Performance Analysis|Team Software
JOB-0000278,CID-444621,National Data Services Agency,Federal Government,Enterprise,Senior Site Reliability Engineer,Infrastructure & Cloud,Senior,"Baltimore, MD",100,FALSE,2022-02-01,2025-06-01,FALSE,41,116000,New Employer - Lateral,TRUE,Automation|Cloud|Compliance|Distributed Systems|Linux|Python|TCP/IP
JOB-0000279,CID-444621,Copper Ridge Data Centers,Cloud & Infrastructure,Mid,Platform Engineering Manager,Infrastructure & Cloud,Manager,"Washington, DC Metro",112,FALSE,2025-07-01,,TRUE,15,186500,New Employer - Advance,FALSE,Automation|Cloud|Distributed Systems|Infrastructure as Code|Linux|Performance Analysis
JOB-0000280,CID-925623,Office of Technology Policy,Federal Government,Mid,Junior Data Analyst,Data & Analytics,Entry,"Washington, DC Metro",112,FALSE,2023-09-15,,TRUE,37,60500,First Job,TRUE,Compliance|Data Engineering|Data Mining|Data Modeling|Predictive Modeling|Risk Assessment|SQL|Statistics
JOB-0000281,CID-566531,Tidewater Defense Group,Defense & Aerospace,Large,Machine Learning Engineer I,Machine Learning & AI,Entry,Remote - United States,99,TRUE,2020-06-01,2022-07-01,FALSE,26,87250,First Job,FALSE,AI|Linear Algebra|Machine Learning|Matrix Computation|Python|Statistics
JOB-0000282,CID-566531,Tidewater Defense Group,Defense & Aerospace,Large,ML Engineer,Machine Learning & AI,Mid,Remote - United States,99,TRUE,2022-07-01,2026-02-01,FALSE,44,90500,Internal Promotion,FALSE,Data Mining|Machine Learning|Probability|Python|Statistics
JOB-0000283,CID-566531,Harborline Networks,Cloud & Infrastructure,Mid,Senior Applied Scientist,Machine Learning & AI,Senior,Northern Virginia,114,FALSE,2026-02-01,,TRUE,8,135500,New Employer - Advance,FALSE,AI|Deep Learning|Distributed Systems|Machine Learning|Performance Analysis|Probability|Python|Statistics
JOB-0000284,CID-113906,Beacon Telecom Services,Telecommunications,Large,Cloud Support Engineer,Infrastructure & Cloud,Entry,Northern Virginia,114,FALSE,2025-06-01,2026-07-01,FALSE,14,86500,First Job,FALSE,Automation|CI/CD|Cloud|Concurrency|Linux|Python|TCP/IP
JOB-0000285,CID-113906,Beacon Telecom Services,Telecommunications,Large,DevOps Engineer,Infrastructure & Cloud,Mid,Northern Virginia,114,FALSE,2026-07-01,,TRUE,3,102500,Internal Promotion,FALSE,Automation|CI/CD|Cloud|Concurrency|Linux|TCP/IP
JOB-0000286,CID-489235,Shoreline Retail Group,E-Commerce & Retail Tech,Enterprise,Junior Developer,Software Engineering,Entry,"Baltimore, MD",100,FALSE,2016-05-15,2017-07-15,FALSE,15,50000,First Job,FALSE,Algorithms|Data Structures|Git|SQL|Testing|Version Control|Web Frameworks
JOB-0000287,CID-489235,Allied Shield Insurance Group,Insurance,Enterprise,Associate Software Engineer,Software Engineering,Entry,"Baltimore, MD",100,FALSE,2017-07-15,2018-12-15,FALSE,18,50750,New Employer - Lateral,FALSE,Algorithms|Data Structures|REST APIs|Testing|Version Control|Web Frameworks
JOB-0000288,CID-489235,Sterling Ridge Consulting,Consulting & Professional Services,Enterprise,Software Engineer II,Software Engineering,Mid,"Washington, DC Metro",112,FALSE,2019-01-15,2021-11-15,FALSE,35,68000,New Employer - Advance,FALSE,Algorithms|C++|Data Structures|Git|Testing|Version Control
JOB-0000289,CID-489235,Bayview Medical Informatics,Healthcare & Life Sciences,Mid,Senior Developer,Software Engineering,Senior,"Washington, DC Metro",112,FALSE,2022-01-15,2025-02-15,FALSE,38,85750,New Employer - Advance,FALSE,Algorithms|Data Structures|Performance Analysis|Python|REST APIs|Software Design|Team Software|Testing|Version Control
JOB-0000290,CID-489235,Bayview Medical Informatics,Healthcare & Life Sciences,Mid,Lead Software Engineer,Software Engineering,Lead,"Washington, DC Metro",112,FALSE,2025-02-15,,TRUE,20,118000,Internal Promotion,FALSE,Algorithms|CI/CD|Data Structures|Git|Object-Oriented Design|Performance Analysis|REST APIs|Requirements|Software Design|Team Software|Testing|Version Control
JOB-0000291,CID-316983,Arbor Peak Technologies,Software Products,Mid,Junior Developer,Software Engineering,Entry,Northern Virginia,114,FALSE,2016-06-01,2018-02-01,FALSE,21,67500,First Job,FALSE,Algorithms|C++|Data Structures|Java|Object-Oriented Design|Quality Assurance|Testing|Version Control
JOB-0000292,CID-316983,Blue Heron Technologies,Federal Contracting,Mid,Software Engineer II,Software Engineering,Mid,"Washington, DC Metro",112,FALSE,2018-03-01,2020-07-01,FALSE,29,78250,New Employer - Advance,FALSE,Algorithms|Data Structures|Git|Quality Assurance|REST APIs|Software Design|Testing|Version Control
JOB-0000293,CID-316983,Blue Heron Technologies,Federal Contracting,Mid,Software Engineer II,Software Engineering,Mid,"Washington, DC Metro",112,FALSE,2021-07-01,2024-12-01,FALSE,42,79262,Career Break,FALSE,Algorithms|Data Structures|SQL|Software Design|Testing|Version Control
JOB-0000294,CID-316983,Shoreline Retail Group,E-Commerce & Retail Tech,Enterprise,Software Developer,Software Engineering,Mid,Remote - United States,99,TRUE,2024-12-01,2026-06-01,FALSE,19,95000,New Employer - Lateral,FALSE,Algorithms|Data Structures|REST APIs|Testing|Version Control|Web Frameworks
JOB-0000295,CID-316983,Potomac Mission Solutions,Federal Contracting,Large,Applications Engineer,Software Engineering,Mid,"Columbia/Howard County, MD",107,FALSE,2026-07-01,,TRUE,3,94250,New Employer - Lateral,TRUE,Algorithms|CI/CD|Data Structures|Java|Quality Assurance|Software Design|Testing|Version Control
JOB-0000296,CID-895954,Catoctin Analytics Group,Federal Contracting,Mid,Security Analyst I,Cybersecurity,Entry,"Baltimore, MD",100,FALSE,2020-10-15,2023-12-15,FALSE,39,59750,First Job,FALSE,Forensics|Incident Response|Linux|Network Security|Security Operations
JOB-0000297,CID-895954,Catoctin Analytics Group,Federal Contracting,Mid,Incident Response Analyst,Cybersecurity,Mid,"Baltimore, MD",100,FALSE,2023-12-15,,TRUE,34,78000,Internal Promotion,FALSE,Cryptography|Forensics|Incident Response|Linux|Network Security|Penetration Testing|Security Operations
JOB-0000298,CID-974852,Bayview Medical Informatics,Healthcare & Life Sciences,Mid,Cloud Support Engineer,Infrastructure & Cloud,Entry,"Washington, DC Metro",112,FALSE,2015-06-01,2017-05-01,FALSE,24,93000,First Job,FALSE,Automation|Cloud|Concurrency|Infrastructure as Code|Linux|Operating Systems|Python
JOB-0000299,CID-974852,Patapsco Aerospace,Defense & Aerospace,Large,Site Reliability Engineer,Infrastructure & Cloud,Mid,"Baltimore, MD",100,FALSE,2017-05-01,2018-07-01,FALSE,15,90500,New Employer - Advance,FALSE,Automation|Cloud|Distributed Systems|Linux|Networking
JOB-0000300,CID-974852,National Data Services Agency,Federal Government,Enterprise,Senior DevOps Engineer,Infrastructure & Cloud,Senior,"Baltimore, MD",100,FALSE,2018-08-01,2024-06-01,FALSE,71,93000,New Employer - Advance,TRUE,Automation|CI/CD|Cloud|Distributed Systems|Linux|Operating Systems|Strategy|Team Software
JOB-0000301,CID-974852,Office of Technology Policy,Federal Government,Mid,Cloud Architect,Infrastructure & Cloud,Lead,Remote - United States,99,TRUE,2024-07-01,,TRUE,27,118500,New Employer - Advance,FALSE,Automation|CI/CD|Cloud|Concurrency|Infrastructure as Code|Linux|Strategy|Team Software
JOB-0000302,CID-144966,Tidewater Defense Group,Defense & Aerospace,Large,Desktop Support Analyst,IT Support & Operations,Entry,"Baltimore, MD",100,FALSE,2022-06-01,2024-03-01,FALSE,22,52000,First Job,TRUE,Compliance|Linux|Networking|Problem Solving|Risk Assessment|TCP/IP|Technical Writing
JOB-0000303,CID-144966,Tidewater Defense Group,Defense & Aerospace,Large,IT Operations Analyst,IT Support & Operations,Mid,"Baltimore, MD",100,FALSE,2024-03-01,,TRUE,31,71500,Internal Promotion,TRUE,Automation|Compliance|Linux|Networking|Operating Systems|Problem Solving|Risk Assessment|Technical Writing
JOB-0000304,CID-403535,Chesapeake Community College,Higher Education,Mid,Clinical Systems Analyst,Health IT,Entry,Northern Virginia,114,FALSE,2025-08-15,,TRUE,14,49250,First Job,FALSE,Data Modeling|EHR|HIPAA|Health IT|Interoperability|Requirements|SQL
JOB-0000305,CID-469922,Maryland Department of IT,Federal Government,Mid,Junior Systems Analyst,IT Business & Product,Entry,"Washington, DC Metro",112,FALSE,2018-06-01,2019-05-01,FALSE,12,59750,First Job,FALSE,Agile|Business Process|MIS|Project Management|Requirements|SQL|Strategy
JOB-0000306,CID-469922,Maryland Department of IT,Federal Government,Mid,Business Analyst,IT Business & Product,Entry,"Washington, DC Metro",112,FALSE,2019-05-01,2022-03-01,FALSE,35,58750,Internal Lateral,FALSE,Business Process|Product Management|Project Management|Requirements|SQL|Strategy
JOB-0000307,CID-469922,Maryland Department of IT,Federal Government,Mid,Technical Project Coordinator,IT Business & Product,Mid,"Washington, DC Metro",112,FALSE,2022-03-01,2026-02-01,FALSE,48,76000,Internal Promotion,FALSE,Agile|Business Process|Presentation|Project Management|Requirements|Strategy|Systems Analysis
JOB-0000308,CID-469922,Potomac Mission Solutions,Federal Contracting,Large,Senior Systems Analyst,IT Business & Product,Senior,"Baltimore, MD",100,TRUE,2026-02-01,2026-07-01,FALSE,6,112000,New Employer - Advance,TRUE,Agile|Business Process|Governance|Project Management|Requirements|SQL|UML
JOB-0000309,CID-469922,Potomac Mission Solutions,Federal Contracting,Large,Program Manager,IT Business & Product,Lead,"Baltimore, MD",100,TRUE,2026-07-01,,TRUE,3,131500,Internal Promotion,TRUE,Agile|Business Process|Compliance|Governance|Presentation|Project Management|Requirements|SQL|Strategy
JOB-0000310,CID-617961,Patapsco Aerospace,Defense & Aerospace,Large,Associate Software Engineer,Software Engineering,Entry,"Columbia/Howard County, MD",107,FALSE,2020-01-01,2022-05-01,FALSE,29,70750,First Job,TRUE,Algorithms|Compliance|Data Structures|Git|SQL|Testing|Version Control
JOB-0000311,CID-617961,Patapsco Aerospace,Defense & Aerospace,Large,Applications Engineer,Software Engineering,Mid,"Columbia/Howard County, MD",107,FALSE,2022-05-01,2025-07-01,FALSE,39,86000,Internal Promotion,TRUE,Algorithms|Compliance|Data Structures|SQL|Testing|Version Control|Web Frameworks
JOB-0000312,CID-617961,Patapsco Aerospace,Defense & Aerospace,Large,Senior Software Engineer,Software Engineering,Senior,"Columbia/Howard County, MD",107,FALSE,2025-07-01,,TRUE,15,110500,Internal Promotion,TRUE,Algorithms|Data Structures|Distributed Systems|Java|Performance Analysis|Python|Requirements|Software Design|Testing|Version Control
JOB-0000313,CID-820704,Lumen Grid Software,Software Products,Large,Cloud Support Engineer,Infrastructure & Cloud,Entry,"Raleigh-Durham, NC",97,FALSE,2019-06-01,2021-11-01,FALSE,30,85250,First Job,FALSE,Automation|CI/CD|Cloud|Containers|Linux
JOB-0000314,CID-820704,Stratus Cloud Works,Cloud & Infrastructure,Large,Site Reliability Engineer,Infrastructure & Cloud,Mid,Remote - United States,99,TRUE,2022-01-01,2024-12-01,FALSE,36,101500,New Employer - Advance,FALSE,Automation|Cloud|Concurrency|Linux|Performance Analysis|Python
JOB-0000315,CID-820704,Monument Bank Technology,Financial Services,Large,Cloud Engineer,Infrastructure & Cloud,Mid,"Chicago, IL",104,FALSE,2025-01-01,,TRUE,21,111500,New Employer - Lateral,FALSE,Automation|Cloud|Distributed Systems|Linux|Networking|Performance Analysis|Python
JOB-0000316,CID-770215,Patapsco Aerospace,Defense & Aerospace,Large,Junior Security Engineer,Cybersecurity,Entry,Remote - United States,99,TRUE,2021-06-01,2022-09-01,FALSE,16,95250,First Job,TRUE,Compliance|Forensics|Incident Response|Linux|Network Security|Security Operations|Security Protocols
JOB-0000317,CID-770215,Patapsco Aerospace,Defense & Aerospace,Large,Security Analyst I,Cybersecurity,Entry,Remote - United States,99,TRUE,2022-09-01,2026-03-01,FALSE,43,95250,Internal Lateral,TRUE,Compliance|Incident Response|Linux|Network Security|Risk Assessment
JOB-0000318,CID-770215,Patapsco Aerospace,Defense & Aerospace,Large,Incident Response Analyst,Cybersecurity,Mid,Remote - United States,99,TRUE,2026-03-01,,TRUE,7,118000,Internal Promotion,TRUE,Forensics|Incident Response|Linux|Network Security|Risk Assessment|TCP/IP
JOB-0000319,CID-157249,Chesapeake Community College,Higher Education,Mid,IT Analyst,IT Business & Product,Entry,"Baltimore, MD",100,FALSE,2022-07-15,2025-05-15,FALSE,35,49000,First Job,FALSE,Business Process|Presentation|Product Management|Project Management|Requirements|SQL|User Research
JOB-0000320,CID-157249,National Data Services Agency,Federal Government,Enterprise,Technical Project Coordinator,IT Business & Product,Mid,"Baltimore, MD",100,TRUE,2025-06-15,,TRUE,16,71500,New Employer - Advance,TRUE,Agile|Business Process|Compliance|MIS|Project Management|Requirements|Risk Assessment|SQL|Technical Writing
JOB-0000321,CID-318597,Chesapeake Defense Systems,Defense & Aerospace,Enterprise,Junior Developer,Software Engineering,Entry,"Washington, DC Metro",112,FALSE,2017-01-01,2019-01-01,FALSE,25,87500,First Job,TRUE,Algorithms|C++|Compliance|Data Structures|Object-Oriented Design|Python|Risk Assessment|Testing|Version Control|Web Frameworks
JOB-0000322,CID-318597,Chesapeake Defense Systems,Defense & Aerospace,Enterprise,Applications Engineer,Software Engineering,Mid,"Washington, DC Metro",112,FALSE,2019-01-01,2022-06-01,FALSE,42,90000,Internal Promotion,TRUE,Algorithms|Compliance|Data Structures|Git|REST APIs|Risk Assessment|SQL|Testing|Version Control
JOB-0000323,CID-318597,Calvert Advisory Group,Consulting & Professional Services,Large,Senior Software Engineer,Software Engineering,Senior,Northern Virginia,114,FALSE,2022-06-01,2024-06-01,FALSE,25,123000,New Employer - Advance,FALSE,Algorithms|CI/CD|Data Structures|Distributed Systems|JavaScript|Performance Analysis|REST APIs|Requirements|SQL|Software Design|Team Software|Testing|Version Control
JOB-0000324,CID-318597,Calvert Advisory Group,Consulting & Professional Services,Large,Senior Developer,Software Engineering,Senior,Northern Virginia,114,FALSE,2024-06-01,,TRUE,28,130000,Internal Lateral,FALSE,Algorithms|C++|Data Structures|Distributed Systems|Performance Analysis|REST APIs|Requirements|Software Design|Testing|Version Control
JOB-0000325,CID-880007,Calvert Advisory Group,Consulting & Professional Services,Large,Junior Data Analyst,Data & Analytics,Entry,"Baltimore, MD",100,FALSE,2024-06-01,,TRUE,28,71500,First Job,FALSE,Data Engineering|Data Mining|Data Modeling|ETL|Python|SQL|Statistics
JOB-0000326,CID-578481,Pinnacle Bridge Partners,Consulting & Professional Services,Mid,Business Intelligence Analyst,Data & Analytics,Entry,"Washington, DC Metro",112,FALSE,2018-01-15,2019-08-15,FALSE,20,64250,First Job,FALSE,Data Engineering|Data Modeling|Database Design|SQL|Statistics|Visualization
JOB-0000327,CID-578481,Keystone Federal Services,Federal Contracting,Mid,Data Analyst,Data & Analytics,Entry,"Washington, DC Metro",112,FALSE,2019-10-15,2022-01-15,FALSE,28,64250,New Employer - Lateral,FALSE,Business Intelligence|Data Modeling|ETL|Predictive Modeling|SQL|Statistics|Tableau
JOB-0000328,CID-578481,Keystone Federal Services,Federal Contracting,Mid,Data Analyst II,Data & Analytics,Mid,"Washington, DC Metro",112,FALSE,2022-01-15,2025-03-15,FALSE,39,74500,Internal Promotion,FALSE,Data Engineering|Data Modeling|Database Design|R|SQL|Statistics
JOB-0000329,CID-578481,Keystone Federal Services,Federal Contracting,Mid,Senior Analytics Engineer,Data & Analytics,Senior,"Washington, DC Metro",112,FALSE,2025-03-15,,TRUE,19,93000,Internal Promotion,FALSE,Business Intelligence|Business Process|Data Modeling|ETL|Python|R|Requirements|SQL|Statistics
JOB-0000330,CID-617533,Blue Heron Technologies,Federal Contracting,Mid,Cloud Support Engineer,Infrastructure & Cloud,Entry,Remote - United States,99,TRUE,2024-01-01,2025-12-01,FALSE,24,96000,First Job,TRUE,Automation|Cloud|Compliance|Distributed Systems|Linux|Python|Risk Assessment|TCP/IP
JOB-0000331,CID-617533,Blue Heron Technologies,Federal Contracting,Mid,Junior DevOps Engineer,Infrastructure & Cloud,Entry,Remote - United States,99,TRUE,2025-12-01,,TRUE,10,97000,Internal Lateral,TRUE,Automation|CI/CD|Cloud|Infrastructure as Code|Linux|Operating Systems
JOB-0000332,CID-673053,Cartway Commerce,E-Commerce & Retail Tech,Mid,Associate Software Engineer,Software Engineering,Entry,"Boston, MA",124,FALSE,2019-07-15,2020-06-15,FALSE,12,94500,First Job,FALSE,Algorithms|Data Structures|Java|JavaScript|Testing|Version Control
JOB-0000333,CID-673053,Cartway Commerce,E-Commerce & Retail Tech,Mid,Software Engineer II,Software Engineering,Mid,"Boston, MA",124,FALSE,2020-06-15,2021-03-15,FALSE,10,100500,Internal Promotion,FALSE,Agile|Algorithms|Data Structures|Object-Oriented Design|Python|Quality Assurance|Testing|Version Control
JOB-0000334,CID-673053,Cartway Commerce,E-Commerce & Retail Tech,Mid,Software Engineer II,Software Engineering,Mid,"Boston, MA",124,FALSE,2022-02-15,2024-06-15,FALSE,29,107990,Career Break,FALSE,Algorithms|Data Structures|Git|Object-Oriented Design|Testing|Version Control
JOB-0000335,CID-673053,Cartway Commerce,E-Commerce & Retail Tech,Mid,Senior Developer,Software Engineering,Senior,"Boston, MA",124,FALSE,2024-06-15,,TRUE,28,133500,Internal Promotion,FALSE,Agile|Algorithms|Data Structures|Object-Oriented Design|REST APIs|Software Design|Team Software|Testing|Version Control
JOB-0000336,CID-475869,Stratus Cloud Works,Cloud & Infrastructure,Large,Junior Developer,Software Engineering,Entry,Northern Virginia,114,FALSE,2026-06-01,,TRUE,4,89500,First Job,FALSE,Algorithms|C++|Data Structures|Quality Assurance|REST APIs|Software Design|Testing|Version Control
JOB-0000337,CID-914513,Clearfield Assurance,Cybersecurity Services,Startup,Junior Security Engineer,Cybersecurity,Entry,"Baltimore, MD",100,FALSE,2016-02-01,2016-09-01,FALSE,8,82000,First Job,TRUE,Compliance|Incident Response|Linux|Network Security|Networking|Risk Assessment
JOB-0000338,CID-914513,Redoubt Security Partners,Cybersecurity Services,Mid,SOC Analyst,Cybersecurity,Entry,"Baltimore, MD",100,FALSE,2016-09-01,2019-02-01,FALSE,30,75500,New Employer - Lateral,FALSE,Exploit Development|Incident Response|Linux|Network Security|Security Operations
JOB-0000339,CID-914513,Redoubt Security Partners,Cybersecurity Services,Mid,Security Analyst I,Cybersecurity,Entry,"Baltimore, MD",100,FALSE,2019-02-01,2019-11-01,FALSE,10,74250,Internal Lateral,FALSE,Compliance|Incident Response|Linux|Network Security|Risk Assessment
JOB-0000340,CID-914513,Redoubt Security Partners,Cybersecurity Services,Mid,SOC Analyst,Cybersecurity,Entry,"Baltimore, MD",100,FALSE,2019-11-01,2022-04-01,FALSE,30,70250,Internal Lateral,FALSE,Forensics|Incident Response|Linux|Network Security|Security Protocols|TCP/IP
JOB-0000341,CID-914513,Keystone Federal Services,Federal Contracting,Mid,Security Engineer,Cybersecurity,Mid,Northern Virginia,114,TRUE,2022-06-01,2025-04-01,FALSE,35,97500,New Employer - Advance,FALSE,Cryptography|Forensics|Incident Response|Linux|Network Security|Security Protocols|TCP/IP
JOB-0000342,CID-914513,Marketside Digital,E-Commerce & Retail Tech,Large,Security Analyst II,Cybersecurity,Mid,"Baltimore, MD",100,FALSE,2025-06-01,2026-05-01,FALSE,12,113500,New Employer - Lateral,FALSE,Exploit Development|Forensics|Incident Response|Linux|Network Security|Risk Assessment|TCP/IP
JOB-0000343,CID-914513,Marketside Digital,E-Commerce & Retail Tech,Large,Incident Response Analyst,Cybersecurity,Mid,"Baltimore, MD",100,FALSE,2026-05-01,,TRUE,5,121500,Internal Lateral,FALSE,Cryptography|Exploit Development|Incident Response|Linux|Network Security|TCP/IP
JOB-0000344,CID-517054,Cartway Commerce,E-Commerce & Retail Tech,Mid,Security Analyst I,Cybersecurity,Entry,"Washington, DC Metro",112,FALSE,2025-01-01,,TRUE,21,118000,First Job,FALSE,Compliance|Incident Response|Linux|Network Security|Networking
JOB-0000345,CID-411105,Northwind Platform Co.,Software Products,Enterprise,Software Engineer I,Software Engineering,Entry,Northern Virginia,114,FALSE,2018-01-01,2019-10-01,FALSE,22,98750,First Job,FALSE,Algorithms|Data Structures|JavaScript|Software Design|Testing|Version Control
JOB-0000346,CID-411105,Lumen Grid Software,Software Products,Large,Software Engineer II,Software Engineering,Mid,"Washington, DC Metro",112,FALSE,2019-10-01,2020-12-01,FALSE,15,102000,New Employer - Advance,FALSE,Algorithms|Data Structures|Python|SQL|Testing|Version Control
JOB-0000347,CID-411105,Catoctin Analytics Group,Federal Contracting,Mid,Software Developer,Software Engineering,Mid,"Washington, DC Metro",112,FALSE,2021-02-01,2024-06-01,FALSE,41,102500,New Employer - Lateral,TRUE,Algorithms|Compliance|Data Structures|Java|REST APIs|Risk Assessment|Testing|Version Control
JOB-0000348,CID-411105,Catoctin Analytics Group,Federal Contracting,Mid,Applications Engineer,Software Engineering,Mid,"Washington, DC Metro",112,FALSE,2024-06-01,,TRUE,28,113000,Internal Lateral,TRUE,Algorithms|Compliance|Data Structures|Object-Oriented Design|Quality Assurance|Risk Assessment|Testing|Version Control|Web Frameworks
JOB-0000349,CID-518654,Antietam Systems Integration,Federal Contracting,Small,Junior Systems Analyst,IT Business & Product,Entry,"Baltimore, MD",100,FALSE,2026-06-01,,TRUE,4,75000,First Job,FALSE,Business Process|MIS|Product Management|Project Management|Requirements|User Research
JOB-0000350,CID-990467,Maryland Department of IT,Federal Government,Mid,SOC Analyst,Cybersecurity,Entry,"Baltimore, MD",100,FALSE,2022-06-15,2024-10-15,FALSE,29,63500,First Job,FALSE,Compliance|Incident Response|Linux|Network Security|Networking
JOB-0000351,CID-990467,Maryland Department of IT,Federal Government,Mid,Incident Response Analyst,Cybersecurity,Mid,"Baltimore, MD",100,FALSE,2024-10-15,,TRUE,24,77750,Internal Promotion,FALSE,Cryptography|Incident Response|Linux|Network Security|Penetration Testing|Risk Assessment|Security Operations
JOB-0000352,CID-593404,Marketside Digital,E-Commerce & Retail Tech,Large,Junior Data Analyst,Data & Analytics,Entry,"Columbia/Howard County, MD",107,FALSE,2025-10-15,,TRUE,12,73000,First Job,FALSE,Data Mining|Data Modeling|Database Design|ETL|SQL|Statistics|Tableau
JOB-0000353,CID-541349,Redoubt Security Partners,Cybersecurity Services,Mid,Junior Developer,Software Engineering,Entry,"Baltimore, MD",100,FALSE,2022-06-01,2025-01-01,FALSE,32,86500,First Job,FALSE,Algorithms|CI/CD|Data Structures|Java|Testing|Version Control
JOB-0000354,CID-541349,Open Harbor Foundation,Nonprofit & Civic Tech,Small,Software Developer,Software Engineering,Mid,"Washington, DC Metro",112,FALSE,2025-03-01,,TRUE,19,83750,New Employer - Advance,FALSE,Agile|Algorithms|Data Structures|Java|Python|Software Design|Testing|Version Control
JOB-0000355,CID-871071,Chesapeake Community College,Higher Education,Mid,IT Support Specialist,IT Support & Operations,Entry,"Columbia/Howard County, MD",107,FALSE,2016-02-01,2017-01-01,FALSE,12,34250,First Job,FALSE,Automation|Linux|Networking|Operating Systems|Problem Solving|Technical Writing
JOB-0000356,CID-871071,Chesapeake Community College,Higher Education,Mid,IT Support Specialist,IT Support & Operations,Entry,"Columbia/Howard County, MD",107,FALSE,2017-01-01,2019-02-01,FALSE,26,38000,Internal Lateral,FALSE,Automation|Compliance|Linux|Networking|Problem Solving|TCP/IP
JOB-0000357,CID-871071,Chesapeake Community College,Higher Education,Mid,Desktop Support Analyst,IT Support & Operations,Entry,"Columbia/Howard County, MD",107,FALSE,2019-02-01,2021-06-01,FALSE,29,38000,Internal Lateral,FALSE,Automation|Linux|Networking|Presentation|Problem Solving
JOB-0000358,CID-871071,Chesapeake Community College,Higher Education,Mid,IT Support Specialist,IT Support & Operations,Entry,"Columbia/Howard County, MD",107,FALSE,2021-06-01,2024-12-01,FALSE,43,38250,Internal Lateral,FALSE,Compliance|Linux|Networking|Presentation|Problem Solving
JOB-0000359,CID-871071,Potomac Mission Solutions,Federal Contracting,Large,Systems Support Engineer,IT Support & Operations,Mid,Northern Virginia,114,FALSE,2024-12-01,,TRUE,22,61000,New Employer - Advance,FALSE,Compliance|Linux|Networking|Operating Systems|Problem Solving|Technical Writing|Testing
JOB-0000360,CID-194183,Continental Wireless,Telecommunications,Enterprise,Data Analyst,Data & Analytics,Entry,"Columbia/Howard County, MD",107,FALSE,2026-01-01,,TRUE,9,93500,First Job,FALSE,Data Modeling|Database Design|Query Optimization|SQL|Statistics|Visualization
JOB-0000361,CID-736135,Federal Health Data Office,Federal Government,Large,SOC Analyst,Cybersecurity,Entry,"Washington, DC Metro",112,FALSE,2020-06-01,2023-06-01,FALSE,37,76500,First Job,FALSE,Cryptography|Incident Response|Linux|Network Security|Networking|Risk Assessment
JOB-0000362,CID-736135,Federal Health Data Office,Federal Government,Large,Security Engineer,Cybersecurity,Mid,"Washington, DC Metro",112,FALSE,2023-06-01,,TRUE,40,97250,Internal Promotion,FALSE,Exploit Development|Incident Response|Linux|Network Security|Security Operations|Security Protocols
JOB-0000363,CID-744549,Chesterfield Asset Management,Financial Services,Mid,Security Analyst I,Cybersecurity,Entry,"Baltimore, MD",100,FALSE,2026-01-01,,TRUE,9,96750,First Job,FALSE,Compliance|Incident Response|Linux|Network Security|Security Protocols|TCP/IP
JOB-0000364,CID-512483,Keystone Federal Services,Federal Contracting,Mid,IT Analyst,IT Business & Product,Entry,"Baltimore, MD",100,FALSE,2025-06-01,,TRUE,16,90500,First Job,TRUE,Agile|Business Process|Compliance|Project Management|Requirements|Roadmapping|Strategy|UML
JOB-0000365,CID-651517,Calvert Advisory Group,Consulting & Professional Services,Large,Junior DevOps Engineer,Infrastructure & Cloud,Entry,"Baltimore, MD",100,FALSE,2022-06-01,2023-08-01,FALSE,15,85000,First Job,FALSE,Automation|Cloud|Containers|Linux|Python
JOB-0000366,CID-651517,University of Maryland System,Higher Education,Enterprise,Junior DevOps Engineer,Infrastructure & Cloud,Entry,"Washington, DC Metro",112,FALSE,2023-08-01,2025-07-01,FALSE,24,77750,Industry Switch,FALSE,Automation|Cloud|Containers|Linux|Networking|Performance Analysis
JOB-0000367,CID-651517,Sterling Ridge Consulting,Consulting & Professional Services,Enterprise,DevOps Engineer,Infrastructure & Cloud,Mid,"Baltimore, MD",100,TRUE,2025-08-01,,TRUE,14,98000,New Employer - Advance,FALSE,Automation|Cloud|Concurrency|Linux|Python
JOB-0000368,CID-297354,Continental Wireless,Telecommunications,Enterprise,Security Analyst I,Cybersecurity,Entry,"Washington, DC Metro",112,FALSE,2023-01-01,2025-04-01,FALSE,28,108000,First Job,FALSE,Compliance|Incident Response|Linux|Network Security|Networking
JOB-0000369,CID-297354,Continental Wireless,Telecommunications,Enterprise,Incident Response Analyst,Cybersecurity,Mid,"Washington, DC Metro",112,FALSE,2025-04-01,,TRUE,18,118500,Internal Promotion,FALSE,Exploit Development|Forensics|Incident Response|Linux|Network Security|Risk Assessment|Security Operations
JOB-0000370,CID-634885,Meridian National Systems,Federal Contracting,Enterprise,Junior Data Analyst,Data & Analytics,Entry,"Washington, DC Metro",112,FALSE,2024-01-15,,TRUE,33,71250,First Job,FALSE,Business Intelligence|Data Modeling|Database Design|Predictive Modeling|Query Optimization|SQL|Statistics
JOB-0000371,CID-685599,Antietam Systems Integration,Federal Contracting,Small,Junior Data Analyst,Data & Analytics,Entry,"Washington, DC Metro",112,FALSE,2022-06-01,2024-12-01,FALSE,31,60750,First Job,FALSE,Business Intelligence|Data Mining|Data Modeling|Predictive Modeling|Python|SQL|Statistics
JOB-0000372,CID-685599,Antietam Systems Integration,Federal Contracting,Small,Analytics Engineer,Data & Analytics,Mid,"Washington, DC Metro",112,FALSE,2024-12-01,,TRUE,22,76250,Internal Promotion,FALSE,Data Modeling|Query Optimization|R|SQL|Statistics
JOB-0000373,CID-729595,Office of Technology Policy,Federal Government,Mid,Junior DevOps Engineer,Infrastructure & Cloud,Entry,"Baltimore, MD",100,FALSE,2024-09-15,,TRUE,25,71500,First Job,TRUE,Automation|CI/CD|Cloud|Compliance|Linux|Performance Analysis|Risk Assessment
JOB-0000374,CID-433550,Patapsco Aerospace,Defense & Aerospace,Large,Clinical Systems Analyst,Health IT,Entry,"Washington, DC Metro",112,FALSE,2023-01-01,2023-11-01,FALSE,11,91750,First Job,TRUE,Compliance|EHR|HIPAA|Health Analytics|Health IT|Interoperability|Population Health|SQL
JOB-0000375,CID-433550,Patapsco Aerospace,Defense & Aerospace,Large,Clinical Systems Analyst,Health IT,Entry,"Washington, DC Metro",112,FALSE,2023-11-01,2025-09-01,FALSE,23,87000,Internal Lateral,TRUE,EHR|FHIR|HIPAA|Health IT|Interoperability|Risk Assessment
JOB-0000376,CID-433550,Patapsco Aerospace,Defense & Aerospace,Large,Health Information Systems Analyst,Health IT,Mid,"Washington, DC Metro",112,FALSE,2025-09-01,,TRUE,13,104500,Internal Promotion,TRUE,Compliance|Data Modeling|EHR|FHIR|HIPAA|Health IT|Risk Assessment|SQL
JOB-0000377,CID-590712,National Data Services Agency,Federal Government,Enterprise,Health Data Analyst,Health IT,Entry,"Baltimore, MD",100,FALSE,2016-01-01,2018-09-01,FALSE,33,73000,First Job,TRUE,Compliance|EHR|FHIR|HIPAA|Health IT|Interoperability|Population Health
JOB-0000378,CID-590712,Severn River Consulting,Federal Contracting,Small,Clinical Informatics Analyst,Health IT,Mid,"Baltimore, MD",100,FALSE,2018-10-01,2021-05-01,FALSE,32,79000,New Employer - Advance,TRUE,Compliance|Data Modeling|EHR|FHIR|HIPAA|Health IT|Requirements|Risk Assessment
JOB-0000379,CID-590712,Severn River Consulting,Federal Contracting,Small,Health Information Systems Analyst,Health IT,Mid,"Baltimore, MD",100,FALSE,2021-05-01,2024-01-01,FALSE,33,83250,Internal Lateral,TRUE,Compliance|EHR|FHIR|HIPAA|Health IT|Population Health|Risk Assessment
JOB-0000380,CID-590712,Severn River Consulting,Federal Contracting,Small,Senior Health Data Analyst,Health IT,Senior,"Baltimore, MD",100,FALSE,2024-01-01,,TRUE,33,99500,Internal Promotion,TRUE,Compliance|EHR|HIPAA|Health Analytics|Health IT|Interoperability|Population Health|Risk Assessment
JOB-0000381,CID-838669,Potomac Mission Solutions,Federal Contracting,Large,Systems Administrator,Infrastructure & Cloud,Entry,"Washington, DC Metro",112,FALSE,2023-01-01,,TRUE,45,90000,First Job,TRUE,Automation|Cloud|Containers|Linux|Operating Systems|Performance Analysis|Python
JOB-0000382,CID-811860,Potomac Mission Solutions,Federal Contracting,Large,Business Intelligence Analyst,Data & Analytics,Entry,"Baltimore, MD",100,FALSE,2026-08-01,,TRUE,2,81250,First Job,TRUE,Business Intelligence|Compliance|Data Modeling|ETL|Query Optimization|Risk Assessment|SQL|Statistics|Tableau
JOB-0000383,CID-626576,Office of Technology Policy,Federal Government,Mid,Business Intelligence Analyst,Data & Analytics,Entry,"Baltimore, MD",100,TRUE,2020-09-15,2023-11-15,FALSE,39,65500,First Job,TRUE,Data Engineering|Data Modeling|Predictive Modeling|Query Optimization|SQL|Statistics|Tableau
JOB-0000384,CID-626576,Chesapeake Defense Systems,Defense & Aerospace,Enterprise,Data Analyst,Data & Analytics,Entry,"Baltimore, MD",100,FALSE,2023-11-15,2026-04-15,FALSE,30,70750,Industry Switch,FALSE,Data Modeling|Database Design|Predictive Modeling|Query Optimization|R|SQL|Statistics
JOB-0000385,CID-626576,Chesapeake Defense Systems,Defense & Aerospace,Enterprise,Data Engineer,Data & Analytics,Mid,"Baltimore, MD",100,FALSE,2026-04-15,,TRUE,6,76500,Internal Promotion,FALSE,Data Modeling|Query Optimization|R|SQL|Statistics
JOB-0000386,CID-653378,Marketside Digital,E-Commerce & Retail Tech,Large,Junior Developer,Software Engineering,Entry,"Baltimore, MD",100,FALSE,2026-06-01,,TRUE,4,78250,First Job,FALSE,Algorithms|C++|Data Structures|Testing|Version Control|Web Frameworks
JOB-0000387,CID-618789,National Data Services Agency,Federal Government,Enterprise,Junior Developer,Software Engineering,Entry,"Baltimore, MD",100,FALSE,2016-01-01,2017-12-01,FALSE,24,86500,First Job,TRUE,Algorithms|Compliance|Data Structures|Java|JavaScript|SQL|Testing|Version Control
JOB-0000388,CID-618789,Blue Heron Technologies,Federal Contracting,Mid,Applications Engineer,Software Engineering,Mid,"Baltimore, MD",100,FALSE,2017-12-01,2020-05-01,FALSE,30,84500,New Employer - Advance,TRUE,Algorithms|C++|Compliance|Data Structures|Object-Oriented Design|Python|REST APIs|Testing|Version Control
JOB-0000389,CID-618789,Blue Heron Technologies,Federal Contracting,Mid,Software Developer,Software Engineering,Mid,"Baltimore, MD",100,FALSE,2020-05-01,2023-04-01,FALSE,36,76250,Internal Lateral,TRUE,Agile|Algorithms|Compliance|Data Structures|REST APIs|Software Design|Testing|Version Control
JOB-0000390,CID-618789,Blue Heron Technologies,Federal Contracting,Mid,Senior Software Engineer,Software Engineering,Senior,"Baltimore, MD",100,FALSE,2023-04-01,,TRUE,42,89750,Internal Promotion,TRUE,Algorithms|CI/CD|Compliance|Data Structures|Distributed Systems|Object-Oriented Design|Performance Analysis|Software Design|Team Software|Testing|Version Control
JOB-0000391,CID-855992,Pinnacle Bridge Partners,Consulting & Professional Services,Mid,EHR Support Analyst,Health IT,Entry,"Baltimore, MD",100,FALSE,2025-08-01,,TRUE,14,86750,First Job,FALSE,Data Modeling|EHR|HIPAA|Health IT|SQL
JOB-0000392,CID-840872,Marketside Digital,E-Commerce & Retail Tech,Large,Junior DevOps Engineer,Infrastructure & Cloud,Entry,Northern Virginia,114,FALSE,2023-06-01,2024-06-01,FALSE,13,118500,First Job,FALSE,Automation|CI/CD|Cloud|Infrastructure as Code|Linux|Networking|Performance Analysis
JOB-0000393,CID-840872,Marketside Digital,E-Commerce & Retail Tech,Large,Cloud Engineer,Infrastructure & Cloud,Mid,Northern Virginia,114,FALSE,2024-06-01,2026-01-01,FALSE,20,127500,Internal Promotion,FALSE,Automation|Cloud|Infrastructure as Code|Linux|Networking|Operating Systems|Python
JOB-0000394,CID-840872,Federal Health Data Office,Federal Government,Large,Site Reliability Engineer,Infrastructure & Cloud,Mid,"Baltimore, MD",100,FALSE,2026-02-01,,TRUE,8,110500,New Employer - Lateral,TRUE,Automation|Cloud|Compliance|Concurrency|Containers|Linux|Networking
JOB-0000395,CID-317515,University of Maryland System,Higher Education,Enterprise,Junior Data Analyst,Data & Analytics,Entry,"Baltimore, MD",100,FALSE,2021-01-01,2023-11-01,FALSE,35,64250,First Job,FALSE,Data Modeling|Python|R|SQL|Statistics|Visualization
JOB-0000396,CID-317515,University of Maryland System,Higher Education,Enterprise,Data Engineer,Data & Analytics,Mid,"Baltimore, MD",100,FALSE,2023-11-01,,TRUE,35,65750,Internal Promotion,FALSE,Data Engineering|Data Modeling|ETL|Python|SQL|Statistics
JOB-0000397,CID-867157,Chesapeake Defense Systems,Defense & Aerospace,Enterprise,Software Engineer I,Software Engineering,Entry,"Washington, DC Metro",112,FALSE,2018-01-01,2019-05-01,FALSE,17,77250,First Job,TRUE,Agile|Algorithms|Data Structures|Git|Risk Assessment|Testing|Version Control
JOB-0000398,CID-867157,Chesapeake Defense Systems,Defense & Aerospace,Enterprise,Software Engineer I,Software Engineering,Entry,"Washington, DC Metro",112,FALSE,2019-05-01,2021-09-01,FALSE,29,76750,Internal Lateral,TRUE,Algorithms|Data Structures|Java|Python|Risk Assessment|SQL|Testing|Version Control
JOB-0000399,CID-867157,Chesapeake Defense Systems,Defense & Aerospace,Enterprise,Software Engineer I,Software Engineering,Entry,"Washington, DC Metro",112,FALSE,2021-09-01,2024-07-01,FALSE,35,77250,Internal Lateral,TRUE,Algorithms|CI/CD|Compliance|Data Structures|JavaScript|Quality Assurance|Testing|Version Control
JOB-0000400,CID-867157,Chesapeake Defense Systems,Defense & Aerospace,Enterprise,Applications Engineer,Software Engineering,Mid,"Washington, DC Metro",112,FALSE,2024-07-01,,TRUE,27,91250,Internal Promotion,TRUE,Agile|Algorithms|Compliance|Data Structures|Git|Object-Oriented Design|Risk Assessment|Testing|Version Control
JOB-0000401,CID-954849,Chesapeake Community College,Higher Education,Mid,Desktop Support Analyst,IT Support & Operations,Entry,"Baltimore, MD",100,FALSE,2020-06-01,2021-02-01,FALSE,9,53250,First Job,FALSE,Automation|Linux|Networking|Operating Systems|Presentation|Problem Solving|TCP/IP
JOB-0000402,CID-954849,Chesapeake Community College,Higher Education,Mid,IT Operations Analyst,IT Support & Operations,Mid,"Baltimore, MD",100,FALSE,2021-02-01,2023-05-01,FALSE,28,43000,Internal Promotion,FALSE,Compliance|Linux|Networking|Operating Systems|Problem Solving|Technical Writing|Testing
JOB-0000403,CID-954849,Lumen Grid Software,Software Products,Large,Systems Support Engineer,IT Support & Operations,Mid,"Boston, MA",124,FALSE,2023-06-01,2024-04-01,FALSE,11,72000,Industry Switch,FALSE,Compliance|Linux|Networking|Operating Systems|Problem Solving|Technical Writing|Testing
JOB-0000404,CID-954849,Lumen Grid Software,Software Products,Large,Systems Support Engineer,IT Support & Operations,Mid,"Boston, MA",124,FALSE,2024-04-01,2025-10-01,FALSE,19,87250,Internal Lateral,FALSE,Automation|Linux|Networking|Operating Systems|Presentation|Problem Solving|Testing
JOB-0000405,CID-954849,Lumen Grid Software,Software Products,Large,IT Operations Analyst,IT Support & Operations,Mid,"Boston, MA",124,FALSE,2025-10-01,2026-05-01,FALSE,8,99000,Internal Lateral,FALSE,Compliance|Linux|Networking|Operating Systems|Presentation|Problem Solving|Technical Writing
JOB-0000406,CID-954849,Lumen Grid Software,Software Products,Large,Senior IT Operations Analyst,IT Support & Operations,Senior,"Boston, MA",124,FALSE,2026-05-01,,TRUE,5,118500,Internal Promotion,FALSE,Compliance|Linux|Networking|Operating Systems|Problem Solving|Project Management|TCP/IP|Testing
JOB-0000407,CID-970833,Sentinel Peak Security,Cybersecurity Services,Mid,Help Desk Technician,IT Support & Operations,Entry,"Baltimore, MD",100,FALSE,2016-06-01,2017-10-01,FALSE,17,68250,First Job,TRUE,Compliance|Linux|Networking|Problem Solving|Risk Assessment|TCP/IP
JOB-0000408,CID-970833,Potomac Mission Solutions,Federal Contracting,Large,IT Operations Analyst,IT Support & Operations,Mid,"Baltimore, MD",100,FALSE,2017-10-01,2019-07-01,FALSE,22,70500,New Employer - Advance,TRUE,Automation|Compliance|Linux|Networking|Problem Solving|Risk Assessment|Technical Writing
JOB-0000409,CID-970833,Potomac Mission Solutions,Federal Contracting,Large,Senior Systems Engineer,IT Support & Operations,Senior,"Baltimore, MD",100,FALSE,2019-07-01,2023-03-01,FALSE,45,70250,Internal Promotion,TRUE,Automation|Linux|Networking|Operating Systems|Presentation|Problem Solving|Risk Assessment|Risk Management|Technical Writing
JOB-0000410,CID-970833,Potomac Mission Solutions,Federal Contracting,Large,Senior Systems Engineer,IT Support & Operations,Senior,"Baltimore, MD",100,FALSE,2023-03-01,2026-06-01,FALSE,40,78250,Internal Lateral,TRUE,Linux|Management|Networking|Problem Solving|Risk Assessment|TCP/IP|Technical Writing|Testing
JOB-0000411,CID-970833,Dockside Logistics Systems,Logistics & Transportation,Mid,Senior IT Operations Analyst,IT Support & Operations,Senior,"Columbia/Howard County, MD",107,FALSE,2026-07-01,,TRUE,3,90250,New Employer - Lateral,FALSE,Compliance|Linux|Networking|Problem Solving|Project Management|Risk Management|Technical Writing|Testing
JOB-0000412,CID-768174,Meridian National Systems,Federal Contracting,Enterprise,SOC Analyst,Cybersecurity,Entry,"Washington, DC Metro",112,FALSE,2023-06-01,,TRUE,40,128500,First Job,TRUE,Compliance|Cryptography|Incident Response|Linux|Network Security|Security Protocols
JOB-0000413,CID-432957,Blue Heron Technologies,Federal Contracting,Mid,Cloud Support Engineer,Infrastructure & Cloud,Entry,"Baltimore, MD",100,FALSE,2018-01-01,2019-12-01,FALSE,24,85750,First Job,TRUE,Automation|Cloud|Containers|Linux|Operating Systems|Python
JOB-0000414,CID-432957,Blue Heron Technologies,Federal Contracting,Mid,Cloud Engineer,Infrastructure & Cloud,Mid,"Baltimore, MD",100,FALSE,2019-12-01,2023-12-01,FALSE,49,88000,Internal Promotion,TRUE,Automation|Cloud|Compliance|Concurrency|Containers|Linux|Risk Assessment
JOB-0000415,CID-432957,Copper Ridge Data Centers,Cloud & Infrastructure,Mid,DevOps Engineer,Infrastructure & Cloud,Mid,"Baltimore, MD",100,FALSE,2023-12-01,2026-05-01,FALSE,30,100000,Industry Switch,FALSE,Automation|Cloud|Distributed Systems|Linux|TCP/IP
JOB-0000416,CID-432957,Harborline Networks,Cloud & Infrastructure,Mid,DevOps Engineer,Infrastructure & Cloud,Mid,Northern Virginia,114,FALSE,2026-06-01,,TRUE,4,114000,New Employer - Lateral,FALSE,Automation|Cloud|Linux|Networking|Operating Systems
JOB-0000417,CID-860736,Fidelis Capital Partners,Financial Services,Enterprise,Junior Developer,Software Engineering,Entry,"Columbia/Howard County, MD",107,FALSE,2024-10-01,2026-02-01,FALSE,17,73000,First Job,FALSE,Algorithms|Data Structures|Object-Oriented Design|Quality Assurance|SQL|Testing|Version Control
JOB-0000418,CID-860736,Falconview Systems,Software Products,Mid,Junior Developer,Software Engineering,Entry,Remote - United States,99,TRUE,2026-02-01,,TRUE,8,83500,New Employer - Lateral,FALSE,Agile|Algorithms|CI/CD|Data Structures|Software Design|Testing|Version Control
JOB-0000419,CID-419858,National Data Services Agency,Federal Government,Enterprise,IT Support Specialist,IT Support & Operations,Entry,"Baltimore, MD",100,FALSE,2025-06-01,2025-11-01,FALSE,6,74000,First Job,TRUE,Automation|Linux|Networking|Operating Systems|Presentation|Problem Solving|Technical Writing
JOB-0000420,CID-419858,National Data Services Agency,Federal Government,Enterprise,Systems Support Engineer,IT Support & Operations,Mid,"Baltimore, MD",100,FALSE,2025-11-01,,TRUE,11,75250,Internal Promotion,TRUE,Compliance|Linux|Networking|Presentation|Problem Solving|Risk Assessment
JOB-0000421,CID-800396,Pinnacle Bridge Partners,Consulting & Professional Services,Mid,SOC Analyst,Cybersecurity,Entry,"Washington, DC Metro",112,FALSE,2024-06-01,,TRUE,28,123500,First Job,FALSE,Exploit Development|Incident Response|Linux|Network Security|TCP/IP
JOB-0000422,CID-182919,Stratus Cloud Works,Cloud & Infrastructure,Large,Junior DevOps Engineer,Infrastructure & Cloud,Entry,"Baltimore, MD",100,TRUE,2025-01-01,,TRUE,21,121000,First Job,FALSE,Automation|CI/CD|Cloud|Linux|Performance Analysis
JOB-0000423,CID-493426,Meridian National Systems,Federal Contracting,Enterprise,Systems Administrator,Infrastructure & Cloud,Entry,"Washington, DC Metro",112,FALSE,2021-07-01,2022-10-01,FALSE,16,91750,First Job,TRUE,Automation|Cloud|Compliance|Concurrency|Distributed Systems|Infrastructure as Code|Linux|Performance Analysis|Risk Assessment
JOB-0000424,CID-493426,Meridian National Systems,Federal Contracting,Enterprise,Systems Administrator,Infrastructure & Cloud,Entry,"Washington, DC Metro",112,FALSE,2022-10-01,2025-06-01,FALSE,33,86500,Internal Lateral,TRUE,Automation|CI/CD|Cloud|Concurrency|Containers|Linux|Performance Analysis
JOB-0000425,CID-493426,Meridian National Systems,Federal Contracting,Enterprise,Site Reliability Engineer,Infrastructure & Cloud,Mid,"Washington, DC Metro",112,FALSE,2025-06-01,,TRUE,16,110000,Internal Promotion,TRUE,Automation|Cloud|Compliance|Infrastructure as Code|Linux|Performance Analysis
JOB-0000426,CID-783110,Northwind Platform Co.,Software Products,Enterprise,Business Analyst,IT Business & Product,Entry,Northern Virginia,114,FALSE,2026-03-15,,TRUE,7,107500,First Job,FALSE,Business Process|Project Management|Requirements|Roadmapping|Strategy
JOB-0000427,CID-331411,Marketside Digital,E-Commerce & Retail Tech,Large,Software Engineer I,Software Engineering,Entry,"Washington, DC Metro",112,TRUE,2015-08-01,2017-01-01,FALSE,18,73250,First Job,FALSE,Agile|Algorithms|Data Structures|Quality Assurance|Testing|Version Control
JOB-0000428,CID-331411,Chesterfield Asset Management,Financial Services,Mid,Applications Engineer,Software Engineering,Mid,"Columbia/Howard County, MD",107,FALSE,2017-03-01,2020-05-01,FALSE,39,80250,New Employer - Advance,FALSE,Algorithms|C++|Data Structures|Java|Quality Assurance|Testing|Version Control|Web Frameworks
JOB-0000429,CID-331411,Chesterfield Asset Management,Financial Services,Mid,Senior Developer,Software Engineering,Senior,"Columbia/Howard County, MD",107,FALSE,2020-05-01,2024-01-01,FALSE,45,95000,Internal Promotion,FALSE,Algorithms|Data Structures|Distributed Systems|Git|Object-Oriented Design|Python|Requirements|Software Design|Testing|Version Control
JOB-0000430,CID-331411,Blue Heron Technologies,Federal Contracting,Mid,Senior Software Engineer,Software Engineering,Senior,Northern Virginia,114,FALSE,2024-01-01,,TRUE,33,119000,New Employer - Lateral,TRUE,Agile|Algorithms|Data Structures|Python|Risk Assessment|Software Design|Testing|Version Control
JOB-0000431,CID-555524,Meridian National Systems,Federal Contracting,Enterprise,Business Analyst,IT Business & Product,Entry,Northern Virginia,114,FALSE,2020-02-01,2022-03-01,FALSE,26,79500,First Job,TRUE,Business Process|Compliance|Project Management|Requirements|Risk Assessment|Systems Analysis|Technical Writing
JOB-0000432,CID-555524,Meridian National Systems,Federal Contracting,Enterprise,Technical Project Coordinator,IT Business & Product,Mid,Northern Virginia,114,FALSE,2022-03-01,2026-07-01,FALSE,53,99750,Internal Promotion,TRUE,Business Process|Compliance|Project Management|Requirements|SQL|Strategy|User Research
JOB-0000433,CID-555524,Meridian National Systems,Federal Contracting,Enterprise,Product Manager,IT Business & Product,Senior,Northern Virginia,114,FALSE,2026-07-01,,TRUE,3,135000,Internal Promotion,TRUE,Agile|Business Process|Governance|IT Governance|Project Management|Requirements|Roadmapping|SQL|Strategy
JOB-0000434,CID-738599,Parcel & Post Technologies,Logistics & Transportation,Large,Software Engineer I,Software Engineering,Entry,"Austin, TX",105,TRUE,2021-07-01,2024-03-01,FALSE,33,58500,First Job,FALSE,Agile|Algorithms|C++|Data Structures|Software Design|Testing|Version Control|Web Frameworks
JOB-0000435,CID-738599,Stratus Cloud Works,Cloud & Infrastructure,Large,Software Engineer II,Software Engineering,Mid,"Columbia/Howard County, MD",107,FALSE,2024-05-01,,TRUE,29,85500,New Employer - Advance,FALSE,Algorithms|C++|Data Structures|Object-Oriented Design|Testing|Version Control
JOB-0000436,CID-651623,Chesapeake Defense Systems,Defense & Aerospace,Enterprise,Desktop Support Analyst,IT Support & Operations,Entry,"Washington, DC Metro",112,FALSE,2024-01-01,,TRUE,33,65250,First Job,FALSE,Compliance|Linux|Networking|Operating Systems|Problem Solving|Technical Writing
JOB-0000437,CID-212795,Meridian National Systems,Federal Contracting,Enterprise,IT Support Specialist,IT Support & Operations,Entry,"Baltimore, MD",100,FALSE,2016-01-01,2019-07-01,FALSE,43,63250,First Job,TRUE,Automation|Compliance|Linux|Networking|Operating Systems|Problem Solving|Risk Assessment|Technical Writing|Testing
JOB-0000438,CID-212795,Meridian National Systems,Federal Contracting,Enterprise,Systems Support Engineer,IT Support & Operations,Mid,"Baltimore, MD",100,FALSE,2019-07-01,2024-02-01,FALSE,56,66750,Internal Promotion,TRUE,Automation|Compliance|Linux|Networking|Operating Systems|Problem Solving|Risk Assessment
JOB-0000439,CID-212795,Antietam Systems Integration,Federal Contracting,Small,IT Operations Analyst,IT Support & Operations,Mid,Northern Virginia,114,FALSE,2024-02-01,,TRUE,32,77750,Industry Switch,TRUE,Compliance|Linux|Networking|Operating Systems|Problem Solving|Risk Assessment|Testing
JOB-0000440,CID-721698,Northfield Biosciences,Healthcare & Life Sciences,Large,Junior DevOps Engineer,Infrastructure & Cloud,Entry,Northern Virginia,114,FALSE,2021-01-15,2024-04-15,FALSE,40,81250,First Job,FALSE,Automation|CI/CD|Cloud|Linux|Networking|TCP/IP
JOB-0000441,CID-721698,Northfield Biosciences,Healthcare & Life Sciences,Large,DevOps Engineer,Infrastructure & Cloud,Mid,Northern Virginia,114,FALSE,2024-04-15,2024-10-15,FALSE,7,92250,Internal Promotion,FALSE,Automation|Cloud|Containers|Distributed Systems|Infrastructure as Code|Linux|Operating Systems
JOB-0000442,CID-721698,Ironwood Cyber,Cybersecurity Services,Small,Cloud Engineer,Infrastructure & Cloud,Mid,"Baltimore, MD",100,FALSE,2024-11-15,2025-08-15,FALSE,10,102500,New Employer - Lateral,TRUE,Automation|Cloud|Compliance|Linux|Networking|Performance Analysis|Risk Assessment
JOB-0000443,CID-721698,Ironwood Cyber,Cybersecurity Services,Small,DevOps Engineer,Infrastructure & Cloud,Mid,"Baltimore, MD",100,FALSE,2025-08-15,,TRUE,14,111500,Internal Lateral,TRUE,Automation|CI/CD|Cloud|Containers|Linux|Networking|Performance Analysis
JOB-0000444,CID-946745,Piedmont Energy Partners,Energy & Utilities,Large,Junior Systems Analyst,IT Business & Product,Entry,"Baltimore, MD",100,FALSE,2022-01-01,2022-11-01,FALSE,11,56000,First Job,FALSE,Business Process|MIS|Product Management|Project Management|Requirements|SQL
JOB-0000445,CID-946745,Piedmont Energy Partners,Energy & Utilities,Large,Product Analyst,IT Business & Product,Mid,"Baltimore, MD",100,FALSE,2022-11-01,2024-10-01,FALSE,24,74000,Internal Promotion,FALSE,Business Process|MIS|Project Management|Requirements|SQL|Technical Writing
JOB-0000446,CID-946745,Fidelis Capital Partners,Financial Services,Enterprise,Senior Business Analyst,IT Business & Product,Senior,"Columbia/Howard County, MD",107,FALSE,2024-12-01,2026-06-01,FALSE,19,121500,New Employer - Advance,FALSE,Agile|Business Process|IT Governance|Management|Product Management|Project Management|Requirements|Strategy
JOB-0000447,CID-946745,Shoreline Retail Group,E-Commerce & Retail Tech,Enterprise,Product Manager,IT Business & Product,Senior,San Francisco Bay Area,135,FALSE,2026-08-01,,TRUE,2,160000,New Employer - Lateral,FALSE,Agile|Business Process|Governance|IT Governance|Management|Project Management|Requirements|Strategy|Systems Analysis|User Research
JOB-0000448,CID-219888,Greenspring Health Systems,Healthcare & Life Sciences,Enterprise,Junior Security Engineer,Cybersecurity,Entry,"Washington, DC Metro",112,FALSE,2024-01-01,2025-12-01,FALSE,24,104500,First Job,FALSE,Incident Response|Linux|Network Security|Penetration Testing|Risk Assessment
JOB-0000449,CID-219888,Greenspring Health Systems,Healthcare & Life Sciences,Enterprise,Security Analyst II,Cybersecurity,Mid,"Washington, DC Metro",112,FALSE,2025-12-01,,TRUE,10,111500,Internal Promotion,FALSE,Incident Response|Linux|Network Security|Networking|Security Operations
JOB-0000450,CID-604156,Antietam Systems Integration,Federal Contracting,Small,Security Analyst I,Cybersecurity,Entry,"Washington, DC Metro",112,FALSE,2024-11-15,2025-12-15,FALSE,14,89000,First Job,TRUE,Incident Response|Linux|Network Security|Risk Assessment|Security Protocols|TCP/IP
JOB-0000451,CID-604156,Antietam Systems Integration,Federal Contracting,Small,SOC Analyst,Cybersecurity,Entry,"Washington, DC Metro",112,FALSE,2025-12-15,,TRUE,10,87000,Internal Lateral,TRUE,Compliance|Forensics|Incident Response|Linux|Network Security|Risk Assessment
JOB-0000452,CID-374868,Dockside Logistics Systems,Logistics & Transportation,Mid,Junior Data Analyst,Data & Analytics,Entry,"Washington, DC Metro",112,FALSE,2024-10-01,2026-07-01,FALSE,22,64500,First Job,FALSE,Business Intelligence|Data Modeling|Query Optimization|SQL|Statistics|Tableau
JOB-0000453,CID-374868,Chesapeake Defense Systems,Defense & Aerospace,Enterprise,Analytics Engineer,Data & Analytics,Mid,"Washington, DC Metro",112,FALSE,2026-07-01,,TRUE,3,82500,New Employer - Advance,TRUE,Business Intelligence|Compliance|Data Modeling|Python|R|Risk Assessment|SQL|Statistics|Tableau
JOB-0000454,CID-163805,Redoubt Security Partners,Cybersecurity Services,Mid,Junior Data Analyst,Data & Analytics,Entry,"Baltimore, MD",100,FALSE,2023-08-15,2025-04-15,FALSE,21,66500,First Job,TRUE,Compliance|Data Modeling|ETL|Predictive Modeling|Query Optimization|SQL|Statistics|Tableau
JOB-0000455,CID-163805,Brightline Software Group,Software Products,Small,Junior Data Analyst,Data & Analytics,Entry,"Washington, DC Metro",112,FALSE,2025-06-15,,TRUE,16,78750,Industry Switch,TRUE,Compliance|Data Modeling|ETL|R|SQL|Statistics
JOB-0000456,CID-581306,Potomac Mission Solutions,Federal Contracting,Large,Junior Systems Analyst,IT Business & Product,Entry,"Washington, DC Metro",112,TRUE,2021-06-01,2023-01-01,FALSE,20,87500,First Job,TRUE,Business Process|Compliance|Product Management|Project Management|Requirements|Risk Assessment|Roadmapping|UML|User Research
JOB-0000457,CID-581306,Potomac Mission Solutions,Federal Contracting,Large,Product Analyst,IT Business & Product,Mid,"Washington, DC Metro",112,TRUE,2023-01-01,,TRUE,45,103000,Internal Promotion,TRUE,Business Process|Presentation|Product Management|Project Management|Requirements|Risk Assessment|Systems Analysis|UML
JOB-0000458,CID-447869,Continental Wireless,Telecommunications,Enterprise,Associate Software Engineer,Software Engineering,Entry,"Washington, DC Metro",112,FALSE,2017-06-01,2018-11-01,FALSE,18,95750,First Job,FALSE,Agile|Algorithms|Data Structures|Python|REST APIs|Testing|Version Control
JOB-0000459,CID-447869,Meridian National Systems,Federal Contracting,Enterprise,Software Engineer II,Software Engineering,Mid,"Baltimore, MD",100,FALSE,2018-12-01,2023-02-01,FALSE,51,84750,New Employer - Advance,TRUE,Algorithms|Compliance|Data Structures|JavaScript|Quality Assurance|Testing|Version Control
JOB-0000460,CID-447869,Meridian National Systems,Federal Contracting,Enterprise,Software Engineer II,Software Engineering,Mid,"Baltimore, MD",100,FALSE,2023-02-01,,TRUE,44,90500,Internal Lateral,TRUE,Algorithms|CI/CD|Data Structures|Python|REST APIs|Risk Assessment|Testing|Version Control
JOB-0000461,CID-681016,Catoctin Analytics Group,Federal Contracting,Mid,Junior Security Engineer,Cybersecurity,Entry,"Columbia/Howard County, MD",107,FALSE,2026-09-01,,TRUE,1,112500,First Job,TRUE,Compliance|Exploit Development|Incident Response|Linux|Network Security|Penetration Testing|Risk Assessment|Security Protocols
JOB-0000462,CID-612257,Civic Code Alliance,Nonprofit & Civic Tech,Small,IT Analyst,IT Business & Product,Entry,"Washington, DC Metro",112,FALSE,2023-07-01,2024-07-01,FALSE,13,50500,First Job,FALSE,Business Process|MIS|Project Management|Requirements|Technical Writing
JOB-0000463,CID-612257,Piedmont Energy Partners,Energy & Utilities,Large,Technical Project Coordinator,IT Business & Product,Mid,"Baltimore, MD",100,FALSE,2024-08-01,,TRUE,26,73750,New Employer - Advance,FALSE,Business Process|Presentation|Project Management|Requirements|Roadmapping|Technical Writing
JOB-0000464,CID-165486,Clarion Clinical Data,Healthcare & Life Sciences,Small,Security Analyst I,Cybersecurity,Entry,"Baltimore, MD",100,FALSE,2024-09-01,2026-02-01,FALSE,18,82250,First Job,FALSE,Compliance|Incident Response|Linux|Network Security|Security Protocols
JOB-0000465,CID-165486,Calvert Advisory Group,Consulting & Professional Services,Large,Security Engineer,Cybersecurity,Mid,"Baltimore, MD",100,TRUE,2026-02-01,,TRUE,8,101000,New Employer - Advance,FALSE,Compliance|Cryptography|Incident Response|Linux|Network Security
JOB-0000466,CID-548237,Falconview Systems,Software Products,Mid,Junior Developer,Software Engineering,Entry,"Baltimore, MD",100,FALSE,2025-04-15,2025-09-15,FALSE,6,89750,First Job,FALSE,Algorithms|CI/CD|Data Structures|JavaScript|Quality Assurance|Testing|Version Control
JOB-0000467,CID-548237,Patapsco Aerospace,Defense & Aerospace,Large,Software Developer,Software Engineering,Mid,"Washington, DC Metro",112,FALSE,2025-09-15,,TRUE,13,105000,New Employer - Advance,TRUE,Algorithms|C++|Data Structures|JavaScript|Quality Assurance|Software Design|Testing|Version Control
JOB-0000468,CID-896976,Northfield Biosciences,Healthcare & Life Sciences,Large,EHR Support Analyst,Health IT,Entry,"Baltimore, MD",100,FALSE,2019-06-15,2020-12-15,FALSE,19,55750,First Job,FALSE,Compliance|EHR|FHIR|HIPAA|Health IT|Requirements
JOB-0000469,CID-896976,Meridian National Systems,Federal Contracting,Enterprise,Health Data Analyst,Health IT,Entry,Northern Virginia,114,FALSE,2021-01-15,2023-05-15,FALSE,29,70500,Industry Switch,TRUE,Compliance|Data Modeling|EHR|HIPAA|Health IT|Population Health|SQL
JOB-0000470,CID-896976,Meridian National Systems,Federal Contracting,Enterprise,Clinical Systems Analyst,Health IT,Entry,Northern Virginia,114,FALSE,2023-05-15,2026-06-15,FALSE,38,79000,Internal Lateral,TRUE,Compliance|Data Modeling|EHR|FHIR|HIPAA|Health Analytics|Health IT|Risk Assessment|SQL
JOB-0000471,CID-896976,Meridian National Systems,Federal Contracting,Enterprise,Clinical Informatics Analyst,Health IT,Mid,Northern Virginia,114,FALSE,2026-06-15,,TRUE,4,98500,Internal Promotion,TRUE,Data Modeling|EHR|FHIR|HIPAA|HL7|Health IT|Risk Assessment
JOB-0000472,CID-816738,Pinnacle Bridge Partners,Consulting & Professional Services,Mid,Associate Software Engineer,Software Engineering,Entry,"Baltimore, MD",100,FALSE,2026-08-01,,TRUE,2,83750,First Job,FALSE,Algorithms|Data Structures|Object-Oriented Design|REST APIs|Software Design|Testing|Version Control
JOB-0000473,CID-357856,Brightline Software Group,Software Products,Small,Junior Data Analyst,Data & Analytics,Entry,Northern Virginia,114,FALSE,2026-06-15,,TRUE,4,83500,First Job,FALSE,Data Modeling|ETL|Query Optimization|SQL|Statistics|Tableau
JOB-0000474,CID-176708,Severn River Consulting,Federal Contracting,Small,Junior Data Analyst,Data & Analytics,Entry,"Baltimore, MD",100,FALSE,2026-06-01,,TRUE,4,64250,First Job,FALSE,Business Intelligence|Data Mining|Data Modeling|ETL|R|SQL|Statistics
JOB-0000475,CID-957962,Chesapeake Defense Systems,Defense & Aerospace,Enterprise,Junior Developer,Software Engineering,Entry,Northern Virginia,114,FALSE,2017-06-01,2020-10-01,FALSE,41,78250,First Job,FALSE,Algorithms|Data Structures|Quality Assurance|SQL|Software Design|Testing|Version Control
JOB-0000476,CID-957962,Chesapeake Defense Systems,Defense & Aerospace,Enterprise,Applications Engineer,Software Engineering,Mid,Northern Virginia,114,FALSE,2020-10-01,2023-11-01,FALSE,38,87500,Internal Promotion,FALSE,Algorithms|Data Structures|Java|Object-Oriented Design|Quality Assurance|SQL|Testing|Version Control
JOB-0000477,CID-957962,Chesapeake Defense Systems,Defense & Aerospace,Enterprise,Senior Software Engineer,Software Engineering,Senior,Northern Virginia,114,FALSE,2023-11-01,,TRUE,35,97500,Internal Promotion,FALSE,Agile|Algorithms|CI/CD|Data Structures|Distributed Systems|Git|Requirements|Software Design|Testing|Version Control
JOB-0000478,CID-854019,Meridian National Systems,Federal Contracting,Enterprise,Data Analyst,Data & Analytics,Entry,"Washington, DC Metro",112,FALSE,2024-06-01,2025-02-01,FALSE,9,78250,First Job,FALSE,Data Modeling|Python|SQL|Statistics|Tableau
JOB-0000479,CID-854019,Sterling Ridge Consulting,Consulting & Professional Services,Enterprise,Analytics Engineer,Data & Analytics,Mid,"Washington, DC Metro",112,FALSE,2025-02-01,2026-07-01,FALSE,18,91500,New Employer - Advance,FALSE,Data Engineering|Data Modeling|Database Design|SQL|Statistics
JOB-0000480,CID-854019,Harbor Mutual Insurance,Insurance,Large,Senior Analytics Engineer,Data & Analytics,Senior,"Columbia/Howard County, MD",107,FALSE,2026-07-01,,TRUE,3,115500,New Employer - Advance,FALSE,Business Process|Data Engineering|Data Modeling|Database Design|Predictive Modeling|Requirements|SQL|Statistics
JOB-0000481,CID-581915,Blue Heron Technologies,Federal Contracting,Mid,Associate Software Engineer,Software Engineering,Entry,"Columbia/Howard County, MD",107,FALSE,2015-06-01,2016-10-01,FALSE,17,78250,First Job,TRUE,Algorithms|CI/CD|Compliance|Data Structures|Quality Assurance|Risk Assessment|Testing|Version Control|Web Frameworks
JOB-0000482,CID-581915,Blue Heron Technologies,Federal Contracting,Mid,Software Developer,Software Engineering,Mid,"Columbia/Howard County, MD",107,FALSE,2016-10-01,2020-04-01,FALSE,43,80250,Internal Promotion,TRUE,Algorithms|C++|Data Structures|REST APIs|Testing|Version Control
JOB-0000483,CID-581915,Cartway Commerce,E-Commerce & Retail Tech,Mid,Software Engineer II,Software Engineering,Mid,Remote - United States,99,TRUE,2020-05-01,2021-05-01,FALSE,13,86000,New Employer - Lateral,FALSE,Agile|Algorithms|Data Structures|SQL|Software Design|Testing|Version Control
JOB-0000484,CID-581915,CareBridge Technology,Healthcare & Life Sciences,Mid,Applications Engineer,Software Engineering,Mid,"Baltimore, MD",100,FALSE,2021-06-01,2023-12-01,FALSE,31,81750,New Employer - Lateral,FALSE,Agile|Algorithms|Data Structures|Python|Quality Assurance|REST APIs|Testing|Version Control
JOB-0000485,CID-581915,Falconview Systems,Software Products,Mid,Senior Software Engineer,Software Engineering,Senior,"Washington, DC Metro",112,FALSE,2023-12-01,2025-02-01,FALSE,15,121000,New Employer - Advance,FALSE,Algorithms|Data Structures|Java|JavaScript|Quality Assurance|Requirements|Software Design|Team Software|Testing|Version Control
JOB-0000486,CID-581915,Falconview Systems,Software Products,Mid,Staff Software Engineer,Software Engineering,Lead,"Washington, DC Metro",112,FALSE,2025-02-01,,TRUE,20,146000,Internal Promotion,FALSE,Algorithms|Data Structures|Distributed Systems|Git|Java|Performance Analysis|REST APIs|Requirements|Software Design|Team Software|Testing|Version Control
JOB-0000487,CID-514032,Allied Shield Insurance Group,Insurance,Enterprise,Business Intelligence Analyst,Data & Analytics,Entry,Remote - United States,99,TRUE,2025-01-01,2025-11-01,FALSE,11,90000,First Job,FALSE,Data Modeling|Database Design|SQL|Statistics|Visualization
JOB-0000488,CID-514032,Allied Shield Insurance Group,Insurance,Enterprise,Data Analyst,Data & Analytics,Entry,Remote - United States,99,TRUE,2025-11-01,,TRUE,11,78250,Internal Lateral,FALSE,Data Engineering|Data Modeling|Database Design|SQL|Statistics
JOB-0000489,CID-738427,Calvert Advisory Group,Consulting & Professional Services,Large,Junior ML Engineer,Machine Learning & AI,Entry,"Washington, DC Metro",112,FALSE,2017-06-01,2019-01-01,FALSE,20,81500,First Job,FALSE,Deep Learning|Machine Learning|Matrix Computation|NLP|PyTorch|Python|Statistics
JOB-0000490,CID-738427,Sterling Ridge Consulting,Consulting & Professional Services,Enterprise,Machine Learning Engineer II,Machine Learning & AI,Mid,"Baltimore, MD",100,FALSE,2019-01-01,2021-06-01,FALSE,30,89250,New Employer - Advance,FALSE,Algorithms|Machine Learning|Probability|PyTorch|Python|Search Algorithms|Statistics
JOB-0000491,CID-738427,Sterling Ridge Consulting,Consulting & Professional Services,Enterprise,ML Engineer,Machine Learning & AI,Mid,"Baltimore, MD",100,FALSE,2021-06-01,2022-01-01,FALSE,8,91500,Internal Lateral,FALSE,Algorithms|Data Mining|Linear Algebra|Machine Learning|Matrix Computation|Python|Statistics
JOB-0000492,CID-738427,Sterling Ridge Consulting,Consulting & Professional Services,Enterprise,Senior Applied Scientist,Machine Learning & AI,Senior,"Baltimore, MD",100,FALSE,2022-01-01,2022-09-01,FALSE,9,105000,Internal Promotion,FALSE,AI|Distributed Systems|Machine Learning|Python|Search Algorithms|Statistics|Team Software
JOB-0000493,CID-738427,Vantage Point Applications,Software Products,Mid,Senior Applied Scientist,Machine Learning & AI,Senior,"Washington, DC Metro",112,FALSE,2022-09-01,2023-11-01,FALSE,15,119500,Industry Switch,FALSE,AI|Distributed Systems|Machine Learning|Performance Analysis|PyTorch|Python|Statistics|Team Software
JOB-0000494,CID-738427,Dockside Logistics Systems,Logistics & Transportation,Mid,Senior Machine Learning Engineer,Machine Learning & AI,Senior,"Washington, DC Metro",112,FALSE,2023-12-01,2025-01-01,FALSE,14,133000,New Employer - Lateral,FALSE,Distributed Systems|GPU Computing|Machine Learning|NLP|Performance Analysis|Python|Search Algorithms|Statistics
JOB-0000495,CID-738427,National Data Services Agency,Federal Government,Enterprise,Principal Applied Scientist,Machine Learning & AI,Lead,"Baltimore, MD",100,FALSE,2025-02-01,,TRUE,20,126000,New Employer - Advance,TRUE,Linear Algebra|Machine Learning|Performance Analysis|PyTorch|Python|Risk Assessment|Statistics
JOB-0000496,CID-745834,Antietam Systems Integration,Federal Contracting,Small,Security Analyst I,Cybersecurity,Entry,"Washington, DC Metro",112,FALSE,2026-06-01,,TRUE,4,118000,First Job,TRUE,Compliance|Incident Response|Linux|Network Security|Networking|Risk Assessment
JOB-0000497,CID-944287,Chesapeake Defense Systems,Defense & Aerospace,Enterprise,Junior Security Engineer,Cybersecurity,Entry,"Washington, DC Metro",112,FALSE,2024-01-01,2026-01-01,FALSE,25,95000,First Job,FALSE,Cryptography|Incident Response|Linux|Network Security|Risk Assessment|Security Operations|Security Protocols
JOB-0000498,CID-944287,Chesapeake Defense Systems,Defense & Aerospace,Enterprise,Junior Security Engineer,Cybersecurity,Entry,"Washington, DC Metro",112,FALSE,2026-01-01,,TRUE,9,91000,Internal Lateral,FALSE,Forensics|Incident Response|Linux|Network Security|Risk Assessment|Security Protocols
JOB-0000499,CID-459863,Vantage Point Applications,Software Products,Mid,Junior Data Analyst,Data & Analytics,Entry,"Columbia/Howard County, MD",107,TRUE,2021-06-01,2021-11-01,FALSE,6,76000,First Job,FALSE,Data Mining|Data Modeling|Database Design|Python|SQL|Statistics|Tableau
JOB-0000500,CID-459863,Vantage Point Applications,Software Products,Mid,Junior Data Analyst,Data & Analytics,Entry,"Columbia/Howard County, MD",107,TRUE,2022-05-01,2023-09-01,FALSE,17,80419,Career Break,FALSE,Data Modeling|Database Design|ETL|SQL|Statistics
JOB-0000501,CID-459863,Blue Heron Technologies,Federal Contracting,Mid,Data Analyst II,Data & Analytics,Mid,"Washington, DC Metro",112,TRUE,2023-10-01,2026-08-01,FALSE,35,91500,New Employer - Advance,FALSE,Data Engineering|Data Modeling|Query Optimization|SQL|Statistics
JOB-0000502,CID-459863,Blue Heron Technologies,Federal Contracting,Mid,Senior Data Analyst,Data & Analytics,Senior,"Washington, DC Metro",112,TRUE,2026-08-01,,TRUE,2,101500,Internal Promotion,FALSE,Data Engineering|Data Modeling|ETL|Python|R|Requirements|SQL|Statistics
JOB-0000503,CID-568173,Chesapeake Defense Systems,Defense & Aerospace,Enterprise,Software Engineer I,Software Engineering,Entry,"Columbia/Howard County, MD",107,FALSE,2026-07-01,,TRUE,3,89000,First Job,TRUE,Algorithms|CI/CD|Compliance|Data Structures|Risk Assessment|SQL|Testing|Version Control|Web Frameworks
JOB-0000504,CID-848562,Tidewater Defense Group,Defense & Aerospace,Large,Junior Data Analyst,Data & Analytics,Entry,"Baltimore, MD",100,TRUE,2015-08-01,2017-04-01,FALSE,21,42750,First Job,FALSE,Data Modeling|Database Design|Predictive Modeling|Python|SQL|Statistics|Visualization
JOB-0000505,CID-848562,Tidewater Defense Group,Defense & Aerospace,Large,Data Analyst II,Data & Analytics,Mid,"Baltimore, MD",100,TRUE,2017-04-01,2020-07-01,FALSE,40,53750,Internal Promotion,FALSE,Business Intelligence|Data Modeling|Database Design|Predictive Modeling|SQL|Statistics|Visualization
JOB-0000506,CID-848562,Tidewater Defense Group,Defense & Aerospace,Large,Data Engineer,Data & Analytics,Mid,"Baltimore, MD",100,TRUE,2020-07-01,2024-11-01,FALSE,53,63250,Internal Lateral,FALSE,Data Modeling|ETL|Python|Query Optimization|SQL|Statistics|Tableau
JOB-0000507,CID-848562,Tidewater Defense Group,Defense & Aerospace,Large,Analytics Engineer,Data & Analytics,Mid,"Baltimore, MD",100,TRUE,2024-11-01,,TRUE,23,73500,Internal Lateral,FALSE,Data Modeling|Python|SQL|Statistics|Visualization
JOB-0000508,CID-501509,Potomac Mission Solutions,Federal Contracting,Large,SOC Analyst,Cybersecurity,Entry,Remote - United States,99,TRUE,2022-06-01,2024-06-01,FALSE,25,118000,First Job,TRUE,Compliance|Incident Response|Linux|Network Security|Security Operations
JOB-0000509,CID-501509,Potomac Mission Solutions,Federal Contracting,Large,Security Analyst I,Cybersecurity,Entry,Remote - United States,99,TRUE,2024-06-01,,TRUE,28,101500,Internal Lateral,TRUE,Exploit Development|Incident Response|Linux|Network Security|Risk Assessment|Security Operations
JOB-0000510,CID-173850,Keystone Federal Services,Federal Contracting,Mid,Junior Security Engineer,Cybersecurity,Entry,"Baltimore, MD",100,FALSE,2015-09-01,2019-11-01,FALSE,51,91000,First Job,TRUE,Compliance|Cryptography|Forensics|Incident Response|Linux|Network Security
JOB-0000511,CID-173850,Keystone Federal Services,Federal Contracting,Mid,Security Engineer,Cybersecurity,Mid,"Baltimore, MD",100,FALSE,2019-11-01,2024-06-01,FALSE,56,100000,Internal Promotion,TRUE,Incident Response|Linux|Network Security|Networking|Security Protocols
JOB-0000512,CID-173850,Keystone Federal Services,Federal Contracting,Mid,Incident Response Analyst,Cybersecurity,Mid,"Baltimore, MD",100,FALSE,2024-06-01,,TRUE,28,109500,Internal Lateral,TRUE,Compliance|Incident Response|Linux|Network Security|Risk Assessment|Security Operations|TCP/IP
JOB-0000513,CID-761467,Chesapeake Community College,Higher Education,Mid,Business Intelligence Analyst,Data & Analytics,Entry,"Columbia/Howard County, MD",107,FALSE,2023-07-01,2025-01-01,FALSE,19,55000,First Job,FALSE,Data Engineering|Data Modeling|ETL|Predictive Modeling|SQL|Statistics
JOB-0000514,CID-761467,Chesapeake Community College,Higher Education,Mid,Data Analyst II,Data & Analytics,Mid,"Columbia/Howard County, MD",107,FALSE,2025-01-01,2026-01-01,FALSE,13,59250,Internal Promotion,FALSE,Business Intelligence|Data Modeling|Python|SQL|Statistics|Visualization
JOB-0000515,CID-761467,Chesapeake Community College,Higher Education,Mid,Senior Data Analyst,Data & Analytics,Senior,"Columbia/Howard County, MD",107,FALSE,2026-01-01,,TRUE,9,71000,Internal Promotion,FALSE,Data Engineering|Data Modeling|Database Design|Predictive Modeling|Requirements|SQL|Statistics|Tableau
JOB-0000516,CID-628622,Keystone Federal Services,Federal Contracting,Mid,Business Intelligence Analyst,Data & Analytics,Entry,"Washington, DC Metro",112,FALSE,2023-01-01,2026-04-01,FALSE,40,73000,First Job,FALSE,Business Intelligence|Data Modeling|Database Design|Query Optimization|SQL|Statistics|Visualization
JOB-0000517,CID-628622,Chesapeake Defense Systems,Defense & Aerospace,Enterprise,Analytics Engineer,Data & Analytics,Mid,"Baltimore, MD",100,FALSE,2026-04-01,,TRUE,6,93500,New Employer - Advance,TRUE,Data Engineering|Data Modeling|Database Design|Predictive Modeling|Risk Assessment|SQL|Statistics
JOB-0000518,CID-654352,Chesapeake Defense Systems,Defense & Aerospace,Enterprise,Business Intelligence Analyst,Data & Analytics,Entry,"Baltimore, MD",100,FALSE,2016-06-01,2018-11-01,FALSE,30,75000,First Job,TRUE,Business Intelligence|Data Mining|Data Modeling|SQL|Statistics
JOB-0000519,CID-654352,Chesapeake Defense Systems,Defense & Aerospace,Enterprise,Data Engineer,Data & Analytics,Mid,"Baltimore, MD",100,FALSE,2018-11-01,2022-05-01,FALSE,43,78250,Internal Promotion,TRUE,Data Engineering|Data Modeling|Python|Risk Assessment|SQL|Statistics|Tableau
JOB-0000520,CID-654352,Cartway Commerce,E-Commerce & Retail Tech,Mid,Senior Data Analyst,Data & Analytics,Senior,"Baltimore, MD",100,FALSE,2022-05-01,2024-11-01,FALSE,31,97000,New Employer - Advance,FALSE,Business Process|Data Modeling|Python|Query Optimization|SQL|Statistics
JOB-0000521,CID-654352,Catoctin Analytics Group,Federal Contracting,Mid,Senior Analytics Engineer,Data & Analytics,Senior,"Columbia/Howard County, MD",107,FALSE,2024-12-01,,TRUE,22,113000,New Employer - Lateral,TRUE,Business Process|Compliance|Data Mining|Data Modeling|Database Design|Requirements|Risk Assessment|SQL|Statistics|Tableau|Visualization
JOB-0000522,CID-820778,Catoctin Analytics Group,Federal Contracting,Mid,IT Analyst,IT Business & Product,Entry,Northern Virginia,114,FALSE,2022-09-15,2023-07-15,FALSE,11,68500,First Job,FALSE,Business Process|MIS|Presentation|Project Management|Requirements|UML
JOB-0000523,CID-820778,Catoctin Analytics Group,Federal Contracting,Mid,Systems Analyst,IT Business & Product,Mid,Northern Virginia,114,FALSE,2023-07-15,2026-04-15,FALSE,34,82000,Internal Promotion,FALSE,Agile|Business Process|Presentation|Project Management|Requirements|SQL|Strategy
JOB-0000524,CID-820778,Severn River Consulting,Federal Contracting,Small,Product Manager,IT Business & Product,Senior,"Baltimore, MD",100,TRUE,2026-04-15,,TRUE,6,100500,New Employer - Advance,FALSE,Business Process|Governance|IT Governance|Product Management|Project Management|Requirements|Roadmapping|Strategy|Systems Analysis|Technical Writing
JOB-0000525,CID-750979,Shoreline Retail Group,E-Commerce & Retail Tech,Enterprise,Data Analyst,Data & Analytics,Entry,"Baltimore, MD",100,FALSE,2026-08-01,,TRUE,2,66250,First Job,FALSE,Data Mining|Data Modeling|Database Design|R|SQL|Statistics
JOB-0000526,CID-301548,Greenspring Health Systems,Healthcare & Life Sciences,Enterprise,Business Analyst,IT Business & Product,Entry,"Chicago, IL",104,FALSE,2018-01-01,2020-04-01,FALSE,28,56750,First Job,FALSE,Business Process|MIS|Presentation|Product Management|Project Management|Requirements|Technical Writing
JOB-0000527,CID-301548,Stratus Cloud Works,Cloud & Infrastructure,Large,Product Analyst,IT Business & Product,Mid,Remote - United States,99,TRUE,2020-06-01,2022-12-01,FALSE,31,88750,New Employer - Advance,FALSE,Business Process|MIS|Presentation|Project Management|Requirements|Roadmapping|UML
JOB-0000528,CID-301548,Stratus Cloud Works,Cloud & Infrastructure,Large,Product Analyst,IT Business & Product,Mid,Remote - United States,99,TRUE,2023-11-01,2024-10-01,FALSE,12,91698,Career Break,FALSE,Business Process|Presentation|Project Management|Requirements|UML
JOB-0000529,CID-301548,Arbor Peak Technologies,Software Products,Mid,Senior Business Analyst,IT Business & Product,Senior,Northern Virginia,114,FALSE,2024-10-01,2026-07-01,FALSE,22,137000,New Employer - Advance,FALSE,Business Process|Management|Presentation|Project Management|Requirements|UML|User Research
JOB-0000530,CID-301548,Arbor Peak Technologies,Software Products,Mid,Senior Systems Analyst,IT Business & Product,Senior,Northern Virginia,114,FALSE,2026-07-01,,TRUE,3,153500,Internal Lateral,FALSE,Agile|Business Process|IT Governance|Project Management|Requirements|Roadmapping|SQL|Strategy
JOB-0000531,CID-924931,Marketside Digital,E-Commerce & Retail Tech,Large,Junior Developer,Software Engineering,Entry,Northern Virginia,114,FALSE,2026-06-01,,TRUE,4,122500,First Job,FALSE,Algorithms|Data Structures|Python|Quality Assurance|SQL|Testing|Version Control|Web Frameworks
JOB-0000532,CID-399098,Sentinel Peak Security,Cybersecurity Services,Mid,Associate Software Engineer,Software Engineering,Entry,"Columbia/Howard County, MD",107,FALSE,2024-02-15,,TRUE,32,77500,First Job,TRUE,Algorithms|Data Structures|JavaScript|Object-Oriented Design|REST APIs|Testing|Version Control
JOB-0000533,CID-957359,Copper Ridge Data Centers,Cloud & Infrastructure,Mid,SOC Analyst,Cybersecurity,Entry,"Washington, DC Metro",112,FALSE,2018-01-01,2018-09-01,FALSE,9,89500,First Job,TRUE,Cryptography|Exploit Development|Incident Response|Linux|Network Security|Security Operations|TCP/IP
JOB-0000534,CID-957359,Federal Health Data Office,Federal Government,Large,Security Analyst I,Cybersecurity,Entry,"Columbia/Howard County, MD",107,FALSE,2018-10-01,2021-09-01,FALSE,36,80250,New Employer - Lateral,FALSE,Exploit Development|Incident Response|Linux|Network Security|Security Operations
JOB-0000535,CID-957359,Clearfield Assurance,Cybersecurity Services,Startup,Security Engineer,Cybersecurity,Mid,Remote - United States,99,TRUE,2021-10-01,2024-02-01,FALSE,29,102000,New Employer - Advance,FALSE,Forensics|Incident Response|Linux|Network Security|Security Protocols|TCP/IP
JOB-0000536,CID-957359,Sentinel Peak Security,Cybersecurity Services,Mid,Incident Response Analyst,Cybersecurity,Mid,"Baltimore, MD",100,FALSE,2024-02-01,2024-11-01,FALSE,10,112500,Industry Switch,TRUE,Compliance|Cryptography|Incident Response|Linux|Network Security|Security Operations|Security Protocols|TCP/IP
JOB-0000537,CID-957359,Chesapeake Defense Systems,Defense & Aerospace,Enterprise,Security Engineer,Cybersecurity,Mid,Northern Virginia,114,FALSE,2024-11-01,2026-08-01,FALSE,22,114000,Industry Switch,TRUE,Compliance|Forensics|Incident Response|Linux|Network Security|Risk Assessment
JOB-0000538,CID-957359,Meridian National Systems,Federal Contracting,Enterprise,Security Engineer,Cybersecurity,Mid,"Washington, DC Metro",112,FALSE,2026-08-01,,TRUE,2,135500,Industry Switch,TRUE,Incident Response|Linux|Network Security|Penetration Testing|Risk Assessment|TCP/IP
JOB-0000539,CID-704452,Redoubt Security Partners,Cybersecurity Services,Mid,Junior Security Engineer,Cybersecurity,Entry,"Baltimore, MD",100,FALSE,2016-06-01,2017-01-01,FALSE,8,100500,First Job,TRUE,Forensics|Incident Response|Linux|Network Security|Risk Assessment|TCP/IP
JOB-0000540,CID-704452,Patapsco Aerospace,Defense & Aerospace,Large,Security Analyst I,Cybersecurity,Entry,Northern Virginia,114,FALSE,2017-01-01,2018-09-01,FALSE,21,91750,New Employer - Lateral,TRUE,Forensics|Incident Response|Linux|Network Security|Risk Assessment|Security Operations|Security Protocols|TCP/IP
JOB-0000541,CID-704452,Patapsco Aerospace,Defense & Aerospace,Large,Security Engineer,Cybersecurity,Mid,Northern Virginia,114,FALSE,2018-09-01,2021-08-01,FALSE,36,105000,Internal Promotion,TRUE,Compliance|Incident Response|Linux|Network Security|Security Operations|Security Protocols
JOB-0000542,CID-704452,Patapsco Aerospace,Defense & Aerospace,Large,Senior Security Engineer,Cybersecurity,Senior,Northern Virginia,114,FALSE,2021-08-01,2025-08-01,FALSE,49,123500,Internal Promotion,TRUE,Exploit Development|Forensics|Governance|Incident Response|Linux|Network Security|Security Management|Security Operations|Security Protocols
JOB-0000543,CID-704452,Meridian National Systems,Federal Contracting,Enterprise,Threat Intelligence Lead,Cybersecurity,Senior,"Columbia/Howard County, MD",107,TRUE,2025-09-01,,TRUE,13,137000,Industry Switch,FALSE,Audit|Compliance|Cryptography|Exploit Development|Incident Response|Linux|Network Security|Penetration Testing|Risk Assessment|Risk Management
JOB-0000544,CID-906843,Redoubt Security Partners,Cybersecurity Services,Mid,Business Analyst,IT Business & Product,Entry,Northern Virginia,114,FALSE,2025-06-01,,TRUE,16,80250,First Job,TRUE,Business Process|Compliance|Presentation|Project Management|Requirements|Technical Writing
JOB-0000545,CID-387990,Greenspring Health Systems,Healthcare & Life Sciences,Enterprise,Junior Data Analyst,Data & Analytics,Entry,"Washington, DC Metro",112,FALSE,2021-06-01,2022-07-01,FALSE,14,55500,First Job,FALSE,Business Intelligence|Data Modeling|ETL|R|SQL|Statistics
JOB-0000546,CID-387990,Chesapeake Defense Systems,Defense & Aerospace,Enterprise,Data Engineer,Data & Analytics,Mid,"Columbia/Howard County, MD",107,FALSE,2022-08-01,2024-08-01,FALSE,25,83000,New Employer - Advance,TRUE,Business Intelligence|Data Mining|Data Modeling|SQL|Statistics
JOB-0000547,CID-387990,Chesapeake Defense Systems,Defense & Aerospace,Enterprise,Data Analyst II,Data & Analytics,Mid,"Columbia/Howard County, MD",107,FALSE,2024-08-01,,TRUE,26,90250,Internal Lateral,TRUE,Business Intelligence|Compliance|Data Mining|Data Modeling|Risk Assessment|SQL|Statistics|Tableau
JOB-0000548,CID-564642,Vantage Point Applications,Software Products,Mid,Junior Data Analyst,Data & Analytics,Entry,"Washington, DC Metro",112,FALSE,2024-06-01,,TRUE,28,78000,First Job,FALSE,Data Modeling|Database Design|R|SQL|Statistics
JOB-0000549,CID-630247,Greenspring Health Systems,Healthcare & Life Sciences,Enterprise,Software Engineer I,Software Engineering,Entry,"Baltimore, MD",100,FALSE,2019-08-01,2021-06-01,FALSE,23,65500,First Job,FALSE,Algorithms|Data Structures|Java|Python|SQL|Testing|Version Control
JOB-0000550,CID-630247,Potomac Mission Solutions,Federal Contracting,Large,Applications Engineer,Software Engineering,Mid,"Columbia/Howard County, MD",107,FALSE,2021-06-01,2024-09-01,FALSE,40,70250,New Employer - Advance,FALSE,Agile|Algorithms|CI/CD|Data Structures|REST APIs|SQL|Testing|Version Control
JOB-0000551,CID-630247,Potomac Mission Solutions,Federal Contracting,Large,Software Engineer II,Software Engineering,Mid,"Columbia/Howard County, MD",107,FALSE,2024-09-01,2026-02-01,FALSE,18,82000,Internal Lateral,FALSE,Agile|Algorithms|Data Structures|Git|Testing|Version Control|Web Frameworks
JOB-0000552,CID-630247,Potomac Mission Solutions,Federal Contracting,Large,Software Developer,Software Engineering,Mid,"Columbia/Howard County, MD",107,FALSE,2026-02-01,,TRUE,8,85250,Internal Lateral,FALSE,Algorithms|CI/CD|Data Structures|Object-Oriented Design|Quality Assurance|Testing|Version Control
