record_id,campus_id,experience_type,experience_name,organization,industry,term,duration_terms,hours_per_week,is_paid,role_level,outcome
EXP-0000001,CID-116490,Internship,AI Research Intern,Federal Health Data Office,Federal Government,Fall 2026,1,40,TRUE,Not Applicable,Completed
EXP-0000002,CID-116490,Certification,Project Management Associate,Cadence Project Institute,Not Applicable,Fall 2026,1,Not Applicable,Not Applicable,Not Applicable,Earned
EXP-0000003,CID-116490,Certification,Machine Learning Associate,Applied Intelligence Institute,Not Applicable,Fall 2026,1,Not Applicable,Not Applicable,Not Applicable,Earned
EXP-0000004,CID-116490,Student Organization,Association for Computing Machinery Student Chapter,UMBC,Not Applicable,Spring 2026,2,6,FALSE,Member,Active
EXP-0000005,CID-116490,Hackathon,Bitcamp,Bitcamp,Not Applicable,Fall 2025,1,24,FALSE,Participant,Grand prize
EXP-0000006,CID-116490,Peer Mentor,Transfer Student Peer Mentor,Transfer Student Alliance,Not Applicable,Fall 2025,2,8,TRUE,Mentor,Completed
EXP-0000007,CID-116490,Competitive Team,Analytics Case Competition Team,UMBC,Not Applicable,Fall 2025,1,5,FALSE,Member,Regional qualifier
EXP-0000008,CID-227285,Student Organization,Society of Hispanic Professional Engineers Chapter,UMBC,Not Applicable,Fall 2026,6,5,FALSE,Member,Completed
EXP-0000009,CID-227285,Student Organization,Open Source Society,UMBC,Not Applicable,Fall 2026,4,4,FALSE,Member,Completed
EXP-0000010,CID-227285,Campus Job,Residential Life Desk Assistant,Residential Life,Not Applicable,Fall 2026,6,20,TRUE,Employee,Completed
EXP-0000011,CID-514009,Internship,Cybersecurity Intern,Ironwood Cyber,Cybersecurity Services,Fall 2026,1,24,TRUE,Not Applicable,Completed
EXP-0000012,CID-514009,Student Organization,Retriever Robotics,UMBC,Not Applicable,Fall 2025,3,4,FALSE,Member,Completed
EXP-0000013,CID-514009,Hackathon,Bitcamp,Bitcamp,Not Applicable,Fall 2025,1,36,FALSE,Participant,Participated
EXP-0000014,CID-514009,Hackathon,Mid-Atlantic Collegiate Hackathon,Mid-Atlantic Collegiate Hackathon,Not Applicable,Fall 2025,1,24,FALSE,Participant,Top 10 finish
EXP-0000015,CID-514009,Hackathon,Technica,Technica,Not Applicable,Spring 2026,1,48,FALSE,Participant,Top 10 finish
EXP-0000016,CID-514009,Campus Job,IT Help Desk Student Technician,Division of Information Technology,Not Applicable,Fall 2025,6,12,TRUE,Employee,Completed
EXP-0000017,CID-730270,Internship,Data Engineering Intern,Chesapeake Defense Systems,Defense & Aerospace,Fall 2026,1,24,TRUE,Not Applicable,Completed
EXP-0000018,CID-730270,Certification,Advanced SQL Practitioner,Insight Analytics Academy,Not Applicable,Fall 2026,1,Not Applicable,Not Applicable,Not Applicable,Earned
EXP-0000019,CID-730270,Certification,Advanced SQL Practitioner,Insight Analytics Academy,Not Applicable,Fall 2026,1,Not Applicable,Not Applicable,Not Applicable,Earned
EXP-0000020,CID-730270,Student Organization,Society of Hispanic Professional Engineers Chapter,UMBC,Not Applicable,Spring 2026,1,5,FALSE,Member,Active
EXP-0000021,CID-730270,Campus Job,IT Help Desk Student Technician,Division of Information Technology,Not Applicable,Fall 2025,1,10,TRUE,Employee,Completed
EXP-0000022,CID-730270,Tutoring,Calculus Tutor,Math Lab,Not Applicable,Fall 2025,2,8,TRUE,Tutor,Completed
EXP-0000023,CID-841348,Student Organization,Artificial Intelligence Student Group,UMBC,Not Applicable,Spring 2026,4,3,FALSE,Member,Completed
EXP-0000024,CID-131321,Co-op,Applied Science Intern,Fidelis Capital Partners,Financial Services,Summer 2025,2,40,TRUE,Not Applicable,Ended early
EXP-0000025,CID-131321,Internship,Machine Learning Intern,Meridian National Systems,Federal Contracting,Spring 2026,1,24,TRUE,Not Applicable,Return offer declined
EXP-0000026,CID-131321,Certification,Deep Learning Practitioner,Applied Intelligence Institute,Not Applicable,Fall 2024,1,Not Applicable,Not Applicable,Not Applicable,Earned
EXP-0000027,CID-131321,Certification,Machine Learning Associate,Applied Intelligence Institute,Not Applicable,Summer 2025,1,Not Applicable,Not Applicable,Not Applicable,Earned
EXP-0000028,CID-131321,Peer Mentor,Residential Peer Leader,Residential Life,Not Applicable,Spring 2026,2,3,FALSE,Mentor,Completed
EXP-0000029,CID-235131,Certification,Java Application Developer,Brightline Code School,Not Applicable,Fall 2026,1,Not Applicable,Not Applicable,Not Applicable,Earned
EXP-0000030,CID-235131,Hackathon,Federal AI Challenge,Federal AI Challenge,Not Applicable,Fall 2026,1,24,FALSE,Participant,Participated
EXP-0000031,CID-834634,Student Organization,Retriever Cyber Club,UMBC,Not Applicable,Fall 2026,4,5,FALSE,Member,Left after one term
EXP-0000032,CID-834634,Campus Job,Admissions Student Ambassador,Undergraduate Admissions,Not Applicable,Fall 2026,4,20,TRUE,Employee,Completed
EXP-0000033,CID-834634,Tutoring,Discrete Structures Tutor,Learning Resources Center,Not Applicable,Fall 2026,4,10,TRUE,Tutor,Completed
EXP-0000034,CID-641452,Internship,DevOps Intern,Cartway Commerce,E-Commerce & Retail Tech,Summer 2025,1,24,FALSE,Not Applicable,Return offer accepted
EXP-0000035,CID-641452,Certification,Container Platform Administrator,Helm & Harbor Institute,Not Applicable,Fall 2025,1,Not Applicable,Not Applicable,Not Applicable,Expired
EXP-0000036,CID-641452,Tutoring,Discrete Structures Tutor,Learning Resources Center,Not Applicable,Spring 2025,2,8,TRUE,Tutor,Completed
EXP-0000037,CID-147046,Peer Mentor,First-Year Experience Peer Mentor,Office of Undergraduate Education,Not Applicable,Spring 2025,1,3,FALSE,Mentor,Completed
EXP-0000038,CID-861622,Certification,Linux Systems Professional,OpenSystems Guild,Not Applicable,Fall 2026,1,Not Applicable,Not Applicable,Not Applicable,Earned
EXP-0000039,CID-861622,Campus Job,Campus Recreation Attendant,Retriever Athletics,Not Applicable,Fall 2025,6,15,TRUE,Employee,Completed
EXP-0000040,CID-452538,Internship,Information Security Intern,Antietam Systems Integration,Federal Contracting,Fall 2026,1,20,TRUE,Not Applicable,Completed
EXP-0000041,CID-452538,Student Organization,National Society of Black Engineers Chapter,UMBC,Not Applicable,Fall 2025,2,5,FALSE,Member,Completed
EXP-0000042,CID-452538,Campus Job,Library Technology Assistant,Albin O. Kuhn Library,Not Applicable,Fall 2025,4,12,TRUE,Employee,Completed
EXP-0000043,CID-157337,Internship,Clinical Systems Intern,Greenspring Health Systems,Healthcare & Life Sciences,Spring 2025,1,24,TRUE,Not Applicable,Ended early
EXP-0000044,CID-157337,Certification,Data Engineering Professional,Insight Analytics Academy,Not Applicable,Summer 2024,1,Not Applicable,Not Applicable,Not Applicable,Expired
EXP-0000045,CID-157337,Certification,Project Management Associate,Cadence Project Institute,Not Applicable,Spring 2025,1,Not Applicable,Not Applicable,Not Applicable,Expired
EXP-0000046,CID-157337,Student Organization,Association for Computing Machinery Student Chapter,UMBC,Not Applicable,Fall 2023,6,4,FALSE,Member,Completed
EXP-0000047,CID-157337,Campus Job,Computing Lab Consultant,Division of Information Technology,Not Applicable,Fall 2025,1,12,TRUE,Employee,Completed
EXP-0000048,CID-157337,Peer Mentor,Computing Majors Peer Advisor,College of Engineering and IT,Not Applicable,Spring 2025,2,8,TRUE,Mentor,Completed
EXP-0000049,CID-133898,Internship,Business Intelligence Intern,Blue Heron Technologies,Federal Contracting,Spring 2026,1,24,FALSE,Not Applicable,Completed
EXP-0000050,CID-133898,Certification,Data Analytics Associate,Insight Analytics Academy,Not Applicable,Fall 2025,1,Not Applicable,Not Applicable,Not Applicable,Expired
EXP-0000051,CID-133898,Certification,Deep Learning Practitioner,Applied Intelligence Institute,Not Applicable,Spring 2026,1,Not Applicable,Not Applicable,Not Applicable,Earned
EXP-0000052,CID-133898,Student Organization,Association for Computing Machinery Student Chapter,UMBC,Not Applicable,Spring 2025,6,4,FALSE,Member,Active
EXP-0000053,CID-133898,Student Organization,Society of Hispanic Professional Engineers Chapter,UMBC,Not Applicable,Spring 2026,2,4,FALSE,Member,Active
EXP-0000054,CID-542977,Hackathon,Civic Data Challenge,Civic Data Challenge,Not Applicable,Fall 2026,1,36,FALSE,Participant,Top 10 finish
EXP-0000055,CID-542977,Hackathon,HopHacks,HopHacks,Not Applicable,Fall 2026,1,48,FALSE,Participant,Category winner
EXP-0000056,CID-542977,Campus Job,Campus Recreation Attendant,Retriever Athletics,Not Applicable,Fall 2026,6,15,TRUE,Employee,Completed
EXP-0000057,CID-158838,Student Organization,Cloud Computing Club,UMBC,Not Applicable,Fall 2026,3,5,FALSE,Member,Completed
EXP-0000058,CID-158838,Student Organization,Open Source Society,UMBC,Not Applicable,Fall 2026,2,4,FALSE,Member,Left after one term
EXP-0000059,CID-158838,Competitive Team,Analytics Case Competition Team,UMBC,Not Applicable,Fall 2026,2,12,FALSE,Lead,Completed
EXP-0000060,CID-110346,Student Organization,Retriever Robotics,UMBC,Not Applicable,Spring 2025,3,2,FALSE,Member,Completed
EXP-0000061,CID-110346,Campus Job,Computing Lab Consultant,Division of Information Technology,Not Applicable,Fall 2023,6,12,TRUE,Employee,Completed
EXP-0000062,CID-660614,Hackathon,Technica,Technica,Not Applicable,Spring 2026,1,36,FALSE,Participant,Grand prize
EXP-0000063,CID-597536,Student Organization,Artificial Intelligence Student Group,UMBC,Not Applicable,Fall 2025,3,6,FALSE,President,Left after one term
EXP-0000064,CID-597536,Hackathon,Civic Data Challenge,Civic Data Challenge,Not Applicable,Fall 2025,1,36,FALSE,Participant,Participated
EXP-0000065,CID-597536,Hackathon,HopHacks,HopHacks,Not Applicable,Spring 2026,1,36,FALSE,Participant,Grand prize
EXP-0000066,CID-597536,Hackathon,Federal AI Challenge,Federal AI Challenge,Not Applicable,Spring 2026,1,36,FALSE,Participant,Grand prize
EXP-0000067,CID-240918,Co-op,Security Operations Intern,National Data Services Agency,Federal Government,Summer 2025,2,40,TRUE,Not Applicable,Converted to part-time role
EXP-0000068,CID-240918,Internship,Information Security Intern,Potomac Mission Solutions,Federal Contracting,Summer 2025,1,30,FALSE,Not Applicable,Return offer accepted
EXP-0000069,CID-240918,Internship,Security Operations Intern,Copper Ridge Data Centers,Cloud & Infrastructure,Summer 2026,1,20,TRUE,Not Applicable,Return offer declined
EXP-0000070,CID-240918,Student Organization,Data Science Collective,UMBC,Not Applicable,Spring 2026,4,3,FALSE,Member,Completed
EXP-0000071,CID-240918,Hackathon,Mid-Atlantic Collegiate Hackathon,Mid-Atlantic Collegiate Hackathon,Not Applicable,Fall 2025,1,24,FALSE,Participant,Participated
EXP-0000072,CID-240918,Campus Job,Library Technology Assistant,Albin O. Kuhn Library,Not Applicable,Spring 2023,5,20,TRUE,Employee,Completed
EXP-0000073,CID-240918,Peer Mentor,Transfer Student Peer Mentor,Transfer Student Alliance,Not Applicable,Fall 2024,2,3,TRUE,Mentor,Completed
EXP-0000074,CID-362250,Certification,Software Testing Practitioner,Quality Craft Institute,Not Applicable,Fall 2026,1,Not Applicable,Not Applicable,Not Applicable,Earned
EXP-0000075,CID-362250,Student Organization,Data Science Collective,UMBC,Not Applicable,Fall 2026,4,6,FALSE,Member,Completed
EXP-0000076,CID-362250,Student Organization,Game Developers Club,UMBC,Not Applicable,Fall 2026,4,4,FALSE,President,Active
EXP-0000077,CID-362250,Campus Job,Dining Services Associate,Campus Dining,Not Applicable,Fall 2026,6,12,TRUE,Employee,Completed
EXP-0000078,CID-767728,Student Organization,Association for Computing Machinery Student Chapter,UMBC,Not Applicable,Spring 2026,4,6,FALSE,Member,Completed
EXP-0000079,CID-767728,Peer Mentor,Computing Majors Peer Advisor,College of Engineering and IT,Not Applicable,Spring 2025,2,8,FALSE,Mentor,Completed
EXP-0000080,CID-983189,Undergraduate Research,Undergraduate Research Assistant,Cybersecurity Research Group,Not Applicable,Fall 2026,4,8,TRUE,Researcher,Completed
EXP-0000081,CID-983189,Campus Job,Computing Lab Consultant,Division of Information Technology,Not Applicable,Fall 2026,6,8,TRUE,Employee,Completed
EXP-0000082,CID-983189,Competitive Team,Robotics Competition Team,UMBC,Not Applicable,Fall 2026,3,10,FALSE,Member,National qualifier
EXP-0000083,CID-584508,Certification,Business Intelligence Developer,Vantage BI Institute,Not Applicable,Fall 2026,1,Not Applicable,Not Applicable,Not Applicable,Earned
EXP-0000084,CID-584508,Tutoring,Writing Center Consultant,Writing Center,Not Applicable,Fall 2026,3,4,TRUE,Tutor,Completed
EXP-0000085,CID-166141,Hackathon,HackUMBC,UMBC,Not Applicable,Fall 2025,1,24,FALSE,Participant,Grand prize
EXP-0000086,CID-166141,Hackathon,Bitcamp,Bitcamp,Not Applicable,Spring 2026,1,36,FALSE,Participant,Category winner
EXP-0000087,CID-166141,Hackathon,Mid-Atlantic Collegiate Hackathon,Mid-Atlantic Collegiate Hackathon,Not Applicable,Fall 2024,1,24,FALSE,Participant,Participated
EXP-0000088,CID-166141,Hackathon,Mid-Atlantic Collegiate Hackathon,Mid-Atlantic Collegiate Hackathon,Not Applicable,Spring 2024,1,48,FALSE,Participant,Participated
EXP-0000089,CID-251935,Undergraduate Research,Undergraduate Research Assistant,Data Systems Laboratory,Not Applicable,Fall 2026,4,15,TRUE,Researcher,Completed
EXP-0000090,CID-251935,Campus Job,Computing Lab Consultant,Division of Information Technology,Not Applicable,Fall 2026,2,10,TRUE,Employee,Completed
EXP-0000091,CID-251935,Peer Mentor,Transfer Student Peer Mentor,Transfer Student Alliance,Not Applicable,Fall 2026,2,8,TRUE,Mentor,Completed
EXP-0000092,CID-251935,Competitive Team,Capture the Flag Team,UMBC,Not Applicable,Fall 2026,3,10,FALSE,Member,Completed
EXP-0000093,CID-874505,Campus Job,Research Administrative Assistant,Office of Research,Not Applicable,Fall 2026,5,8,TRUE,Employee,Completed
EXP-0000094,CID-831246,Internship,Data Analytics Intern,Calvert Advisory Group,Consulting & Professional Services,Summer 2026,1,20,TRUE,Not Applicable,Return offer declined
EXP-0000095,CID-831246,Certification,Software Testing Practitioner,Quality Craft Institute,Not Applicable,Fall 2025,1,Not Applicable,Not Applicable,Not Applicable,Expired
EXP-0000096,CID-831246,Student Organization,Health Informatics Student Association,UMBC,Not Applicable,Fall 2024,6,6,FALSE,Member,Completed
EXP-0000097,CID-831246,Student Organization,Society of Hispanic Professional Engineers Chapter,UMBC,Not Applicable,Spring 2025,3,4,FALSE,Member,Completed
EXP-0000098,CID-918469,Student Organization,Data Science Collective,UMBC,Not Applicable,Spring 2026,1,4,FALSE,Member,Completed
EXP-0000099,CID-918469,Student Organization,Society of Hispanic Professional Engineers Chapter,UMBC,Not Applicable,Spring 2026,6,4,FALSE,Member,Completed
EXP-0000100,CID-918469,Hackathon,Civic Data Challenge,Civic Data Challenge,Not Applicable,Spring 2026,1,48,FALSE,Participant,Participated
EXP-0000101,CID-918469,Hackathon,Civic Data Challenge,Civic Data Challenge,Not Applicable,Spring 2026,1,36,FALSE,Participant,Participated
EXP-0000102,CID-918469,Hackathon,Healthcare Innovation Hackathon,Healthcare Innovation Hackathon,Not Applicable,Spring 2026,1,48,FALSE,Participant,Category winner
EXP-0000103,CID-918469,Campus Job,Campus Recreation Attendant,Retriever Athletics,Not Applicable,Fall 2025,2,15,TRUE,Employee,Completed
EXP-0000104,CID-657501,Internship,Software Engineering Intern,National Data Services Agency,Federal Government,Fall 2026,1,40,TRUE,Not Applicable,Ended early
EXP-0000105,CID-657501,Certification,Ethical Hacking Associate,Redoubt Training Institute,Not Applicable,Fall 2026,1,Not Applicable,Not Applicable,Not Applicable,Earned
EXP-0000106,CID-657501,Certification,Java Application Developer,Brightline Code School,Not Applicable,Fall 2026,1,Not Applicable,Not Applicable,Not Applicable,Earned
EXP-0000107,CID-657501,Student Organization,Association for Computing Machinery Student Chapter,UMBC,Not Applicable,Fall 2025,3,6,FALSE,Officer,Active
EXP-0000108,CID-657501,Student Organization,Open Source Society,UMBC,Not Applicable,Fall 2025,3,4,FALSE,Member,Left after one term
EXP-0000109,CID-657501,Hackathon,HopHacks,HopHacks,Not Applicable,Spring 2026,1,36,FALSE,Participant,Participated
EXP-0000110,CID-657501,Hackathon,Bitcamp,Bitcamp,Not Applicable,Spring 2026,1,36,FALSE,Participant,Top 10 finish
EXP-0000111,CID-657501,Hackathon,Federal AI Challenge,Federal AI Challenge,Not Applicable,Spring 2026,1,48,FALSE,Participant,Participated
EXP-0000112,CID-657501,Campus Job,Campus Recreation Attendant,Retriever Athletics,Not Applicable,Fall 2025,6,12,TRUE,Employee,Completed
EXP-0000113,CID-657501,Competitive Team,Programming Contest Team,UMBC,Not Applicable,Fall 2025,1,5,FALSE,Member,Completed
EXP-0000114,CID-193667,Co-op,Data Analytics Intern,Chesapeake Defense Systems,Defense & Aerospace,Fall 2026,2,40,TRUE,Not Applicable,Return offer declined
EXP-0000115,CID-193667,Student Organization,Association for Computing Machinery Student Chapter,UMBC,Not Applicable,Spring 2026,3,6,FALSE,Member,Completed
EXP-0000116,CID-193667,Hackathon,Technica,Technica,Not Applicable,Fall 2025,1,36,FALSE,Participant,Participated
EXP-0000117,CID-193667,Hackathon,Technica,Technica,Not Applicable,Fall 2025,1,24,FALSE,Participant,Participated
EXP-0000118,CID-193667,Tutoring,Data Structures Teaching Assistant,Department of Computer Science,Not Applicable,Spring 2026,2,4,TRUE,Tutor,Completed
EXP-0000119,CID-193667,Competitive Team,Collegiate Cyber Defense Team,UMBC,Not Applicable,Spring 2026,3,5,FALSE,Member,Regional qualifier
EXP-0000120,CID-834508,Student Organization,Data Science Collective,UMBC,Not Applicable,Fall 2026,1,5,FALSE,Member,Left after one term
EXP-0000121,CID-834508,Student Organization,Open Source Society,UMBC,Not Applicable,Fall 2026,6,5,FALSE,Member,Completed
EXP-0000122,CID-284088,Campus Job,Library Technology Assistant,Albin O. Kuhn Library,Not Applicable,Spring 2025,1,20,TRUE,Employee,Completed
EXP-0000123,CID-842919,Student Organization,Health Informatics Student Association,UMBC,Not Applicable,Fall 2026,2,6,FALSE,Member,Active
EXP-0000124,CID-842919,Student Organization,Cloud Computing Club,UMBC,Not Applicable,Fall 2026,4,5,FALSE,Member,Left after one term
EXP-0000125,CID-842919,Tutoring,Introductory Programming Tutor,Learning Resources Center,Not Applicable,Fall 2026,1,10,TRUE,Tutor,Completed
EXP-0000126,CID-230845,Internship,Data Analytics Intern,Catoctin Analytics Group,Federal Contracting,Summer 2026,1,24,TRUE,Not Applicable,Return offer accepted
EXP-0000127,CID-230845,Certification,Advanced SQL Practitioner,Insight Analytics Academy,Not Applicable,Summer 2026,1,Not Applicable,Not Applicable,Not Applicable,Earned
EXP-0000128,CID-230845,Certification,Clinical Data Standards Certificate,Clarion Health Institute,Not Applicable,Summer 2026,1,Not Applicable,Not Applicable,Not Applicable,Expired
EXP-0000129,CID-230845,Certification,Data Engineering Professional,Insight Analytics Academy,Not Applicable,Summer 2026,1,Not Applicable,Not Applicable,Not Applicable,Earned
EXP-0000130,CID-230845,Student Organization,Data Science Collective,UMBC,Not Applicable,Spring 2026,2,2,FALSE,Officer,Completed
EXP-0000131,CID-230845,Campus Job,Library Technology Assistant,Albin O. Kuhn Library,Not Applicable,Fall 2025,6,8,TRUE,Employee,Completed
EXP-0000132,CID-366178,Student Organization,Association for Computing Machinery Student Chapter,UMBC,Not Applicable,Fall 2026,1,4,FALSE,Member,Completed
EXP-0000133,CID-366178,Campus Job,Research Administrative Assistant,Office of Research,Not Applicable,Fall 2026,4,12,TRUE,Employee,Completed
EXP-0000134,CID-510157,Internship,Business Intelligence Intern,Fidelis Capital Partners,Financial Services,Fall 2026,1,30,TRUE,Not Applicable,Completed
EXP-0000135,CID-510157,Certification,Business Intelligence Developer,Vantage BI Institute,Not Applicable,Fall 2026,1,Not Applicable,Not Applicable,Not Applicable,Earned
EXP-0000136,CID-328950,Hackathon,HopHacks,HopHacks,Not Applicable,Fall 2026,1,24,FALSE,Participant,Top 10 finish
EXP-0000137,CID-328950,Hackathon,Civic Data Challenge,Civic Data Challenge,Not Applicable,Fall 2026,1,24,FALSE,Participant,Participated
EXP-0000138,CID-240826,Internship,Data Engineering Intern,Chesapeake Defense Systems,Defense & Aerospace,Fall 2026,1,24,TRUE,Not Applicable,Return offer accepted
EXP-0000139,CID-240826,Student Organization,Health Informatics Student Association,UMBC,Not Applicable,Fall 2025,4,3,FALSE,Member,Active
EXP-0000140,CID-240826,Hackathon,Federal AI Challenge,Federal AI Challenge,Not Applicable,Spring 2026,1,48,FALSE,Participant,Participated
EXP-0000141,CID-240826,Hackathon,HopHacks,HopHacks,Not Applicable,Spring 2026,1,36,FALSE,Participant,Top 10 finish
EXP-0000142,CID-240826,Hackathon,Mid-Atlantic Collegiate Hackathon,Mid-Atlantic Collegiate Hackathon,Not Applicable,Fall 2025,1,24,FALSE,Participant,Participated
EXP-0000143,CID-240826,Competitive Team,Analytics Case Competition Team,UMBC,Not Applicable,Spring 2026,2,8,FALSE,Member,Completed
EXP-0000144,CID-819844,Co-op,Business Intelligence Intern,Greenspring Health Systems,Healthcare & Life Sciences,Summer 2026,2,40,TRUE,Not Applicable,Return offer accepted
EXP-0000145,CID-555089,Internship,Systems Engineering Intern,Continental Wireless,Telecommunications,Fall 2025,1,20,TRUE,Not Applicable,Ended early
EXP-0000146,CID-555089,Co-op,Systems Engineering Intern,Office of Technology Policy,Federal Government,Spring 2026,2,40,TRUE,Not Applicable,Completed
EXP-0000147,CID-237784,Internship,Security Operations Intern,Harborline Networks,Cloud & Infrastructure,Summer 2025,1,40,TRUE,Not Applicable,Completed
EXP-0000148,CID-237784,Internship,Security Operations Intern,Office of Technology Policy,Federal Government,Summer 2026,1,20,TRUE,Not Applicable,Completed
EXP-0000149,CID-237784,Hackathon,Mid-Atlantic Collegiate Hackathon,Mid-Atlantic Collegiate Hackathon,Not Applicable,Fall 2023,1,24,FALSE,Participant,Top 10 finish
EXP-0000150,CID-237784,Hackathon,Mid-Atlantic Collegiate Hackathon,Mid-Atlantic Collegiate Hackathon,Not Applicable,Spring 2026,1,24,FALSE,Participant,Participated
EXP-0000151,CID-237784,Hackathon,Mid-Atlantic Collegiate Hackathon,Mid-Atlantic Collegiate Hackathon,Not Applicable,Fall 2023,1,36,FALSE,Participant,Participated
EXP-0000152,CID-237784,Hackathon,Civic Data Challenge,Civic Data Challenge,Not Applicable,Spring 2026,1,36,FALSE,Participant,Category winner
EXP-0000153,CID-138418,Internship,Data Engineering Intern,Greenspring Health Systems,Healthcare & Life Sciences,Spring 2026,1,30,TRUE,Not Applicable,Completed
EXP-0000154,CID-138418,Undergraduate Research,Undergraduate Research Assistant,Distributed Systems Research Group,Not Applicable,Fall 2025,4,15,TRUE,Researcher,Paper co-authored
EXP-0000155,CID-367720,Certification,Data Engineering Professional,Insight Analytics Academy,Not Applicable,Spring 2026,1,Not Applicable,Not Applicable,Not Applicable,Earned
EXP-0000156,CID-367720,Certification,Data Engineering Professional,Insight Analytics Academy,Not Applicable,Fall 2025,1,Not Applicable,Not Applicable,Not Applicable,Expired
EXP-0000157,CID-367720,Campus Job,Computing Lab Consultant,Division of Information Technology,Not Applicable,Spring 2026,6,8,TRUE,Employee,Completed
EXP-0000158,CID-716413,Internship,Security Operations Intern,Clearfield Assurance,Cybersecurity Services,Summer 2025,1,40,FALSE,Not Applicable,Return offer accepted
EXP-0000159,CID-716413,Student Organization,Retriever Cyber Club,UMBC,Not Applicable,Fall 2024,6,6,FALSE,Member,Completed
EXP-0000160,CID-716413,Tutoring,Writing Center Consultant,Writing Center,Not Applicable,Fall 2024,1,10,TRUE,Tutor,Completed
EXP-0000161,CID-689069,Internship,Product Management Intern,Fidelis Capital Partners,Financial Services,Spring 2026,1,24,FALSE,Not Applicable,Return offer accepted
EXP-0000162,CID-689069,Student Organization,Entrepreneurship and Innovation Club,UMBC,Not Applicable,Spring 2025,6,6,FALSE,Member,Completed
EXP-0000163,CID-689069,Student Organization,Information Systems Student Association,UMBC,Not Applicable,Spring 2025,4,3,FALSE,Member,Active
EXP-0000164,CID-689069,Hackathon,Civic Data Challenge,Civic Data Challenge,Not Applicable,Fall 2024,1,24,FALSE,Participant,Participated
EXP-0000165,CID-689069,Hackathon,Mid-Atlantic Collegiate Hackathon,Mid-Atlantic Collegiate Hackathon,Not Applicable,Spring 2025,1,36,FALSE,Participant,Grand prize
EXP-0000166,CID-240487,Internship,Clinical Systems Intern,Maryland Department of IT,Federal Government,Fall 2026,1,24,TRUE,Not Applicable,Ended early
EXP-0000167,CID-240487,Certification,Certified Scrum Practitioner,Cadence Project Institute,Not Applicable,Fall 2026,1,Not Applicable,Not Applicable,Not Applicable,Earned
EXP-0000168,CID-240487,Student Organization,Linux Users Group,UMBC,Not Applicable,Fall 2025,2,2,FALSE,Member,Completed
EXP-0000169,CID-240487,Hackathon,Civic Data Challenge,Civic Data Challenge,Not Applicable,Fall 2025,1,48,FALSE,Participant,Participated
EXP-0000170,CID-240487,Hackathon,HackUMBC,UMBC,Not Applicable,Spring 2026,1,24,FALSE,Participant,Category winner
EXP-0000171,CID-841428,Internship,Applied Science Intern,Potomac Mission Solutions,Federal Contracting,Summer 2025,1,20,TRUE,Not Applicable,Completed
EXP-0000172,CID-841428,Student Organization,Artificial Intelligence Student Group,UMBC,Not Applicable,Fall 2024,1,6,FALSE,Member,Left after one term
EXP-0000173,CID-841428,Tutoring,Writing Center Consultant,Writing Center,Not Applicable,Spring 2025,2,8,TRUE,Tutor,Completed
EXP-0000174,CID-841428,Peer Mentor,Computing Majors Peer Advisor,College of Engineering and IT,Not Applicable,Fall 2024,2,5,FALSE,Mentor,Completed
EXP-0000175,CID-531099,Certification,Business Intelligence Developer,Vantage BI Institute,Not Applicable,Fall 2026,1,Not Applicable,Not Applicable,Not Applicable,Earned
EXP-0000176,CID-531099,Undergraduate Research,Undergraduate Research Assistant,Applied Machine Learning Lab,Not Applicable,Fall 2026,2,8,TRUE,Researcher,Completed
EXP-0000177,CID-531099,Hackathon,HopHacks,HopHacks,Not Applicable,Fall 2026,1,36,FALSE,Participant,Category winner
EXP-0000178,CID-531099,Hackathon,HopHacks,HopHacks,Not Applicable,Fall 2026,1,24,FALSE,Participant,Category winner
EXP-0000179,CID-531099,Hackathon,Bitcamp,Bitcamp,Not Applicable,Fall 2026,1,48,FALSE,Participant,Grand prize
EXP-0000180,CID-531099,Competitive Team,Analytics Case Competition Team,UMBC,Not Applicable,Fall 2026,3,5,FALSE,Member,National qualifier
EXP-0000181,CID-784839,Student Organization,Entrepreneurship and Innovation Club,UMBC,Not Applicable,Spring 2025,2,6,FALSE,Officer,Completed
EXP-0000182,CID-196087,Campus Job,Residential Life Desk Assistant,Residential Life,Not Applicable,Fall 2025,5,12,TRUE,Employee,Completed
EXP-0000183,CID-292414,Certification,Cloud Solutions Associate,CloudScale Academy,Not Applicable,Summer 2025,1,Not Applicable,Not Applicable,Not Applicable,Earned
EXP-0000184,CID-292414,Certification,Full-Stack Web Developer,Brightline Code School,Not Applicable,Summer 2026,1,Not Applicable,Not Applicable,Not Applicable,Earned
EXP-0000185,CID-292414,Certification,Java Application Developer,Brightline Code School,Not Applicable,Spring 2026,1,Not Applicable,Not Applicable,Not Applicable,Expired
EXP-0000186,CID-292414,Student Organization,Game Developers Club,UMBC,Not Applicable,Fall 2024,4,6,FALSE,Member,Completed
EXP-0000187,CID-292414,Campus Job,Dining Services Associate,Campus Dining,Not Applicable,Fall 2023,5,10,TRUE,Employee,Completed
EXP-0000188,CID-292414,Tutoring,Data Structures Teaching Assistant,Department of Computer Science,Not Applicable,Fall 2025,2,4,TRUE,Tutor,Completed
EXP-0000189,CID-490939,Internship,Software Development Intern,Continental Wireless,Telecommunications,Summer 2026,1,24,TRUE,Not Applicable,Return offer accepted
EXP-0000190,CID-490939,Campus Job,Computing Lab Consultant,Division of Information Technology,Not Applicable,Spring 2026,5,12,TRUE,Employee,Completed
EXP-0000191,CID-446909,Internship,AI Research Intern,Continental Wireless,Telecommunications,Fall 2026,1,20,TRUE,Not Applicable,Completed
EXP-0000192,CID-446909,Student Organization,Association for Computing Machinery Student Chapter,UMBC,Not Applicable,Spring 2026,3,5,FALSE,Member,Left after one term
EXP-0000193,CID-446909,Hackathon,Civic Data Challenge,Civic Data Challenge,Not Applicable,Spring 2026,1,36,FALSE,Participant,Participated
EXP-0000194,CID-446909,Campus Job,Residential Life Desk Assistant,Residential Life,Not Applicable,Spring 2026,1,8,TRUE,Employee,Completed
EXP-0000195,CID-446909,Competitive Team,Collegiate Cyber Defense Team,UMBC,Not Applicable,Spring 2026,1,8,FALSE,Member,Completed
EXP-0000196,CID-484888,Undergraduate Research,Undergraduate Research Assistant,Network Security Laboratory,Not Applicable,Fall 2026,1,6,TRUE,Researcher,Ongoing
EXP-0000197,CID-749430,Internship,Systems Engineering Intern,Dockside Logistics Systems,Logistics & Transportation,Summer 2026,1,40,TRUE,Not Applicable,Return offer accepted
EXP-0000198,CID-749430,Student Organization,Linux Users Group,UMBC,Not Applicable,Fall 2024,4,6,FALSE,Member,Completed
EXP-0000199,CID-749430,Student Organization,Artificial Intelligence Student Group,UMBC,Not Applicable,Spring 2026,6,5,FALSE,Member,Completed
EXP-0000200,CID-749430,Tutoring,Discrete Structures Tutor,Learning Resources Center,Not Applicable,Fall 2025,2,10,TRUE,Tutor,Completed
EXP-0000201,CID-560112,Internship,Security Operations Intern,Tidewater Defense Group,Defense & Aerospace,Fall 2026,1,40,TRUE,Not Applicable,Ended early
EXP-0000202,CID-560112,Certification,Health Informatics Associate,Clarion Health Institute,Not Applicable,Fall 2026,1,Not Applicable,Not Applicable,Not Applicable,Earned
EXP-0000203,CID-560112,Certification,Cloud Security Associate,Bastion Certification Board,Not Applicable,Fall 2026,1,Not Applicable,Not Applicable,Not Applicable,Earned
EXP-0000204,CID-560112,Student Organization,Retriever Cyber Club,UMBC,Not Applicable,Spring 2026,2,2,FALSE,Member,Active
EXP-0000205,CID-560112,Student Organization,Health Informatics Student Association,UMBC,Not Applicable,Spring 2026,2,2,FALSE,Member,Active
EXP-0000206,CID-560112,Tutoring,Writing Center Consultant,Writing Center,Not Applicable,Spring 2026,2,6,TRUE,Tutor,Completed
EXP-0000207,CID-333528,Student Organization,Association for Computing Machinery Student Chapter,UMBC,Not Applicable,Fall 2026,2,6,FALSE,Member,Active
EXP-0000208,CID-333528,Student Organization,Game Developers Club,UMBC,Not Applicable,Fall 2026,2,6,FALSE,Member,Completed
EXP-0000209,CID-333528,Hackathon,Civic Data Challenge,Civic Data Challenge,Not Applicable,Fall 2026,1,24,FALSE,Participant,Top 10 finish
EXP-0000210,CID-333528,Hackathon,Bitcamp,Bitcamp,Not Applicable,Fall 2026,1,36,FALSE,Participant,Participated
EXP-0000211,CID-710644,Internship,Data Analytics Intern,Tidal Power Cooperative,Energy & Utilities,Summer 2026,1,24,FALSE,Not Applicable,Completed
EXP-0000212,CID-710644,Certification,Machine Learning Associate,Applied Intelligence Institute,Not Applicable,Summer 2026,1,Not Applicable,Not Applicable,Not Applicable,Earned
EXP-0000213,CID-710644,Certification,Data Analytics Associate,Insight Analytics Academy,Not Applicable,Spring 2026,1,Not Applicable,Not Applicable,Not Applicable,Expired
EXP-0000214,CID-742987,Co-op,IT Project Management Intern,Blue Heron Technologies,Federal Contracting,Summer 2025,2,40,FALSE,Not Applicable,Converted to part-time role
EXP-0000215,CID-742987,Student Organization,Product Club,UMBC,Not Applicable,Fall 2025,3,3,FALSE,Member,Completed
EXP-0000216,CID-742987,Student Organization,Linux Users Group,UMBC,Not Applicable,Fall 2025,2,5,FALSE,Member,Left after one term
EXP-0000217,CID-209781,Internship,Clinical Systems Intern,Bayview Medical Informatics,Healthcare & Life Sciences,Summer 2025,1,24,TRUE,Not Applicable,Completed
EXP-0000218,CID-209781,Internship,Clinical Systems Intern,Continental Wireless,Telecommunications,Fall 2025,1,20,TRUE,Not Applicable,Return offer accepted
EXP-0000219,CID-209781,Internship,Health Informatics Intern,Lumen Grid Software,Software Products,Summer 2026,1,30,TRUE,Not Applicable,Return offer declined
EXP-0000220,CID-209781,Certification,Health Informatics Associate,Clarion Health Institute,Not Applicable,Summer 2026,1,Not Applicable,Not Applicable,Not Applicable,Expired
EXP-0000221,CID-209781,Certification,Health Informatics Associate,Clarion Health Institute,Not Applicable,Summer 2026,1,Not Applicable,Not Applicable,Not Applicable,Earned
EXP-0000222,CID-209781,Undergraduate Research,Undergraduate Research Assistant,Applied Machine Learning Lab,Not Applicable,Fall 2024,2,8,TRUE,Researcher,Paper co-authored
EXP-0000223,CID-209781,Campus Job,Computing Lab Consultant,Division of Information Technology,Not Applicable,Spring 2025,3,12,TRUE,Employee,Completed
EXP-0000224,CID-821692,Tutoring,Statistics Tutor,Learning Resources Center,Not Applicable,Spring 2026,3,6,TRUE,Tutor,Completed
EXP-0000225,CID-944042,Internship,Cloud Engineering Intern,Potomac Mission Solutions,Federal Contracting,Summer 2025,1,20,TRUE,Not Applicable,Completed
EXP-0000226,CID-944042,Internship,DevOps Intern,Northfield Biosciences,Healthcare & Life Sciences,Summer 2026,1,40,TRUE,Not Applicable,Return offer declined
EXP-0000227,CID-944042,Certification,Container Platform Administrator,Helm & Harbor Institute,Not Applicable,Summer 2026,1,Not Applicable,Not Applicable,Not Applicable,Earned
EXP-0000228,CID-944042,Student Organization,Open Source Society,UMBC,Not Applicable,Fall 2023,4,6,FALSE,Member,Left after one term
EXP-0000229,CID-944042,Tutoring,Data Structures Teaching Assistant,Department of Computer Science,Not Applicable,Fall 2024,1,6,TRUE,Tutor,Completed
EXP-0000230,CID-944042,Competitive Team,Robotics Competition Team,UMBC,Not Applicable,Fall 2023,2,12,FALSE,Lead,Regional qualifier
EXP-0000231,CID-137373,Certification,Data Engineering Professional,Insight Analytics Academy,Not Applicable,Fall 2026,1,Not Applicable,Not Applicable,Not Applicable,Earned
EXP-0000232,CID-137373,Certification,Network Infrastructure Associate,Latticework Networking,Not Applicable,Fall 2026,1,Not Applicable,Not Applicable,Not Applicable,Earned
EXP-0000233,CID-137373,Student Organization,Retriever Robotics,UMBC,Not Applicable,Spring 2026,3,3,FALSE,Officer,Completed
EXP-0000234,CID-137373,Undergraduate Research,Undergraduate Research Assistant,Health Informatics Research Center,Not Applicable,Fall 2025,2,8,TRUE,Researcher,Poster presented
EXP-0000235,CID-137373,Hackathon,Civic Data Challenge,Civic Data Challenge,Not Applicable,Spring 2026,1,36,FALSE,Participant,Grand prize
EXP-0000236,CID-137373,Hackathon,Civic Data Challenge,Civic Data Challenge,Not Applicable,Spring 2026,1,24,FALSE,Participant,Participated
EXP-0000237,CID-137373,Hackathon,Mid-Atlantic Collegiate Hackathon,Mid-Atlantic Collegiate Hackathon,Not Applicable,Spring 2026,1,24,FALSE,Participant,Participated
EXP-0000238,CID-137373,Hackathon,Healthcare Innovation Hackathon,Healthcare Innovation Hackathon,Not Applicable,Spring 2026,1,24,FALSE,Participant,Participated
EXP-0000239,CID-674050,Certification,Agile Delivery Practitioner,Cadence Project Institute,Not Applicable,Fall 2026,1,Not Applicable,Not Applicable,Not Applicable,Earned
EXP-0000240,CID-674050,Student Organization,Entrepreneurship and Innovation Club,UMBC,Not Applicable,Fall 2026,4,5,FALSE,Officer,Completed
EXP-0000241,CID-674050,Undergraduate Research,Undergraduate Research Assistant,Distributed Systems Research Group,Not Applicable,Fall 2026,3,15,FALSE,Researcher,Poster presented
EXP-0000242,CID-855904,Student Organization,Linux Users Group,UMBC,Not Applicable,Fall 2026,3,2,FALSE,Member,Completed
EXP-0000243,CID-855904,Student Organization,Association for Computing Machinery Student Chapter,UMBC,Not Applicable,Fall 2026,4,6,FALSE,Member,Completed
EXP-0000244,CID-855904,Hackathon,Mid-Atlantic Collegiate Hackathon,Mid-Atlantic Collegiate Hackathon,Not Applicable,Fall 2026,1,48,FALSE,Participant,Grand prize
EXP-0000245,CID-855904,Hackathon,Federal AI Challenge,Federal AI Challenge,Not Applicable,Fall 2026,1,24,FALSE,Participant,Participated
EXP-0000246,CID-855904,Hackathon,Bitcamp,Bitcamp,Not Applicable,Fall 2026,1,36,FALSE,Participant,Participated
EXP-0000247,CID-855904,Hackathon,Federal AI Challenge,Federal AI Challenge,Not Applicable,Fall 2026,1,24,FALSE,Participant,Participated
EXP-0000248,CID-850889,Certification,Ethical Hacking Associate,Redoubt Training Institute,Not Applicable,Fall 2026,1,Not Applicable,Not Applicable,Not Applicable,Expired
EXP-0000249,CID-850889,Hackathon,Technica,Technica,Not Applicable,Spring 2026,1,24,FALSE,Participant,Category winner
EXP-0000250,CID-850889,Hackathon,Civic Data Challenge,Civic Data Challenge,Not Applicable,Fall 2025,1,48,FALSE,Participant,Participated
EXP-0000251,CID-850889,Hackathon,Healthcare Innovation Hackathon,Healthcare Innovation Hackathon,Not Applicable,Fall 2025,1,36,FALSE,Participant,Category winner
EXP-0000252,CID-850889,Hackathon,HopHacks,HopHacks,Not Applicable,Spring 2026,1,36,FALSE,Participant,Participated
EXP-0000253,CID-755316,Internship,Applied Science Intern,Anvil Compute,Cloud & Infrastructure,Fall 2026,1,30,TRUE,Not Applicable,Completed
EXP-0000254,CID-755316,Campus Job,Campus Recreation Attendant,Retriever Athletics,Not Applicable,Spring 2026,2,20,TRUE,Employee,Completed
EXP-0000255,CID-755316,Tutoring,Writing Center Consultant,Writing Center,Not Applicable,Fall 2025,3,10,TRUE,Tutor,Completed
EXP-0000256,CID-635009,Internship,Data Analytics Intern,Federal Health Data Office,Federal Government,Fall 2026,1,20,TRUE,Not Applicable,Completed
EXP-0000257,CID-811177,Co-op,Data Engineering Intern,Piedmont Energy Partners,Energy & Utilities,Fall 2025,2,40,TRUE,Not Applicable,Return offer accepted
EXP-0000258,CID-811177,Internship,Data Analytics Intern,University of Maryland System,Higher Education,Summer 2026,1,20,TRUE,Not Applicable,Return offer accepted
EXP-0000259,CID-811177,Certification,Business Intelligence Developer,Vantage BI Institute,Not Applicable,Fall 2024,1,Not Applicable,Not Applicable,Not Applicable,Earned
EXP-0000260,CID-811177,Certification,Software Testing Practitioner,Quality Craft Institute,Not Applicable,Fall 2024,1,Not Applicable,Not Applicable,Not Applicable,Earned
EXP-0000261,CID-811177,Student Organization,Linux Users Group,UMBC,Not Applicable,Spring 2026,3,4,FALSE,Member,Active
EXP-0000262,CID-811177,Hackathon,Mid-Atlantic Collegiate Hackathon,Mid-Atlantic Collegiate Hackathon,Not Applicable,Fall 2024,1,36,FALSE,Participant,Top 10 finish
EXP-0000263,CID-811177,Campus Job,Campus Recreation Attendant,Retriever Athletics,Not Applicable,Spring 2025,2,8,TRUE,Employee,Completed
EXP-0000264,CID-811177,Competitive Team,Analytics Case Competition Team,UMBC,Not Applicable,Spring 2025,2,5,FALSE,Member,Completed
EXP-0000265,CID-633977,Undergraduate Research,Undergraduate Research Assistant,Human-Computer Interaction Studio,Not Applicable,Spring 2026,1,15,TRUE,Researcher,Completed
EXP-0000266,CID-633977,Hackathon,HopHacks,HopHacks,Not Applicable,Spring 2024,1,36,FALSE,Participant,Participated
EXP-0000267,CID-633977,Campus Job,Dining Services Associate,Campus Dining,Not Applicable,Fall 2023,5,8,TRUE,Employee,Completed
EXP-0000268,CID-339071,Internship,Cloud Engineering Intern,Chesterfield Asset Management,Financial Services,Fall 2025,1,24,TRUE,Not Applicable,Return offer accepted
EXP-0000269,CID-339071,Student Organization,Cloud Computing Club,UMBC,Not Applicable,Fall 2023,4,6,FALSE,Member,Completed
EXP-0000270,CID-339071,Student Organization,Association for Computing Machinery Student Chapter,UMBC,Not Applicable,Fall 2023,4,2,FALSE,Member,Left after one term
EXP-0000271,CID-339071,Peer Mentor,First-Year Experience Peer Mentor,Office of Undergraduate Education,Not Applicable,Fall 2025,2,5,FALSE,Mentor,Completed
EXP-0000272,CID-204837,Internship,Application Development Intern,Arbor Peak Technologies,Software Products,Spring 2026,1,20,TRUE,Not Applicable,Ended early
EXP-0000273,CID-204837,Student Organization,Linux Users Group,UMBC,Not Applicable,Spring 2026,4,5,FALSE,Member,Completed
EXP-0000274,CID-204837,Undergraduate Research,Undergraduate Research Assistant,Network Security Laboratory,Not Applicable,Fall 2025,2,12,TRUE,Researcher,Ongoing
EXP-0000275,CID-204837,Hackathon,Federal AI Challenge,Federal AI Challenge,Not Applicable,Spring 2026,1,48,FALSE,Participant,Participated
EXP-0000276,CID-204837,Hackathon,Civic Data Challenge,Civic Data Challenge,Not Applicable,Fall 2024,1,36,FALSE,Participant,Grand prize
EXP-0000277,CID-204837,Tutoring,Calculus Tutor,Math Lab,Not Applicable,Spring 2026,3,8,TRUE,Tutor,Completed
EXP-0000278,CID-737543,Certification,Cloud Security Associate,Bastion Certification Board,Not Applicable,Fall 2026,1,Not Applicable,Not Applicable,Not Applicable,Earned
EXP-0000279,CID-737543,Certification,Certified Security Practitioner,Bastion Certification Board,Not Applicable,Fall 2026,1,Not Applicable,Not Applicable,Not Applicable,Expired
EXP-0000280,CID-737543,Campus Job,Residential Life Desk Assistant,Residential Life,Not Applicable,Spring 2026,4,20,TRUE,Employee,Completed
EXP-0000281,CID-936850,Student Organization,Society of Hispanic Professional Engineers Chapter,UMBC,Not Applicable,Spring 2026,4,4,FALSE,Member,Completed
EXP-0000282,CID-967906,Internship,Software Engineering Intern,Chesterfield Asset Management,Financial Services,Summer 2025,1,24,TRUE,Not Applicable,Completed
EXP-0000283,CID-967906,Certification,Full-Stack Web Developer,Brightline Code School,Not Applicable,Fall 2024,1,Not Applicable,Not Applicable,Not Applicable,Expired
EXP-0000284,CID-967906,Certification,Java Application Developer,Brightline Code School,Not Applicable,Spring 2026,1,Not Applicable,Not Applicable,Not Applicable,Expired
EXP-0000285,CID-967906,Student Organization,Linux Users Group,UMBC,Not Applicable,Fall 2025,2,4,FALSE,Member,Active
EXP-0000286,CID-967906,Tutoring,Introductory Programming Tutor,Learning Resources Center,Not Applicable,Spring 2025,1,4,TRUE,Tutor,Completed
EXP-0000287,CID-257791,Internship,Software Development Intern,Keystone Federal Services,Federal Contracting,Fall 2026,1,24,TRUE,Not Applicable,Ended early
EXP-0000288,CID-257791,Student Organization,Open Source Society,UMBC,Not Applicable,Fall 2025,2,2,FALSE,Member,Left after one term
EXP-0000289,CID-257791,Undergraduate Research,Undergraduate Research Assistant,Human-Computer Interaction Studio,Not Applicable,Spring 2026,3,6,FALSE,Researcher,Completed
EXP-0000290,CID-257791,Hackathon,Civic Data Challenge,Civic Data Challenge,Not Applicable,Fall 2025,1,48,FALSE,Participant,Participated
EXP-0000291,CID-257791,Hackathon,HackUMBC,UMBC,Not Applicable,Fall 2025,1,36,FALSE,Participant,Participated
EXP-0000292,CID-257791,Campus Job,Dining Services Associate,Campus Dining,Not Applicable,Spring 2026,2,8,TRUE,Employee,Completed
EXP-0000293,CID-725540,Internship,Data Analytics Intern,Severn River Consulting,Federal Contracting,Summer 2026,1,30,FALSE,Not Applicable,Completed
EXP-0000294,CID-725540,Undergraduate Research,Undergraduate Research Assistant,Data Systems Laboratory,Not Applicable,Fall 2024,4,12,FALSE,Researcher,Poster presented
EXP-0000295,CID-404966,Internship,Data Analytics Intern,Potomac Mission Solutions,Federal Contracting,Summer 2026,1,24,TRUE,Not Applicable,Completed
EXP-0000296,CID-404966,Student Organization,Data Science Collective,UMBC,Not Applicable,Spring 2026,2,3,FALSE,Member,Completed
EXP-0000297,CID-404966,Campus Job,Residential Life Desk Assistant,Residential Life,Not Applicable,Spring 2025,1,20,TRUE,Employee,Completed
EXP-0000298,CID-404966,Peer Mentor,Residential Peer Leader,Residential Life,Not Applicable,Spring 2025,1,5,FALSE,Mentor,Completed
EXP-0000299,CID-482222,Co-op,Information Security Intern,Federal Health Data Office,Federal Government,Fall 2026,2,40,TRUE,Not Applicable,Completed
EXP-0000300,CID-482222,Student Organization,Linux Users Group,UMBC,Not Applicable,Fall 2025,6,4,FALSE,Member,Completed
EXP-0000301,CID-482222,Peer Mentor,Computing Majors Peer Advisor,College of Engineering and IT,Not Applicable,Spring 2026,1,5,TRUE,Mentor,Completed
EXP-0000302,CID-482222,Competitive Team,Capture the Flag Team,UMBC,Not Applicable,Fall 2025,2,12,FALSE,Member,Completed
EXP-0000303,CID-928798,Internship,Application Development Intern,Dockside Logistics Systems,Logistics & Transportation,Fall 2025,1,40,FALSE,Not Applicable,Completed
EXP-0000304,CID-928798,Internship,Software Development Intern,Antietam Systems Integration,Federal Contracting,Summer 2026,1,40,TRUE,Not Applicable,Return offer declined
EXP-0000305,CID-928798,Student Organization,Game Developers Club,UMBC,Not Applicable,Fall 2024,2,5,FALSE,Member,Left after one term
EXP-0000306,CID-928798,Student Organization,Entrepreneurship and Innovation Club,UMBC,Not Applicable,Fall 2024,4,6,FALSE,Member,Active
EXP-0000307,CID-928798,Competitive Team,Programming Contest Team,UMBC,Not Applicable,Fall 2025,3,5,FALSE,Member,National qualifier
EXP-0000308,CID-102362,Internship,DevOps Intern,Chesapeake Defense Systems,Defense & Aerospace,Fall 2026,1,24,TRUE,Not Applicable,Return offer accepted
EXP-0000309,CID-102362,Certification,Linux Systems Professional,OpenSystems Guild,Not Applicable,Fall 2026,1,Not Applicable,Not Applicable,Not Applicable,Expired
EXP-0000310,CID-102362,Student Organization,Retriever Robotics,UMBC,Not Applicable,Spring 2026,1,5,FALSE,Officer,Completed
EXP-0000311,CID-102362,Student Organization,Linux Users Group,UMBC,Not Applicable,Spring 2026,3,2,FALSE,Member,Completed
EXP-0000312,CID-102362,Hackathon,Civic Data Challenge,Civic Data Challenge,Not Applicable,Spring 2026,1,48,FALSE,Participant,Participated
EXP-0000313,CID-102362,Hackathon,HopHacks,HopHacks,Not Applicable,Fall 2025,1,48,FALSE,Participant,Participated
EXP-0000314,CID-102362,Hackathon,Civic Data Challenge,Civic Data Challenge,Not Applicable,Fall 2025,1,24,FALSE,Participant,Top 10 finish
EXP-0000315,CID-463895,Internship,AI Research Intern,Continental Wireless,Telecommunications,Fall 2026,1,40,TRUE,Not Applicable,Return offer declined
EXP-0000316,CID-463895,Certification,Machine Learning Associate,Applied Intelligence Institute,Not Applicable,Fall 2026,1,Not Applicable,Not Applicable,Not Applicable,Earned
EXP-0000317,CID-463895,Certification,Applied AI Engineer,Tessera AI Academy,Not Applicable,Fall 2026,1,Not Applicable,Not Applicable,Not Applicable,Expired
EXP-0000318,CID-463895,Competitive Team,Capture the Flag Team,UMBC,Not Applicable,Spring 2026,2,12,FALSE,Lead,Regional qualifier
EXP-0000319,CID-136508,Internship,IT Project Management Intern,Northfield Biosciences,Healthcare & Life Sciences,Summer 2026,1,24,TRUE,Not Applicable,Completed
EXP-0000320,CID-136508,Student Organization,Health Informatics Student Association,UMBC,Not Applicable,Fall 2024,4,5,FALSE,Member,Left after one term
EXP-0000321,CID-136508,Tutoring,Calculus Tutor,Math Lab,Not Applicable,Fall 2025,3,4,TRUE,Tutor,Completed
EXP-0000322,CID-357135,Student Organization,Data Science Collective,UMBC,Not Applicable,Fall 2026,2,6,FALSE,Member,Left after one term
EXP-0000323,CID-357135,Hackathon,Technica,Technica,Not Applicable,Fall 2026,1,24,FALSE,Participant,Category winner
EXP-0000324,CID-357135,Hackathon,HopHacks,HopHacks,Not Applicable,Fall 2026,1,48,FALSE,Participant,Participated
EXP-0000325,CID-357135,Hackathon,Technica,Technica,Not Applicable,Fall 2026,1,24,FALSE,Participant,Category winner
EXP-0000326,CID-400894,Internship,Application Development Intern,Chesterfield Asset Management,Financial Services,Spring 2026,1,40,TRUE,Not Applicable,Completed
EXP-0000327,CID-400894,Certification,Java Application Developer,Brightline Code School,Not Applicable,Spring 2026,1,Not Applicable,Not Applicable,Not Applicable,Earned
EXP-0000328,CID-400894,Certification,Full-Stack Web Developer,Brightline Code School,Not Applicable,Fall 2025,1,Not Applicable,Not Applicable,Not Applicable,Expired
EXP-0000329,CID-400894,Student Organization,Association for Computing Machinery Student Chapter,UMBC,Not Applicable,Fall 2024,2,3,FALSE,Member,Completed
EXP-0000330,CID-400894,Student Organization,Data Science Collective,UMBC,Not Applicable,Fall 2025,2,5,FALSE,Member,Completed
EXP-0000331,CID-400894,Undergraduate Research,Undergraduate Research Assistant,Human-Computer Interaction Studio,Not Applicable,Fall 2025,2,10,TRUE,Researcher,Completed
EXP-0000332,CID-756714,Internship,DevOps Intern,Piedmont Energy Partners,Energy & Utilities,Summer 2026,1,24,TRUE,Not Applicable,Converted to part-time role
EXP-0000333,CID-756714,Student Organization,Cloud Computing Club,UMBC,Not Applicable,Fall 2025,3,3,FALSE,Member,Left after one term
EXP-0000334,CID-756714,Student Organization,Open Source Society,UMBC,Not Applicable,Fall 2024,4,5,FALSE,Member,Completed
EXP-0000335,CID-231281,Student Organization,Retriever Cyber Club,UMBC,Not Applicable,Spring 2026,4,4,FALSE,Member,Completed
EXP-0000336,CID-101353,Student Organization,Linux Users Group,UMBC,Not Applicable,Fall 2026,6,6,FALSE,Member,Completed
EXP-0000337,CID-101353,Student Organization,Society of Hispanic Professional Engineers Chapter,UMBC,Not Applicable,Fall 2026,2,3,FALSE,Member,Active
EXP-0000338,CID-101353,Hackathon,Civic Data Challenge,Civic Data Challenge,Not Applicable,Fall 2026,1,36,FALSE,Participant,Participated
EXP-0000339,CID-101353,Hackathon,Federal AI Challenge,Federal AI Challenge,Not Applicable,Fall 2026,1,48,FALSE,Participant,Participated
EXP-0000340,CID-703621,Internship,Business Intelligence Intern,Northfield Biosciences,Healthcare & Life Sciences,Summer 2025,1,40,TRUE,Not Applicable,Completed
EXP-0000341,CID-703621,Co-op,Business Intelligence Intern,Meridian National Systems,Federal Contracting,Summer 2026,2,40,TRUE,Not Applicable,Return offer accepted
EXP-0000342,CID-703621,Certification,Data Engineering Professional,Insight Analytics Academy,Not Applicable,Summer 2025,1,Not Applicable,Not Applicable,Not Applicable,Earned
EXP-0000343,CID-703621,Certification,Data Engineering Professional,Insight Analytics Academy,Not Applicable,Spring 2025,1,Not Applicable,Not Applicable,Not Applicable,Earned
EXP-0000344,CID-703621,Student Organization,Linux Users Group,UMBC,Not Applicable,Fall 2024,2,6,FALSE,Member,Active
EXP-0000345,CID-703621,Undergraduate Research,Undergraduate Research Assistant,Network Security Laboratory,Not Applicable,Spring 2025,1,15,FALSE,Researcher,Completed
EXP-0000346,CID-703621,Hackathon,Mid-Atlantic Collegiate Hackathon,Mid-Atlantic Collegiate Hackathon,Not Applicable,Spring 2025,1,24,FALSE,Participant,Category winner
EXP-0000347,CID-703621,Hackathon,Bitcamp,Bitcamp,Not Applicable,Fall 2024,1,48,FALSE,Participant,Participated
EXP-0000348,CID-703621,Hackathon,Healthcare Innovation Hackathon,Healthcare Innovation Hackathon,Not Applicable,Spring 2025,1,36,FALSE,Participant,Top 10 finish
EXP-0000349,CID-414905,Student Organization,Retriever Cyber Club,UMBC,Not Applicable,Fall 2026,6,3,FALSE,Member,Active
EXP-0000350,CID-414905,Undergraduate Research,Undergraduate Research Assistant,Human-Computer Interaction Studio,Not Applicable,Fall 2026,3,8,FALSE,Researcher,Completed
EXP-0000351,CID-414905,Campus Job,Admissions Student Ambassador,Undergraduate Admissions,Not Applicable,Fall 2026,5,10,TRUE,Employee,Completed
EXP-0000352,CID-175091,Hackathon,HackUMBC,UMBC,Not Applicable,Fall 2025,1,24,FALSE,Participant,Participated
EXP-0000353,CID-175091,Hackathon,Bitcamp,Bitcamp,Not Applicable,Fall 2025,1,48,FALSE,Participant,Participated
EXP-0000354,CID-175091,Hackathon,Federal AI Challenge,Federal AI Challenge,Not Applicable,Spring 2026,1,36,FALSE,Participant,Participated
EXP-0000355,CID-175091,Campus Job,IT Help Desk Student Technician,Division of Information Technology,Not Applicable,Fall 2025,4,15,TRUE,Employee,Completed
EXP-0000356,CID-771702,Certification,Machine Learning Associate,Applied Intelligence Institute,Not Applicable,Spring 2025,1,Not Applicable,Not Applicable,Not Applicable,Earned
EXP-0000357,CID-771702,Campus Job,Dining Services Associate,Campus Dining,Not Applicable,Spring 2024,2,20,TRUE,Employee,Completed
EXP-0000358,CID-980470,Campus Job,Computing Lab Consultant,Division of Information Technology,Not Applicable,Fall 2025,3,15,TRUE,Employee,Completed
EXP-0000359,CID-322597,Internship,Information Security Intern,Meridian National Systems,Federal Contracting,Fall 2026,1,24,TRUE,Not Applicable,Return offer accepted
EXP-0000360,CID-322597,Student Organization,Society of Hispanic Professional Engineers Chapter,UMBC,Not Applicable,Spring 2026,2,2,FALSE,Member,Left after one term
EXP-0000361,CID-322597,Undergraduate Research,Undergraduate Research Assistant,Network Security Laboratory,Not Applicable,Spring 2026,2,15,FALSE,Researcher,Completed
EXP-0000362,CID-322597,Hackathon,Civic Data Challenge,Civic Data Challenge,Not Applicable,Spring 2026,1,48,FALSE,Participant,Grand prize
EXP-0000363,CID-322597,Hackathon,HackUMBC,UMBC,Not Applicable,Fall 2025,1,36,FALSE,Participant,Participated
EXP-0000364,CID-322597,Campus Job,Campus Recreation Attendant,Retriever Athletics,Not Applicable,Fall 2025,6,15,TRUE,Employee,Completed
EXP-0000365,CID-972026,Certification,Business Intelligence Developer,Vantage BI Institute,Not Applicable,Fall 2026,1,Not Applicable,Not Applicable,Not Applicable,Earned
EXP-0000366,CID-972026,Certification,Advanced SQL Practitioner,Insight Analytics Academy,Not Applicable,Fall 2026,1,Not Applicable,Not Applicable,Not Applicable,Expired
EXP-0000367,CID-972026,Undergraduate Research,Undergraduate Research Assistant,Distributed Systems Research Group,Not Applicable,Fall 2025,3,15,TRUE,Researcher,Ongoing
EXP-0000368,CID-163450,Certification,Health Informatics Associate,Clarion Health Institute,Not Applicable,Fall 2025,1,Not Applicable,Not Applicable,Not Applicable,Expired
EXP-0000369,CID-163450,Undergraduate Research,Undergraduate Research Assistant,Applied Machine Learning Lab,Not Applicable,Fall 2025,2,10,FALSE,Researcher,Ongoing
EXP-0000370,CID-163450,Campus Job,Residential Life Desk Assistant,Residential Life,Not Applicable,Spring 2026,1,10,TRUE,Employee,Completed
EXP-0000371,CID-732006,Internship,Software Development Intern,Brightline Software Group,Software Products,Fall 2026,1,40,TRUE,Not Applicable,Ended early
EXP-0000372,CID-732006,Student Organization,Association for Computing Machinery Student Chapter,UMBC,Not Applicable,Spring 2026,1,2,FALSE,Member,Completed
EXP-0000373,CID-171368,Student Organization,Product Club,UMBC,Not Applicable,Fall 2026,1,3,FALSE,Officer,Completed
EXP-0000374,CID-171368,Student Organization,Game Developers Club,UMBC,Not Applicable,Fall 2026,4,6,FALSE,Member,Active
EXP-0000375,CID-171368,Hackathon,Healthcare Innovation Hackathon,Healthcare Innovation Hackathon,Not Applicable,Fall 2026,1,48,FALSE,Participant,Top 10 finish
EXP-0000376,CID-171368,Hackathon,Technica,Technica,Not Applicable,Fall 2026,1,48,FALSE,Participant,Grand prize
EXP-0000377,CID-171368,Tutoring,Statistics Tutor,Learning Resources Center,Not Applicable,Fall 2026,3,8,TRUE,Tutor,Completed
EXP-0000378,CID-606112,Certification,Data Engineering Professional,Insight Analytics Academy,Not Applicable,Summer 2025,1,Not Applicable,Not Applicable,Not Applicable,Earned
EXP-0000379,CID-606112,Certification,Advanced SQL Practitioner,Insight Analytics Academy,Not Applicable,Fall 2024,1,Not Applicable,Not Applicable,Not Applicable,Earned
EXP-0000380,CID-606112,Hackathon,Civic Data Challenge,Civic Data Challenge,Not Applicable,Spring 2024,1,24,FALSE,Participant,Category winner
EXP-0000381,CID-928970,Internship,Software Engineering Intern,Northwind Platform Co.,Software Products,Spring 2025,1,24,TRUE,Not Applicable,Return offer declined
EXP-0000382,CID-928970,Co-op,Software Development Intern,Tessellate Labs,Software Products,Summer 2025,2,40,TRUE,Not Applicable,Completed
EXP-0000383,CID-928970,Certification,Machine Learning Associate,Applied Intelligence Institute,Not Applicable,Spring 2025,1,Not Applicable,Not Applicable,Not Applicable,Earned
EXP-0000384,CID-928970,Certification,Java Application Developer,Brightline Code School,Not Applicable,Summer 2024,1,Not Applicable,Not Applicable,Not Applicable,Earned
EXP-0000385,CID-928970,Certification,Linux Systems Professional,OpenSystems Guild,Not Applicable,Summer 2024,1,Not Applicable,Not Applicable,Not Applicable,Earned
EXP-0000386,CID-928970,Student Organization,Game Developers Club,UMBC,Not Applicable,Fall 2022,4,6,FALSE,Member,Active
EXP-0000387,CID-928970,Student Organization,Association for Computing Machinery Student Chapter,UMBC,Not Applicable,Spring 2024,3,6,FALSE,Officer,Left after one term
EXP-0000388,CID-973764,Internship,Health Informatics Intern,Antietam Systems Integration,Federal Contracting,Summer 2026,1,20,TRUE,Not Applicable,Return offer accepted
EXP-0000389,CID-973764,Student Organization,Cloud Computing Club,UMBC,Not Applicable,Fall 2024,4,4,FALSE,Member,Completed
EXP-0000390,CID-599722,Internship,Software Engineering Intern,Maryland Department of IT,Federal Government,Fall 2026,1,30,TRUE,Not Applicable,Return offer declined
EXP-0000391,CID-599722,Certification,Full-Stack Web Developer,Brightline Code School,Not Applicable,Fall 2026,1,Not Applicable,Not Applicable,Not Applicable,Earned
EXP-0000392,CID-599722,Student Organization,Cloud Computing Club,UMBC,Not Applicable,Spring 2026,2,6,FALSE,Member,Completed
EXP-0000393,CID-599722,Student Organization,Association for Computing Machinery Student Chapter,UMBC,Not Applicable,Spring 2026,4,3,FALSE,Member,Completed
EXP-0000394,CID-599722,Hackathon,Federal AI Challenge,Federal AI Challenge,Not Applicable,Fall 2025,1,48,FALSE,Participant,Grand prize
EXP-0000395,CID-599722,Hackathon,Healthcare Innovation Hackathon,Healthcare Innovation Hackathon,Not Applicable,Fall 2025,1,36,FALSE,Participant,Participated
EXP-0000396,CID-599722,Hackathon,HopHacks,HopHacks,Not Applicable,Spring 2026,1,24,FALSE,Participant,Participated
EXP-0000397,CID-279858,Internship,Software Engineering Intern,Harbor Mutual Insurance,Insurance,Summer 2026,1,24,TRUE,Not Applicable,Completed
EXP-0000398,CID-279858,Student Organization,Linux Users Group,UMBC,Not Applicable,Fall 2024,1,5,FALSE,Member,Left after one term
EXP-0000399,CID-279858,Undergraduate Research,Undergraduate Research Assistant,Health Informatics Research Center,Not Applicable,Fall 2025,2,10,TRUE,Researcher,Ongoing
EXP-0000400,CID-458445,Student Organization,Entrepreneurship and Innovation Club,UMBC,Not Applicable,Spring 2024,1,3,FALSE,Member,Completed
EXP-0000401,CID-458445,Campus Job,Campus Recreation Attendant,Retriever Athletics,Not Applicable,Fall 2024,6,12,TRUE,Employee,Completed
EXP-0000402,CID-728670,Internship,Data Engineering Intern,Chesterfield Asset Management,Financial Services,Summer 2026,1,30,TRUE,Not Applicable,Completed
EXP-0000403,CID-728670,Student Organization,Retriever Cyber Club,UMBC,Not Applicable,Fall 2025,4,4,FALSE,Member,Completed
EXP-0000404,CID-728670,Campus Job,Admissions Student Ambassador,Undergraduate Admissions,Not Applicable,Fall 2024,4,15,TRUE,Employee,Completed
EXP-0000405,CID-394172,Internship,Application Development Intern,Chesterfield Asset Management,Financial Services,Summer 2026,1,20,TRUE,Not Applicable,Return offer accepted
EXP-0000406,CID-394172,Certification,Full-Stack Web Developer,Brightline Code School,Not Applicable,Spring 2025,1,Not Applicable,Not Applicable,Not Applicable,Earned
EXP-0000407,CID-394172,Student Organization,Entrepreneurship and Innovation Club,UMBC,Not Applicable,Fall 2023,4,6,FALSE,Member,Completed
EXP-0000408,CID-394172,Tutoring,Introductory Programming Tutor,Learning Resources Center,Not Applicable,Spring 2025,4,10,TRUE,Tutor,Completed
EXP-0000409,CID-598376,Student Organization,Game Developers Club,UMBC,Not Applicable,Fall 2026,2,5,FALSE,Member,Active
EXP-0000410,CID-604271,Certification,Linux Systems Professional,OpenSystems Guild,Not Applicable,Fall 2026,1,Not Applicable,Not Applicable,Not Applicable,Earned
EXP-0000411,CID-604271,Certification,Advanced SQL Practitioner,Insight Analytics Academy,Not Applicable,Fall 2026,1,Not Applicable,Not Applicable,Not Applicable,Earned
EXP-0000412,CID-604271,Student Organization,Cloud Computing Club,UMBC,Not Applicable,Fall 2026,1,5,FALSE,Member,Completed
EXP-0000413,CID-604271,Student Organization,Linux Users Group,UMBC,Not Applicable,Fall 2026,1,6,FALSE,Member,Left after one term
EXP-0000414,CID-584463,Student Organization,Data Science Collective,UMBC,Not Applicable,Spring 2026,1,4,FALSE,Member,Left after one term
EXP-0000415,CID-779094,Internship,Software Engineering Intern,Vantage Point Applications,Software Products,Spring 2025,1,30,TRUE,Not Applicable,Ended early
EXP-0000416,CID-779094,Student Organization,Open Source Society,UMBC,Not Applicable,Spring 2026,4,5,FALSE,Member,Left after one term
EXP-0000417,CID-779094,Campus Job,Library Technology Assistant,Albin O. Kuhn Library,Not Applicable,Spring 2024,1,20,TRUE,Employee,Completed
EXP-0000418,CID-871874,Student Organization,Open Source Society,UMBC,Not Applicable,Fall 2026,4,5,FALSE,Member,Active
EXP-0000419,CID-871874,Student Organization,Retriever Cyber Club,UMBC,Not Applicable,Fall 2026,4,4,FALSE,Member,Left after one term
EXP-0000420,CID-871874,Hackathon,Healthcare Innovation Hackathon,Healthcare Innovation Hackathon,Not Applicable,Fall 2026,1,36,FALSE,Participant,Grand prize
EXP-0000421,CID-871874,Hackathon,Bitcamp,Bitcamp,Not Applicable,Fall 2026,1,48,FALSE,Participant,Participated
EXP-0000422,CID-871874,Hackathon,Civic Data Challenge,Civic Data Challenge,Not Applicable,Fall 2026,1,24,FALSE,Participant,Grand prize
EXP-0000423,CID-639795,Student Organization,Product Club,UMBC,Not Applicable,Fall 2026,2,2,FALSE,Member,Completed
EXP-0000424,CID-639795,Student Organization,Data Science Collective,UMBC,Not Applicable,Fall 2026,6,5,FALSE,Member,Active
EXP-0000425,CID-935808,Internship,DevOps Intern,Chesapeake Defense Systems,Defense & Aerospace,Fall 2026,1,40,TRUE,Not Applicable,Return offer accepted
EXP-0000426,CID-935808,Student Organization,Association for Computing Machinery Student Chapter,UMBC,Not Applicable,Spring 2026,3,4,FALSE,Member,Active
EXP-0000427,CID-935808,Hackathon,Civic Data Challenge,Civic Data Challenge,Not Applicable,Spring 2026,1,48,FALSE,Participant,Top 10 finish
EXP-0000428,CID-935808,Hackathon,Healthcare Innovation Hackathon,Healthcare Innovation Hackathon,Not Applicable,Spring 2026,1,48,FALSE,Participant,Category winner
EXP-0000429,CID-935808,Hackathon,Healthcare Innovation Hackathon,Healthcare Innovation Hackathon,Not Applicable,Fall 2025,1,36,FALSE,Participant,Top 10 finish
EXP-0000430,CID-935808,Peer Mentor,Computing Majors Peer Advisor,College of Engineering and IT,Not Applicable,Spring 2026,3,5,TRUE,Mentor,Completed
EXP-0000431,CID-341543,Internship,Machine Learning Intern,Dockside Logistics Systems,Logistics & Transportation,Summer 2026,1,24,TRUE,Not Applicable,Return offer declined
EXP-0000432,CID-341543,Student Organization,Game Developers Club,UMBC,Not Applicable,Spring 2025,3,6,FALSE,Member,Completed
EXP-0000433,CID-341543,Campus Job,Library Technology Assistant,Albin O. Kuhn Library,Not Applicable,Spring 2025,3,8,TRUE,Employee,Completed
EXP-0000434,CID-396276,Student Organization,Health Informatics Student Association,UMBC,Not Applicable,Fall 2024,4,3,FALSE,Member,Completed
EXP-0000435,CID-441239,Student Organization,Association for Computing Machinery Student Chapter,UMBC,Not Applicable,Spring 2026,3,4,FALSE,Officer,Completed
EXP-0000436,CID-441239,Student Organization,Data Science Collective,UMBC,Not Applicable,Spring 2026,1,4,FALSE,Member,Completed
EXP-0000437,CID-441239,Hackathon,Bitcamp,Bitcamp,Not Applicable,Fall 2025,1,24,FALSE,Participant,Participated
EXP-0000438,CID-441239,Hackathon,Mid-Atlantic Collegiate Hackathon,Mid-Atlantic Collegiate Hackathon,Not Applicable,Spring 2026,1,24,FALSE,Participant,Participated
EXP-0000439,CID-441239,Hackathon,Civic Data Challenge,Civic Data Challenge,Not Applicable,Spring 2026,1,24,FALSE,Participant,Top 10 finish
EXP-0000440,CID-420026,Internship,Information Security Intern,Monument Bank Technology,Financial Services,Summer 2025,1,20,TRUE,Not Applicable,Return offer declined
EXP-0000441,CID-420026,Internship,Security Operations Intern,University of Maryland System,Higher Education,Summer 2026,1,30,TRUE,Not Applicable,Return offer accepted
EXP-0000442,CID-420026,Certification,Health Informatics Associate,Clarion Health Institute,Not Applicable,Fall 2024,1,Not Applicable,Not Applicable,Not Applicable,Earned
EXP-0000443,CID-420026,Certification,Cloud Security Associate,Bastion Certification Board,Not Applicable,Fall 2025,1,Not Applicable,Not Applicable,Not Applicable,Earned
EXP-0000444,CID-420026,Student Organization,Association for Computing Machinery Student Chapter,UMBC,Not Applicable,Fall 2024,2,4,FALSE,Member,Active
EXP-0000445,CID-420026,Campus Job,Computing Lab Consultant,Division of Information Technology,Not Applicable,Spring 2026,4,20,TRUE,Employee,Completed
EXP-0000446,CID-420026,Competitive Team,Collegiate Cyber Defense Team,UMBC,Not Applicable,Fall 2024,2,5,FALSE,Member,Regional qualifier
EXP-0000447,CID-951160,Internship,Software Development Intern,Sentinel Peak Security,Cybersecurity Services,Summer 2026,1,30,TRUE,Not Applicable,Return offer declined
EXP-0000448,CID-951160,Certification,Machine Learning Associate,Applied Intelligence Institute,Not Applicable,Spring 2026,1,Not Applicable,Not Applicable,Not Applicable,Expired
EXP-0000449,CID-951160,Student Organization,Open Source Society,UMBC,Not Applicable,Fall 2024,3,4,FALSE,Member,Active
EXP-0000450,CID-458639,Internship,Machine Learning Intern,Arbor Peak Technologies,Software Products,Summer 2025,1,30,FALSE,Not Applicable,Completed
EXP-0000451,CID-458639,Certification,Cloud Architect Professional,CloudScale Academy,Not Applicable,Fall 2024,1,Not Applicable,Not Applicable,Not Applicable,Earned
EXP-0000452,CID-458639,Student Organization,Linux Users Group,UMBC,Not Applicable,Spring 2024,1,2,FALSE,Member,Completed
EXP-0000453,CID-458639,Student Organization,Artificial Intelligence Student Group,UMBC,Not Applicable,Spring 2026,6,5,FALSE,Member,Active
EXP-0000454,CID-458639,Undergraduate Research,Undergraduate Research Assistant,Data Systems Laboratory,Not Applicable,Fall 2025,4,8,TRUE,Researcher,Ongoing
EXP-0000455,CID-331359,Co-op,Information Security Intern,Maryland Department of IT,Federal Government,Fall 2026,2,40,TRUE,Not Applicable,Return offer declined
EXP-0000456,CID-331359,Student Organization,Retriever Cyber Club,UMBC,Not Applicable,Fall 2025,4,4,FALSE,Member,Completed
EXP-0000457,CID-331359,Competitive Team,Collegiate Cyber Defense Team,UMBC,Not Applicable,Spring 2026,3,5,FALSE,Member,National qualifier
EXP-0000458,CID-304273,Internship,Machine Learning Intern,Potomac Mission Solutions,Federal Contracting,Fall 2026,1,24,TRUE,Not Applicable,Completed
EXP-0000459,CID-304273,Undergraduate Research,Undergraduate Research Assistant,Data Systems Laboratory,Not Applicable,Fall 2025,4,12,TRUE,Researcher,Paper co-authored
EXP-0000460,CID-304273,Campus Job,Computing Lab Consultant,Division of Information Technology,Not Applicable,Spring 2026,2,10,TRUE,Employee,Completed
EXP-0000461,CID-304273,Tutoring,Discrete Structures Tutor,Learning Resources Center,Not Applicable,Spring 2026,1,6,TRUE,Tutor,Completed
EXP-0000462,CID-304273,Peer Mentor,Transfer Student Peer Mentor,Transfer Student Alliance,Not Applicable,Spring 2026,3,8,TRUE,Mentor,Completed
EXP-0000463,CID-333953,Student Organization,Retriever Cyber Club,UMBC,Not Applicable,Fall 2024,4,3,FALSE,Officer,Completed
EXP-0000464,CID-104853,Internship,Security Operations Intern,Monument Bank Technology,Financial Services,Fall 2026,1,24,TRUE,Not Applicable,Return offer accepted
EXP-0000465,CID-404224,Internship,Security Operations Intern,Allied Shield Insurance Group,Insurance,Summer 2025,1,30,FALSE,Not Applicable,Ended early
EXP-0000466,CID-393201,Student Organization,Retriever Cyber Club,UMBC,Not Applicable,Fall 2025,4,5,FALSE,Member,Completed
EXP-0000467,CID-393201,Hackathon,Bitcamp,Bitcamp,Not Applicable,Fall 2025,1,48,FALSE,Participant,Participated
EXP-0000468,CID-393201,Hackathon,Technica,Technica,Not Applicable,Spring 2026,1,48,FALSE,Participant,Grand prize
EXP-0000469,CID-393201,Peer Mentor,Transfer Student Peer Mentor,Transfer Student Alliance,Not Applicable,Spring 2026,1,5,TRUE,Mentor,Completed
EXP-0000470,CID-550462,Internship,Data Analytics Intern,Bayview Medical Informatics,Healthcare & Life Sciences,Summer 2025,1,24,FALSE,Not Applicable,Converted to part-time role
EXP-0000471,CID-550462,Internship,Business Intelligence Intern,Keystone Federal Services,Federal Contracting,Summer 2026,1,40,FALSE,Not Applicable,Return offer accepted
EXP-0000472,CID-550462,Certification,Data Analytics Associate,Insight Analytics Academy,Not Applicable,Spring 2025,1,Not Applicable,Not Applicable,Not Applicable,Expired
EXP-0000473,CID-550462,Student Organization,Women in Computing,UMBC,Not Applicable,Spring 2024,4,4,FALSE,Member,Left after one term
EXP-0000474,CID-550462,Student Organization,Retriever Cyber Club,UMBC,Not Applicable,Spring 2025,2,3,FALSE,President,Completed
EXP-0000475,CID-550462,Campus Job,Admissions Student Ambassador,Undergraduate Admissions,Not Applicable,Fall 2025,4,12,TRUE,Employee,Completed
EXP-0000476,CID-550462,Tutoring,Statistics Tutor,Learning Resources Center,Not Applicable,Spring 2026,2,6,TRUE,Tutor,Completed
EXP-0000477,CID-730888,Internship,Software Engineering Intern,Maryland Department of IT,Federal Government,Summer 2026,1,20,TRUE,Not Applicable,Return offer declined
EXP-0000478,CID-730888,Certification,Cloud Security Associate,Bastion Certification Board,Not Applicable,Spring 2026,1,Not Applicable,Not Applicable,Not Applicable,Earned
EXP-0000479,CID-730888,Student Organization,Health Informatics Student Association,UMBC,Not Applicable,Spring 2025,3,4,FALSE,Member,Completed
EXP-0000480,CID-730888,Student Organization,Linux Users Group,UMBC,Not Applicable,Spring 2025,3,6,FALSE,Member,Completed
EXP-0000481,CID-514470,Student Organization,Artificial Intelligence Student Group,UMBC,Not Applicable,Fall 2025,6,6,FALSE,Officer,Completed
EXP-0000482,CID-514470,Student Organization,Linux Users Group,UMBC,Not Applicable,Fall 2025,2,5,FALSE,Officer,Completed
EXP-0000483,CID-365852,Campus Job,Campus Recreation Attendant,Retriever Athletics,Not Applicable,Fall 2026,1,15,TRUE,Employee,Completed
EXP-0000484,CID-963607,Student Organization,Open Source Society,UMBC,Not Applicable,Spring 2024,2,5,FALSE,Member,Active
EXP-0000485,CID-963607,Student Organization,Artificial Intelligence Student Group,UMBC,Not Applicable,Fall 2023,1,4,FALSE,Member,Active
EXP-0000486,CID-963607,Campus Job,Computing Lab Consultant,Division of Information Technology,Not Applicable,Fall 2025,4,12,TRUE,Employee,Completed
EXP-0000487,CID-963607,Competitive Team,Programming Contest Team,UMBC,Not Applicable,Spring 2025,3,5,FALSE,Member,Regional qualifier
EXP-0000488,CID-243671,Certification,Cloud Solutions Associate,CloudScale Academy,Not Applicable,Fall 2026,1,Not Applicable,Not Applicable,Not Applicable,Earned
EXP-0000489,CID-243671,Certification,Container Platform Administrator,Helm & Harbor Institute,Not Applicable,Fall 2026,1,Not Applicable,Not Applicable,Not Applicable,Expired
EXP-0000490,CID-243671,Student Organization,Cloud Computing Club,UMBC,Not Applicable,Fall 2026,2,4,FALSE,Member,Completed
EXP-0000491,CID-243671,Student Organization,Retriever Cyber Club,UMBC,Not Applicable,Fall 2026,3,6,FALSE,Member,Completed
EXP-0000492,CID-243671,Tutoring,Writing Center Consultant,Writing Center,Not Applicable,Fall 2026,4,10,TRUE,Tutor,Completed
EXP-0000493,CID-243671,Peer Mentor,Residential Peer Leader,Residential Life,Not Applicable,Fall 2026,1,8,TRUE,Mentor,Completed
EXP-0000494,CID-248108,Co-op,Cloud Engineering Intern,Blue Heron Technologies,Federal Contracting,Summer 2025,2,40,TRUE,Not Applicable,Return offer accepted
EXP-0000495,CID-248108,Student Organization,Society of Hispanic Professional Engineers Chapter,UMBC,Not Applicable,Fall 2025,4,5,FALSE,Member,Active
EXP-0000496,CID-248108,Campus Job,Dining Services Associate,Campus Dining,Not Applicable,Spring 2024,3,8,TRUE,Employee,Completed
EXP-0000497,CID-248108,Tutoring,Writing Center Consultant,Writing Center,Not Applicable,Spring 2026,2,4,TRUE,Tutor,Completed
EXP-0000498,CID-934862,Co-op,Software Development Intern,Cartway Commerce,E-Commerce & Retail Tech,Summer 2025,2,40,TRUE,Not Applicable,Return offer declined
EXP-0000499,CID-934862,Internship,Application Development Intern,Keystone Federal Services,Federal Contracting,Summer 2026,1,40,FALSE,Not Applicable,Completed
EXP-0000500,CID-934862,Student Organization,Product Club,UMBC,Not Applicable,Spring 2026,4,4,FALSE,Member,Active
EXP-0000501,CID-934862,Hackathon,Mid-Atlantic Collegiate Hackathon,Mid-Atlantic Collegiate Hackathon,Not Applicable,Spring 2026,1,24,FALSE,Participant,Category winner
EXP-0000502,CID-934862,Campus Job,Library Technology Assistant,Albin O. Kuhn Library,Not Applicable,Spring 2025,2,8,TRUE,Employee,Completed
EXP-0000503,CID-481006,Co-op,Product Management Intern,Potomac Mission Solutions,Federal Contracting,Summer 2025,2,40,TRUE,Not Applicable,Completed
EXP-0000504,CID-481006,Internship,Product Management Intern,Sterling Ridge Consulting,Consulting & Professional Services,Summer 2026,1,20,TRUE,Not Applicable,Converted to part-time role
EXP-0000505,CID-891438,Certification,Security Operations Analyst,Bastion Certification Board,Not Applicable,Fall 2026,1,Not Applicable,Not Applicable,Not Applicable,Earned
EXP-0000506,CID-891438,Student Organization,Retriever Robotics,UMBC,Not Applicable,Spring 2026,6,6,FALSE,Member,Active
EXP-0000507,CID-891438,Campus Job,Research Administrative Assistant,Office of Research,Not Applicable,Spring 2026,2,12,TRUE,Employee,Completed
EXP-0000508,CID-891438,Tutoring,Data Structures Teaching Assistant,Department of Computer Science,Not Applicable,Spring 2026,2,4,TRUE,Tutor,Completed
EXP-0000509,CID-891438,Competitive Team,Capture the Flag Team,UMBC,Not Applicable,Fall 2025,3,12,FALSE,Member,Completed
EXP-0000510,CID-729703,Student Organization,Data Science Collective,UMBC,Not Applicable,Fall 2026,2,2,FALSE,Member,Left after one term
EXP-0000511,CID-729703,Campus Job,Library Technology Assistant,Albin O. Kuhn Library,Not Applicable,Fall 2026,2,12,TRUE,Employee,Completed
EXP-0000512,CID-462742,Certification,Linux Systems Professional,OpenSystems Guild,Not Applicable,Spring 2026,1,Not Applicable,Not Applicable,Not Applicable,Earned
EXP-0000513,CID-462742,Undergraduate Research,Undergraduate Research Assistant,Data Systems Laboratory,Not Applicable,Spring 2026,2,6,TRUE,Researcher,Completed
EXP-0000514,CID-937220,Co-op,Information Security Intern,Tidewater Defense Group,Defense & Aerospace,Summer 2025,2,40,FALSE,Not Applicable,Converted to part-time role
EXP-0000515,CID-937220,Student Organization,Entrepreneurship and Innovation Club,UMBC,Not Applicable,Spring 2026,3,5,FALSE,Member,Active
EXP-0000516,CID-937220,Tutoring,Calculus Tutor,Math Lab,Not Applicable,Fall 2025,3,8,TRUE,Tutor,Completed
EXP-0000517,CID-493807,Certification,Advanced SQL Practitioner,Insight Analytics Academy,Not Applicable,Fall 2026,1,Not Applicable,Not Applicable,Not Applicable,Earned
EXP-0000518,CID-493807,Student Organization,Linux Users Group,UMBC,Not Applicable,Fall 2026,3,5,FALSE,Member,Completed
EXP-0000519,CID-493807,Student Organization,Data Science Collective,UMBC,Not Applicable,Fall 2026,2,4,FALSE,Member,Left after one term
EXP-0000520,CID-493807,Campus Job,Campus Recreation Attendant,Retriever Athletics,Not Applicable,Fall 2026,4,8,TRUE,Employee,Completed
EXP-0000521,CID-169606,Campus Job,Residential Life Desk Assistant,Residential Life,Not Applicable,Fall 2025,5,10,TRUE,Employee,Completed
EXP-0000522,CID-215625,Certification,Container Platform Administrator,Helm & Harbor Institute,Not Applicable,Fall 2026,1,Not Applicable,Not Applicable,Not Applicable,Earned
EXP-0000523,CID-215625,Certification,Cloud Architect Professional,CloudScale Academy,Not Applicable,Fall 2026,1,Not Applicable,Not Applicable,Not Applicable,Earned
EXP-0000524,CID-215625,Student Organization,Information Systems Student Association,UMBC,Not Applicable,Fall 2026,4,3,FALSE,Member,Completed
EXP-0000525,CID-215625,Student Organization,Retriever Robotics,UMBC,Not Applicable,Fall 2026,6,6,FALSE,Member,Active
EXP-0000526,CID-215625,Hackathon,Civic Data Challenge,Civic Data Challenge,Not Applicable,Fall 2026,1,24,FALSE,Participant,Category winner
EXP-0000527,CID-215625,Campus Job,Residential Life Desk Assistant,Residential Life,Not Applicable,Fall 2026,4,10,TRUE,Employee,Completed
EXP-0000528,CID-957494,Internship,Application Development Intern,Chesapeake Defense Systems,Defense & Aerospace,Fall 2026,1,40,FALSE,Not Applicable,Ended early
EXP-0000529,CID-957494,Hackathon,HopHacks,HopHacks,Not Applicable,Fall 2025,1,24,FALSE,Participant,Top 10 finish
EXP-0000530,CID-957494,Hackathon,Mid-Atlantic Collegiate Hackathon,Mid-Atlantic Collegiate Hackathon,Not Applicable,Fall 2025,1,48,FALSE,Participant,Participated
EXP-0000531,CID-415560,Co-op,Product Management Intern,CareBridge Technology,Healthcare & Life Sciences,Fall 2026,2,40,TRUE,Not Applicable,Return offer declined
EXP-0000532,CID-415560,Student Organization,Product Club,UMBC,Not Applicable,Spring 2026,3,3,FALSE,Member,Completed
EXP-0000533,CID-415560,Hackathon,HopHacks,HopHacks,Not Applicable,Fall 2025,1,36,FALSE,Participant,Grand prize
EXP-0000534,CID-415560,Campus Job,Admissions Student Ambassador,Undergraduate Admissions,Not Applicable,Fall 2025,3,15,TRUE,Employee,Completed
EXP-0000535,CID-415560,Competitive Team,Programming Contest Team,UMBC,Not Applicable,Fall 2025,1,12,FALSE,Member,Regional qualifier
EXP-0000536,CID-453570,Certification,Clinical Data Standards Certificate,Clarion Health Institute,Not Applicable,Fall 2023,1,Not Applicable,Not Applicable,Not Applicable,Earned
EXP-0000537,CID-453570,Student Organization,Society of Hispanic Professional Engineers Chapter,UMBC,Not Applicable,Fall 2024,4,6,FALSE,Member,Completed
EXP-0000538,CID-453570,Hackathon,Technica,Technica,Not Applicable,Fall 2024,1,36,FALSE,Participant,Grand prize
EXP-0000539,CID-453570,Campus Job,Research Administrative Assistant,Office of Research,Not Applicable,Fall 2022,1,20,TRUE,Employee,Completed
EXP-0000540,CID-802319,Internship,Information Security Intern,Tidewater Defense Group,Defense & Aerospace,Summer 2025,1,30,TRUE,Not Applicable,Completed
EXP-0000541,CID-802319,Internship,Information Security Intern,National Data Services Agency,Federal Government,Summer 2026,1,30,FALSE,Not Applicable,Completed
EXP-0000542,CID-802319,Student Organization,Entrepreneurship and Innovation Club,UMBC,Not Applicable,Spring 2025,2,4,FALSE,Member,Active
EXP-0000543,CID-802319,Campus Job,Campus Recreation Attendant,Retriever Athletics,Not Applicable,Spring 2024,4,15,TRUE,Employee,Completed
EXP-0000544,CID-233102,Internship,Data Engineering Intern,Patapsco Aerospace,Defense & Aerospace,Summer 2026,1,24,TRUE,Not Applicable,Completed
EXP-0000545,CID-233102,Undergraduate Research,Undergraduate Research Assistant,Data Systems Laboratory,Not Applicable,Fall 2025,2,15,TRUE,Researcher,Completed
EXP-0000546,CID-233102,Campus Job,Dining Services Associate,Campus Dining,Not Applicable,Fall 2025,5,10,TRUE,Employee,Completed
EXP-0000547,CID-229343,Internship,Security Operations Intern,Redoubt Security Partners,Cybersecurity Services,Fall 2026,1,24,TRUE,Not Applicable,Completed
EXP-0000548,CID-229343,Student Organization,Association for Computing Machinery Student Chapter,UMBC,Not Applicable,Spring 2026,2,5,FALSE,Member,Completed
EXP-0000549,CID-229343,Campus Job,Research Administrative Assistant,Office of Research,Not Applicable,Fall 2025,1,20,TRUE,Employee,Completed
EXP-0000550,CID-611191,Student Organization,Artificial Intelligence Student Group,UMBC,Not Applicable,Spring 2024,6,6,FALSE,Member,Left after one term
EXP-0000551,CID-611191,Student Organization,Product Club,UMBC,Not Applicable,Spring 2024,2,4,FALSE,Member,Completed
EXP-0000552,CID-611191,Campus Job,Computing Lab Consultant,Division of Information Technology,Not Applicable,Fall 2024,4,12,TRUE,Employee,Completed
EXP-0000553,CID-502166,Student Organization,Cloud Computing Club,UMBC,Not Applicable,Fall 2026,2,6,FALSE,Member,Active
EXP-0000554,CID-502166,Student Organization,Women in Computing,UMBC,Not Applicable,Fall 2026,6,6,FALSE,Member,Completed
EXP-0000555,CID-502166,Undergraduate Research,Undergraduate Research Assistant,Data Systems Laboratory,Not Applicable,Fall 2026,1,6,TRUE,Researcher,Paper co-authored
EXP-0000556,CID-502166,Hackathon,Bitcamp,Bitcamp,Not Applicable,Fall 2026,1,48,FALSE,Participant,Participated
EXP-0000557,CID-450650,Internship,Data Analytics Intern,Parcel & Post Technologies,Logistics & Transportation,Summer 2026,1,40,TRUE,Not Applicable,Completed
EXP-0000558,CID-450650,Hackathon,Civic Data Challenge,Civic Data Challenge,Not Applicable,Fall 2024,1,24,FALSE,Participant,Participated
EXP-0000559,CID-450650,Campus Job,Campus Recreation Attendant,Retriever Athletics,Not Applicable,Spring 2024,2,8,TRUE,Employee,Completed
EXP-0000560,CID-994433,Internship,Information Security Intern,Chesapeake Defense Systems,Defense & Aerospace,Summer 2025,1,30,TRUE,Not Applicable,Completed
EXP-0000561,CID-994433,Internship,Information Security Intern,Shoreline Retail Group,E-Commerce & Retail Tech,Summer 2025,1,40,TRUE,Not Applicable,Completed
EXP-0000562,CID-119980,Student Organization,Information Systems Student Association,UMBC,Not Applicable,Fall 2026,6,3,FALSE,Member,Completed
EXP-0000563,CID-940621,Internship,Application Development Intern,Patapsco Aerospace,Defense & Aerospace,Fall 2026,1,30,TRUE,Not Applicable,Return offer accepted
EXP-0000564,CID-940621,Student Organization,Game Developers Club,UMBC,Not Applicable,Fall 2025,2,5,FALSE,Member,Left after one term
EXP-0000565,CID-940621,Student Organization,Open Source Society,UMBC,Not Applicable,Fall 2025,4,3,FALSE,Member,Active
EXP-0000566,CID-940621,Undergraduate Research,Undergraduate Research Assistant,Human-Computer Interaction Studio,Not Applicable,Spring 2026,2,8,FALSE,Researcher,Completed
EXP-0000567,CID-212574,Internship,Data Engineering Intern,Maryland Department of IT,Federal Government,Fall 2026,1,40,FALSE,Not Applicable,Ended early
EXP-0000568,CID-212574,Campus Job,Campus Recreation Attendant,Retriever Athletics,Not Applicable,Fall 2025,4,15,TRUE,Employee,Completed
EXP-0000569,CID-495743,Internship,Cybersecurity Intern,National Data Services Agency,Federal Government,Fall 2026,1,24,TRUE,Not Applicable,Completed
EXP-0000570,CID-495743,Certification,Cloud Solutions Associate,CloudScale Academy,Not Applicable,Fall 2026,1,Not Applicable,Not Applicable,Not Applicable,Expired
EXP-0000571,CID-495743,Student Organization,Open Source Society,UMBC,Not Applicable,Spring 2026,3,6,FALSE,Member,Completed
EXP-0000572,CID-495743,Campus Job,IT Help Desk Student Technician,Division of Information Technology,Not Applicable,Fall 2025,3,12,TRUE,Employee,Completed
EXP-0000573,CID-246484,Internship,Business Systems Intern,Piedmont Energy Partners,Energy & Utilities,Summer 2025,1,30,TRUE,Not Applicable,Converted to part-time role
EXP-0000574,CID-246484,Certification,Software Testing Practitioner,Quality Craft Institute,Not Applicable,Spring 2024,1,Not Applicable,Not Applicable,Not Applicable,Earned
EXP-0000575,CID-246484,Certification,Project Management Associate,Cadence Project Institute,Not Applicable,Summer 2026,1,Not Applicable,Not Applicable,Not Applicable,Earned
EXP-0000576,CID-246484,Student Organization,Entrepreneurship and Innovation Club,UMBC,Not Applicable,Spring 2023,1,2,FALSE,Member,Completed
EXP-0000577,CID-246484,Undergraduate Research,Undergraduate Research Assistant,Data Systems Laboratory,Not Applicable,Fall 2025,1,8,TRUE,Researcher,Paper co-authored
EXP-0000578,CID-246484,Campus Job,Campus Recreation Attendant,Retriever Athletics,Not Applicable,Fall 2023,2,12,TRUE,Employee,Completed
EXP-0000579,CID-246484,Tutoring,Discrete Structures Tutor,Learning Resources Center,Not Applicable,Spring 2025,4,6,TRUE,Tutor,Completed
EXP-0000580,CID-246484,Competitive Team,Analytics Case Competition Team,UMBC,Not Applicable,Spring 2023,1,10,FALSE,Member,Completed
EXP-0000581,CID-887807,Internship,Machine Learning Intern,Northwind Platform Co.,Software Products,Summer 2025,1,30,TRUE,Not Applicable,Return offer declined
EXP-0000582,CID-887807,Student Organization,Data Science Collective,UMBC,Not Applicable,Fall 2024,1,5,FALSE,Officer,Active
EXP-0000583,CID-887807,Undergraduate Research,Undergraduate Research Assistant,Network Security Laboratory,Not Applicable,Fall 2025,3,10,FALSE,Researcher,Completed
EXP-0000584,CID-887807,Competitive Team,Collegiate Cyber Defense Team,UMBC,Not Applicable,Spring 2024,3,12,FALSE,Lead,Regional qualifier
EXP-0000585,CID-542401,Internship,Software Development Intern,Monument Bank Technology,Financial Services,Fall 2026,1,24,TRUE,Not Applicable,Return offer declined
EXP-0000586,CID-542401,Certification,Full-Stack Web Developer,Brightline Code School,Not Applicable,Fall 2026,1,Not Applicable,Not Applicable,Not Applicable,Earned
EXP-0000587,CID-542401,Certification,Software Testing Practitioner,Quality Craft Institute,Not Applicable,Fall 2026,1,Not Applicable,Not Applicable,Not Applicable,Earned
EXP-0000588,CID-542401,Student Organization,Association for Computing Machinery Student Chapter,UMBC,Not Applicable,Fall 2025,6,5,FALSE,Member,Completed
EXP-0000589,CID-542401,Student Organization,Open Source Society,UMBC,Not Applicable,Spring 2026,1,4,FALSE,Member,Completed
EXP-0000590,CID-542401,Campus Job,Library Technology Assistant,Albin O. Kuhn Library,Not Applicable,Fall 2025,4,8,TRUE,Employee,Completed
EXP-0000591,CID-742542,Student Organization,Cloud Computing Club,UMBC,Not Applicable,Fall 2024,6,2,FALSE,Member,Completed
EXP-0000592,CID-742542,Hackathon,Technica,Technica,Not Applicable,Spring 2025,1,48,FALSE,Participant,Participated
EXP-0000593,CID-609439,Internship,Business Intelligence Intern,Severn River Consulting,Federal Contracting,Summer 2026,1,24,TRUE,Not Applicable,Converted to part-time role
EXP-0000594,CID-609439,Student Organization,Health Informatics Student Association,UMBC,Not Applicable,Spring 2025,2,4,FALSE,Member,Left after one term
EXP-0000595,CID-609439,Campus Job,IT Help Desk Student Technician,Division of Information Technology,Not Applicable,Spring 2025,5,20,TRUE,Employee,Completed
EXP-0000596,CID-270777,Internship,Software Development Intern,Blue Heron Technologies,Federal Contracting,Summer 2026,1,24,TRUE,Not Applicable,Return offer accepted
EXP-0000597,CID-270777,Student Organization,Women in Computing,UMBC,Not Applicable,Spring 2025,2,4,FALSE,Member,Completed
EXP-0000598,CID-763328,Internship,Information Security Intern,Sterling Ridge Consulting,Consulting & Professional Services,Summer 2025,1,20,FALSE,Not Applicable,Completed
EXP-0000599,CID-763328,Internship,Information Security Intern,Patapsco Aerospace,Defense & Aerospace,Summer 2026,1,20,TRUE,Not Applicable,Converted to part-time role
EXP-0000600,CID-763328,Student Organization,Association for Computing Machinery Student Chapter,UMBC,Not Applicable,Spring 2026,2,2,FALSE,Officer,Completed
EXP-0000601,CID-763328,Undergraduate Research,Undergraduate Research Assistant,Network Security Laboratory,Not Applicable,Fall 2024,1,15,FALSE,Researcher,Completed
EXP-0000602,CID-763328,Hackathon,HackUMBC,UMBC,Not Applicable,Fall 2023,1,24,FALSE,Participant,Participated
EXP-0000603,CID-763328,Hackathon,Civic Data Challenge,Civic Data Challenge,Not Applicable,Fall 2025,1,48,FALSE,Participant,Top 10 finish
EXP-0000604,CID-763328,Campus Job,Campus Recreation Attendant,Retriever Athletics,Not Applicable,Spring 2025,4,12,TRUE,Employee,Completed
EXP-0000605,CID-763328,Competitive Team,Capture the Flag Team,UMBC,Not Applicable,Spring 2026,3,5,FALSE,Member,National qualifier
EXP-0000606,CID-944424,Certification,Cloud Security Associate,Bastion Certification Board,Not Applicable,Fall 2026,1,Not Applicable,Not Applicable,Not Applicable,Earned
EXP-0000607,CID-944424,Student Organization,National Society of Black Engineers Chapter,UMBC,Not Applicable,Fall 2025,3,2,FALSE,Member,Completed
EXP-0000608,CID-944424,Student Organization,Retriever Cyber Club,UMBC,Not Applicable,Spring 2026,4,2,FALSE,Member,Completed
EXP-0000609,CID-527474,Internship,IT Project Management Intern,Chesapeake Defense Systems,Defense & Aerospace,Spring 2026,1,24,TRUE,Not Applicable,Return offer accepted
EXP-0000610,CID-527474,Student Organization,Society of Hispanic Professional Engineers Chapter,UMBC,Not Applicable,Spring 2025,4,2,FALSE,Member,Completed
EXP-0000611,CID-527474,Campus Job,Campus Recreation Attendant,Retriever Athletics,Not Applicable,Spring 2026,2,12,TRUE,Employee,Completed
EXP-0000612,CID-527474,Peer Mentor,Computing Majors Peer Advisor,College of Engineering and IT,Not Applicable,Fall 2025,2,8,FALSE,Mentor,Completed
EXP-0000613,CID-220482,Student Organization,Product Club,UMBC,Not Applicable,Spring 2025,6,3,FALSE,Member,Completed
EXP-0000614,CID-220482,Campus Job,Campus Recreation Attendant,Retriever Athletics,Not Applicable,Fall 2025,1,8,TRUE,Employee,Completed
EXP-0000615,CID-220482,Peer Mentor,First-Year Experience Peer Mentor,Office of Undergraduate Education,Not Applicable,Spring 2026,2,3,TRUE,Mentor,Completed
EXP-0000616,CID-533065,Internship,Data Analytics Intern,Monument Bank Technology,Financial Services,Fall 2026,1,20,TRUE,Not Applicable,Ended early
EXP-0000617,CID-533065,Certification,Clinical Data Standards Certificate,Clarion Health Institute,Not Applicable,Fall 2026,1,Not Applicable,Not Applicable,Not Applicable,Earned
EXP-0000618,CID-533065,Certification,Project Management Associate,Cadence Project Institute,Not Applicable,Fall 2026,1,Not Applicable,Not Applicable,Not Applicable,Earned
EXP-0000619,CID-533065,Undergraduate Research,Undergraduate Research Assistant,Data Systems Laboratory,Not Applicable,Fall 2025,2,8,TRUE,Researcher,Completed
EXP-0000620,CID-533065,Hackathon,Federal AI Challenge,Federal AI Challenge,Not Applicable,Spring 2026,1,24,FALSE,Participant,Participated
EXP-0000621,CID-533065,Hackathon,Technica,Technica,Not Applicable,Spring 2026,1,36,FALSE,Participant,Participated
EXP-0000622,CID-533065,Hackathon,HackUMBC,UMBC,Not Applicable,Fall 2025,1,48,FALSE,Participant,Participated
EXP-0000623,CID-533065,Hackathon,Bitcamp,Bitcamp,Not Applicable,Fall 2025,1,24,FALSE,Participant,Category winner
EXP-0000624,CID-533065,Campus Job,IT Help Desk Student Technician,Division of Information Technology,Not Applicable,Spring 2026,4,12,TRUE,Employee,Completed
EXP-0000625,CID-533065,Peer Mentor,Computing Majors Peer Advisor,College of Engineering and IT,Not Applicable,Spring 2026,1,5,TRUE,Mentor,Completed
EXP-0000626,CID-712054,Student Organization,Entrepreneurship and Innovation Club,UMBC,Not Applicable,Spring 2025,4,4,FALSE,Member,Completed
EXP-0000627,CID-477965,Internship,Software Engineering Intern,Catoctin Analytics Group,Federal Contracting,Summer 2026,1,40,TRUE,Not Applicable,Return offer accepted
EXP-0000628,CID-477965,Certification,Full-Stack Web Developer,Brightline Code School,Not Applicable,Fall 2025,1,Not Applicable,Not Applicable,Not Applicable,Expired
EXP-0000629,CID-477965,Certification,Software Testing Practitioner,Quality Craft Institute,Not Applicable,Fall 2025,1,Not Applicable,Not Applicable,Not Applicable,Earned
EXP-0000630,CID-477965,Student Organization,Retriever Cyber Club,UMBC,Not Applicable,Spring 2025,4,4,FALSE,Member,Completed
EXP-0000631,CID-477965,Hackathon,Federal AI Challenge,Federal AI Challenge,Not Applicable,Spring 2026,1,24,FALSE,Participant,Category winner
EXP-0000632,CID-477965,Hackathon,Mid-Atlantic Collegiate Hackathon,Mid-Atlantic Collegiate Hackathon,Not Applicable,Spring 2025,1,36,FALSE,Participant,Participated
EXP-0000633,CID-477965,Hackathon,Healthcare Innovation Hackathon,Healthcare Innovation Hackathon,Not Applicable,Fall 2025,1,24,FALSE,Participant,Participated
EXP-0000634,CID-477965,Campus Job,Campus Recreation Attendant,Retriever Athletics,Not Applicable,Spring 2026,6,10,TRUE,Employee,Completed
EXP-0000635,CID-886080,Campus Job,Library Technology Assistant,Albin O. Kuhn Library,Not Applicable,Fall 2024,2,12,TRUE,Employee,Completed
EXP-0000636,CID-419145,Internship,Data Engineering Intern,Marketside Digital,E-Commerce & Retail Tech,Summer 2025,1,24,TRUE,Not Applicable,Converted to part-time role
EXP-0000637,CID-419145,Internship,Business Intelligence Intern,Federal Health Data Office,Federal Government,Summer 2026,1,40,TRUE,Not Applicable,Ended early
EXP-0000638,CID-419145,Hackathon,HopHacks,HopHacks,Not Applicable,Fall 2023,1,36,FALSE,Participant,Top 10 finish
EXP-0000639,CID-419145,Hackathon,Civic Data Challenge,Civic Data Challenge,Not Applicable,Spring 2026,1,24,FALSE,Participant,Participated
EXP-0000640,CID-419145,Hackathon,Federal AI Challenge,Federal AI Challenge,Not Applicable,Fall 2022,1,36,FALSE,Participant,Grand prize
EXP-0000641,CID-419145,Hackathon,Federal AI Challenge,Federal AI Challenge,Not Applicable,Fall 2022,1,48,FALSE,Participant,Participated
EXP-0006743,CID-655977,Co-op,IT Project Management Intern,Potomac Mission Solutions,Federal Contracting,Spring 2017,2,40,TRUE,Not Applicable,Completed
EXP-0006744,CID-655977,Certification,Project Management Associate,Cadence Project Institute,Not Applicable,Fall 2016,1,Not Applicable,Not Applicable,Not Applicable,Expired
EXP-0006745,CID-655977,Certification,Product Management Certificate,Wayfinder Product School,Not Applicable,Summer 2015,1,Not Applicable,Not Applicable,Not Applicable,Expired
EXP-0006746,CID-655977,Student Organization,Women in Computing,UMBC,Not Applicable,Fall 2015,3,3,FALSE,Member,Left after one term
EXP-0006747,CID-655977,Campus Job,IT Help Desk Student Technician,Division of Information Technology,Not Applicable,Spring 2020,1,8,TRUE,Employee,Completed
EXP-0006748,CID-861644,Certification,Java Application Developer,Brightline Code School,Not Applicable,Summer 2025,1,Not Applicable,Not Applicable,Not Applicable,Earned
EXP-0006749,CID-861644,Undergraduate Research,Undergraduate Research Assistant,Network Security Laboratory,Not Applicable,Fall 2024,2,12,TRUE,Researcher,Ongoing
EXP-0006750,CID-617792,Internship,DevOps Intern,Northwind Platform Co.,Software Products,Summer 2020,1,40,TRUE,Not Applicable,Return offer accepted
EXP-0006751,CID-617792,Internship,Systems Engineering Intern,Blue Heron Technologies,Federal Contracting,Summer 2020,1,20,TRUE,Not Applicable,Completed
EXP-0006752,CID-617792,Internship,Cloud Engineering Intern,Meridian National Systems,Federal Contracting,Fall 2021,1,30,FALSE,Not Applicable,Ended early
EXP-0006753,CID-617792,Certification,Cloud Architect Professional,CloudScale Academy,Not Applicable,Spring 2020,1,Not Applicable,Not Applicable,Not Applicable,Expired
EXP-0006754,CID-617792,Student Organization,Game Developers Club,UMBC,Not Applicable,Spring 2019,4,5,FALSE,Officer,Completed
EXP-0006755,CID-617792,Student Organization,Cloud Computing Club,UMBC,Not Applicable,Spring 2020,4,2,FALSE,Member,Completed
EXP-0006756,CID-617792,Hackathon,Healthcare Innovation Hackathon,Healthcare Innovation Hackathon,Not Applicable,Fall 2020,1,24,FALSE,Participant,Participated
EXP-0006757,CID-472013,Internship,Software Development Intern,Allied Shield Insurance Group,Insurance,Summer 2015,1,24,FALSE,Not Applicable,Ended early
EXP-0006758,CID-472013,Certification,Software Testing Practitioner,Quality Craft Institute,Not Applicable,Summer 2014,1,Not Applicable,Not Applicable,Not Applicable,Earned
EXP-0006759,CID-472013,Certification,Software Testing Practitioner,Quality Craft Institute,Not Applicable,Summer 2015,1,Not Applicable,Not Applicable,Not Applicable,Earned
EXP-0006760,CID-472013,Certification,Full-Stack Web Developer,Brightline Code School,Not Applicable,Spring 2016,1,Not Applicable,Not Applicable,Not Applicable,Earned
EXP-0006761,CID-472013,Student Organization,Association for Computing Machinery Student Chapter,UMBC,Not Applicable,Spring 2016,2,2,FALSE,Member,Completed
EXP-0006762,CID-382067,Internship,Software Development Intern,Falconview Systems,Software Products,Fall 2020,1,30,TRUE,Not Applicable,Converted to part-time role
EXP-0006763,CID-382067,Certification,Clinical Data Standards Certificate,Clarion Health Institute,Not Applicable,Summer 2020,1,Not Applicable,Not Applicable,Not Applicable,Expired
EXP-0006764,CID-382067,Student Organization,Entrepreneurship and Innovation Club,UMBC,Not Applicable,Spring 2020,2,5,FALSE,Member,Completed
EXP-0006765,CID-382067,Undergraduate Research,Undergraduate Research Assistant,Health Informatics Research Center,Not Applicable,Fall 2020,2,15,FALSE,Researcher,Completed
EXP-0006766,CID-382067,Competitive Team,Programming Contest Team,UMBC,Not Applicable,Fall 2018,2,5,FALSE,Member,Completed
EXP-0006767,CID-543202,Co-op,Business Intelligence Intern,Maryland Department of IT,Federal Government,Spring 2025,2,40,TRUE,Not Applicable,Completed
EXP-0006768,CID-543202,Certification,Java Application Developer,Brightline Code School,Not Applicable,Spring 2024,1,Not Applicable,Not Applicable,Not Applicable,Expired
EXP-0006769,CID-543202,Certification,Business Intelligence Developer,Vantage BI Institute,Not Applicable,Fall 2023,1,Not Applicable,Not Applicable,Not Applicable,Earned
EXP-0006770,CID-543202,Student Organization,Data Science Collective,UMBC,Not Applicable,Spring 2023,2,6,FALSE,Officer,Active
EXP-0006771,CID-543202,Hackathon,Civic Data Challenge,Civic Data Challenge,Not Applicable,Spring 2024,1,24,FALSE,Participant,Grand prize
EXP-0006772,CID-543202,Hackathon,Federal AI Challenge,Federal AI Challenge,Not Applicable,Spring 2024,1,24,FALSE,Participant,Participated
EXP-0006773,CID-543202,Tutoring,Calculus Tutor,Math Lab,Not Applicable,Spring 2024,1,4,TRUE,Tutor,Completed
EXP-0006774,CID-817273,Internship,Software Engineering Intern,Catoctin Analytics Group,Federal Contracting,Summer 2023,1,24,TRUE,Not Applicable,Ended early
EXP-0006775,CID-817273,Internship,Application Development Intern,Maryland Department of IT,Federal Government,Summer 2024,1,24,TRUE,Not Applicable,Return offer declined
EXP-0006776,CID-817273,Student Organization,Artificial Intelligence Student Group,UMBC,Not Applicable,Spring 2023,1,2,FALSE,Member,Completed
EXP-0006777,CID-817273,Undergraduate Research,Undergraduate Research Assistant,Applied Machine Learning Lab,Not Applicable,Fall 2023,1,15,TRUE,Researcher,Completed
EXP-0006778,CID-817273,Hackathon,Mid-Atlantic Collegiate Hackathon,Mid-Atlantic Collegiate Hackathon,Not Applicable,Fall 2021,1,48,FALSE,Participant,Participated
EXP-0006779,CID-817273,Hackathon,Federal AI Challenge,Federal AI Challenge,Not Applicable,Spring 2022,1,24,FALSE,Participant,Participated
EXP-0006780,CID-817273,Competitive Team,Programming Contest Team,UMBC,Not Applicable,Fall 2024,3,8,FALSE,Member,Completed
EXP-0006781,CID-172182,Internship,Security Operations Intern,Meridian National Systems,Federal Contracting,Summer 2022,1,24,TRUE,Not Applicable,Converted to part-time role
EXP-0006782,CID-172182,Student Organization,Game Developers Club,UMBC,Not Applicable,Fall 2020,3,2,FALSE,Member,Left after one term
EXP-0006783,CID-172182,Hackathon,Bitcamp,Bitcamp,Not Applicable,Fall 2020,1,36,FALSE,Participant,Participated
EXP-0006784,CID-172182,Hackathon,Federal AI Challenge,Federal AI Challenge,Not Applicable,Spring 2021,1,48,FALSE,Participant,Participated
EXP-0006785,CID-619082,Internship,Data Engineering Intern,Chesapeake Community College,Higher Education,Summer 2023,1,30,TRUE,Not Applicable,Ended early
EXP-0006786,CID-619082,Student Organization,Data Science Collective,UMBC,Not Applicable,Spring 2024,6,4,FALSE,Member,Left after one term
EXP-0006787,CID-619082,Undergraduate Research,Undergraduate Research Assistant,Cybersecurity Research Group,Not Applicable,Spring 2024,1,8,FALSE,Researcher,Poster presented
EXP-0006788,CID-295254,Internship,Security Operations Intern,Anvil Compute,Cloud & Infrastructure,Summer 2021,1,24,TRUE,Not Applicable,Completed
EXP-0006789,CID-295254,Certification,Security Operations Analyst,Bastion Certification Board,Not Applicable,Spring 2021,1,Not Applicable,Not Applicable,Not Applicable,Earned
EXP-0006790,CID-295254,Student Organization,Retriever Cyber Club,UMBC,Not Applicable,Spring 2021,2,6,FALSE,Officer,Active
EXP-0006791,CID-295254,Student Organization,Association for Computing Machinery Student Chapter,UMBC,Not Applicable,Fall 2020,6,5,FALSE,Member,Completed
EXP-0006792,CID-295254,Undergraduate Research,Undergraduate Research Assistant,Cybersecurity Research Group,Not Applicable,Fall 2021,1,12,FALSE,Researcher,Paper co-authored
EXP-0006793,CID-295254,Competitive Team,Capture the Flag Team,UMBC,Not Applicable,Spring 2021,2,12,FALSE,Member,National qualifier
EXP-0006794,CID-359949,Internship,Business Systems Intern,Catoctin Analytics Group,Federal Contracting,Summer 2023,1,30,TRUE,Not Applicable,Completed
EXP-0006795,CID-359949,Hackathon,HopHacks,HopHacks,Not Applicable,Spring 2024,1,36,FALSE,Participant,Top 10 finish
EXP-0006796,CID-359949,Hackathon,HackUMBC,UMBC,Not Applicable,Fall 2022,1,24,FALSE,Participant,Participated
EXP-0006797,CID-359949,Tutoring,Data Structures Teaching Assistant,Department of Computer Science,Not Applicable,Fall 2024,2,4,TRUE,Tutor,Completed
EXP-0006798,CID-985651,Internship,Cybersecurity Intern,Meridian National Systems,Federal Contracting,Summer 2019,1,24,TRUE,Not Applicable,Return offer accepted
EXP-0006799,CID-637434,Internship,Clinical Systems Intern,Greenspring Health Systems,Healthcare & Life Sciences,Summer 2025,1,40,TRUE,Not Applicable,Return offer declined
EXP-0006800,CID-730806,Certification,Business Intelligence Developer,Vantage BI Institute,Not Applicable,Spring 2021,1,Not Applicable,Not Applicable,Not Applicable,Earned
EXP-0006801,CID-730806,Student Organization,Game Developers Club,UMBC,Not Applicable,Fall 2019,4,2,FALSE,Member,Completed
EXP-0006802,CID-730806,Hackathon,Civic Data Challenge,Civic Data Challenge,Not Applicable,Fall 2019,1,48,FALSE,Participant,Top 10 finish
EXP-0006803,CID-250283,Internship,Data Engineering Intern,Meridian National Systems,Federal Contracting,Summer 2023,1,40,TRUE,Not Applicable,Return offer accepted
EXP-0006804,CID-568243,Internship,Security Operations Intern,Dockside Logistics Systems,Logistics & Transportation,Summer 2025,1,24,TRUE,Not Applicable,Return offer accepted
EXP-0006805,CID-568243,Certification,Cloud Security Associate,Bastion Certification Board,Not Applicable,Fall 2023,1,Not Applicable,Not Applicable,Not Applicable,Expired
EXP-0006806,CID-977272,Co-op,Health Informatics Intern,Vantage Point Applications,Software Products,Summer 2014,2,40,TRUE,Not Applicable,Converted to part-time role
EXP-0006807,CID-977272,Student Organization,Game Developers Club,UMBC,Not Applicable,Spring 2016,1,5,FALSE,Member,Active
EXP-0006808,CID-299315,Undergraduate Research,Undergraduate Research Assistant,Human-Computer Interaction Studio,Not Applicable,Fall 2015,1,6,FALSE,Researcher,Paper co-authored
EXP-0006809,CID-299315,Tutoring,Discrete Structures Tutor,Learning Resources Center,Not Applicable,Spring 2016,1,4,TRUE,Tutor,Completed
EXP-0006810,CID-717896,Internship,IT Project Management Intern,National Data Services Agency,Federal Government,Fall 2018,1,30,FALSE,Not Applicable,Converted to part-time role
EXP-0006811,CID-717896,Tutoring,Statistics Tutor,Learning Resources Center,Not Applicable,Fall 2015,2,4,TRUE,Tutor,Completed
EXP-0006812,CID-281932,Internship,Business Intelligence Intern,Clearfield Assurance,Cybersecurity Services,Summer 2014,1,20,TRUE,Not Applicable,Return offer declined
EXP-0006813,CID-281932,Certification,Business Intelligence Developer,Vantage BI Institute,Not Applicable,Summer 2012,1,Not Applicable,Not Applicable,Not Applicable,Earned
EXP-0006814,CID-281932,Student Organization,Cloud Computing Club,UMBC,Not Applicable,Fall 2014,2,2,FALSE,Member,Left after one term
EXP-0006815,CID-281932,Hackathon,Federal AI Challenge,Federal AI Challenge,Not Applicable,Spring 2014,1,48,FALSE,Participant,Top 10 finish
EXP-0006816,CID-281932,Hackathon,Civic Data Challenge,Civic Data Challenge,Not Applicable,Spring 2013,1,24,FALSE,Participant,Category winner
EXP-0006817,CID-281932,Hackathon,Civic Data Challenge,Civic Data Challenge,Not Applicable,Fall 2014,1,24,FALSE,Participant,Participated
EXP-0006818,CID-401678,Internship,Security Operations Intern,Shoreline Retail Group,E-Commerce & Retail Tech,Summer 2015,1,24,TRUE,Not Applicable,Completed
EXP-0006819,CID-401678,Certification,Advanced SQL Practitioner,Insight Analytics Academy,Not Applicable,Fall 2013,1,Not Applicable,Not Applicable,Not Applicable,Expired
EXP-0006820,CID-233316,Certification,Full-Stack Web Developer,Brightline Code School,Not Applicable,Spring 2021,1,Not Applicable,Not Applicable,Not Applicable,Expired
EXP-0006821,CID-233316,Campus Job,Research Administrative Assistant,Office of Research,Not Applicable,Spring 2020,3,10,TRUE,Employee,Completed
EXP-0006822,CID-385603,Certification,Product Management Certificate,Wayfinder Product School,Not Applicable,Summer 2020,1,Not Applicable,Not Applicable,Not Applicable,Expired
EXP-0006823,CID-385603,Student Organization,Information Systems Student Association,UMBC,Not Applicable,Fall 2020,2,2,FALSE,Member,Active
EXP-0006824,CID-385603,Student Organization,Retriever Cyber Club,UMBC,Not Applicable,Spring 2020,2,2,FALSE,Member,Left after one term
EXP-0006825,CID-385603,Hackathon,Civic Data Challenge,Civic Data Challenge,Not Applicable,Spring 2020,1,36,FALSE,Participant,Top 10 finish
EXP-0006826,CID-385603,Hackathon,Civic Data Challenge,Civic Data Challenge,Not Applicable,Fall 2020,1,36,FALSE,Participant,Top 10 finish
EXP-0006827,CID-554323,Tutoring,Calculus Tutor,Math Lab,Not Applicable,Fall 2019,2,6,TRUE,Tutor,Completed
EXP-0006828,CID-851194,Certification,Container Platform Administrator,Helm & Harbor Institute,Not Applicable,Fall 2018,1,Not Applicable,Not Applicable,Not Applicable,Earned
EXP-0006829,CID-590300,Hackathon,HackUMBC,UMBC,Not Applicable,Fall 2019,1,36,FALSE,Participant,Participated
EXP-0006830,CID-590300,Hackathon,Mid-Atlantic Collegiate Hackathon,Mid-Atlantic Collegiate Hackathon,Not Applicable,Fall 2021,1,36,FALSE,Participant,Participated
EXP-0006831,CID-737140,Internship,Applied Science Intern,Wayfinder Technology Advisors,Consulting & Professional Services,Spring 2020,1,24,TRUE,Not Applicable,Return offer declined
EXP-0006832,CID-737140,Peer Mentor,Computing Majors Peer Advisor,College of Engineering and IT,Not Applicable,Spring 2019,3,3,TRUE,Mentor,Completed
EXP-0006833,CID-737140,Competitive Team,Robotics Competition Team,UMBC,Not Applicable,Fall 2017,2,10,FALSE,Member,Regional qualifier
EXP-0006834,CID-877616,Internship,Software Development Intern,Vantage Point Applications,Software Products,Summer 2015,1,40,TRUE,Not Applicable,Ended early
EXP-0006835,CID-877616,Internship,Application Development Intern,Fidelis Capital Partners,Financial Services,Summer 2015,1,20,TRUE,Not Applicable,Completed
EXP-0006836,CID-877616,Certification,Full-Stack Web Developer,Brightline Code School,Not Applicable,Fall 2016,1,Not Applicable,Not Applicable,Not Applicable,Expired
EXP-0006837,CID-877616,Student Organization,Game Developers Club,UMBC,Not Applicable,Spring 2014,4,4,FALSE,Member,Active
EXP-0006838,CID-434123,Certification,Health Informatics Associate,Clarion Health Institute,Not Applicable,Spring 2024,1,Not Applicable,Not Applicable,Not Applicable,Expired
EXP-0006839,CID-434123,Certification,Data Engineering Professional,Insight Analytics Academy,Not Applicable,Summer 2024,1,Not Applicable,Not Applicable,Not Applicable,Earned
EXP-0006840,CID-434123,Peer Mentor,First-Year Experience Peer Mentor,Office of Undergraduate Education,Not Applicable,Spring 2024,2,5,TRUE,Mentor,Completed
EXP-0006841,CID-766331,Co-op,Product Management Intern,Anvil Compute,Cloud & Infrastructure,Summer 2019,2,40,TRUE,Not Applicable,Completed
EXP-0006842,CID-766331,Student Organization,Entrepreneurship and Innovation Club,UMBC,Not Applicable,Fall 2016,1,2,FALSE,Member,Completed
EXP-0006843,CID-766331,Campus Job,Campus Recreation Attendant,Retriever Athletics,Not Applicable,Spring 2018,1,15,TRUE,Employee,Completed
EXP-0006844,CID-232412,Co-op,Data Engineering Intern,Allied Shield Insurance Group,Insurance,Summer 2019,2,40,TRUE,Not Applicable,Completed
EXP-0006845,CID-232412,Campus Job,Research Administrative Assistant,Office of Research,Not Applicable,Spring 2020,2,10,TRUE,Employee,Completed
EXP-0006846,CID-672950,Co-op,Applied Science Intern,Patapsco Aerospace,Defense & Aerospace,Summer 2022,2,40,TRUE,Not Applicable,Return offer declined
EXP-0006847,CID-672950,Co-op,AI Research Intern,Patapsco Aerospace,Defense & Aerospace,Summer 2023,2,40,TRUE,Not Applicable,Return offer declined
EXP-0006848,CID-672950,Campus Job,Research Administrative Assistant,Office of Research,Not Applicable,Spring 2023,2,8,TRUE,Employee,Completed
EXP-0006849,CID-672950,Tutoring,Writing Center Consultant,Writing Center,Not Applicable,Fall 2022,3,10,TRUE,Tutor,Completed
EXP-0006850,CID-686391,Internship,Applied Science Intern,Catoctin Analytics Group,Federal Contracting,Summer 2022,1,40,TRUE,Not Applicable,Converted to part-time role
EXP-0006851,CID-686391,Internship,Machine Learning Intern,Copper Ridge Data Centers,Cloud & Infrastructure,Fall 2023,1,24,TRUE,Not Applicable,Converted to part-time role
EXP-0006852,CID-686391,Internship,AI Research Intern,Catoctin Analytics Group,Federal Contracting,Summer 2024,1,24,FALSE,Not Applicable,Return offer declined
EXP-0006853,CID-686391,Certification,Machine Learning Associate,Applied Intelligence Institute,Not Applicable,Fall 2022,1,Not Applicable,Not Applicable,Not Applicable,Earned
EXP-0006854,CID-686391,Certification,Applied AI Engineer,Tessera AI Academy,Not Applicable,Spring 2022,1,Not Applicable,Not Applicable,Not Applicable,Earned
EXP-0006855,CID-686391,Certification,Applied AI Engineer,Tessera AI Academy,Not Applicable,Spring 2022,1,Not Applicable,Not Applicable,Not Applicable,Expired
EXP-0006856,CID-686391,Student Organization,National Society of Black Engineers Chapter,UMBC,Not Applicable,Fall 2021,4,2,FALSE,Member,Active
EXP-0006857,CID-686391,Hackathon,Mid-Atlantic Collegiate Hackathon,Mid-Atlantic Collegiate Hackathon,Not Applicable,Fall 2020,1,48,FALSE,Participant,Participated
EXP-0006858,CID-686391,Hackathon,Federal AI Challenge,Federal AI Challenge,Not Applicable,Fall 2021,1,36,FALSE,Participant,Participated
EXP-0006859,CID-686391,Hackathon,Bitcamp,Bitcamp,Not Applicable,Fall 2020,1,48,FALSE,Participant,Participated
EXP-0006860,CID-686391,Hackathon,Mid-Atlantic Collegiate Hackathon,Mid-Atlantic Collegiate Hackathon,Not Applicable,Spring 2024,1,36,FALSE,Participant,Participated
EXP-0006861,CID-686391,Campus Job,IT Help Desk Student Technician,Division of Information Technology,Not Applicable,Spring 2024,2,8,TRUE,Employee,Completed
EXP-0006862,CID-373939,Co-op,Data Engineering Intern,Greenspring Health Systems,Healthcare & Life Sciences,Summer 2016,2,40,TRUE,Not Applicable,Completed
EXP-0006863,CID-373939,Co-op,Data Engineering Intern,Fidelis Capital Partners,Financial Services,Spring 2017,2,40,TRUE,Not Applicable,Ended early
EXP-0006864,CID-373939,Student Organization,Game Developers Club,UMBC,Not Applicable,Fall 2017,1,6,FALSE,Member,Left after one term
EXP-0006865,CID-373939,Tutoring,Data Structures Teaching Assistant,Department of Computer Science,Not Applicable,Spring 2016,2,6,TRUE,Tutor,Completed
EXP-0006866,CID-976072,Internship,Data Analytics Intern,Northwind Platform Co.,Software Products,Summer 2023,1,20,TRUE,Not Applicable,Return offer accepted
EXP-0006867,CID-976072,Internship,Data Engineering Intern,Severn River Consulting,Federal Contracting,Spring 2024,1,24,TRUE,Not Applicable,Return offer declined
EXP-0006868,CID-976072,Certification,Project Management Associate,Cadence Project Institute,Not Applicable,Spring 2024,1,Not Applicable,Not Applicable,Not Applicable,Earned
EXP-0006869,CID-976072,Certification,Business Intelligence Developer,Vantage BI Institute,Not Applicable,Spring 2024,1,Not Applicable,Not Applicable,Not Applicable,Earned
EXP-0006870,CID-976072,Student Organization,Artificial Intelligence Student Group,UMBC,Not Applicable,Spring 2024,3,3,FALSE,Officer,Completed
EXP-0006871,CID-976072,Student Organization,National Society of Black Engineers Chapter,UMBC,Not Applicable,Fall 2023,3,5,FALSE,Officer,Completed
EXP-0006872,CID-976072,Undergraduate Research,Undergraduate Research Assistant,Data Systems Laboratory,Not Applicable,Fall 2023,3,10,FALSE,Researcher,Paper co-authored
EXP-0006873,CID-976072,Tutoring,Discrete Structures Tutor,Learning Resources Center,Not Applicable,Spring 2023,4,10,TRUE,Tutor,Completed
EXP-0006874,CID-976072,Competitive Team,Analytics Case Competition Team,UMBC,Not Applicable,Spring 2022,1,12,FALSE,Lead,Regional qualifier
EXP-0006875,CID-703142,Internship,Software Development Intern,Dockside Logistics Systems,Logistics & Transportation,Summer 2014,1,20,TRUE,Not Applicable,Return offer accepted
EXP-0006876,CID-703142,Certification,Full-Stack Web Developer,Brightline Code School,Not Applicable,Fall 2014,1,Not Applicable,Not Applicable,Not Applicable,Expired
EXP-0006877,CID-703142,Student Organization,Artificial Intelligence Student Group,UMBC,Not Applicable,Spring 2015,6,4,FALSE,Member,Completed
EXP-0006878,CID-703142,Undergraduate Research,Undergraduate Research Assistant,Distributed Systems Research Group,Not Applicable,Fall 2014,3,6,FALSE,Researcher,Paper co-authored
EXP-0006879,CID-703142,Campus Job,Residential Life Desk Assistant,Residential Life,Not Applicable,Fall 2013,6,12,TRUE,Employee,Completed
EXP-0006880,CID-703142,Competitive Team,Collegiate Cyber Defense Team,UMBC,Not Applicable,Fall 2013,1,12,FALSE,Lead,Completed
EXP-0006881,CID-892993,Internship,Cybersecurity Intern,Shoreline Retail Group,E-Commerce & Retail Tech,Summer 2020,1,20,FALSE,Not Applicable,Return offer accepted
EXP-0006882,CID-892993,Internship,Security Operations Intern,Cartway Commerce,E-Commerce & Retail Tech,Summer 2021,1,24,TRUE,Not Applicable,Return offer accepted
EXP-0006883,CID-892993,Certification,Ethical Hacking Associate,Redoubt Training Institute,Not Applicable,Summer 2021,1,Not Applicable,Not Applicable,Not Applicable,Earned
EXP-0006884,CID-892993,Certification,Security Operations Analyst,Bastion Certification Board,Not Applicable,Spring 2020,1,Not Applicable,Not Applicable,Not Applicable,Earned
EXP-0006885,CID-892993,Student Organization,Retriever Cyber Club,UMBC,Not Applicable,Spring 2020,4,4,FALSE,Officer,Active
EXP-0006886,CID-892993,Undergraduate Research,Undergraduate Research Assistant,Network Security Laboratory,Not Applicable,Spring 2021,1,8,FALSE,Researcher,Ongoing
EXP-0006887,CID-892993,Campus Job,Dining Services Associate,Campus Dining,Not Applicable,Spring 2018,2,8,TRUE,Employee,Completed
EXP-0006888,CID-805053,Campus Job,Computing Lab Consultant,Division of Information Technology,Not Applicable,Spring 2024,2,12,TRUE,Employee,Completed
EXP-0006889,CID-731656,Student Organization,Information Systems Student Association,UMBC,Not Applicable,Fall 2016,1,3,FALSE,Officer,Active
EXP-0006890,CID-731656,Competitive Team,Programming Contest Team,UMBC,Not Applicable,Spring 2015,3,12,FALSE,Member,Completed
EXP-0006891,CID-878303,Internship,Cybersecurity Intern,Potomac Mission Solutions,Federal Contracting,Summer 2024,1,20,FALSE,Not Applicable,Completed
EXP-0006892,CID-878303,Internship,Information Security Intern,Patapsco Aerospace,Defense & Aerospace,Summer 2025,1,40,FALSE,Not Applicable,Completed
EXP-0006893,CID-878303,Certification,Cloud Security Associate,Bastion Certification Board,Not Applicable,Spring 2025,1,Not Applicable,Not Applicable,Not Applicable,Earned
EXP-0006894,CID-878303,Hackathon,Civic Data Challenge,Civic Data Challenge,Not Applicable,Spring 2023,1,48,FALSE,Participant,Top 10 finish
EXP-0006895,CID-878303,Hackathon,HopHacks,HopHacks,Not Applicable,Spring 2024,1,24,FALSE,Participant,Grand prize
EXP-0006896,CID-113605,Internship,Business Intelligence Intern,Shoreline Retail Group,E-Commerce & Retail Tech,Summer 2023,1,20,TRUE,Not Applicable,Completed
EXP-0006897,CID-113605,Internship,Business Intelligence Intern,Northwind Platform Co.,Software Products,Summer 2024,1,20,TRUE,Not Applicable,Ended early
EXP-0006898,CID-113605,Internship,Data Engineering Intern,Allied Shield Insurance Group,Insurance,Fall 2024,1,30,TRUE,Not Applicable,Return offer declined
EXP-0006899,CID-113605,Student Organization,Linux Users Group,UMBC,Not Applicable,Fall 2020,6,3,FALSE,Member,Left after one term
EXP-0006900,CID-822252,Internship,Business Intelligence Intern,Chesapeake Defense Systems,Defense & Aerospace,Summer 2021,1,24,TRUE,Not Applicable,Converted to part-time role
EXP-0006901,CID-822252,Internship,Data Analytics Intern,Fidelis Capital Partners,Financial Services,Summer 2022,1,20,TRUE,Not Applicable,Converted to part-time role
EXP-0006902,CID-822252,Student Organization,Information Systems Student Association,UMBC,Not Applicable,Spring 2020,4,2,FALSE,Officer,Active
EXP-0006903,CID-822252,Hackathon,Bitcamp,Bitcamp,Not Applicable,Fall 2020,1,36,FALSE,Participant,Top 10 finish
EXP-0006904,CID-822252,Tutoring,Statistics Tutor,Learning Resources Center,Not Applicable,Fall 2020,3,10,TRUE,Tutor,Completed
EXP-0006905,CID-493840,Student Organization,Cloud Computing Club,UMBC,Not Applicable,Fall 2016,6,5,FALSE,Member,Left after one term
EXP-0006906,CID-493840,Hackathon,HackUMBC,UMBC,Not Applicable,Fall 2017,1,24,FALSE,Participant,Top 10 finish
EXP-0006907,CID-493840,Hackathon,Federal AI Challenge,Federal AI Challenge,Not Applicable,Spring 2017,1,24,FALSE,Participant,Participated
EXP-0006908,CID-493840,Hackathon,Technica,Technica,Not Applicable,Fall 2019,1,24,FALSE,Participant,Grand prize
EXP-0006909,CID-809525,Co-op,Cybersecurity Intern,Ironwood Cyber,Cybersecurity Services,Fall 2024,2,40,FALSE,Not Applicable,Return offer declined
EXP-0006910,CID-809525,Campus Job,Admissions Student Ambassador,Undergraduate Admissions,Not Applicable,Spring 2024,3,15,TRUE,Employee,Completed
EXP-0006911,CID-236616,Student Organization,Information Systems Student Association,UMBC,Not Applicable,Fall 2014,2,5,FALSE,Member,Completed
EXP-0006912,CID-236616,Campus Job,Computing Lab Consultant,Division of Information Technology,Not Applicable,Spring 2015,1,15,TRUE,Employee,Completed
EXP-0006913,CID-399213,Internship,Health Informatics Intern,Blue Heron Technologies,Federal Contracting,Summer 2021,1,24,TRUE,Not Applicable,Return offer declined
EXP-0006914,CID-399213,Campus Job,Residential Life Desk Assistant,Residential Life,Not Applicable,Spring 2020,6,20,TRUE,Employee,Completed
EXP-0006915,CID-718425,Certification,Java Application Developer,Brightline Code School,Not Applicable,Fall 2018,1,Not Applicable,Not Applicable,Not Applicable,Earned
EXP-0006916,CID-718425,Student Organization,Open Source Society,UMBC,Not Applicable,Spring 2017,2,6,FALSE,Member,Active
EXP-0006917,CID-718425,Campus Job,Research Administrative Assistant,Office of Research,Not Applicable,Fall 2017,3,15,TRUE,Employee,Completed
EXP-0006918,CID-718425,Tutoring,Discrete Structures Tutor,Learning Resources Center,Not Applicable,Fall 2018,4,4,TRUE,Tutor,Completed
EXP-0006919,CID-615930,Certification,Incident Response Specialist,Sentinel Learning,Not Applicable,Summer 2025,1,Not Applicable,Not Applicable,Not Applicable,Expired
EXP-0006920,CID-615930,Student Organization,Data Science Collective,UMBC,Not Applicable,Fall 2025,4,6,FALSE,Officer,Left after one term
EXP-0006921,CID-615930,Hackathon,HackUMBC,UMBC,Not Applicable,Fall 2023,1,24,FALSE,Participant,Participated
EXP-0006922,CID-615930,Hackathon,HopHacks,HopHacks,Not Applicable,Spring 2025,1,48,FALSE,Participant,Category winner
EXP-0006923,CID-615930,Hackathon,HackUMBC,UMBC,Not Applicable,Spring 2024,1,36,FALSE,Participant,Participated
EXP-0006924,CID-615930,Peer Mentor,Residential Peer Leader,Residential Life,Not Applicable,Fall 2024,2,8,FALSE,Mentor,Completed
EXP-0006925,CID-146467,Internship,Application Development Intern,Stratus Cloud Works,Cloud & Infrastructure,Summer 2022,1,20,TRUE,Not Applicable,Return offer accepted
EXP-0006926,CID-146467,Certification,Cloud Security Associate,Bastion Certification Board,Not Applicable,Fall 2021,1,Not Applicable,Not Applicable,Not Applicable,Earned
EXP-0006927,CID-146467,Student Organization,Product Club,UMBC,Not Applicable,Spring 2023,4,5,FALSE,Officer,Active
EXP-0006928,CID-146467,Campus Job,Residential Life Desk Assistant,Residential Life,Not Applicable,Spring 2022,1,8,TRUE,Employee,Completed
EXP-0006929,CID-626085,Internship,Cybersecurity Intern,Potomac Mission Solutions,Federal Contracting,Summer 2019,1,20,TRUE,Not Applicable,Completed
EXP-0006930,CID-626085,Internship,Security Operations Intern,Northwind Platform Co.,Software Products,Fall 2020,1,24,FALSE,Not Applicable,Completed
EXP-0006931,CID-626085,Internship,Information Security Intern,Sterling Ridge Consulting,Consulting & Professional Services,Summer 2021,1,40,TRUE,Not Applicable,Completed
EXP-0006932,CID-626085,Certification,Business Intelligence Developer,Vantage BI Institute,Not Applicable,Summer 2019,1,Not Applicable,Not Applicable,Not Applicable,Earned
EXP-0006933,CID-626085,Certification,Incident Response Specialist,Sentinel Learning,Not Applicable,Summer 2018,1,Not Applicable,Not Applicable,Not Applicable,Earned
EXP-0006934,CID-626085,Certification,Cloud Security Associate,Bastion Certification Board,Not Applicable,Spring 2020,1,Not Applicable,Not Applicable,Not Applicable,Expired
EXP-0006935,CID-626085,Campus Job,Dining Services Associate,Campus Dining,Not Applicable,Fall 2019,3,10,TRUE,Employee,Completed
EXP-0006936,CID-626085,Peer Mentor,Computing Majors Peer Advisor,College of Engineering and IT,Not Applicable,Spring 2021,3,3,TRUE,Mentor,Completed
EXP-0006937,CID-613962,Internship,Application Development Intern,Monument Bank Technology,Financial Services,Summer 2015,1,24,TRUE,Not Applicable,Return offer declined
EXP-0006938,CID-613962,Certification,Java Application Developer,Brightline Code School,Not Applicable,Spring 2016,1,Not Applicable,Not Applicable,Not Applicable,Earned
EXP-0006939,CID-613962,Certification,Agile Delivery Practitioner,Cadence Project Institute,Not Applicable,Fall 2015,1,Not Applicable,Not Applicable,Not Applicable,Earned
EXP-0006940,CID-613962,Student Organization,Association for Computing Machinery Student Chapter,UMBC,Not Applicable,Spring 2015,4,2,FALSE,Officer,Completed
EXP-0006941,CID-613962,Student Organization,National Society of Black Engineers Chapter,UMBC,Not Applicable,Fall 2014,2,3,FALSE,Member,Completed
EXP-0006942,CID-613962,Hackathon,Bitcamp,Bitcamp,Not Applicable,Fall 2014,1,48,FALSE,Participant,Grand prize
EXP-0006943,CID-613962,Hackathon,HackUMBC,UMBC,Not Applicable,Fall 2014,1,48,FALSE,Participant,Participated
EXP-0006944,CID-613962,Hackathon,Healthcare Innovation Hackathon,Healthcare Innovation Hackathon,Not Applicable,Spring 2016,1,24,FALSE,Participant,Top 10 finish
EXP-0006945,CID-861779,Internship,Applied Science Intern,Falconview Systems,Software Products,Fall 2018,1,24,FALSE,Not Applicable,Completed
EXP-0006946,CID-861779,Internship,Machine Learning Intern,Arbor Peak Technologies,Software Products,Summer 2019,1,20,TRUE,Not Applicable,Completed
EXP-0006947,CID-861779,Student Organization,Association for Computing Machinery Student Chapter,UMBC,Not Applicable,Fall 2017,1,2,FALSE,Member,Left after one term
EXP-0006948,CID-861779,Hackathon,Federal AI Challenge,Federal AI Challenge,Not Applicable,Spring 2018,1,48,FALSE,Participant,Grand prize
EXP-0006949,CID-861779,Hackathon,Bitcamp,Bitcamp,Not Applicable,Spring 2018,1,48,FALSE,Participant,Participated
EXP-0006950,CID-861779,Hackathon,Federal AI Challenge,Federal AI Challenge,Not Applicable,Fall 2016,1,24,FALSE,Participant,Top 10 finish
EXP-0006951,CID-507140,Internship,Data Analytics Intern,Maryland Department of IT,Federal Government,Summer 2020,1,24,TRUE,Not Applicable,Completed
EXP-0006952,CID-507140,Certification,Data Engineering Professional,Insight Analytics Academy,Not Applicable,Spring 2023,1,Not Applicable,Not Applicable,Not Applicable,Earned
EXP-0006953,CID-507140,Certification,Data Analytics Associate,Insight Analytics Academy,Not Applicable,Summer 2017,1,Not Applicable,Not Applicable,Not Applicable,Earned
EXP-0006954,CID-507140,Student Organization,Retriever Cyber Club,UMBC,Not Applicable,Fall 2019,2,2,FALSE,Member,Active
EXP-0006955,CID-507140,Campus Job,Dining Services Associate,Campus Dining,Not Applicable,Fall 2020,6,8,TRUE,Employee,Completed
EXP-0006956,CID-401501,Internship,Business Intelligence Intern,Wayfinder Technology Advisors,Consulting & Professional Services,Summer 2020,1,20,TRUE,Not Applicable,Converted to part-time role
EXP-0006957,CID-401501,Co-op,Data Engineering Intern,National Data Services Agency,Federal Government,Summer 2020,2,40,FALSE,Not Applicable,Completed
EXP-0006958,CID-401501,Internship,Business Intelligence Intern,Shoreline Retail Group,E-Commerce & Retail Tech,Summer 2021,1,40,TRUE,Not Applicable,Ended early
EXP-0006959,CID-401501,Certification,Data Analytics Associate,Insight Analytics Academy,Not Applicable,Summer 2020,1,Not Applicable,Not Applicable,Not Applicable,Earned
EXP-0006960,CID-401501,Certification,Data Analytics Associate,Insight Analytics Academy,Not Applicable,Summer 2020,1,Not Applicable,Not Applicable,Not Applicable,Earned
EXP-0006961,CID-401501,Student Organization,Health Informatics Student Association,UMBC,Not Applicable,Spring 2019,6,5,FALSE,Member,Active
EXP-0006962,CID-401501,Hackathon,HopHacks,HopHacks,Not Applicable,Fall 2020,1,48,FALSE,Participant,Participated
EXP-0006963,CID-401501,Hackathon,Civic Data Challenge,Civic Data Challenge,Not Applicable,Fall 2018,1,36,FALSE,Participant,Top 10 finish
EXP-0006964,CID-401501,Hackathon,Mid-Atlantic Collegiate Hackathon,Mid-Atlantic Collegiate Hackathon,Not Applicable,Spring 2020,1,36,FALSE,Participant,Grand prize
EXP-0006965,CID-401501,Campus Job,Dining Services Associate,Campus Dining,Not Applicable,Fall 2018,2,20,TRUE,Employee,Completed
EXP-0006966,CID-762388,Internship,Business Systems Intern,Meridian National Systems,Federal Contracting,Summer 2021,1,40,TRUE,Not Applicable,Return offer accepted
EXP-0006967,CID-762388,Internship,IT Project Management Intern,National Data Services Agency,Federal Government,Summer 2023,1,20,TRUE,Not Applicable,Converted to part-time role
EXP-0006968,CID-762388,Certification,Project Management Associate,Cadence Project Institute,Not Applicable,Summer 2023,1,Not Applicable,Not Applicable,Not Applicable,Earned
EXP-0006969,CID-762388,Certification,Certified Scrum Practitioner,Cadence Project Institute,Not Applicable,Spring 2020,1,Not Applicable,Not Applicable,Not Applicable,Expired
EXP-0006970,CID-762388,Hackathon,HopHacks,HopHacks,Not Applicable,Spring 2023,1,48,FALSE,Participant,Participated
EXP-0006971,CID-762388,Hackathon,Mid-Atlantic Collegiate Hackathon,Mid-Atlantic Collegiate Hackathon,Not Applicable,Spring 2022,1,48,FALSE,Participant,Participated
EXP-0006972,CID-576538,Student Organization,Society of Hispanic Professional Engineers Chapter,UMBC,Not Applicable,Fall 2023,2,5,FALSE,Member,Completed
EXP-0006973,CID-576538,Hackathon,Bitcamp,Bitcamp,Not Applicable,Spring 2024,1,24,FALSE,Participant,Category winner
EXP-0006974,CID-576538,Hackathon,HackUMBC,UMBC,Not Applicable,Spring 2023,1,48,FALSE,Participant,Top 10 finish
EXP-0006975,CID-576538,Campus Job,Research Administrative Assistant,Office of Research,Not Applicable,Fall 2022,2,10,TRUE,Employee,Completed
EXP-0006976,CID-810421,Internship,Security Operations Intern,Chesapeake Defense Systems,Defense & Aerospace,Summer 2015,1,40,TRUE,Not Applicable,Ended early
EXP-0006977,CID-810421,Internship,Cybersecurity Intern,Sentinel Peak Security,Cybersecurity Services,Summer 2016,1,30,TRUE,Not Applicable,Return offer declined
EXP-0006978,CID-810421,Internship,Information Security Intern,Marketside Digital,E-Commerce & Retail Tech,Summer 2018,1,40,TRUE,Not Applicable,Converted to part-time role
EXP-0006979,CID-810421,Certification,Data Analytics Associate,Insight Analytics Academy,Not Applicable,Fall 2014,1,Not Applicable,Not Applicable,Not Applicable,Earned
EXP-0006980,CID-810421,Certification,Project Management Associate,Cadence Project Institute,Not Applicable,Spring 2018,1,Not Applicable,Not Applicable,Not Applicable,Earned
EXP-0006981,CID-810421,Student Organization,Retriever Cyber Club,UMBC,Not Applicable,Fall 2012,4,6,FALSE,President,Completed
EXP-0006982,CID-810421,Student Organization,Retriever Robotics,UMBC,Not Applicable,Spring 2013,2,4,FALSE,Member,Completed
EXP-0006983,CID-810421,Undergraduate Research,Undergraduate Research Assistant,Cybersecurity Research Group,Not Applicable,Fall 2015,3,12,FALSE,Researcher,Paper co-authored
EXP-0006984,CID-810421,Peer Mentor,First-Year Experience Peer Mentor,Office of Undergraduate Education,Not Applicable,Spring 2017,3,3,TRUE,Mentor,Completed
EXP-0006985,CID-475430,Co-op,Application Development Intern,Lumen Grid Software,Software Products,Summer 2020,2,40,TRUE,Not Applicable,Completed
EXP-0006986,CID-475430,Internship,Software Development Intern,Antietam Systems Integration,Federal Contracting,Fall 2020,1,30,TRUE,Not Applicable,Completed
EXP-0006987,CID-475430,Certification,Software Testing Practitioner,Quality Craft Institute,Not Applicable,Fall 2019,1,Not Applicable,Not Applicable,Not Applicable,Earned
EXP-0006988,CID-475430,Certification,Clinical Data Standards Certificate,Clarion Health Institute,Not Applicable,Spring 2021,1,Not Applicable,Not Applicable,Not Applicable,Expired
EXP-0006989,CID-475430,Certification,Full-Stack Web Developer,Brightline Code School,Not Applicable,Spring 2021,1,Not Applicable,Not Applicable,Not Applicable,Earned
EXP-0006990,CID-475430,Student Organization,Linux Users Group,UMBC,Not Applicable,Spring 2018,4,5,FALSE,Member,Active
EXP-0006991,CID-712082,Internship,DevOps Intern,Dockside Logistics Systems,Logistics & Transportation,Fall 2020,1,40,TRUE,Not Applicable,Return offer accepted
EXP-0006992,CID-712082,Student Organization,Society of Hispanic Professional Engineers Chapter,UMBC,Not Applicable,Fall 2021,1,3,FALSE,Member,Left after one term
EXP-0006993,CID-712082,Undergraduate Research,Undergraduate Research Assistant,Distributed Systems Research Group,Not Applicable,Fall 2021,3,15,TRUE,Researcher,Poster presented
EXP-0006994,CID-712082,Campus Job,Computing Lab Consultant,Division of Information Technology,Not Applicable,Fall 2021,4,12,TRUE,Employee,Completed
EXP-0006995,CID-712082,Competitive Team,Robotics Competition Team,UMBC,Not Applicable,Fall 2019,3,12,FALSE,Member,Regional qualifier
EXP-0006996,CID-604948,Internship,Application Development Intern,Pinnacle Bridge Partners,Consulting & Professional Services,Summer 2017,1,30,TRUE,Not Applicable,Completed
EXP-0006997,CID-604948,Student Organization,Data Science Collective,UMBC,Not Applicable,Fall 2018,6,6,FALSE,Member,Active
EXP-0006998,CID-604948,Campus Job,Campus Recreation Attendant,Retriever Athletics,Not Applicable,Spring 2017,3,15,TRUE,Employee,Completed
EXP-0006999,CID-604948,Tutoring,Data Structures Teaching Assistant,Department of Computer Science,Not Applicable,Fall 2018,2,4,TRUE,Tutor,Completed
EXP-0007000,CID-355503,Co-op,Business Systems Intern,Northwind Platform Co.,Software Products,Fall 2022,2,40,TRUE,Not Applicable,Return offer declined
EXP-0007001,CID-355503,Internship,IT Project Management Intern,Antietam Systems Integration,Federal Contracting,Summer 2025,1,30,TRUE,Not Applicable,Return offer accepted
EXP-0007002,CID-355503,Co-op,Business Systems Intern,National Data Services Agency,Federal Government,Spring 2026,2,40,TRUE,Not Applicable,Return offer declined
EXP-0007003,CID-355503,Student Organization,Game Developers Club,UMBC,Not Applicable,Fall 2021,2,4,FALSE,Member,Completed
EXP-0007004,CID-355503,Undergraduate Research,Undergraduate Research Assistant,Human-Computer Interaction Studio,Not Applicable,Fall 2021,1,12,TRUE,Researcher,Ongoing
EXP-0007005,CID-355503,Hackathon,Bitcamp,Bitcamp,Not Applicable,Spring 2022,1,24,FALSE,Participant,Participated
EXP-0007006,CID-355503,Hackathon,HopHacks,HopHacks,Not Applicable,Spring 2019,1,36,FALSE,Participant,Category winner
EXP-0007007,CID-366749,Certification,Machine Learning Associate,Applied Intelligence Institute,Not Applicable,Fall 2021,1,Not Applicable,Not Applicable,Not Applicable,Earned
EXP-0007008,CID-366749,Campus Job,Campus Recreation Attendant,Retriever Athletics,Not Applicable,Fall 2020,3,20,TRUE,Employee,Completed
EXP-0007009,CID-350459,Internship,Applied Science Intern,Northwind Platform Co.,Software Products,Summer 2022,1,40,TRUE,Not Applicable,Completed
EXP-0007010,CID-350459,Internship,Applied Science Intern,Lumen Grid Software,Software Products,Summer 2023,1,24,TRUE,Not Applicable,Ended early
EXP-0007011,CID-350459,Certification,Deep Learning Practitioner,Applied Intelligence Institute,Not Applicable,Fall 2018,1,Not Applicable,Not Applicable,Not Applicable,Expired
EXP-0007012,CID-604268,Internship,Data Engineering Intern,Stratus Cloud Works,Cloud & Infrastructure,Summer 2023,1,30,TRUE,Not Applicable,Converted to part-time role
EXP-0007013,CID-604268,Undergraduate Research,Undergraduate Research Assistant,Data Systems Laboratory,Not Applicable,Spring 2022,4,8,TRUE,Researcher,Completed
EXP-0007014,CID-604268,Hackathon,Civic Data Challenge,Civic Data Challenge,Not Applicable,Fall 2020,1,36,FALSE,Participant,Participated
EXP-0007015,CID-604268,Hackathon,Bitcamp,Bitcamp,Not Applicable,Spring 2024,1,36,FALSE,Participant,Category winner
EXP-0007016,CID-604268,Competitive Team,Capture the Flag Team,UMBC,Not Applicable,Spring 2022,2,12,FALSE,Member,Regional qualifier
EXP-0007017,CID-578480,Internship,Software Engineering Intern,Brightline Software Group,Software Products,Summer 2015,1,24,FALSE,Not Applicable,Ended early
EXP-0007018,CID-578480,Campus Job,Dining Services Associate,Campus Dining,Not Applicable,Spring 2015,2,8,TRUE,Employee,Completed
EXP-0007019,CID-390828,Co-op,Software Engineering Intern,Parcel & Post Technologies,Logistics & Transportation,Summer 2015,2,40,TRUE,Not Applicable,Return offer accepted
EXP-0007020,CID-390828,Internship,Software Engineering Intern,Redoubt Security Partners,Cybersecurity Services,Summer 2015,1,40,TRUE,Not Applicable,Return offer declined
EXP-0007021,CID-390828,Student Organization,National Society of Black Engineers Chapter,UMBC,Not Applicable,Fall 2012,2,6,FALSE,Officer,Completed
EXP-0007022,CID-390828,Student Organization,Association for Computing Machinery Student Chapter,UMBC,Not Applicable,Fall 2012,1,6,FALSE,Member,Active
EXP-0007023,CID-390828,Campus Job,IT Help Desk Student Technician,Division of Information Technology,Not Applicable,Spring 2016,2,15,TRUE,Employee,Completed
EXP-0007024,CID-100384,Internship,Security Operations Intern,Meridian National Systems,Federal Contracting,Summer 2025,1,24,TRUE,Not Applicable,Converted to part-time role
EXP-0007025,CID-100384,Hackathon,Civic Data Challenge,Civic Data Challenge,Not Applicable,Spring 2025,1,48,FALSE,Participant,Grand prize
EXP-0007026,CID-100384,Hackathon,HackUMBC,UMBC,Not Applicable,Spring 2024,1,24,FALSE,Participant,Top 10 finish
EXP-0007027,CID-100384,Hackathon,Technica,Technica,Not Applicable,Spring 2023,1,24,FALSE,Participant,Participated
EXP-0007028,CID-100384,Campus Job,Dining Services Associate,Campus Dining,Not Applicable,Spring 2023,1,10,TRUE,Employee,Completed
EXP-0007029,CID-100384,Tutoring,Calculus Tutor,Math Lab,Not Applicable,Spring 2025,2,4,TRUE,Tutor,Completed
EXP-0007030,CID-100384,Peer Mentor,Transfer Student Peer Mentor,Transfer Student Alliance,Not Applicable,Fall 2024,2,8,TRUE,Mentor,Completed
EXP-0007031,CID-428694,Internship,Software Engineering Intern,Brightline Software Group,Software Products,Summer 2021,1,20,TRUE,Not Applicable,Converted to part-time role
EXP-0007032,CID-428694,Co-op,Software Engineering Intern,Brightline Software Group,Software Products,Summer 2021,2,40,TRUE,Not Applicable,Return offer accepted
EXP-0007033,CID-428694,Certification,Data Analytics Associate,Insight Analytics Academy,Not Applicable,Spring 2022,1,Not Applicable,Not Applicable,Not Applicable,Earned
EXP-0007034,CID-428694,Student Organization,Retriever Robotics,UMBC,Not Applicable,Fall 2020,2,2,FALSE,Member,Left after one term
EXP-0007035,CID-428694,Student Organization,Game Developers Club,UMBC,Not Applicable,Fall 2019,3,2,FALSE,Officer,Left after one term
EXP-0007036,CID-551377,Internship,Business Intelligence Intern,Fidelis Capital Partners,Financial Services,Summer 2017,1,20,TRUE,Not Applicable,Completed
EXP-0007037,CID-551377,Campus Job,Library Technology Assistant,Albin O. Kuhn Library,Not Applicable,Fall 2015,4,15,TRUE,Employee,Completed
EXP-0007038,CID-597245,Internship,Software Development Intern,Stratus Cloud Works,Cloud & Infrastructure,Summer 2021,1,20,TRUE,Not Applicable,Return offer accepted
EXP-0007039,CID-597245,Student Organization,Society of Hispanic Professional Engineers Chapter,UMBC,Not Applicable,Spring 2019,4,3,FALSE,Member,Left after one term
EXP-0007040,CID-597245,Campus Job,Dining Services Associate,Campus Dining,Not Applicable,Spring 2019,1,10,TRUE,Employee,Completed
EXP-0007041,CID-574621,Internship,Application Development Intern,Keystone Federal Services,Federal Contracting,Summer 2022,1,40,TRUE,Not Applicable,Completed
EXP-0007042,CID-574621,Internship,Software Engineering Intern,Vantage Point Applications,Software Products,Summer 2025,1,40,TRUE,Not Applicable,Converted to part-time role
EXP-0007043,CID-574621,Certification,Full-Stack Web Developer,Brightline Code School,Not Applicable,Summer 2021,1,Not Applicable,Not Applicable,Not Applicable,Expired
EXP-0007044,CID-574621,Certification,Certified Security Practitioner,Bastion Certification Board,Not Applicable,Fall 2019,1,Not Applicable,Not Applicable,Not Applicable,Earned
EXP-0007045,CID-574621,Student Organization,Game Developers Club,UMBC,Not Applicable,Fall 2021,2,4,FALSE,Officer,Completed
EXP-0007046,CID-574621,Campus Job,Library Technology Assistant,Albin O. Kuhn Library,Not Applicable,Spring 2019,5,15,TRUE,Employee,Completed
EXP-0007047,CID-931948,Internship,Software Engineering Intern,Ironwood Cyber,Cybersecurity Services,Summer 2015,1,30,TRUE,Not Applicable,Return offer declined
EXP-0007048,CID-931948,Internship,Software Development Intern,Marketside Digital,E-Commerce & Retail Tech,Summer 2015,1,24,TRUE,Not Applicable,Return offer accepted
EXP-0007049,CID-931948,Certification,Certified Scrum Practitioner,Cadence Project Institute,Not Applicable,Summer 2016,1,Not Applicable,Not Applicable,Not Applicable,Earned
EXP-0007050,CID-931948,Certification,IT Service Management Foundation,Meridian Service Academy,Not Applicable,Summer 2014,1,Not Applicable,Not Applicable,Not Applicable,Earned
EXP-0007051,CID-931948,Hackathon,Bitcamp,Bitcamp,Not Applicable,Spring 2016,1,24,FALSE,Participant,Grand prize
EXP-0007052,CID-931948,Hackathon,Technica,Technica,Not Applicable,Spring 2015,1,24,FALSE,Participant,Top 10 finish
EXP-0007053,CID-931948,Hackathon,HopHacks,HopHacks,Not Applicable,Spring 2014,1,36,FALSE,Participant,Participated
EXP-0007054,CID-931948,Campus Job,Computing Lab Consultant,Division of Information Technology,Not Applicable,Fall 2014,3,12,TRUE,Employee,Completed
EXP-0007055,CID-316026,Internship,Security Operations Intern,Marketside Digital,E-Commerce & Retail Tech,Summer 2013,1,40,TRUE,Not Applicable,Return offer declined
EXP-0007056,CID-316026,Internship,Cybersecurity Intern,Blue Heron Technologies,Federal Contracting,Summer 2014,1,30,TRUE,Not Applicable,Completed
EXP-0007057,CID-316026,Competitive Team,Capture the Flag Team,UMBC,Not Applicable,Spring 2011,2,8,FALSE,Member,Completed
EXP-0007058,CID-988517,Internship,Software Development Intern,Keystone Federal Services,Federal Contracting,Spring 2016,1,24,TRUE,Not Applicable,Return offer declined
EXP-0007059,CID-988517,Student Organization,Cloud Computing Club,UMBC,Not Applicable,Fall 2015,3,5,FALSE,Member,Left after one term
EXP-0007060,CID-508507,Co-op,Application Development Intern,Maryland Department of IT,Federal Government,Summer 2024,2,40,TRUE,Not Applicable,Return offer declined
EXP-0007061,CID-508507,Internship,Software Development Intern,Tidewater Defense Group,Defense & Aerospace,Fall 2025,1,24,TRUE,Not Applicable,Completed
EXP-0007062,CID-508507,Certification,Full-Stack Web Developer,Brightline Code School,Not Applicable,Spring 2024,1,Not Applicable,Not Applicable,Not Applicable,Earned
EXP-0007063,CID-508507,Certification,Java Application Developer,Brightline Code School,Not Applicable,Spring 2025,1,Not Applicable,Not Applicable,Not Applicable,Earned
EXP-0007064,CID-508507,Student Organization,Retriever Robotics,UMBC,Not Applicable,Fall 2021,3,4,FALSE,Member,Left after one term
EXP-0007065,CID-508507,Undergraduate Research,Undergraduate Research Assistant,Human-Computer Interaction Studio,Not Applicable,Spring 2024,3,10,TRUE,Researcher,Ongoing
EXP-0007066,CID-508507,Competitive Team,Programming Contest Team,UMBC,Not Applicable,Spring 2023,2,5,FALSE,Member,Completed
EXP-0007067,CID-694264,Certification,Data Analytics Associate,Insight Analytics Academy,Not Applicable,Spring 2017,1,Not Applicable,Not Applicable,Not Applicable,Earned
EXP-0007068,CID-694264,Certification,Data Analytics Associate,Insight Analytics Academy,Not Applicable,Spring 2014,1,Not Applicable,Not Applicable,Not Applicable,Earned
EXP-0007069,CID-694264,Undergraduate Research,Undergraduate Research Assistant,Data Systems Laboratory,Not Applicable,Spring 2016,4,8,FALSE,Researcher,Poster presented
EXP-0007070,CID-694264,Hackathon,Technica,Technica,Not Applicable,Fall 2016,1,48,FALSE,Participant,Participated
EXP-0007071,CID-694264,Tutoring,Discrete Structures Tutor,Learning Resources Center,Not Applicable,Spring 2018,2,10,TRUE,Tutor,Completed
EXP-0007072,CID-694264,Peer Mentor,Transfer Student Peer Mentor,Transfer Student Alliance,Not Applicable,Spring 2017,2,3,FALSE,Mentor,Completed
EXP-0007073,CID-972802,Student Organization,National Society of Black Engineers Chapter,UMBC,Not Applicable,Spring 2022,3,5,FALSE,Member,Left after one term
EXP-0007074,CID-183508,Internship,Data Analytics Intern,Federal Health Data Office,Federal Government,Summer 2020,1,40,TRUE,Not Applicable,Return offer accepted
EXP-0007075,CID-183508,Student Organization,Data Science Collective,UMBC,Not Applicable,Spring 2020,3,5,FALSE,Member,Completed
EXP-0007076,CID-183508,Campus Job,IT Help Desk Student Technician,Division of Information Technology,Not Applicable,Spring 2020,2,8,TRUE,Employee,Completed
EXP-0007077,CID-343688,Co-op,Product Management Intern,Antietam Systems Integration,Federal Contracting,Fall 2022,2,40,TRUE,Not Applicable,Return offer declined
EXP-0007078,CID-343688,Internship,Business Systems Intern,Anvil Compute,Cloud & Infrastructure,Summer 2023,1,30,TRUE,Not Applicable,Completed
EXP-0007079,CID-343688,Certification,Cloud Architect Professional,CloudScale Academy,Not Applicable,Spring 2024,1,Not Applicable,Not Applicable,Not Applicable,Expired
EXP-0007080,CID-343688,Certification,Clinical Data Standards Certificate,Clarion Health Institute,Not Applicable,Spring 2024,1,Not Applicable,Not Applicable,Not Applicable,Earned
EXP-0007081,CID-343688,Student Organization,Game Developers Club,UMBC,Not Applicable,Fall 2021,4,5,FALSE,Member,Completed
EXP-0007082,CID-343688,Competitive Team,Analytics Case Competition Team,UMBC,Not Applicable,Fall 2022,2,5,FALSE,Member,Completed
EXP-0007083,CID-143389,Student Organization,Information Systems Student Association,UMBC,Not Applicable,Spring 2019,1,4,FALSE,Member,Active
EXP-0007084,CID-143389,Campus Job,Admissions Student Ambassador,Undergraduate Admissions,Not Applicable,Fall 2018,2,12,TRUE,Employee,Completed
EXP-0007085,CID-791713,Co-op,Data Analytics Intern,Monument Bank Technology,Financial Services,Summer 2014,2,40,TRUE,Not Applicable,Return offer accepted
EXP-0007086,CID-791713,Certification,Data Engineering Professional,Insight Analytics Academy,Not Applicable,Summer 2014,1,Not Applicable,Not Applicable,Not Applicable,Earned
EXP-0007087,CID-922958,Co-op,Security Operations Intern,Sterling Ridge Consulting,Consulting & Professional Services,Summer 2023,2,40,TRUE,Not Applicable,Completed
EXP-0007088,CID-922958,Certification,Health Informatics Associate,Clarion Health Institute,Not Applicable,Fall 2023,1,Not Applicable,Not Applicable,Not Applicable,Earned
EXP-0007089,CID-922958,Campus Job,Library Technology Assistant,Albin O. Kuhn Library,Not Applicable,Spring 2023,2,20,TRUE,Employee,Completed
EXP-0007090,CID-501308,Internship,Cybersecurity Intern,Federal Health Data Office,Federal Government,Summer 2017,1,40,TRUE,Not Applicable,Ended early
EXP-0007091,CID-501308,Internship,Cybersecurity Intern,Greenspring Health Systems,Healthcare & Life Sciences,Summer 2018,1,40,TRUE,Not Applicable,Return offer declined
EXP-0007092,CID-501308,Certification,Cloud Security Associate,Bastion Certification Board,Not Applicable,Spring 2017,1,Not Applicable,Not Applicable,Not Applicable,Expired
EXP-0007093,CID-501308,Student Organization,Linux Users Group,UMBC,Not Applicable,Spring 2016,4,4,FALSE,Member,Left after one term
EXP-0007094,CID-501308,Undergraduate Research,Undergraduate Research Assistant,Network Security Laboratory,Not Applicable,Spring 2017,2,8,TRUE,Researcher,Paper co-authored
EXP-0007095,CID-501308,Hackathon,Civic Data Challenge,Civic Data Challenge,Not Applicable,Spring 2018,1,24,FALSE,Participant,Participated
EXP-0007096,CID-501308,Hackathon,Mid-Atlantic Collegiate Hackathon,Mid-Atlantic Collegiate Hackathon,Not Applicable,Spring 2017,1,36,FALSE,Participant,Participated
EXP-0007097,CID-501308,Hackathon,Civic Data Challenge,Civic Data Challenge,Not Applicable,Fall 2017,1,48,FALSE,Participant,Participated
EXP-0007098,CID-501308,Campus Job,Computing Lab Consultant,Division of Information Technology,Not Applicable,Fall 2016,1,12,TRUE,Employee,Completed
EXP-0007099,CID-501308,Peer Mentor,Residential Peer Leader,Residential Life,Not Applicable,Spring 2017,3,5,FALSE,Mentor,Completed
EXP-0007100,CID-599762,Internship,Information Security Intern,Tidewater Defense Group,Defense & Aerospace,Summer 2021,1,24,TRUE,Not Applicable,Converted to part-time role
EXP-0007101,CID-599762,Internship,Information Security Intern,Meridian National Systems,Federal Contracting,Summer 2022,1,24,TRUE,Not Applicable,Converted to part-time role
EXP-0007102,CID-599762,Certification,Cloud Solutions Associate,CloudScale Academy,Not Applicable,Fall 2019,1,Not Applicable,Not Applicable,Not Applicable,Earned
EXP-0007103,CID-599762,Student Organization,Retriever Cyber Club,UMBC,Not Applicable,Fall 2018,4,6,FALSE,Member,Left after one term
EXP-0007104,CID-599762,Campus Job,Computing Lab Consultant,Division of Information Technology,Not Applicable,Fall 2020,1,8,TRUE,Employee,Completed
EXP-0007105,CID-361250,Internship,Business Intelligence Intern,Meridian National Systems,Federal Contracting,Summer 2025,1,24,TRUE,Not Applicable,Completed
EXP-0007106,CID-361250,Student Organization,Retriever Cyber Club,UMBC,Not Applicable,Fall 2025,2,6,FALSE,Member,Left after one term
EXP-0007107,CID-361250,Campus Job,Library Technology Assistant,Albin O. Kuhn Library,Not Applicable,Spring 2022,1,10,TRUE,Employee,Completed
EXP-0007108,CID-957937,Co-op,Business Intelligence Intern,Calvert Advisory Group,Consulting & Professional Services,Summer 2020,2,40,TRUE,Not Applicable,Completed
EXP-0007109,CID-957937,Hackathon,Mid-Atlantic Collegiate Hackathon,Mid-Atlantic Collegiate Hackathon,Not Applicable,Fall 2021,1,48,FALSE,Participant,Participated
EXP-0007110,CID-654422,Internship,Data Engineering Intern,Office of Technology Policy,Federal Government,Summer 2020,1,24,TRUE,Not Applicable,Completed
EXP-0007111,CID-654422,Campus Job,IT Help Desk Student Technician,Division of Information Technology,Not Applicable,Spring 2021,3,10,TRUE,Employee,Completed
EXP-0007112,CID-602087,Co-op,Product Management Intern,Wayfinder Technology Advisors,Consulting & Professional Services,Summer 2016,2,40,TRUE,Not Applicable,Return offer accepted
EXP-0007113,CID-602087,Certification,Container Platform Administrator,Helm & Harbor Institute,Not Applicable,Fall 2016,1,Not Applicable,Not Applicable,Not Applicable,Earned
EXP-0007114,CID-602087,Certification,Product Management Certificate,Wayfinder Product School,Not Applicable,Fall 2016,1,Not Applicable,Not Applicable,Not Applicable,Earned
EXP-0007115,CID-602087,Hackathon,Technica,Technica,Not Applicable,Fall 2015,1,24,FALSE,Participant,Grand prize
EXP-0007116,CID-602087,Hackathon,HackUMBC,UMBC,Not Applicable,Fall 2016,1,48,FALSE,Participant,Category winner
EXP-0007117,CID-602087,Hackathon,Healthcare Innovation Hackathon,Healthcare Innovation Hackathon,Not Applicable,Fall 2015,1,24,FALSE,Participant,Category winner
EXP-0007118,CID-975903,Student Organization,Product Club,UMBC,Not Applicable,Spring 2023,4,5,FALSE,President,Completed
EXP-0007119,CID-975903,Campus Job,Computing Lab Consultant,Division of Information Technology,Not Applicable,Fall 2022,1,12,TRUE,Employee,Completed
EXP-0007120,CID-376458,Co-op,IT Project Management Intern,National Data Services Agency,Federal Government,Summer 2019,2,40,TRUE,Not Applicable,Completed
EXP-0007121,CID-376458,Hackathon,HackUMBC,UMBC,Not Applicable,Spring 2019,1,24,FALSE,Participant,Participated
EXP-0007122,CID-376458,Hackathon,Mid-Atlantic Collegiate Hackathon,Mid-Atlantic Collegiate Hackathon,Not Applicable,Fall 2017,1,48,FALSE,Participant,Grand prize
EXP-0007123,CID-131331,Co-op,Software Development Intern,Allied Shield Insurance Group,Insurance,Summer 2016,2,40,TRUE,Not Applicable,Return offer accepted
EXP-0007124,CID-131331,Student Organization,Artificial Intelligence Student Group,UMBC,Not Applicable,Spring 2016,2,4,FALSE,Member,Completed
EXP-0007125,CID-131331,Student Organization,Retriever Cyber Club,UMBC,Not Applicable,Spring 2017,4,6,FALSE,Member,Left after one term
EXP-0007126,CID-131331,Undergraduate Research,Undergraduate Research Assistant,Data Systems Laboratory,Not Applicable,Fall 2016,1,15,FALSE,Researcher,Ongoing
EXP-0007127,CID-131331,Hackathon,HopHacks,HopHacks,Not Applicable,Fall 2015,1,24,FALSE,Participant,Category winner
EXP-0007128,CID-131331,Hackathon,Mid-Atlantic Collegiate Hackathon,Mid-Atlantic Collegiate Hackathon,Not Applicable,Spring 2017,1,48,FALSE,Participant,Category winner
EXP-0007129,CID-131331,Hackathon,Healthcare Innovation Hackathon,Healthcare Innovation Hackathon,Not Applicable,Fall 2016,1,24,FALSE,Participant,Grand prize
EXP-0007130,CID-131331,Peer Mentor,First-Year Experience Peer Mentor,Office of Undergraduate Education,Not Applicable,Fall 2016,2,5,TRUE,Mentor,Completed
EXP-0007131,CID-580718,Certification,Security Operations Analyst,Bastion Certification Board,Not Applicable,Summer 2017,1,Not Applicable,Not Applicable,Not Applicable,Earned
EXP-0007132,CID-580718,Peer Mentor,First-Year Experience Peer Mentor,Office of Undergraduate Education,Not Applicable,Fall 2017,2,3,FALSE,Mentor,Completed
EXP-0007133,CID-961612,Co-op,IT Project Management Intern,Greenspring Health Systems,Healthcare & Life Sciences,Summer 2013,2,40,FALSE,Not Applicable,Return offer declined
EXP-0007134,CID-961612,Internship,Business Systems Intern,Tidewater Defense Group,Defense & Aerospace,Summer 2014,1,40,TRUE,Not Applicable,Converted to part-time role
EXP-0007135,CID-961612,Certification,Certified Scrum Practitioner,Cadence Project Institute,Not Applicable,Summer 2013,1,Not Applicable,Not Applicable,Not Applicable,Earned
EXP-0007136,CID-961612,Student Organization,Information Systems Student Association,UMBC,Not Applicable,Spring 2012,6,3,FALSE,Officer,Completed
EXP-0007137,CID-961612,Student Organization,Product Club,UMBC,Not Applicable,Fall 2013,4,6,FALSE,Member,Completed
EXP-0007138,CID-961612,Undergraduate Research,Undergraduate Research Assistant,Applied Machine Learning Lab,Not Applicable,Fall 2013,2,15,TRUE,Researcher,Paper co-authored
EXP-0007139,CID-961612,Hackathon,Federal AI Challenge,Federal AI Challenge,Not Applicable,Fall 2013,1,24,FALSE,Participant,Participated
EXP-0007140,CID-961612,Hackathon,HackUMBC,UMBC,Not Applicable,Fall 2011,1,24,FALSE,Participant,Participated
EXP-0007141,CID-961612,Hackathon,HackUMBC,UMBC,Not Applicable,Spring 2014,1,24,FALSE,Participant,Participated
EXP-0007142,CID-961612,Tutoring,Writing Center Consultant,Writing Center,Not Applicable,Spring 2013,3,6,TRUE,Tutor,Completed
EXP-0007143,CID-907406,Internship,Information Security Intern,Potomac Mission Solutions,Federal Contracting,Summer 2023,1,20,TRUE,Not Applicable,Return offer declined
EXP-0007144,CID-907406,Internship,Security Operations Intern,Sterling Ridge Consulting,Consulting & Professional Services,Summer 2024,1,20,TRUE,Not Applicable,Completed
EXP-0007145,CID-907406,Certification,Security Operations Analyst,Bastion Certification Board,Not Applicable,Fall 2024,1,Not Applicable,Not Applicable,Not Applicable,Earned
EXP-0007146,CID-907406,Certification,Ethical Hacking Associate,Redoubt Training Institute,Not Applicable,Fall 2024,1,Not Applicable,Not Applicable,Not Applicable,Expired
EXP-0007147,CID-907406,Student Organization,Linux Users Group,UMBC,Not Applicable,Spring 2022,4,6,FALSE,Member,Completed
EXP-0007148,CID-907406,Campus Job,Campus Recreation Attendant,Retriever Athletics,Not Applicable,Fall 2021,2,15,TRUE,Employee,Completed
EXP-0007149,CID-907406,Competitive Team,Collegiate Cyber Defense Team,UMBC,Not Applicable,Fall 2024,3,5,FALSE,Member,National qualifier
EXP-0007150,CID-611883,Internship,Business Systems Intern,Federal Health Data Office,Federal Government,Summer 2024,1,24,TRUE,Not Applicable,Return offer accepted
EXP-0007151,CID-611883,Internship,Product Management Intern,Office of Technology Policy,Federal Government,Summer 2024,1,24,TRUE,Not Applicable,Return offer accepted
EXP-0007152,CID-611883,Certification,Project Management Associate,Cadence Project Institute,Not Applicable,Fall 2025,1,Not Applicable,Not Applicable,Not Applicable,Earned
EXP-0007153,CID-611883,Student Organization,Entrepreneurship and Innovation Club,UMBC,Not Applicable,Spring 2025,4,3,FALSE,Member,Left after one term
EXP-0007154,CID-611883,Student Organization,Retriever Robotics,UMBC,Not Applicable,Fall 2025,4,4,FALSE,Member,Active
EXP-0007155,CID-611883,Campus Job,Campus Recreation Attendant,Retriever Athletics,Not Applicable,Spring 2024,1,10,TRUE,Employee,Completed
EXP-0007156,CID-611883,Tutoring,Discrete Structures Tutor,Learning Resources Center,Not Applicable,Spring 2025,4,4,TRUE,Tutor,Completed
EXP-0007157,CID-611883,Competitive Team,Programming Contest Team,UMBC,Not Applicable,Spring 2024,3,5,FALSE,Member,Regional qualifier
EXP-0007158,CID-611614,Internship,AI Research Intern,Fidelis Capital Partners,Financial Services,Fall 2023,1,20,TRUE,Not Applicable,Completed
EXP-0007159,CID-611614,Campus Job,Computing Lab Consultant,Division of Information Technology,Not Applicable,Fall 2021,5,20,TRUE,Employee,Completed
EXP-0007160,CID-611614,Peer Mentor,First-Year Experience Peer Mentor,Office of Undergraduate Education,Not Applicable,Spring 2024,2,3,FALSE,Mentor,Completed
EXP-0007161,CID-110755,Co-op,Security Operations Intern,Office of Technology Policy,Federal Government,Summer 2020,2,40,TRUE,Not Applicable,Converted to part-time role
EXP-0007162,CID-565439,Internship,Security Operations Intern,Greenspring Health Systems,Healthcare & Life Sciences,Summer 2020,1,40,TRUE,Not Applicable,Return offer declined
EXP-0007163,CID-565439,Internship,Cybersecurity Intern,Potomac Mission Solutions,Federal Contracting,Summer 2021,1,40,TRUE,Not Applicable,Converted to part-time role
EXP-0007164,CID-565439,Campus Job,Research Administrative Assistant,Office of Research,Not Applicable,Spring 2020,5,8,TRUE,Employee,Completed
EXP-0007165,CID-642500,Internship,DevOps Intern,Continental Wireless,Telecommunications,Summer 2019,1,20,TRUE,Not Applicable,Completed
EXP-0007166,CID-642500,Certification,Advanced SQL Practitioner,Insight Analytics Academy,Not Applicable,Summer 2019,1,Not Applicable,Not Applicable,Not Applicable,Earned
EXP-0007167,CID-642500,Certification,Clinical Data Standards Certificate,Clarion Health Institute,Not Applicable,Spring 2019,1,Not Applicable,Not Applicable,Not Applicable,Earned
EXP-0007168,CID-642500,Campus Job,Dining Services Associate,Campus Dining,Not Applicable,Spring 2018,5,8,TRUE,Employee,Completed
EXP-0007169,CID-642500,Peer Mentor,Computing Majors Peer Advisor,College of Engineering and IT,Not Applicable,Spring 2019,3,5,TRUE,Mentor,Completed
EXP-0007170,CID-452182,Internship,Machine Learning Intern,Harbor Mutual Insurance,Insurance,Fall 2023,1,20,TRUE,Not Applicable,Converted to part-time role
EXP-0007171,CID-452182,Competitive Team,Capture the Flag Team,UMBC,Not Applicable,Fall 2023,2,10,FALSE,Member,Completed
EXP-0007172,CID-967127,Internship,Software Engineering Intern,Parcel & Post Technologies,Logistics & Transportation,Summer 2020,1,20,TRUE,Not Applicable,Converted to part-time role
EXP-0007173,CID-967127,Student Organization,Association for Computing Machinery Student Chapter,UMBC,Not Applicable,Spring 2020,6,5,FALSE,Member,Completed
EXP-0007174,CID-967127,Student Organization,Retriever Cyber Club,UMBC,Not Applicable,Fall 2020,6,5,FALSE,Member,Left after one term
EXP-0007175,CID-415085,Co-op,Application Development Intern,Maryland Department of IT,Federal Government,Summer 2020,2,40,FALSE,Not Applicable,Completed
EXP-0007176,CID-415085,Internship,Software Development Intern,Sterling Ridge Consulting,Consulting & Professional Services,Summer 2020,1,20,TRUE,Not Applicable,Completed
EXP-0007177,CID-415085,Internship,Software Development Intern,Beacon Telecom Services,Telecommunications,Fall 2021,1,20,TRUE,Not Applicable,Converted to part-time role
EXP-0007178,CID-415085,Certification,Software Testing Practitioner,Quality Craft Institute,Not Applicable,Summer 2020,1,Not Applicable,Not Applicable,Not Applicable,Earned
EXP-0007179,CID-415085,Student Organization,Association for Computing Machinery Student Chapter,UMBC,Not Applicable,Spring 2021,1,4,FALSE,Officer,Active
EXP-0007180,CID-415085,Student Organization,Data Science Collective,UMBC,Not Applicable,Spring 2021,3,4,FALSE,Officer,Active
EXP-0007181,CID-415085,Competitive Team,Capture the Flag Team,UMBC,Not Applicable,Fall 2021,2,8,FALSE,Lead,Completed
EXP-0007182,CID-955890,Internship,Business Systems Intern,National Data Services Agency,Federal Government,Summer 2023,1,20,FALSE,Not Applicable,Ended early
EXP-0007183,CID-955890,Internship,IT Project Management Intern,Continental Wireless,Telecommunications,Summer 2023,1,40,TRUE,Not Applicable,Completed
EXP-0007184,CID-955890,Internship,Business Systems Intern,Stratus Cloud Works,Cloud & Infrastructure,Summer 2024,1,20,TRUE,Not Applicable,Return offer accepted
EXP-0007185,CID-955890,Campus Job,Library Technology Assistant,Albin O. Kuhn Library,Not Applicable,Fall 2021,1,20,TRUE,Employee,Completed
EXP-0007186,CID-219318,Campus Job,Library Technology Assistant,Albin O. Kuhn Library,Not Applicable,Spring 2018,6,12,TRUE,Employee,Completed
EXP-0007187,CID-944835,Internship,Software Engineering Intern,Shoreline Retail Group,E-Commerce & Retail Tech,Summer 2022,1,40,TRUE,Not Applicable,Completed
EXP-0007188,CID-944835,Student Organization,Product Club,UMBC,Not Applicable,Fall 2022,6,3,FALSE,Member,Active
EXP-0007189,CID-944835,Peer Mentor,Residential Peer Leader,Residential Life,Not Applicable,Spring 2022,1,8,TRUE,Mentor,Completed
EXP-0007190,CID-990239,Certification,Security Operations Analyst,Bastion Certification Board,Not Applicable,Spring 2022,1,Not Applicable,Not Applicable,Not Applicable,Earned
EXP-0007191,CID-990239,Student Organization,Data Science Collective,UMBC,Not Applicable,Spring 2021,2,5,FALSE,Member,Completed
EXP-0007192,CID-990239,Student Organization,Cloud Computing Club,UMBC,Not Applicable,Spring 2022,4,6,FALSE,Member,Active
EXP-0007193,CID-965326,Internship,Application Development Intern,Falconview Systems,Software Products,Summer 2017,1,20,TRUE,Not Applicable,Return offer accepted
EXP-0007194,CID-965326,Internship,Software Engineering Intern,Meridian National Systems,Federal Contracting,Summer 2018,1,20,TRUE,Not Applicable,Ended early
EXP-0007195,CID-965326,Internship,Software Development Intern,Shoreline Retail Group,E-Commerce & Retail Tech,Summer 2019,1,40,TRUE,Not Applicable,Return offer accepted
EXP-0007196,CID-965326,Student Organization,Association for Computing Machinery Student Chapter,UMBC,Not Applicable,Spring 2017,2,4,FALSE,Member,Completed
EXP-0007197,CID-965326,Competitive Team,Programming Contest Team,UMBC,Not Applicable,Spring 2017,3,5,FALSE,Member,Completed
EXP-0007198,CID-506961,Internship,Security Operations Intern,National Data Services Agency,Federal Government,Spring 2020,1,24,TRUE,Not Applicable,Return offer accepted
EXP-0007199,CID-506961,Internship,Cybersecurity Intern,Harbor Mutual Insurance,Insurance,Summer 2020,1,40,TRUE,Not Applicable,Return offer accepted
EXP-0007200,CID-271750,Internship,Data Engineering Intern,Cartway Commerce,E-Commerce & Retail Tech,Summer 2019,1,24,TRUE,Not Applicable,Completed
EXP-0007201,CID-271750,Co-op,Data Engineering Intern,Greenspring Health Systems,Healthcare & Life Sciences,Summer 2019,2,40,TRUE,Not Applicable,Completed
EXP-0007202,CID-271750,Certification,Data Analytics Associate,Insight Analytics Academy,Not Applicable,Spring 2019,1,Not Applicable,Not Applicable,Not Applicable,Earned
EXP-0007203,CID-271750,Certification,Advanced SQL Practitioner,Insight Analytics Academy,Not Applicable,Summer 2019,1,Not Applicable,Not Applicable,Not Applicable,Expired
EXP-0007204,CID-271750,Undergraduate Research,Undergraduate Research Assistant,Data Systems Laboratory,Not Applicable,Fall 2019,2,15,TRUE,Researcher,Ongoing
EXP-0007205,CID-271750,Hackathon,HopHacks,HopHacks,Not Applicable,Fall 2017,1,48,FALSE,Participant,Participated
EXP-0007206,CID-271750,Hackathon,Civic Data Challenge,Civic Data Challenge,Not Applicable,Spring 2018,1,24,FALSE,Participant,Top 10 finish
EXP-0007207,CID-271750,Hackathon,HopHacks,HopHacks,Not Applicable,Fall 2017,1,36,FALSE,Participant,Participated
EXP-0007208,CID-271750,Peer Mentor,Computing Majors Peer Advisor,College of Engineering and IT,Not Applicable,Fall 2019,1,3,TRUE,Mentor,Completed
EXP-0007209,CID-535562,Student Organization,Product Club,UMBC,Not Applicable,Fall 2024,4,2,FALSE,Member,Completed
EXP-0007210,CID-535562,Hackathon,Civic Data Challenge,Civic Data Challenge,Not Applicable,Spring 2022,1,48,FALSE,Participant,Participated
EXP-0007211,CID-535562,Hackathon,Mid-Atlantic Collegiate Hackathon,Mid-Atlantic Collegiate Hackathon,Not Applicable,Fall 2022,1,36,FALSE,Participant,Top 10 finish
EXP-0007212,CID-535562,Campus Job,Library Technology Assistant,Albin O. Kuhn Library,Not Applicable,Fall 2021,1,12,TRUE,Employee,Completed
EXP-0007213,CID-168975,Internship,Application Development Intern,Anvil Compute,Cloud & Infrastructure,Summer 2020,1,40,TRUE,Not Applicable,Return offer accepted
EXP-0007214,CID-168975,Internship,Application Development Intern,Anvil Compute,Cloud & Infrastructure,Fall 2022,1,30,TRUE,Not Applicable,Return offer declined
EXP-0007215,CID-168975,Certification,Machine Learning Associate,Applied Intelligence Institute,Not Applicable,Summer 2022,1,Not Applicable,Not Applicable,Not Applicable,Earned
EXP-0007216,CID-168975,Certification,Full-Stack Web Developer,Brightline Code School,Not Applicable,Summer 2019,1,Not Applicable,Not Applicable,Not Applicable,Earned
EXP-0007217,CID-168975,Student Organization,Open Source Society,UMBC,Not Applicable,Fall 2019,1,6,FALSE,Member,Completed
EXP-0007218,CID-168975,Campus Job,Library Technology Assistant,Albin O. Kuhn Library,Not Applicable,Fall 2022,3,15,TRUE,Employee,Completed
EXP-0007219,CID-197542,Internship,Cybersecurity Intern,Meridian National Systems,Federal Contracting,Summer 2013,1,30,TRUE,Not Applicable,Completed
EXP-0007220,CID-197542,Certification,Cloud Security Associate,Bastion Certification Board,Not Applicable,Summer 2014,1,Not Applicable,Not Applicable,Not Applicable,Earned
EXP-0007221,CID-197542,Student Organization,Artificial Intelligence Student Group,UMBC,Not Applicable,Spring 2013,2,6,FALSE,President,Left after one term
EXP-0007222,CID-109900,Internship,Security Operations Intern,National Data Services Agency,Federal Government,Summer 2025,1,30,TRUE,Not Applicable,Completed
EXP-0007223,CID-109900,Campus Job,Research Administrative Assistant,Office of Research,Not Applicable,Fall 2024,2,12,TRUE,Employee,Completed
EXP-0007224,CID-109900,Peer Mentor,Residential Peer Leader,Residential Life,Not Applicable,Spring 2025,2,3,TRUE,Mentor,Completed
EXP-0007225,CID-872171,Internship,Data Engineering Intern,Blue Heron Technologies,Federal Contracting,Summer 2021,1,40,TRUE,Not Applicable,Converted to part-time role
EXP-0007226,CID-872171,Internship,Data Analytics Intern,Shoreline Retail Group,E-Commerce & Retail Tech,Summer 2024,1,20,TRUE,Not Applicable,Return offer declined
EXP-0007227,CID-872171,Hackathon,Healthcare Innovation Hackathon,Healthcare Innovation Hackathon,Not Applicable,Spring 2020,1,24,FALSE,Participant,Participated
EXP-0007228,CID-872171,Campus Job,Research Administrative Assistant,Office of Research,Not Applicable,Fall 2019,3,20,TRUE,Employee,Completed
EXP-0007229,CID-663615,Campus Job,Dining Services Associate,Campus Dining,Not Applicable,Fall 2011,2,10,TRUE,Employee,Completed
EXP-0007230,CID-704699,Co-op,Security Operations Intern,National Data Services Agency,Federal Government,Summer 2022,2,40,TRUE,Not Applicable,Converted to part-time role
EXP-0007231,CID-704699,Student Organization,Women in Computing,UMBC,Not Applicable,Fall 2020,4,2,FALSE,Member,Completed
EXP-0007232,CID-704699,Hackathon,Federal AI Challenge,Federal AI Challenge,Not Applicable,Spring 2022,1,36,FALSE,Participant,Participated
EXP-0007233,CID-132298,Internship,Clinical Systems Intern,Blue Heron Technologies,Federal Contracting,Summer 2020,1,24,TRUE,Not Applicable,Return offer accepted
EXP-0007234,CID-132298,Internship,Clinical Systems Intern,Pinnacle Bridge Partners,Consulting & Professional Services,Summer 2021,1,24,TRUE,Not Applicable,Return offer declined
EXP-0007235,CID-132298,Student Organization,Product Club,UMBC,Not Applicable,Spring 2019,4,2,FALSE,Member,Left after one term
EXP-0007236,CID-132298,Undergraduate Research,Undergraduate Research Assistant,Network Security Laboratory,Not Applicable,Spring 2021,2,15,FALSE,Researcher,Ongoing
EXP-0007237,CID-132298,Tutoring,Writing Center Consultant,Writing Center,Not Applicable,Fall 2020,2,4,TRUE,Tutor,Completed
EXP-0007238,CID-375003,Certification,Project Management Associate,Cadence Project Institute,Not Applicable,Spring 2020,1,Not Applicable,Not Applicable,Not Applicable,Earned
EXP-0007239,CID-375003,Student Organization,Product Club,UMBC,Not Applicable,Fall 2020,4,2,FALSE,President,Active
EXP-0007240,CID-375003,Peer Mentor,Residential Peer Leader,Residential Life,Not Applicable,Spring 2020,1,8,TRUE,Mentor,Completed
EXP-0007241,CID-817644,Co-op,Data Engineering Intern,Falconview Systems,Software Products,Summer 2022,2,40,TRUE,Not Applicable,Converted to part-time role
EXP-0007242,CID-817644,Student Organization,Retriever Cyber Club,UMBC,Not Applicable,Fall 2021,4,5,FALSE,Member,Active
EXP-0007243,CID-817644,Tutoring,Introductory Programming Tutor,Learning Resources Center,Not Applicable,Fall 2021,3,8,TRUE,Tutor,Completed
EXP-0007244,CID-817644,Peer Mentor,Residential Peer Leader,Residential Life,Not Applicable,Fall 2020,2,5,FALSE,Mentor,Completed
EXP-0007245,CID-714973,Student Organization,Society of Hispanic Professional Engineers Chapter,UMBC,Not Applicable,Spring 2024,2,3,FALSE,Member,Completed
EXP-0007246,CID-221502,Internship,Cybersecurity Intern,Chesterfield Asset Management,Financial Services,Summer 2015,1,40,TRUE,Not Applicable,Converted to part-time role
EXP-0007247,CID-221502,Undergraduate Research,Undergraduate Research Assistant,Cybersecurity Research Group,Not Applicable,Fall 2014,2,12,FALSE,Researcher,Completed
EXP-0007248,CID-395317,Internship,Application Development Intern,Blue Heron Technologies,Federal Contracting,Summer 2019,1,30,TRUE,Not Applicable,Completed
EXP-0007249,CID-395317,Hackathon,Civic Data Challenge,Civic Data Challenge,Not Applicable,Spring 2020,1,48,FALSE,Participant,Participated
EXP-0007250,CID-395317,Competitive Team,Collegiate Cyber Defense Team,UMBC,Not Applicable,Spring 2020,2,12,FALSE,Member,Completed
EXP-0007251,CID-651410,Co-op,DevOps Intern,Fidelis Capital Partners,Financial Services,Summer 2016,2,40,FALSE,Not Applicable,Completed
EXP-0007252,CID-651410,Certification,Network Infrastructure Associate,Latticework Networking,Not Applicable,Summer 2017,1,Not Applicable,Not Applicable,Not Applicable,Earned
EXP-0007253,CID-651410,Student Organization,Association for Computing Machinery Student Chapter,UMBC,Not Applicable,Fall 2015,3,2,FALSE,Officer,Left after one term
EXP-0007254,CID-651410,Student Organization,Open Source Society,UMBC,Not Applicable,Spring 2017,1,6,FALSE,Member,Completed
EXP-0007255,CID-651410,Undergraduate Research,Undergraduate Research Assistant,Cybersecurity Research Group,Not Applicable,Fall 2017,3,12,TRUE,Researcher,Ongoing
EXP-0007256,CID-945641,Certification,Security Operations Analyst,Bastion Certification Board,Not Applicable,Spring 2021,1,Not Applicable,Not Applicable,Not Applicable,Earned
EXP-0007257,CID-945641,Certification,Cloud Security Associate,Bastion Certification Board,Not Applicable,Summer 2021,1,Not Applicable,Not Applicable,Not Applicable,Earned
EXP-0007258,CID-945641,Certification,Security Operations Analyst,Bastion Certification Board,Not Applicable,Summer 2020,1,Not Applicable,Not Applicable,Not Applicable,Earned
EXP-0007259,CID-945641,Student Organization,Open Source Society,UMBC,Not Applicable,Spring 2021,2,2,FALSE,Member,Completed
EXP-0007260,CID-908721,Internship,Security Operations Intern,Northfield Biosciences,Healthcare & Life Sciences,Spring 2023,1,30,TRUE,Not Applicable,Return offer accepted
EXP-0007261,CID-908721,Undergraduate Research,Undergraduate Research Assistant,Distributed Systems Research Group,Not Applicable,Fall 2022,2,15,FALSE,Researcher,Completed
EXP-0007262,CID-908721,Campus Job,Library Technology Assistant,Albin O. Kuhn Library,Not Applicable,Spring 2023,3,15,TRUE,Employee,Completed
EXP-0007263,CID-200881,Internship,Applied Science Intern,Stratus Cloud Works,Cloud & Infrastructure,Summer 2020,1,40,TRUE,Not Applicable,Return offer declined
EXP-0007264,CID-200881,Internship,AI Research Intern,Anvil Compute,Cloud & Infrastructure,Spring 2021,1,30,TRUE,Not Applicable,Return offer declined
EXP-0007265,CID-200881,Certification,Deep Learning Practitioner,Applied Intelligence Institute,Not Applicable,Summer 2019,1,Not Applicable,Not Applicable,Not Applicable,Earned
EXP-0007266,CID-200881,Certification,Machine Learning Associate,Applied Intelligence Institute,Not Applicable,Fall 2020,1,Not Applicable,Not Applicable,Not Applicable,Earned
EXP-0007267,CID-200881,Student Organization,Retriever Cyber Club,UMBC,Not Applicable,Fall 2018,4,5,FALSE,Member,Active
EXP-0007268,CID-604402,Campus Job,Research Administrative Assistant,Office of Research,Not Applicable,Fall 2024,5,15,TRUE,Employee,Completed
EXP-0007269,CID-597444,Internship,Data Engineering Intern,Blue Heron Technologies,Federal Contracting,Spring 2020,1,24,TRUE,Not Applicable,Return offer accepted
EXP-0007270,CID-235395,Internship,Security Operations Intern,Federal Health Data Office,Federal Government,Summer 2016,1,30,TRUE,Not Applicable,Completed
EXP-0007271,CID-235395,Student Organization,Association for Computing Machinery Student Chapter,UMBC,Not Applicable,Spring 2016,2,4,FALSE,Officer,Completed
EXP-0007272,CID-431548,Co-op,Information Security Intern,Bastion Threat Labs,Cybersecurity Services,Summer 2020,2,40,TRUE,Not Applicable,Completed
EXP-0007273,CID-431548,Student Organization,Women in Computing,UMBC,Not Applicable,Spring 2021,1,5,FALSE,Member,Completed
EXP-0007274,CID-754724,Internship,Business Systems Intern,Potomac Mission Solutions,Federal Contracting,Summer 2023,1,24,TRUE,Not Applicable,Return offer declined
EXP-0007275,CID-754724,Student Organization,Information Systems Student Association,UMBC,Not Applicable,Fall 2022,1,5,FALSE,Officer,Completed
EXP-0007276,CID-754724,Student Organization,National Society of Black Engineers Chapter,UMBC,Not Applicable,Fall 2022,4,2,FALSE,Officer,Active
EXP-0007277,CID-754724,Hackathon,HackUMBC,UMBC,Not Applicable,Fall 2023,1,48,FALSE,Participant,Participated
EXP-0007278,CID-754724,Tutoring,Data Structures Teaching Assistant,Department of Computer Science,Not Applicable,Fall 2022,4,6,TRUE,Tutor,Completed
EXP-0007279,CID-754724,Competitive Team,Programming Contest Team,UMBC,Not Applicable,Fall 2023,3,5,FALSE,Member,Regional qualifier
EXP-0007280,CID-734785,Co-op,Business Intelligence Intern,Marketside Digital,E-Commerce & Retail Tech,Summer 2021,2,40,TRUE,Not Applicable,Return offer accepted
EXP-0007281,CID-734785,Student Organization,National Society of Black Engineers Chapter,UMBC,Not Applicable,Spring 2019,1,5,FALSE,Member,Left after one term
EXP-0007282,CID-734785,Hackathon,HackUMBC,UMBC,Not Applicable,Fall 2018,1,36,FALSE,Participant,Category winner
EXP-0007283,CID-734785,Hackathon,HackUMBC,UMBC,Not Applicable,Fall 2021,1,24,FALSE,Participant,Top 10 finish
EXP-0007284,CID-734785,Hackathon,Civic Data Challenge,Civic Data Challenge,Not Applicable,Spring 2020,1,36,FALSE,Participant,Top 10 finish
EXP-0007285,CID-734785,Hackathon,HackUMBC,UMBC,Not Applicable,Spring 2022,1,36,FALSE,Participant,Participated
EXP-0007286,CID-734785,Competitive Team,Robotics Competition Team,UMBC,Not Applicable,Spring 2019,3,12,FALSE,Member,Completed
EXP-0007287,CID-792211,Co-op,Business Intelligence Intern,Potomac Mission Solutions,Federal Contracting,Summer 2017,2,40,TRUE,Not Applicable,Completed
EXP-0007288,CID-792211,Certification,Product Management Certificate,Wayfinder Product School,Not Applicable,Summer 2016,1,Not Applicable,Not Applicable,Not Applicable,Earned
EXP-0007289,CID-792211,Student Organization,Women in Computing,UMBC,Not Applicable,Fall 2016,4,6,FALSE,Officer,Left after one term
EXP-0007290,CID-792211,Student Organization,Data Science Collective,UMBC,Not Applicable,Fall 2015,3,6,FALSE,Member,Left after one term
EXP-0007291,CID-792211,Hackathon,Mid-Atlantic Collegiate Hackathon,Mid-Atlantic Collegiate Hackathon,Not Applicable,Spring 2018,1,24,FALSE,Participant,Category winner
EXP-0007292,CID-792211,Hackathon,HackUMBC,UMBC,Not Applicable,Fall 2015,1,48,FALSE,Participant,Participated
EXP-0007293,CID-792211,Campus Job,Admissions Student Ambassador,Undergraduate Admissions,Not Applicable,Fall 2015,1,8,TRUE,Employee,Completed
EXP-0007294,CID-792211,Tutoring,Writing Center Consultant,Writing Center,Not Applicable,Fall 2017,2,4,TRUE,Tutor,Completed
EXP-0007295,CID-792211,Competitive Team,Analytics Case Competition Team,UMBC,Not Applicable,Spring 2016,1,5,FALSE,Member,Completed
EXP-0007296,CID-661258,Internship,Security Operations Intern,Calvert Advisory Group,Consulting & Professional Services,Summer 2022,1,30,TRUE,Not Applicable,Completed
EXP-0007297,CID-661258,Co-op,Cybersecurity Intern,Maryland Department of IT,Federal Government,Summer 2023,2,40,FALSE,Not Applicable,Completed
EXP-0007298,CID-661258,Certification,Cloud Security Associate,Bastion Certification Board,Not Applicable,Summer 2023,1,Not Applicable,Not Applicable,Not Applicable,Earned
EXP-0007299,CID-661258,Student Organization,Product Club,UMBC,Not Applicable,Fall 2019,6,2,FALSE,Member,Completed
EXP-0007300,CID-661258,Student Organization,Cloud Computing Club,UMBC,Not Applicable,Fall 2019,2,2,FALSE,Member,Completed
EXP-0007301,CID-661258,Undergraduate Research,Undergraduate Research Assistant,Applied Machine Learning Lab,Not Applicable,Spring 2022,2,8,TRUE,Researcher,Poster presented
EXP-0007302,CID-927790,Internship,Software Development Intern,Meridian National Systems,Federal Contracting,Spring 2018,1,24,TRUE,Not Applicable,Return offer accepted
EXP-0007303,CID-927790,Internship,Software Engineering Intern,Chesapeake Defense Systems,Defense & Aerospace,Summer 2018,1,24,TRUE,Not Applicable,Converted to part-time role
EXP-0007304,CID-927790,Competitive Team,Analytics Case Competition Team,UMBC,Not Applicable,Fall 2019,3,5,FALSE,Member,National qualifier
EXP-0007305,CID-114162,Certification,Business Intelligence Developer,Vantage BI Institute,Not Applicable,Summer 2021,1,Not Applicable,Not Applicable,Not Applicable,Expired
EXP-0007306,CID-114162,Campus Job,Computing Lab Consultant,Division of Information Technology,Not Applicable,Fall 2020,1,12,TRUE,Employee,Completed
EXP-0007307,CID-960336,Internship,Application Development Intern,Severn River Consulting,Federal Contracting,Summer 2022,1,30,TRUE,Not Applicable,Completed
EXP-0007308,CID-960336,Certification,Clinical Data Standards Certificate,Clarion Health Institute,Not Applicable,Summer 2022,1,Not Applicable,Not Applicable,Not Applicable,Earned
EXP-0007309,CID-960336,Certification,Software Testing Practitioner,Quality Craft Institute,Not Applicable,Spring 2023,1,Not Applicable,Not Applicable,Not Applicable,Earned
EXP-0007310,CID-960336,Student Organization,Open Source Society,UMBC,Not Applicable,Spring 2022,2,4,FALSE,Officer,Active
EXP-0007311,CID-960336,Student Organization,Association for Computing Machinery Student Chapter,UMBC,Not Applicable,Fall 2020,1,6,FALSE,Member,Completed
EXP-0007312,CID-960336,Undergraduate Research,Undergraduate Research Assistant,Data Systems Laboratory,Not Applicable,Spring 2022,1,10,FALSE,Researcher,Completed
EXP-0007313,CID-960336,Hackathon,Bitcamp,Bitcamp,Not Applicable,Fall 2023,1,36,FALSE,Participant,Grand prize
EXP-0007314,CID-960336,Hackathon,Bitcamp,Bitcamp,Not Applicable,Fall 2020,1,24,FALSE,Participant,Participated
EXP-0007315,CID-705511,Internship,Information Security Intern,Stratus Cloud Works,Cloud & Infrastructure,Summer 2023,1,20,TRUE,Not Applicable,Completed
EXP-0007316,CID-705511,Student Organization,Open Source Society,UMBC,Not Applicable,Spring 2021,4,3,FALSE,Member,Completed
EXP-0007317,CID-705511,Hackathon,Mid-Atlantic Collegiate Hackathon,Mid-Atlantic Collegiate Hackathon,Not Applicable,Fall 2020,1,48,FALSE,Participant,Participated
EXP-0007318,CID-705511,Hackathon,Healthcare Innovation Hackathon,Healthcare Innovation Hackathon,Not Applicable,Spring 2021,1,36,FALSE,Participant,Participated
EXP-0007319,CID-251534,Internship,Software Engineering Intern,Meridian National Systems,Federal Contracting,Summer 2023,1,30,FALSE,Not Applicable,Return offer declined
EXP-0007320,CID-251534,Certification,Full-Stack Web Developer,Brightline Code School,Not Applicable,Spring 2024,1,Not Applicable,Not Applicable,Not Applicable,Earned
EXP-0007321,CID-251534,Certification,Software Testing Practitioner,Quality Craft Institute,Not Applicable,Spring 2021,1,Not Applicable,Not Applicable,Not Applicable,Earned
EXP-0007322,CID-251534,Hackathon,HackUMBC,UMBC,Not Applicable,Fall 2019,1,36,FALSE,Participant,Top 10 finish
EXP-0007323,CID-251534,Hackathon,Federal AI Challenge,Federal AI Challenge,Not Applicable,Fall 2020,1,36,FALSE,Participant,Participated
EXP-0007324,CID-251534,Hackathon,Healthcare Innovation Hackathon,Healthcare Innovation Hackathon,Not Applicable,Spring 2022,1,36,FALSE,Participant,Category winner
EXP-0007325,CID-251534,Campus Job,IT Help Desk Student Technician,Division of Information Technology,Not Applicable,Spring 2023,2,10,TRUE,Employee,Completed
EXP-0007326,CID-251534,Peer Mentor,Residential Peer Leader,Residential Life,Not Applicable,Spring 2022,1,3,FALSE,Mentor,Completed
EXP-0007327,CID-808384,Co-op,Information Security Intern,Potomac Mission Solutions,Federal Contracting,Summer 2018,2,40,TRUE,Not Applicable,Return offer declined
EXP-0007328,CID-808384,Student Organization,Linux Users Group,UMBC,Not Applicable,Spring 2018,3,3,FALSE,President,Active
EXP-0007329,CID-808384,Hackathon,HopHacks,HopHacks,Not Applicable,Spring 2018,1,36,FALSE,Participant,Participated
EXP-0007330,CID-808384,Hackathon,Mid-Atlantic Collegiate Hackathon,Mid-Atlantic Collegiate Hackathon,Not Applicable,Fall 2017,1,24,FALSE,Participant,Top 10 finish
EXP-0007331,CID-808384,Campus Job,Admissions Student Ambassador,Undergraduate Admissions,Not Applicable,Spring 2017,3,20,TRUE,Employee,Completed
EXP-0007332,CID-595715,Internship,Application Development Intern,Catoctin Analytics Group,Federal Contracting,Summer 2016,1,20,TRUE,Not Applicable,Completed
EXP-0007333,CID-595715,Student Organization,Society of Hispanic Professional Engineers Chapter,UMBC,Not Applicable,Fall 2016,6,3,FALSE,Member,Left after one term
EXP-0007334,CID-272066,Internship,Software Engineering Intern,Federal Health Data Office,Federal Government,Summer 2017,1,20,TRUE,Not Applicable,Completed
EXP-0007335,CID-272066,Internship,Software Engineering Intern,Arbor Peak Technologies,Software Products,Summer 2018,1,40,TRUE,Not Applicable,Completed
EXP-0007336,CID-272066,Certification,Java Application Developer,Brightline Code School,Not Applicable,Summer 2017,1,Not Applicable,Not Applicable,Not Applicable,Earned
EXP-0007337,CID-272066,Certification,Java Application Developer,Brightline Code School,Not Applicable,Spring 2018,1,Not Applicable,Not Applicable,Not Applicable,Earned
EXP-0007338,CID-272066,Student Organization,Health Informatics Student Association,UMBC,Not Applicable,Spring 2018,2,4,FALSE,Member,Completed
EXP-0007339,CID-272066,Student Organization,Association for Computing Machinery Student Chapter,UMBC,Not Applicable,Spring 2016,4,5,FALSE,Member,Active
EXP-0007340,CID-272066,Hackathon,Healthcare Innovation Hackathon,Healthcare Innovation Hackathon,Not Applicable,Spring 2016,1,48,FALSE,Participant,Grand prize
EXP-0007341,CID-272066,Campus Job,Residential Life Desk Assistant,Residential Life,Not Applicable,Fall 2018,2,20,TRUE,Employee,Completed
EXP-0007342,CID-209773,Internship,Cybersecurity Intern,Calvert Advisory Group,Consulting & Professional Services,Summer 2024,1,30,TRUE,Not Applicable,Return offer declined
EXP-0007343,CID-209773,Internship,Information Security Intern,Meridian National Systems,Federal Contracting,Summer 2024,1,24,TRUE,Not Applicable,Converted to part-time role
EXP-0007344,CID-209773,Student Organization,Game Developers Club,UMBC,Not Applicable,Fall 2023,2,6,FALSE,Member,Completed
EXP-0007345,CID-209773,Competitive Team,Collegiate Cyber Defense Team,UMBC,Not Applicable,Fall 2022,1,5,FALSE,Member,Regional qualifier
EXP-0007346,CID-241148,Campus Job,Computing Lab Consultant,Division of Information Technology,Not Applicable,Fall 2015,1,20,TRUE,Employee,Completed
EXP-0007347,CID-241148,Tutoring,Statistics Tutor,Learning Resources Center,Not Applicable,Spring 2016,3,8,TRUE,Tutor,Completed
EXP-0007348,CID-409905,Student Organization,Women in Computing,UMBC,Not Applicable,Spring 2020,2,3,FALSE,Member,Completed
EXP-0007349,CID-687654,Internship,Data Engineering Intern,Maryland Department of IT,Federal Government,Summer 2023,1,40,TRUE,Not Applicable,Converted to part-time role
EXP-0007350,CID-715086,Internship,DevOps Intern,Maryland Department of IT,Federal Government,Summer 2020,1,40,TRUE,Not Applicable,Return offer accepted
EXP-0007351,CID-715086,Student Organization,Information Systems Student Association,UMBC,Not Applicable,Spring 2020,2,4,FALSE,Member,Completed
EXP-0007352,CID-715086,Campus Job,Campus Recreation Attendant,Retriever Athletics,Not Applicable,Spring 2019,4,15,TRUE,Employee,Completed
EXP-0007353,CID-703878,Internship,Business Systems Intern,Falconview Systems,Software Products,Summer 2021,1,40,TRUE,Not Applicable,Completed
EXP-0007354,CID-703878,Undergraduate Research,Undergraduate Research Assistant,Distributed Systems Research Group,Not Applicable,Spring 2022,2,10,TRUE,Researcher,Completed
EXP-0007355,CID-624439,Internship,Cybersecurity Intern,Lumen Grid Software,Software Products,Summer 2018,1,20,TRUE,Not Applicable,Completed
EXP-0007356,CID-624439,Internship,Security Operations Intern,Greenspring Health Systems,Healthcare & Life Sciences,Summer 2018,1,40,TRUE,Not Applicable,Return offer declined
EXP-0007357,CID-624439,Internship,Security Operations Intern,Catoctin Analytics Group,Federal Contracting,Summer 2019,1,30,TRUE,Not Applicable,Return offer declined
EXP-0007358,CID-624439,Student Organization,Entrepreneurship and Innovation Club,UMBC,Not Applicable,Fall 2018,3,4,FALSE,Member,Active
EXP-0007359,CID-624439,Undergraduate Research,Undergraduate Research Assistant,Cybersecurity Research Group,Not Applicable,Fall 2018,2,8,TRUE,Researcher,Completed
EXP-0007360,CID-624439,Hackathon,Civic Data Challenge,Civic Data Challenge,Not Applicable,Spring 2017,1,24,FALSE,Participant,Category winner
EXP-0007361,CID-624439,Hackathon,Technica,Technica,Not Applicable,Fall 2019,1,36,FALSE,Participant,Grand prize
EXP-0007362,CID-624439,Hackathon,Bitcamp,Bitcamp,Not Applicable,Fall 2016,1,24,FALSE,Participant,Participated
EXP-0007363,CID-551387,Internship,AI Research Intern,Parcel & Post Technologies,Logistics & Transportation,Summer 2024,1,40,TRUE,Not Applicable,Return offer accepted
EXP-0007364,CID-551387,Certification,Applied AI Engineer,Tessera AI Academy,Not Applicable,Fall 2023,1,Not Applicable,Not Applicable,Not Applicable,Expired
EXP-0007365,CID-551387,Certification,Applied AI Engineer,Tessera AI Academy,Not Applicable,Fall 2022,1,Not Applicable,Not Applicable,Not Applicable,Expired
EXP-0007366,CID-551387,Certification,Applied AI Engineer,Tessera AI Academy,Not Applicable,Spring 2022,1,Not Applicable,Not Applicable,Not Applicable,Earned
EXP-0007367,CID-808334,Internship,Software Engineering Intern,Keystone Federal Services,Federal Contracting,Summer 2017,1,20,TRUE,Not Applicable,Completed
EXP-0007368,CID-808334,Student Organization,Open Source Society,UMBC,Not Applicable,Spring 2016,2,2,FALSE,Member,Active
EXP-0007369,CID-808334,Tutoring,Calculus Tutor,Math Lab,Not Applicable,Fall 2016,2,8,TRUE,Tutor,Completed
EXP-0007370,CID-808334,Peer Mentor,Residential Peer Leader,Residential Life,Not Applicable,Spring 2017,3,5,TRUE,Mentor,Completed
EXP-0007371,CID-333035,Certification,Full-Stack Web Developer,Brightline Code School,Not Applicable,Fall 2021,1,Not Applicable,Not Applicable,Not Applicable,Earned
EXP-0007372,CID-333035,Student Organization,Health Informatics Student Association,UMBC,Not Applicable,Spring 2020,3,4,FALSE,Member,Left after one term
EXP-0007373,CID-333035,Undergraduate Research,Undergraduate Research Assistant,Health Informatics Research Center,Not Applicable,Fall 2020,3,15,TRUE,Researcher,Ongoing
EXP-0007374,CID-333035,Competitive Team,Analytics Case Competition Team,UMBC,Not Applicable,Fall 2019,2,12,FALSE,Member,Completed
EXP-0007375,CID-714802,Hackathon,HackUMBC,UMBC,Not Applicable,Spring 2024,1,48,FALSE,Participant,Grand prize
EXP-0007376,CID-714802,Hackathon,Healthcare Innovation Hackathon,Healthcare Innovation Hackathon,Not Applicable,Spring 2025,1,48,FALSE,Participant,Participated
EXP-0007377,CID-714802,Campus Job,Research Administrative Assistant,Office of Research,Not Applicable,Fall 2023,3,10,TRUE,Employee,Completed
EXP-0007378,CID-514806,Internship,Security Operations Intern,Monument Bank Technology,Financial Services,Fall 2021,1,40,TRUE,Not Applicable,Converted to part-time role
EXP-0007379,CID-514806,Internship,Security Operations Intern,Chesapeake Defense Systems,Defense & Aerospace,Summer 2022,1,40,TRUE,Not Applicable,Return offer accepted
EXP-0007380,CID-514806,Student Organization,Data Science Collective,UMBC,Not Applicable,Spring 2021,6,2,FALSE,Member,Completed
EXP-0007381,CID-514806,Student Organization,Artificial Intelligence Student Group,UMBC,Not Applicable,Spring 2022,2,6,FALSE,Member,Left after one term
EXP-0007382,CID-514806,Undergraduate Research,Undergraduate Research Assistant,Cybersecurity Research Group,Not Applicable,Spring 2021,2,10,FALSE,Researcher,Completed
EXP-0007383,CID-514806,Campus Job,Admissions Student Ambassador,Undergraduate Admissions,Not Applicable,Fall 2019,2,8,TRUE,Employee,Completed
EXP-0007384,CID-514806,Peer Mentor,Computing Majors Peer Advisor,College of Engineering and IT,Not Applicable,Fall 2021,2,8,TRUE,Mentor,Completed
EXP-0007385,CID-552074,Competitive Team,Robotics Competition Team,UMBC,Not Applicable,Spring 2019,3,8,FALSE,Member,National qualifier
EXP-0007386,CID-739198,Internship,Data Analytics Intern,Federal Health Data Office,Federal Government,Summer 2023,1,40,TRUE,Not Applicable,Completed
EXP-0007387,CID-739198,Certification,Business Intelligence Developer,Vantage BI Institute,Not Applicable,Spring 2023,1,Not Applicable,Not Applicable,Not Applicable,Earned
EXP-0007388,CID-739198,Student Organization,Society of Hispanic Professional Engineers Chapter,UMBC,Not Applicable,Fall 2021,4,3,FALSE,Member,Completed
EXP-0007389,CID-585942,Internship,Software Development Intern,Chesapeake Defense Systems,Defense & Aerospace,Spring 2024,1,20,TRUE,Not Applicable,Completed
EXP-0007390,CID-585942,Internship,Software Engineering Intern,Fidelis Capital Partners,Financial Services,Fall 2024,1,20,TRUE,Not Applicable,Return offer declined
EXP-0007391,CID-585942,Internship,Application Development Intern,Allied Shield Insurance Group,Insurance,Summer 2025,1,24,TRUE,Not Applicable,Return offer declined
EXP-0007392,CID-585942,Certification,Applied AI Engineer,Tessera AI Academy,Not Applicable,Fall 2025,1,Not Applicable,Not Applicable,Not Applicable,Expired
EXP-0007393,CID-585942,Certification,Java Application Developer,Brightline Code School,Not Applicable,Summer 2024,1,Not Applicable,Not Applicable,Not Applicable,Expired
EXP-0007394,CID-585942,Student Organization,Open Source Society,UMBC,Not Applicable,Spring 2024,2,6,FALSE,Member,Completed
EXP-0007395,CID-875053,Student Organization,Information Systems Student Association,UMBC,Not Applicable,Fall 2024,6,4,FALSE,Member,Completed
EXP-0007396,CID-875053,Undergraduate Research,Undergraduate Research Assistant,Applied Machine Learning Lab,Not Applicable,Fall 2023,2,6,FALSE,Researcher,Poster presented
EXP-0007397,CID-875053,Hackathon,Technica,Technica,Not Applicable,Fall 2024,1,24,FALSE,Participant,Participated
EXP-0007398,CID-237960,Co-op,Business Intelligence Intern,Falconview Systems,Software Products,Summer 2023,2,40,TRUE,Not Applicable,Return offer accepted
EXP-0007399,CID-237960,Hackathon,Federal AI Challenge,Federal AI Challenge,Not Applicable,Spring 2021,1,48,FALSE,Participant,Category winner
EXP-0007400,CID-237960,Hackathon,Technica,Technica,Not Applicable,Spring 2024,1,24,FALSE,Participant,Top 10 finish
EXP-0007401,CID-237960,Campus Job,Research Administrative Assistant,Office of Research,Not Applicable,Spring 2022,2,8,TRUE,Employee,Completed
EXP-0007402,CID-444621,Internship,Software Engineering Intern,Monument Bank Technology,Financial Services,Summer 2014,1,20,FALSE,Not Applicable,Ended early
EXP-0007403,CID-444621,Student Organization,Women in Computing,UMBC,Not Applicable,Spring 2013,6,3,FALSE,Member,Left after one term
EXP-0007404,CID-374182,Internship,Data Analytics Intern,Falconview Systems,Software Products,Summer 2022,1,20,TRUE,Not Applicable,Converted to part-time role
EXP-0007405,CID-374182,Internship,Data Engineering Intern,Meridian National Systems,Federal Contracting,Summer 2023,1,24,TRUE,Not Applicable,Ended early
EXP-0007406,CID-374182,Certification,Business Intelligence Developer,Vantage BI Institute,Not Applicable,Summer 2024,1,Not Applicable,Not Applicable,Not Applicable,Earned
EXP-0007407,CID-374182,Tutoring,Statistics Tutor,Learning Resources Center,Not Applicable,Spring 2022,2,10,TRUE,Tutor,Completed
EXP-0007408,CID-925623,Student Organization,Data Science Collective,UMBC,Not Applicable,Spring 2020,6,3,FALSE,Officer,Active
EXP-0007409,CID-925623,Hackathon,Technica,Technica,Not Applicable,Fall 2019,1,24,FALSE,Participant,Category winner
EXP-0007410,CID-925623,Hackathon,Bitcamp,Bitcamp,Not Applicable,Spring 2022,1,24,FALSE,Participant,Grand prize
EXP-0007411,CID-925623,Hackathon,HackUMBC,UMBC,Not Applicable,Spring 2020,1,24,FALSE,Participant,Participated
EXP-0007412,CID-925623,Campus Job,Library Technology Assistant,Albin O. Kuhn Library,Not Applicable,Fall 2021,6,15,TRUE,Employee,Completed
EXP-0007413,CID-566531,Internship,Cybersecurity Intern,Tidewater Defense Group,Defense & Aerospace,Summer 2018,1,24,TRUE,Not Applicable,Return offer accepted
EXP-0007414,CID-566531,Internship,Security Operations Intern,Blue Heron Technologies,Federal Contracting,Summer 2019,1,40,FALSE,Not Applicable,Completed
EXP-0007415,CID-566531,Certification,Advanced SQL Practitioner,Insight Analytics Academy,Not Applicable,Summer 2018,1,Not Applicable,Not Applicable,Not Applicable,Earned
EXP-0007416,CID-566531,Undergraduate Research,Undergraduate Research Assistant,Distributed Systems Research Group,Not Applicable,Spring 2019,3,15,TRUE,Researcher,Completed
EXP-0007417,CID-566531,Campus Job,Library Technology Assistant,Albin O. Kuhn Library,Not Applicable,Fall 2017,5,12,TRUE,Employee,Completed
EXP-0007418,CID-239648,Internship,DevOps Intern,Lumen Grid Software,Software Products,Summer 2021,1,40,TRUE,Not Applicable,Converted to part-time role
EXP-0007419,CID-239648,Student Organization,Linux Users Group,UMBC,Not Applicable,Fall 2020,3,2,FALSE,Member,Completed
EXP-0007420,CID-239648,Campus Job,IT Help Desk Student Technician,Division of Information Technology,Not Applicable,Spring 2021,4,20,TRUE,Employee,Completed
EXP-0007421,CID-239648,Tutoring,Calculus Tutor,Math Lab,Not Applicable,Fall 2023,3,6,TRUE,Tutor,Completed
EXP-0007422,CID-296309,Student Organization,Artificial Intelligence Student Group,UMBC,Not Applicable,Spring 2022,3,4,FALSE,Member,Completed
EXP-0007423,CID-296309,Student Organization,Health Informatics Student Association,UMBC,Not Applicable,Spring 2022,2,4,FALSE,Member,Active
EXP-0007424,CID-113906,Internship,IT Project Management Intern,Meridian National Systems,Federal Contracting,Summer 2023,1,24,FALSE,Not Applicable,Converted to part-time role
EXP-0007425,CID-113906,Internship,Product Management Intern,Tidewater Defense Group,Defense & Aerospace,Spring 2024,1,40,TRUE,Not Applicable,Completed
EXP-0007426,CID-113906,Student Organization,Entrepreneurship and Innovation Club,UMBC,Not Applicable,Spring 2023,2,5,FALSE,Member,Left after one term
EXP-0007427,CID-113906,Student Organization,Product Club,UMBC,Not Applicable,Spring 2024,4,3,FALSE,Member,Left after one term
EXP-0007428,CID-113906,Hackathon,Mid-Atlantic Collegiate Hackathon,Mid-Atlantic Collegiate Hackathon,Not Applicable,Spring 2021,1,36,FALSE,Participant,Grand prize
EXP-0007429,CID-113906,Hackathon,Civic Data Challenge,Civic Data Challenge,Not Applicable,Fall 2021,1,48,FALSE,Participant,Participated
EXP-0007430,CID-113906,Hackathon,Civic Data Challenge,Civic Data Challenge,Not Applicable,Fall 2022,1,48,FALSE,Participant,Participated
EXP-0007431,CID-113906,Hackathon,Civic Data Challenge,Civic Data Challenge,Not Applicable,Spring 2021,1,36,FALSE,Participant,Top 10 finish
EXP-0007432,CID-113906,Campus Job,Campus Recreation Attendant,Retriever Athletics,Not Applicable,Spring 2023,4,12,TRUE,Employee,Completed
EXP-0007433,CID-489235,Student Organization,Retriever Cyber Club,UMBC,Not Applicable,Spring 2014,1,2,FALSE,Member,Left after one term
EXP-0007434,CID-489235,Undergraduate Research,Undergraduate Research Assistant,Network Security Laboratory,Not Applicable,Spring 2015,1,10,FALSE,Researcher,Completed
EXP-0007435,CID-341838,Internship,IT Project Management Intern,Beacon Telecom Services,Telecommunications,Spring 2025,1,24,FALSE,Not Applicable,Return offer declined
EXP-0007436,CID-341838,Student Organization,Entrepreneurship and Innovation Club,UMBC,Not Applicable,Fall 2022,4,4,FALSE,Member,Completed
EXP-0007437,CID-341838,Hackathon,Bitcamp,Bitcamp,Not Applicable,Fall 2025,1,36,FALSE,Participant,Grand prize
EXP-0007438,CID-341838,Hackathon,Bitcamp,Bitcamp,Not Applicable,Fall 2022,1,36,FALSE,Participant,Grand prize
EXP-0007439,CID-341838,Campus Job,Admissions Student Ambassador,Undergraduate Admissions,Not Applicable,Fall 2023,3,15,TRUE,Employee,Completed
EXP-0007440,CID-922231,Internship,Clinical Systems Intern,CareBridge Technology,Healthcare & Life Sciences,Summer 2015,1,24,TRUE,Not Applicable,Completed
EXP-0007441,CID-922231,Student Organization,Linux Users Group,UMBC,Not Applicable,Spring 2014,3,2,FALSE,Member,Active
EXP-0007442,CID-922231,Campus Job,Research Administrative Assistant,Office of Research,Not Applicable,Spring 2014,3,12,TRUE,Employee,Completed
EXP-0007443,CID-922231,Tutoring,Introductory Programming Tutor,Learning Resources Center,Not Applicable,Fall 2014,2,10,TRUE,Tutor,Completed
EXP-0007444,CID-316983,Certification,Java Application Developer,Brightline Code School,Not Applicable,Summer 2015,1,Not Applicable,Not Applicable,Not Applicable,Earned
EXP-0007445,CID-316983,Certification,Full-Stack Web Developer,Brightline Code School,Not Applicable,Spring 2015,1,Not Applicable,Not Applicable,Not Applicable,Earned
EXP-0007446,CID-316983,Certification,Full-Stack Web Developer,Brightline Code School,Not Applicable,Summer 2015,1,Not Applicable,Not Applicable,Not Applicable,Earned
EXP-0007447,CID-316983,Student Organization,Data Science Collective,UMBC,Not Applicable,Fall 2015,1,4,FALSE,Member,Active
EXP-0007448,CID-316983,Undergraduate Research,Undergraduate Research Assistant,Applied Machine Learning Lab,Not Applicable,Fall 2014,2,15,TRUE,Researcher,Poster presented
EXP-0007449,CID-316983,Hackathon,Technica,Technica,Not Applicable,Spring 2015,1,48,FALSE,Participant,Top 10 finish
EXP-0007450,CID-316983,Hackathon,HackUMBC,UMBC,Not Applicable,Spring 2015,1,24,FALSE,Participant,Participated
EXP-0007451,CID-316983,Tutoring,Discrete Structures Tutor,Learning Resources Center,Not Applicable,Spring 2015,3,8,TRUE,Tutor,Completed
EXP-0007452,CID-316983,Competitive Team,Programming Contest Team,UMBC,Not Applicable,Fall 2015,2,5,FALSE,Lead,Regional qualifier
EXP-0007453,CID-895954,Student Organization,Game Developers Club,UMBC,Not Applicable,Fall 2018,2,4,FALSE,Member,Completed
EXP-0007454,CID-895954,Student Organization,National Society of Black Engineers Chapter,UMBC,Not Applicable,Spring 2018,2,3,FALSE,Officer,Completed
EXP-0007455,CID-895954,Hackathon,Technica,Technica,Not Applicable,Spring 2019,1,24,FALSE,Participant,Grand prize
EXP-0007456,CID-895954,Hackathon,Mid-Atlantic Collegiate Hackathon,Mid-Atlantic Collegiate Hackathon,Not Applicable,Spring 2018,1,48,FALSE,Participant,Grand prize
EXP-0007457,CID-974852,Internship,Software Engineering Intern,Fidelis Capital Partners,Financial Services,Summer 2013,1,40,TRUE,Not Applicable,Converted to part-time role
EXP-0007458,CID-974852,Co-op,Software Development Intern,Marketside Digital,E-Commerce & Retail Tech,Summer 2013,2,40,TRUE,Not Applicable,Completed
EXP-0007459,CID-974852,Certification,Linux Systems Professional,OpenSystems Guild,Not Applicable,Fall 2014,1,Not Applicable,Not Applicable,Not Applicable,Earned
EXP-0007460,CID-974852,Certification,Cloud Security Associate,Bastion Certification Board,Not Applicable,Spring 2014,1,Not Applicable,Not Applicable,Not Applicable,Expired
EXP-0007461,CID-974852,Student Organization,Linux Users Group,UMBC,Not Applicable,Spring 2013,2,4,FALSE,President,Active
EXP-0007462,CID-974852,Undergraduate Research,Undergraduate Research Assistant,Distributed Systems Research Group,Not Applicable,Spring 2013,3,12,TRUE,Researcher,Paper co-authored
EXP-0007463,CID-974852,Hackathon,HopHacks,HopHacks,Not Applicable,Spring 2014,1,48,FALSE,Participant,Category winner
EXP-0007464,CID-974852,Hackathon,HopHacks,HopHacks,Not Applicable,Fall 2014,1,48,FALSE,Participant,Top 10 finish
EXP-0007465,CID-974852,Peer Mentor,Residential Peer Leader,Residential Life,Not Applicable,Spring 2013,1,3,TRUE,Mentor,Completed
EXP-0007466,CID-144966,Hackathon,HackUMBC,UMBC,Not Applicable,Spring 2021,1,36,FALSE,Participant,Participated
EXP-0007467,CID-144966,Campus Job,Dining Services Associate,Campus Dining,Not Applicable,Spring 2021,2,10,TRUE,Employee,Completed
EXP-0007468,CID-403535,Internship,Data Analytics Intern,Allied Shield Insurance Group,Insurance,Summer 2023,1,40,TRUE,Not Applicable,Return offer declined
EXP-0007469,CID-403535,Student Organization,Data Science Collective,UMBC,Not Applicable,Spring 2023,4,6,FALSE,Member,Completed
EXP-0007470,CID-443846,Co-op,Information Security Intern,Maryland Department of IT,Federal Government,Spring 2025,2,40,TRUE,Not Applicable,Converted to part-time role
EXP-0007471,CID-443846,Student Organization,National Society of Black Engineers Chapter,UMBC,Not Applicable,Fall 2025,1,4,FALSE,Member,Completed
EXP-0007472,CID-443846,Student Organization,Retriever Cyber Club,UMBC,Not Applicable,Spring 2025,1,5,FALSE,Member,Active
EXP-0007473,CID-443846,Hackathon,HopHacks,HopHacks,Not Applicable,Spring 2024,1,48,FALSE,Participant,Participated
EXP-0007474,CID-443846,Hackathon,Civic Data Challenge,Civic Data Challenge,Not Applicable,Fall 2024,1,36,FALSE,Participant,Participated
EXP-0007475,CID-443846,Hackathon,Healthcare Innovation Hackathon,Healthcare Innovation Hackathon,Not Applicable,Spring 2023,1,48,FALSE,Participant,Participated
EXP-0007476,CID-443846,Hackathon,Mid-Atlantic Collegiate Hackathon,Mid-Atlantic Collegiate Hackathon,Not Applicable,Fall 2023,1,36,FALSE,Participant,Participated
EXP-0007477,CID-443846,Peer Mentor,Computing Majors Peer Advisor,College of Engineering and IT,Not Applicable,Fall 2025,2,3,FALSE,Mentor,Completed
EXP-0007478,CID-469922,Co-op,Product Management Intern,Severn River Consulting,Federal Contracting,Summer 2017,2,40,TRUE,Not Applicable,Return offer declined
EXP-0007479,CID-469922,Certification,Agile Delivery Practitioner,Cadence Project Institute,Not Applicable,Fall 2017,1,Not Applicable,Not Applicable,Not Applicable,Earned
EXP-0007480,CID-469922,Certification,Agile Delivery Practitioner,Cadence Project Institute,Not Applicable,Fall 2017,1,Not Applicable,Not Applicable,Not Applicable,Earned
EXP-0007481,CID-617961,Internship,Application Development Intern,Harborline Networks,Cloud & Infrastructure,Summer 2017,1,24,TRUE,Not Applicable,Return offer declined
EXP-0007482,CID-617961,Certification,Java Application Developer,Brightline Code School,Not Applicable,Fall 2015,1,Not Applicable,Not Applicable,Not Applicable,Earned
EXP-0007483,CID-617961,Student Organization,Game Developers Club,UMBC,Not Applicable,Spring 2019,4,3,FALSE,Member,Active
EXP-0007484,CID-617961,Student Organization,Association for Computing Machinery Student Chapter,UMBC,Not Applicable,Spring 2017,1,5,FALSE,Member,Active
EXP-0007485,CID-617961,Undergraduate Research,Undergraduate Research Assistant,Data Systems Laboratory,Not Applicable,Spring 2018,3,8,TRUE,Researcher,Ongoing
EXP-0007486,CID-820704,Internship,Business Intelligence Intern,Lumen Grid Software,Software Products,Summer 2017,1,24,TRUE,Not Applicable,Return offer accepted
EXP-0007487,CID-820704,Co-op,Business Intelligence Intern,Harborline Networks,Cloud & Infrastructure,Summer 2017,2,40,TRUE,Not Applicable,Converted to part-time role
EXP-0007488,CID-820704,Certification,Data Analytics Associate,Insight Analytics Academy,Not Applicable,Summer 2017,1,Not Applicable,Not Applicable,Not Applicable,Earned
EXP-0007489,CID-820704,Certification,Data Engineering Professional,Insight Analytics Academy,Not Applicable,Summer 2016,1,Not Applicable,Not Applicable,Not Applicable,Earned
EXP-0007490,CID-820704,Certification,Data Analytics Associate,Insight Analytics Academy,Not Applicable,Fall 2017,1,Not Applicable,Not Applicable,Not Applicable,Expired
EXP-0007491,CID-820704,Student Organization,National Society of Black Engineers Chapter,UMBC,Not Applicable,Fall 2015,2,2,FALSE,Member,Completed
EXP-0007492,CID-820704,Hackathon,Civic Data Challenge,Civic Data Challenge,Not Applicable,Spring 2018,1,48,FALSE,Participant,Participated
EXP-0007493,CID-820704,Hackathon,Federal AI Challenge,Federal AI Challenge,Not Applicable,Spring 2018,1,48,FALSE,Participant,Participated
EXP-0007494,CID-770215,Internship,Cybersecurity Intern,Blue Heron Technologies,Federal Contracting,Summer 2019,1,40,FALSE,Not Applicable,Ended early
EXP-0007495,CID-770215,Student Organization,Artificial Intelligence Student Group,UMBC,Not Applicable,Spring 2018,1,5,FALSE,Member,Left after one term
EXP-0007496,CID-770215,Hackathon,Federal AI Challenge,Federal AI Challenge,Not Applicable,Spring 2019,1,36,FALSE,Participant,Category winner
EXP-0007497,CID-770215,Hackathon,HopHacks,HopHacks,Not Applicable,Fall 2018,1,48,FALSE,Participant,Participated
EXP-0007498,CID-157249,Student Organization,Society of Hispanic Professional Engineers Chapter,UMBC,Not Applicable,Fall 2020,3,2,FALSE,Member,Completed
EXP-0007499,CID-157249,Student Organization,Linux Users Group,UMBC,Not Applicable,Fall 2020,2,6,FALSE,Officer,Active
EXP-0007500,CID-157249,Campus Job,IT Help Desk Student Technician,Division of Information Technology,Not Applicable,Fall 2018,4,12,TRUE,Employee,Completed
EXP-0007501,CID-318597,Internship,Software Engineering Intern,Chesapeake Defense Systems,Defense & Aerospace,Summer 2016,1,24,TRUE,Not Applicable,Return offer accepted
EXP-0007502,CID-318597,Certification,Java Application Developer,Brightline Code School,Not Applicable,Summer 2015,1,Not Applicable,Not Applicable,Not Applicable,Earned
EXP-0007503,CID-318597,Certification,Software Testing Practitioner,Quality Craft Institute,Not Applicable,Summer 2015,1,Not Applicable,Not Applicable,Not Applicable,Expired
EXP-0007504,CID-880007,Internship,Data Engineering Intern,Maryland Department of IT,Federal Government,Summer 2023,1,24,FALSE,Not Applicable,Ended early
EXP-0007505,CID-880007,Campus Job,Residential Life Desk Assistant,Residential Life,Not Applicable,Spring 2022,6,20,TRUE,Employee,Completed
EXP-0007506,CID-880007,Tutoring,Calculus Tutor,Math Lab,Not Applicable,Fall 2023,4,4,TRUE,Tutor,Completed
EXP-0007507,CID-880007,Competitive Team,Analytics Case Competition Team,UMBC,Not Applicable,Fall 2022,2,5,FALSE,Member,Completed
EXP-0007508,CID-620836,Internship,Information Security Intern,Patapsco Aerospace,Defense & Aerospace,Fall 2017,1,20,TRUE,Not Applicable,Return offer accepted
EXP-0007509,CID-620836,Internship,Security Operations Intern,Chesapeake Defense Systems,Defense & Aerospace,Summer 2018,1,24,TRUE,Not Applicable,Completed
EXP-0007510,CID-620836,Internship,Cybersecurity Intern,Potomac Mission Solutions,Federal Contracting,Summer 2019,1,24,TRUE,Not Applicable,Completed
EXP-0007511,CID-620836,Certification,Network Infrastructure Associate,Latticework Networking,Not Applicable,Summer 2017,1,Not Applicable,Not Applicable,Not Applicable,Expired
EXP-0007512,CID-620836,Certification,Incident Response Specialist,Sentinel Learning,Not Applicable,Summer 2019,1,Not Applicable,Not Applicable,Not Applicable,Earned
EXP-0007513,CID-578481,Internship,Data Engineering Intern,Cartway Commerce,E-Commerce & Retail Tech,Summer 2016,1,30,TRUE,Not Applicable,Return offer declined
EXP-0007514,CID-578481,Certification,Advanced SQL Practitioner,Insight Analytics Academy,Not Applicable,Summer 2016,1,Not Applicable,Not Applicable,Not Applicable,Expired
EXP-0007515,CID-578481,Student Organization,Retriever Cyber Club,UMBC,Not Applicable,Spring 2015,4,6,FALSE,Member,Completed
EXP-0007516,CID-578481,Campus Job,IT Help Desk Student Technician,Division of Information Technology,Not Applicable,Spring 2017,1,20,TRUE,Employee,Completed
EXP-0007517,CID-578481,Peer Mentor,Computing Majors Peer Advisor,College of Engineering and IT,Not Applicable,Spring 2017,2,5,FALSE,Mentor,Completed
EXP-0007518,CID-578481,Competitive Team,Collegiate Cyber Defense Team,UMBC,Not Applicable,Fall 2015,2,8,FALSE,Member,National qualifier
EXP-0007519,CID-585479,Internship,Clinical Systems Intern,CareBridge Technology,Healthcare & Life Sciences,Fall 2016,1,30,FALSE,Not Applicable,Return offer accepted
EXP-0007520,CID-585479,Certification,Business Intelligence Developer,Vantage BI Institute,Not Applicable,Fall 2017,1,Not Applicable,Not Applicable,Not Applicable,Earned
EXP-0007521,CID-585479,Certification,Health Informatics Associate,Clarion Health Institute,Not Applicable,Spring 2016,1,Not Applicable,Not Applicable,Not Applicable,Expired
EXP-0007522,CID-585479,Student Organization,Retriever Robotics,UMBC,Not Applicable,Spring 2015,2,3,FALSE,Member,Active
EXP-0007523,CID-585479,Student Organization,Artificial Intelligence Student Group,UMBC,Not Applicable,Fall 2017,1,4,FALSE,Member,Completed
EXP-0007524,CID-191115,Hackathon,HopHacks,HopHacks,Not Applicable,Spring 2013,1,48,FALSE,Participant,Participated
EXP-0007525,CID-191115,Hackathon,Federal AI Challenge,Federal AI Challenge,Not Applicable,Spring 2014,1,48,FALSE,Participant,Grand prize
EXP-0007526,CID-617533,Internship,Cybersecurity Intern,Severn River Consulting,Federal Contracting,Summer 2022,1,40,TRUE,Not Applicable,Completed
EXP-0007527,CID-617533,Co-op,Security Operations Intern,Fidelis Capital Partners,Financial Services,Summer 2023,2,40,TRUE,Not Applicable,Completed
EXP-0007528,CID-617651,Student Organization,Data Science Collective,UMBC,Not Applicable,Spring 2018,4,5,FALSE,Member,Left after one term
EXP-0007529,CID-673053,Internship,Application Development Intern,Falconview Systems,Software Products,Summer 2017,1,20,FALSE,Not Applicable,Completed
EXP-0007530,CID-673053,Internship,Software Engineering Intern,Greenspring Health Systems,Healthcare & Life Sciences,Summer 2017,1,40,TRUE,Not Applicable,Completed
EXP-0007531,CID-673053,Student Organization,Artificial Intelligence Student Group,UMBC,Not Applicable,Spring 2018,3,3,FALSE,Member,Active
EXP-0007532,CID-673053,Student Organization,Open Source Society,UMBC,Not Applicable,Fall 2017,4,3,FALSE,Member,Completed
EXP-0007533,CID-673053,Campus Job,Library Technology Assistant,Albin O. Kuhn Library,Not Applicable,Fall 2015,3,12,TRUE,Employee,Completed
EXP-0007534,CID-475869,Internship,Data Engineering Intern,Anvil Compute,Cloud & Infrastructure,Fall 2025,1,30,TRUE,Not Applicable,Return offer declined
EXP-0007535,CID-475869,Student Organization,Data Science Collective,UMBC,Not Applicable,Fall 2022,4,5,FALSE,Member,Active
EXP-0007536,CID-475869,Competitive Team,Collegiate Cyber Defense Team,UMBC,Not Applicable,Spring 2025,2,10,FALSE,Member,Regional qualifier
EXP-0007537,CID-914513,Student Organization,Health Informatics Student Association,UMBC,Not Applicable,Fall 2013,2,3,FALSE,Officer,Completed
EXP-0007538,CID-914513,Student Organization,Association for Computing Machinery Student Chapter,UMBC,Not Applicable,Spring 2013,3,4,FALSE,Officer,Completed
EXP-0007539,CID-914513,Undergraduate Research,Undergraduate Research Assistant,Health Informatics Research Center,Not Applicable,Fall 2014,2,12,TRUE,Researcher,Paper co-authored
EXP-0007540,CID-914513,Campus Job,Dining Services Associate,Campus Dining,Not Applicable,Fall 2014,2,12,TRUE,Employee,Completed
EXP-0007541,CID-914513,Tutoring,Calculus Tutor,Math Lab,Not Applicable,Fall 2014,3,8,TRUE,Tutor,Completed
EXP-0007542,CID-517054,Internship,DevOps Intern,Cartway Commerce,E-Commerce & Retail Tech,Summer 2023,1,24,TRUE,Not Applicable,Return offer accepted
EXP-0007543,CID-517054,Student Organization,Linux Users Group,UMBC,Not Applicable,Spring 2022,1,5,FALSE,Member,Completed
EXP-0007544,CID-517054,Student Organization,Cloud Computing Club,UMBC,Not Applicable,Fall 2021,2,3,FALSE,Officer,Completed
EXP-0007545,CID-517054,Campus Job,Campus Recreation Attendant,Retriever Athletics,Not Applicable,Spring 2021,5,15,TRUE,Employee,Completed
EXP-0007546,CID-411105,Internship,Application Development Intern,Meridian National Systems,Federal Contracting,Summer 2016,1,40,TRUE,Not Applicable,Return offer declined
EXP-0007547,CID-411105,Internship,Software Development Intern,Lumen Grid Software,Software Products,Summer 2017,1,40,TRUE,Not Applicable,Completed
EXP-0007548,CID-411105,Certification,Full-Stack Web Developer,Brightline Code School,Not Applicable,Fall 2015,1,Not Applicable,Not Applicable,Not Applicable,Earned
EXP-0007549,CID-411105,Certification,Network Infrastructure Associate,Latticework Networking,Not Applicable,Spring 2017,1,Not Applicable,Not Applicable,Not Applicable,Earned
EXP-0007550,CID-411105,Student Organization,Open Source Society,UMBC,Not Applicable,Fall 2013,3,2,FALSE,Member,Left after one term
EXP-0007551,CID-411105,Student Organization,Data Science Collective,UMBC,Not Applicable,Fall 2014,4,3,FALSE,Member,Active
EXP-0007552,CID-518654,Internship,Applied Science Intern,Lumen Grid Software,Software Products,Summer 2025,1,20,TRUE,Not Applicable,Completed
EXP-0007553,CID-518654,Student Organization,Health Informatics Student Association,UMBC,Not Applicable,Fall 2023,1,3,FALSE,Member,Left after one term
EXP-0007554,CID-518654,Peer Mentor,Residential Peer Leader,Residential Life,Not Applicable,Fall 2025,1,5,FALSE,Mentor,Completed
EXP-0007555,CID-518654,Competitive Team,Capture the Flag Team,UMBC,Not Applicable,Fall 2025,2,10,FALSE,Lead,Completed
EXP-0007556,CID-990467,Student Organization,Open Source Society,UMBC,Not Applicable,Spring 2019,6,4,FALSE,Member,Completed
EXP-0007557,CID-990467,Hackathon,Mid-Atlantic Collegiate Hackathon,Mid-Atlantic Collegiate Hackathon,Not Applicable,Fall 2018,1,24,FALSE,Participant,Grand prize
EXP-0007558,CID-593404,Internship,Cybersecurity Intern,Northwind Platform Co.,Software Products,Summer 2024,1,30,TRUE,Not Applicable,Completed
EXP-0007559,CID-593404,Certification,Incident Response Specialist,Sentinel Learning,Not Applicable,Fall 2024,1,Not Applicable,Not Applicable,Not Applicable,Earned
EXP-0007560,CID-593404,Certification,Product Management Certificate,Wayfinder Product School,Not Applicable,Fall 2023,1,Not Applicable,Not Applicable,Not Applicable,Earned
EXP-0007561,CID-593404,Certification,Clinical Data Standards Certificate,Clarion Health Institute,Not Applicable,Fall 2023,1,Not Applicable,Not Applicable,Not Applicable,Earned
EXP-0007562,CID-593404,Student Organization,Association for Computing Machinery Student Chapter,UMBC,Not Applicable,Fall 2022,2,5,FALSE,Member,Completed
EXP-0007563,CID-593404,Hackathon,Technica,Technica,Not Applicable,Spring 2023,1,48,FALSE,Participant,Grand prize
EXP-0007564,CID-593404,Campus Job,Research Administrative Assistant,Office of Research,Not Applicable,Fall 2023,2,10,TRUE,Employee,Completed
EXP-0007565,CID-541349,Internship,Software Development Intern,Falconview Systems,Software Products,Summer 2020,1,20,TRUE,Not Applicable,Converted to part-time role
EXP-0007566,CID-541349,Co-op,Software Development Intern,Redoubt Security Partners,Cybersecurity Services,Summer 2021,2,40,TRUE,Not Applicable,Return offer accepted
EXP-0007567,CID-541349,Certification,Software Testing Practitioner,Quality Craft Institute,Not Applicable,Spring 2021,1,Not Applicable,Not Applicable,Not Applicable,Earned
EXP-0007568,CID-541349,Student Organization,Artificial Intelligence Student Group,UMBC,Not Applicable,Fall 2019,4,2,FALSE,Officer,Completed
EXP-0007569,CID-541349,Student Organization,Open Source Society,UMBC,Not Applicable,Fall 2020,2,4,FALSE,Officer,Completed
EXP-0007570,CID-541349,Hackathon,Mid-Atlantic Collegiate Hackathon,Mid-Atlantic Collegiate Hackathon,Not Applicable,Spring 2021,1,36,FALSE,Participant,Participated
EXP-0007571,CID-541349,Hackathon,Bitcamp,Bitcamp,Not Applicable,Fall 2020,1,24,FALSE,Participant,Grand prize
EXP-0007572,CID-541349,Hackathon,Mid-Atlantic Collegiate Hackathon,Mid-Atlantic Collegiate Hackathon,Not Applicable,Spring 2020,1,36,FALSE,Participant,Category winner
EXP-0007573,CID-541349,Tutoring,Discrete Structures Tutor,Learning Resources Center,Not Applicable,Fall 2020,2,4,TRUE,Tutor,Completed
EXP-0007574,CID-541349,Competitive Team,Analytics Case Competition Team,UMBC,Not Applicable,Fall 2021,2,10,FALSE,Lead,Regional qualifier
EXP-0007575,CID-871071,Co-op,Health Informatics Intern,Northfield Biosciences,Healthcare & Life Sciences,Summer 2014,2,40,TRUE,Not Applicable,Return offer declined
EXP-0007576,CID-871071,Student Organization,National Society of Black Engineers Chapter,UMBC,Not Applicable,Spring 2013,4,4,FALSE,Member,Left after one term
EXP-0007577,CID-871071,Student Organization,Retriever Robotics,UMBC,Not Applicable,Fall 2014,6,5,FALSE,Member,Active
EXP-0007578,CID-871071,Campus Job,Research Administrative Assistant,Office of Research,Not Applicable,Fall 2013,4,10,TRUE,Employee,Completed
EXP-0007579,CID-194183,Internship,Data Analytics Intern,Chesapeake Defense Systems,Defense & Aerospace,Summer 2023,1,40,TRUE,Not Applicable,Ended early
EXP-0007580,CID-194183,Student Organization,Data Science Collective,UMBC,Not Applicable,Spring 2022,1,3,FALSE,Member,Active
EXP-0007581,CID-736135,Internship,Information Security Intern,Federal Health Data Office,Federal Government,Spring 2019,1,30,TRUE,Not Applicable,Return offer accepted
EXP-0007582,CID-736135,Certification,Cloud Security Associate,Bastion Certification Board,Not Applicable,Summer 2018,1,Not Applicable,Not Applicable,Not Applicable,Earned
EXP-0007583,CID-736135,Student Organization,Cloud Computing Club,UMBC,Not Applicable,Fall 2016,4,3,FALSE,Member,Completed
EXP-0007584,CID-736135,Campus Job,Computing Lab Consultant,Division of Information Technology,Not Applicable,Spring 2019,4,12,TRUE,Employee,Completed
EXP-0007585,CID-578913,Internship,Systems Engineering Intern,Maryland Department of IT,Federal Government,Summer 2022,1,20,TRUE,Not Applicable,Completed
EXP-0007586,CID-578913,Student Organization,Society of Hispanic Professional Engineers Chapter,UMBC,Not Applicable,Spring 2022,2,5,FALSE,Member,Left after one term
EXP-0007587,CID-578913,Hackathon,HopHacks,HopHacks,Not Applicable,Fall 2021,1,24,FALSE,Participant,Participated
EXP-0007588,CID-578913,Hackathon,Mid-Atlantic Collegiate Hackathon,Mid-Atlantic Collegiate Hackathon,Not Applicable,Fall 2024,1,36,FALSE,Participant,Participated
EXP-0007589,CID-301139,Internship,Software Development Intern,Office of Technology Policy,Federal Government,Summer 2022,1,24,TRUE,Not Applicable,Converted to part-time role
EXP-0007590,CID-301139,Campus Job,Computing Lab Consultant,Division of Information Technology,Not Applicable,Spring 2021,5,12,TRUE,Employee,Completed
EXP-0007591,CID-744549,Internship,Data Analytics Intern,Marketside Digital,E-Commerce & Retail Tech,Summer 2022,1,30,TRUE,Not Applicable,Ended early
EXP-0007592,CID-744549,Internship,Data Analytics Intern,Chesterfield Asset Management,Financial Services,Summer 2023,1,20,TRUE,Not Applicable,Return offer accepted
EXP-0007593,CID-744549,Internship,Data Engineering Intern,Vantage Point Applications,Software Products,Summer 2025,1,24,TRUE,Not Applicable,Ended early
EXP-0007594,CID-744549,Student Organization,Retriever Cyber Club,UMBC,Not Applicable,Fall 2021,2,3,FALSE,Member,Left after one term
EXP-0007595,CID-744549,Student Organization,Game Developers Club,UMBC,Not Applicable,Spring 2019,6,6,FALSE,Member,Completed
EXP-0007596,CID-744549,Hackathon,Technica,Technica,Not Applicable,Spring 2020,1,24,FALSE,Participant,Grand prize
EXP-0007597,CID-744549,Hackathon,HopHacks,HopHacks,Not Applicable,Fall 2021,1,24,FALSE,Participant,Grand prize
EXP-0007598,CID-744549,Campus Job,Dining Services Associate,Campus Dining,Not Applicable,Spring 2018,5,15,TRUE,Employee,Completed
EXP-0007599,CID-239174,Internship,Product Management Intern,Sterling Ridge Consulting,Consulting & Professional Services,Summer 2019,1,30,TRUE,Not Applicable,Return offer declined
EXP-0007600,CID-239174,Campus Job,Admissions Student Ambassador,Undergraduate Admissions,Not Applicable,Spring 2019,6,10,TRUE,Employee,Completed
EXP-0007601,CID-512483,Internship,Software Development Intern,Keystone Federal Services,Federal Contracting,Summer 2023,1,40,TRUE,Not Applicable,Return offer accepted
EXP-0007602,CID-512483,Internship,Software Engineering Intern,Patapsco Aerospace,Defense & Aerospace,Summer 2024,1,20,TRUE,Not Applicable,Return offer declined
EXP-0007603,CID-512483,Certification,Full-Stack Web Developer,Brightline Code School,Not Applicable,Fall 2024,1,Not Applicable,Not Applicable,Not Applicable,Earned
EXP-0007604,CID-512483,Certification,Applied AI Engineer,Tessera AI Academy,Not Applicable,Fall 2024,1,Not Applicable,Not Applicable,Not Applicable,Earned
EXP-0007605,CID-512483,Hackathon,Federal AI Challenge,Federal AI Challenge,Not Applicable,Spring 2023,1,36,FALSE,Participant,Participated
EXP-0007606,CID-651517,Internship,Business Intelligence Intern,Calvert Advisory Group,Consulting & Professional Services,Summer 2020,1,40,FALSE,Not Applicable,Return offer accepted
EXP-0007607,CID-651517,Internship,Business Intelligence Intern,Harborline Networks,Cloud & Infrastructure,Summer 2021,1,30,TRUE,Not Applicable,Ended early
EXP-0007608,CID-651517,Student Organization,Society of Hispanic Professional Engineers Chapter,UMBC,Not Applicable,Fall 2021,2,6,FALSE,Member,Active
EXP-0007609,CID-651517,Campus Job,Campus Recreation Attendant,Retriever Athletics,Not Applicable,Fall 2019,4,8,TRUE,Employee,Completed
EXP-0007610,CID-651517,Tutoring,Discrete Structures Tutor,Learning Resources Center,Not Applicable,Fall 2020,4,4,TRUE,Tutor,Completed
EXP-0007611,CID-297354,Co-op,Cybersecurity Intern,Tidewater Defense Group,Defense & Aerospace,Summer 2021,2,40,TRUE,Not Applicable,Converted to part-time role
EXP-0007612,CID-297354,Internship,Security Operations Intern,Beacon Telecom Services,Telecommunications,Summer 2022,1,24,TRUE,Not Applicable,Completed
EXP-0007613,CID-297354,Certification,Cloud Architect Professional,CloudScale Academy,Not Applicable,Spring 2021,1,Not Applicable,Not Applicable,Not Applicable,Earned
EXP-0007614,CID-297354,Certification,Incident Response Specialist,Sentinel Learning,Not Applicable,Summer 2020,1,Not Applicable,Not Applicable,Not Applicable,Earned
EXP-0007615,CID-297354,Student Organization,Data Science Collective,UMBC,Not Applicable,Spring 2021,2,6,FALSE,Member,Completed
EXP-0007616,CID-297354,Undergraduate Research,Undergraduate Research Assistant,Network Security Laboratory,Not Applicable,Fall 2021,2,6,TRUE,Researcher,Ongoing
EXP-0007617,CID-297354,Campus Job,IT Help Desk Student Technician,Division of Information Technology,Not Applicable,Spring 2020,1,20,TRUE,Employee,Completed
EXP-0007618,CID-634885,Internship,Application Development Intern,Chesterfield Asset Management,Financial Services,Summer 2022,1,24,TRUE,Not Applicable,Ended early
EXP-0007619,CID-634885,Internship,Application Development Intern,Chesapeake Defense Systems,Defense & Aerospace,Spring 2023,1,24,TRUE,Not Applicable,Completed
EXP-0007620,CID-634885,Student Organization,Open Source Society,UMBC,Not Applicable,Spring 2021,2,3,FALSE,Member,Completed
EXP-0007621,CID-685599,Campus Job,Residential Life Desk Assistant,Residential Life,Not Applicable,Spring 2019,1,10,TRUE,Employee,Completed
EXP-0007622,CID-513239,Student Organization,Artificial Intelligence Student Group,UMBC,Not Applicable,Spring 2015,4,4,FALSE,Member,Left after one term
EXP-0007623,CID-729595,Certification,Network Infrastructure Associate,Latticework Networking,Not Applicable,Fall 2022,1,Not Applicable,Not Applicable,Not Applicable,Earned
EXP-0007624,CID-729595,Certification,Java Application Developer,Brightline Code School,Not Applicable,Fall 2023,1,Not Applicable,Not Applicable,Not Applicable,Expired
EXP-0007625,CID-729595,Certification,Health Informatics Associate,Clarion Health Institute,Not Applicable,Summer 2023,1,Not Applicable,Not Applicable,Not Applicable,Earned
EXP-0007626,CID-729595,Student Organization,Women in Computing,UMBC,Not Applicable,Fall 2021,3,6,FALSE,Member,Left after one term
EXP-0007627,CID-729595,Student Organization,Cloud Computing Club,UMBC,Not Applicable,Spring 2023,4,4,FALSE,President,Active
EXP-0007628,CID-433550,Internship,Data Analytics Intern,Potomac Mission Solutions,Federal Contracting,Summer 2020,1,24,TRUE,Not Applicable,Completed
EXP-0007629,CID-433550,Internship,Data Engineering Intern,Marketside Digital,E-Commerce & Retail Tech,Fall 2021,1,30,TRUE,Not Applicable,Completed
EXP-0007630,CID-433550,Hackathon,HopHacks,HopHacks,Not Applicable,Spring 2019,1,36,FALSE,Participant,Participated
EXP-0007631,CID-433550,Hackathon,Bitcamp,Bitcamp,Not Applicable,Fall 2021,1,48,FALSE,Participant,Participated
EXP-0007632,CID-433550,Hackathon,HackUMBC,UMBC,Not Applicable,Fall 2020,1,24,FALSE,Participant,Top 10 finish
EXP-0007633,CID-433550,Hackathon,HackUMBC,UMBC,Not Applicable,Spring 2019,1,48,FALSE,Participant,Top 10 finish
EXP-0007634,CID-433550,Campus Job,Research Administrative Assistant,Office of Research,Not Applicable,Spring 2022,6,15,TRUE,Employee,Completed
EXP-0007635,CID-590712,Internship,Clinical Systems Intern,Greenspring Health Systems,Healthcare & Life Sciences,Summer 2013,1,30,FALSE,Not Applicable,Completed
EXP-0007636,CID-590712,Internship,Clinical Systems Intern,National Data Services Agency,Federal Government,Summer 2014,1,24,TRUE,Not Applicable,Return offer accepted
EXP-0007637,CID-590712,Internship,Health Informatics Intern,Allied Shield Insurance Group,Insurance,Summer 2015,1,20,TRUE,Not Applicable,Completed
EXP-0007638,CID-590712,Certification,Clinical Data Standards Certificate,Clarion Health Institute,Not Applicable,Spring 2014,1,Not Applicable,Not Applicable,Not Applicable,Earned
EXP-0007639,CID-590712,Certification,Health Informatics Associate,Clarion Health Institute,Not Applicable,Summer 2013,1,Not Applicable,Not Applicable,Not Applicable,Earned
EXP-0007640,CID-838669,Internship,DevOps Intern,Potomac Mission Solutions,Federal Contracting,Summer 2022,1,20,TRUE,Not Applicable,Return offer accepted
EXP-0007641,CID-811860,Certification,Business Intelligence Developer,Vantage BI Institute,Not Applicable,Summer 2025,1,Not Applicable,Not Applicable,Not Applicable,Earned
EXP-0007642,CID-811860,Student Organization,Entrepreneurship and Innovation Club,UMBC,Not Applicable,Fall 2023,6,2,FALSE,Member,Completed
EXP-0007643,CID-626576,Internship,Business Intelligence Intern,Patapsco Aerospace,Defense & Aerospace,Fall 2018,1,30,TRUE,Not Applicable,Return offer declined
EXP-0007644,CID-626576,Campus Job,Research Administrative Assistant,Office of Research,Not Applicable,Fall 2019,2,15,TRUE,Employee,Completed
EXP-0007645,CID-653378,Internship,Software Development Intern,Marketside Digital,E-Commerce & Retail Tech,Spring 2025,1,30,TRUE,Not Applicable,Return offer accepted
EXP-0007646,CID-653378,Student Organization,Game Developers Club,UMBC,Not Applicable,Fall 2024,2,3,FALSE,Member,Completed
EXP-0007647,CID-618789,Internship,Software Engineering Intern,Wayfinder Technology Advisors,Consulting & Professional Services,Summer 2013,1,30,TRUE,Not Applicable,Ended early
EXP-0007648,CID-618789,Internship,Software Engineering Intern,National Data Services Agency,Federal Government,Fall 2014,1,20,FALSE,Not Applicable,Return offer accepted
EXP-0007649,CID-618789,Internship,Software Engineering Intern,Patapsco Aerospace,Defense & Aerospace,Summer 2015,1,24,TRUE,Not Applicable,Return offer declined
EXP-0007650,CID-618789,Certification,Java Application Developer,Brightline Code School,Not Applicable,Spring 2013,1,Not Applicable,Not Applicable,Not Applicable,Earned
EXP-0007651,CID-618789,Student Organization,Information Systems Student Association,UMBC,Not Applicable,Fall 2014,4,3,FALSE,President,Active
EXP-0007652,CID-618789,Undergraduate Research,Undergraduate Research Assistant,Applied Machine Learning Lab,Not Applicable,Spring 2013,2,6,TRUE,Researcher,Ongoing
EXP-0007653,CID-618789,Hackathon,Civic Data Challenge,Civic Data Challenge,Not Applicable,Spring 2014,1,48,FALSE,Participant,Top 10 finish
EXP-0007654,CID-618789,Hackathon,Federal AI Challenge,Federal AI Challenge,Not Applicable,Fall 2013,1,48,FALSE,Participant,Grand prize
EXP-0007655,CID-618789,Hackathon,Healthcare Innovation Hackathon,Healthcare Innovation Hackathon,Not Applicable,Spring 2014,1,36,FALSE,Participant,Participated
EXP-0007656,CID-618789,Hackathon,Mid-Atlantic Collegiate Hackathon,Mid-Atlantic Collegiate Hackathon,Not Applicable,Fall 2013,1,24,FALSE,Participant,Grand prize
EXP-0007657,CID-855992,Internship,Health Informatics Intern,Greenspring Health Systems,Healthcare & Life Sciences,Summer 2023,1,30,TRUE,Not Applicable,Completed
EXP-0007658,CID-855992,Certification,Health Informatics Associate,Clarion Health Institute,Not Applicable,Summer 2020,1,Not Applicable,Not Applicable,Not Applicable,Expired
EXP-0007659,CID-666728,Internship,Business Intelligence Intern,Parcel & Post Technologies,Logistics & Transportation,Summer 2017,1,30,TRUE,Not Applicable,Return offer declined
EXP-0007660,CID-666728,Certification,Advanced SQL Practitioner,Insight Analytics Academy,Not Applicable,Spring 2018,1,Not Applicable,Not Applicable,Not Applicable,Earned
EXP-0007661,CID-666728,Certification,Advanced SQL Practitioner,Insight Analytics Academy,Not Applicable,Summer 2018,1,Not Applicable,Not Applicable,Not Applicable,Earned
EXP-0007662,CID-666728,Student Organization,Association for Computing Machinery Student Chapter,UMBC,Not Applicable,Fall 2018,2,6,FALSE,Member,Completed
EXP-0007663,CID-666728,Student Organization,Data Science Collective,UMBC,Not Applicable,Spring 2017,4,4,FALSE,Member,Active
EXP-0007664,CID-666728,Hackathon,Technica,Technica,Not Applicable,Fall 2015,1,36,FALSE,Participant,Grand prize
EXP-0007665,CID-666728,Campus Job,Research Administrative Assistant,Office of Research,Not Applicable,Fall 2016,1,8,TRUE,Employee,Completed
EXP-0007666,CID-840872,Internship,DevOps Intern,Marketside Digital,E-Commerce & Retail Tech,Summer 2021,1,40,TRUE,Not Applicable,Return offer accepted
EXP-0007667,CID-840872,Co-op,Systems Engineering Intern,Patapsco Aerospace,Defense & Aerospace,Summer 2022,2,40,TRUE,Not Applicable,Completed
EXP-0007668,CID-840872,Student Organization,Game Developers Club,UMBC,Not Applicable,Fall 2019,4,5,FALSE,Member,Active
EXP-0007669,CID-317515,Internship,Clinical Systems Intern,University of Maryland System,Higher Education,Summer 2019,1,40,TRUE,Not Applicable,Return offer accepted
EXP-0007670,CID-317515,Internship,Clinical Systems Intern,National Data Services Agency,Federal Government,Summer 2019,1,24,TRUE,Not Applicable,Completed
EXP-0007671,CID-317515,Student Organization,Open Source Society,UMBC,Not Applicable,Spring 2019,4,6,FALSE,Member,Completed
EXP-0007672,CID-317515,Undergraduate Research,Undergraduate Research Assistant,Applied Machine Learning Lab,Not Applicable,Fall 2018,4,6,FALSE,Researcher,Paper co-authored
EXP-0007673,CID-317515,Campus Job,Admissions Student Ambassador,Undergraduate Admissions,Not Applicable,Fall 2018,4,20,TRUE,Employee,Completed
EXP-0007674,CID-867157,Internship,Applied Science Intern,University of Maryland System,Higher Education,Spring 2015,1,24,TRUE,Not Applicable,Ended early
EXP-0007675,CID-867157,Internship,AI Research Intern,Chesapeake Defense Systems,Defense & Aerospace,Spring 2016,1,40,TRUE,Not Applicable,Return offer accepted
EXP-0007676,CID-867157,Certification,Deep Learning Practitioner,Applied Intelligence Institute,Not Applicable,Summer 2016,1,Not Applicable,Not Applicable,Not Applicable,Expired
EXP-0007677,CID-867157,Certification,Clinical Data Standards Certificate,Clarion Health Institute,Not Applicable,Fall 2014,1,Not Applicable,Not Applicable,Not Applicable,Earned
EXP-0007678,CID-867157,Student Organization,Linux Users Group,UMBC,Not Applicable,Spring 2012,2,2,FALSE,Member,Completed
EXP-0007679,CID-867157,Student Organization,Artificial Intelligence Student Group,UMBC,Not Applicable,Spring 2016,6,4,FALSE,Member,Active
EXP-0007680,CID-867157,Hackathon,Technica,Technica,Not Applicable,Fall 2016,1,36,FALSE,Participant,Top 10 finish
EXP-0007681,CID-867157,Hackathon,Bitcamp,Bitcamp,Not Applicable,Fall 2016,1,48,FALSE,Participant,Participated
EXP-0007682,CID-867157,Hackathon,Bitcamp,Bitcamp,Not Applicable,Spring 2015,1,36,FALSE,Participant,Participated
EXP-0007683,CID-867157,Tutoring,Writing Center Consultant,Writing Center,Not Applicable,Spring 2014,2,4,TRUE,Tutor,Completed
EXP-0007684,CID-867157,Peer Mentor,Transfer Student Peer Mentor,Transfer Student Alliance,Not Applicable,Fall 2015,2,3,TRUE,Mentor,Completed
EXP-0007685,CID-954849,Internship,Product Management Intern,Potomac Mission Solutions,Federal Contracting,Summer 2018,1,40,TRUE,Not Applicable,Completed
EXP-0007686,CID-954849,Internship,Product Management Intern,Piedmont Energy Partners,Energy & Utilities,Spring 2019,1,30,TRUE,Not Applicable,Converted to part-time role
EXP-0007687,CID-954849,Student Organization,Product Club,UMBC,Not Applicable,Fall 2018,3,4,FALSE,Officer,Left after one term
EXP-0007688,CID-954849,Student Organization,Entrepreneurship and Innovation Club,UMBC,Not Applicable,Fall 2018,1,5,FALSE,Member,Completed
EXP-0007689,CID-954849,Campus Job,Library Technology Assistant,Albin O. Kuhn Library,Not Applicable,Spring 2017,2,10,TRUE,Employee,Completed
EXP-0007690,CID-258029,Internship,Software Development Intern,Potomac Mission Solutions,Federal Contracting,Summer 2015,1,40,TRUE,Not Applicable,Completed
EXP-0007691,CID-258029,Certification,Project Management Associate,Cadence Project Institute,Not Applicable,Fall 2014,1,Not Applicable,Not Applicable,Not Applicable,Earned
EXP-0007692,CID-258029,Student Organization,National Society of Black Engineers Chapter,UMBC,Not Applicable,Fall 2014,2,3,FALSE,Member,Left after one term
EXP-0007693,CID-258029,Student Organization,Women in Computing,UMBC,Not Applicable,Spring 2014,2,2,FALSE,Officer,Completed
EXP-0007694,CID-258029,Peer Mentor,First-Year Experience Peer Mentor,Office of Undergraduate Education,Not Applicable,Fall 2014,3,5,FALSE,Mentor,Completed
EXP-0007695,CID-970833,Internship,Security Operations Intern,Piedmont Energy Partners,Energy & Utilities,Summer 2014,1,20,TRUE,Not Applicable,Converted to part-time role
EXP-0007696,CID-970833,Internship,Information Security Intern,National Data Services Agency,Federal Government,Summer 2014,1,40,TRUE,Not Applicable,Completed
EXP-0007697,CID-970833,Student Organization,Retriever Robotics,UMBC,Not Applicable,Fall 2013,3,5,FALSE,Officer,Completed
EXP-0007698,CID-970833,Student Organization,Data Science Collective,UMBC,Not Applicable,Spring 2014,1,5,FALSE,Member,Active
EXP-0007699,CID-970833,Hackathon,Healthcare Innovation Hackathon,Healthcare Innovation Hackathon,Not Applicable,Fall 2013,1,36,FALSE,Participant,Grand prize
EXP-0007700,CID-970833,Hackathon,HopHacks,HopHacks,Not Applicable,Fall 2013,1,48,FALSE,Participant,Category winner
EXP-0007701,CID-768174,Internship,Cybersecurity Intern,Patapsco Aerospace,Defense & Aerospace,Summer 2020,1,20,FALSE,Not Applicable,Return offer declined
EXP-0007702,CID-768174,Internship,Information Security Intern,Meridian National Systems,Federal Contracting,Summer 2021,1,40,TRUE,Not Applicable,Return offer accepted
EXP-0007703,CID-768174,Co-op,Cybersecurity Intern,Chesapeake Defense Systems,Defense & Aerospace,Summer 2022,2,40,TRUE,Not Applicable,Completed
EXP-0007704,CID-768174,Certification,Incident Response Specialist,Sentinel Learning,Not Applicable,Spring 2022,1,Not Applicable,Not Applicable,Not Applicable,Earned
EXP-0007705,CID-768174,Certification,Certified Security Practitioner,Bastion Certification Board,Not Applicable,Summer 2020,1,Not Applicable,Not Applicable,Not Applicable,Earned
EXP-0007706,CID-768174,Student Organization,Retriever Cyber Club,UMBC,Not Applicable,Spring 2020,2,5,FALSE,Officer,Active
EXP-0007707,CID-768174,Student Organization,Society of Hispanic Professional Engineers Chapter,UMBC,Not Applicable,Fall 2021,2,6,FALSE,President,Completed
EXP-0007708,CID-768174,Undergraduate Research,Undergraduate Research Assistant,Cybersecurity Research Group,Not Applicable,Fall 2022,4,10,TRUE,Researcher,Ongoing
EXP-0007709,CID-768174,Tutoring,Calculus Tutor,Math Lab,Not Applicable,Fall 2020,2,10,TRUE,Tutor,Completed
EXP-0007710,CID-131816,Internship,Business Systems Intern,Maryland Department of IT,Federal Government,Spring 2024,1,40,TRUE,Not Applicable,Completed
EXP-0007711,CID-131816,Internship,IT Project Management Intern,Anvil Compute,Cloud & Infrastructure,Fall 2024,1,30,TRUE,Not Applicable,Return offer declined
EXP-0007712,CID-131816,Certification,Product Management Certificate,Wayfinder Product School,Not Applicable,Spring 2025,1,Not Applicable,Not Applicable,Not Applicable,Earned
EXP-0007713,CID-131816,Student Organization,Product Club,UMBC,Not Applicable,Fall 2021,1,6,FALSE,Member,Completed
EXP-0007714,CID-131816,Student Organization,Open Source Society,UMBC,Not Applicable,Fall 2024,4,3,FALSE,Member,Left after one term
EXP-0007715,CID-131816,Hackathon,Civic Data Challenge,Civic Data Challenge,Not Applicable,Fall 2022,1,48,FALSE,Participant,Participated
EXP-0007716,CID-131816,Hackathon,Civic Data Challenge,Civic Data Challenge,Not Applicable,Spring 2024,1,48,FALSE,Participant,Category winner
EXP-0007717,CID-432957,Internship,Application Development Intern,Blue Heron Technologies,Federal Contracting,Fall 2016,1,24,TRUE,Not Applicable,Return offer accepted
EXP-0007718,CID-432957,Student Organization,Product Club,UMBC,Not Applicable,Spring 2017,1,4,FALSE,Member,Active
EXP-0007719,CID-848635,Internship,Software Engineering Intern,Anvil Compute,Cloud & Infrastructure,Spring 2016,1,40,TRUE,Not Applicable,Return offer accepted
EXP-0007720,CID-848635,Internship,Software Development Intern,Monument Bank Technology,Financial Services,Spring 2017,1,30,TRUE,Not Applicable,Completed
EXP-0007721,CID-848635,Internship,Software Development Intern,Greenspring Health Systems,Healthcare & Life Sciences,Summer 2017,1,20,FALSE,Not Applicable,Return offer accepted
EXP-0007722,CID-848635,Certification,Full-Stack Web Developer,Brightline Code School,Not Applicable,Summer 2017,1,Not Applicable,Not Applicable,Not Applicable,Earned
EXP-0007723,CID-848635,Student Organization,Retriever Robotics,UMBC,Not Applicable,Fall 2013,3,3,FALSE,Member,Left after one term
EXP-0007724,CID-848635,Student Organization,Game Developers Club,UMBC,Not Applicable,Spring 2014,2,6,FALSE,Member,Completed
EXP-0007725,CID-848635,Campus Job,IT Help Desk Student Technician,Division of Information Technology,Not Applicable,Fall 2014,2,20,TRUE,Employee,Completed
EXP-0007726,CID-860736,Student Organization,Game Developers Club,UMBC,Not Applicable,Fall 2018,4,5,FALSE,Member,Left after one term
EXP-0007727,CID-860736,Campus Job,Dining Services Associate,Campus Dining,Not Applicable,Spring 2020,1,12,TRUE,Employee,Completed
EXP-0007728,CID-419858,Internship,Data Analytics Intern,National Data Services Agency,Federal Government,Spring 2022,1,20,TRUE,Not Applicable,Return offer accepted
EXP-0007729,CID-419858,Student Organization,Data Science Collective,UMBC,Not Applicable,Fall 2021,4,6,FALSE,Member,Completed
EXP-0007730,CID-419858,Student Organization,Information Systems Student Association,UMBC,Not Applicable,Spring 2023,4,6,FALSE,Member,Completed
EXP-0007731,CID-419858,Undergraduate Research,Undergraduate Research Assistant,Data Systems Laboratory,Not Applicable,Fall 2024,2,10,TRUE,Researcher,Completed
EXP-0007732,CID-419858,Hackathon,Bitcamp,Bitcamp,Not Applicable,Fall 2020,1,48,FALSE,Participant,Participated
EXP-0007733,CID-419858,Hackathon,HackUMBC,UMBC,Not Applicable,Spring 2021,1,24,FALSE,Participant,Top 10 finish
EXP-0007734,CID-430897,Co-op,Software Engineering Intern,Fidelis Capital Partners,Financial Services,Summer 2018,2,40,FALSE,Not Applicable,Completed
EXP-0007735,CID-430897,Student Organization,Open Source Society,UMBC,Not Applicable,Spring 2017,6,3,FALSE,Officer,Completed
EXP-0007736,CID-430897,Undergraduate Research,Undergraduate Research Assistant,Human-Computer Interaction Studio,Not Applicable,Fall 2018,4,10,FALSE,Researcher,Paper co-authored
EXP-0007737,CID-430897,Hackathon,Bitcamp,Bitcamp,Not Applicable,Fall 2017,1,48,FALSE,Participant,Grand prize
EXP-0007738,CID-430897,Hackathon,Bitcamp,Bitcamp,Not Applicable,Fall 2017,1,24,FALSE,Participant,Top 10 finish
EXP-0007739,CID-430897,Campus Job,Residential Life Desk Assistant,Residential Life,Not Applicable,Fall 2017,3,20,TRUE,Employee,Completed
EXP-0007740,CID-800396,Co-op,Security Operations Intern,Pinnacle Bridge Partners,Consulting & Professional Services,Summer 2022,2,40,TRUE,Not Applicable,Return offer accepted
EXP-0007741,CID-800396,Internship,Cybersecurity Intern,Patapsco Aerospace,Defense & Aerospace,Summer 2022,1,30,TRUE,Not Applicable,Completed
EXP-0007742,CID-800396,Certification,Security Operations Analyst,Bastion Certification Board,Not Applicable,Fall 2021,1,Not Applicable,Not Applicable,Not Applicable,Earned
EXP-0007743,CID-800396,Student Organization,Women in Computing,UMBC,Not Applicable,Spring 2021,1,3,FALSE,Member,Active
EXP-0007744,CID-182919,Internship,Cloud Engineering Intern,Stratus Cloud Works,Cloud & Infrastructure,Summer 2023,1,24,TRUE,Not Applicable,Return offer accepted
EXP-0007745,CID-182919,Internship,Systems Engineering Intern,Fidelis Capital Partners,Financial Services,Summer 2024,1,24,FALSE,Not Applicable,Completed
EXP-0007746,CID-182919,Certification,Linux Systems Professional,OpenSystems Guild,Not Applicable,Fall 2021,1,Not Applicable,Not Applicable,Not Applicable,Earned
EXP-0007747,CID-182919,Student Organization,Cloud Computing Club,UMBC,Not Applicable,Spring 2024,2,4,FALSE,Member,Active
EXP-0007748,CID-182919,Student Organization,Society of Hispanic Professional Engineers Chapter,UMBC,Not Applicable,Spring 2022,6,4,FALSE,Member,Active
EXP-0007749,CID-182919,Hackathon,Bitcamp,Bitcamp,Not Applicable,Fall 2021,1,48,FALSE,Participant,Participated
EXP-0007750,CID-182919,Hackathon,Federal AI Challenge,Federal AI Challenge,Not Applicable,Fall 2020,1,36,FALSE,Participant,Grand prize
EXP-0007751,CID-182919,Hackathon,Healthcare Innovation Hackathon,Healthcare Innovation Hackathon,Not Applicable,Fall 2021,1,24,FALSE,Participant,Top 10 finish
EXP-0007752,CID-182919,Campus Job,Research Administrative Assistant,Office of Research,Not Applicable,Fall 2023,2,8,TRUE,Employee,Completed
EXP-0007753,CID-871138,Internship,Software Development Intern,Meridian National Systems,Federal Contracting,Summer 2014,1,20,TRUE,Not Applicable,Completed
EXP-0007754,CID-871138,Certification,Cloud Solutions Associate,CloudScale Academy,Not Applicable,Fall 2014,1,Not Applicable,Not Applicable,Not Applicable,Earned
EXP-0007755,CID-871138,Student Organization,Data Science Collective,UMBC,Not Applicable,Fall 2013,3,3,FALSE,Member,Completed
EXP-0007756,CID-871138,Tutoring,Statistics Tutor,Learning Resources Center,Not Applicable,Fall 2013,4,6,TRUE,Tutor,Completed
EXP-0007757,CID-562465,Internship,Information Security Intern,Potomac Mission Solutions,Federal Contracting,Fall 2013,1,20,TRUE,Not Applicable,Converted to part-time role
EXP-0007758,CID-493426,Internship,Systems Engineering Intern,Blue Heron Technologies,Federal Contracting,Fall 2019,1,20,TRUE,Not Applicable,Return offer declined
EXP-0007759,CID-493426,Tutoring,Writing Center Consultant,Writing Center,Not Applicable,Fall 2018,2,10,TRUE,Tutor,Completed
EXP-0007760,CID-783110,Internship,Application Development Intern,Continental Wireless,Telecommunications,Summer 2024,1,40,TRUE,Not Applicable,Completed
EXP-0007761,CID-783110,Internship,Software Development Intern,Patapsco Aerospace,Defense & Aerospace,Summer 2025,1,20,TRUE,Not Applicable,Completed
EXP-0007762,CID-331411,Internship,Security Operations Intern,Catoctin Analytics Group,Federal Contracting,Summer 2013,1,40,TRUE,Not Applicable,Converted to part-time role
EXP-0007763,CID-331411,Student Organization,Retriever Cyber Club,UMBC,Not Applicable,Fall 2014,4,2,FALSE,Member,Active
EXP-0007764,CID-331411,Campus Job,Dining Services Associate,Campus Dining,Not Applicable,Fall 2011,5,12,TRUE,Employee,Completed
EXP-0007765,CID-555524,Internship,IT Project Management Intern,Falconview Systems,Software Products,Summer 2018,1,24,TRUE,Not Applicable,Completed
EXP-0007766,CID-555524,Internship,Business Systems Intern,Stratus Cloud Works,Cloud & Infrastructure,Summer 2018,1,24,TRUE,Not Applicable,Return offer declined
EXP-0007767,CID-555524,Internship,IT Project Management Intern,Monument Bank Technology,Financial Services,Summer 2019,1,24,TRUE,Not Applicable,Completed
EXP-0007768,CID-555524,Undergraduate Research,Undergraduate Research Assistant,Applied Machine Learning Lab,Not Applicable,Fall 2017,2,8,FALSE,Researcher,Completed
EXP-0007769,CID-555524,Campus Job,Library Technology Assistant,Albin O. Kuhn Library,Not Applicable,Spring 2018,2,15,TRUE,Employee,Completed
EXP-0007770,CID-555524,Competitive Team,Programming Contest Team,UMBC,Not Applicable,Fall 2015,2,12,FALSE,Member,Completed
EXP-0007771,CID-651623,Internship,Application Development Intern,Chesapeake Defense Systems,Defense & Aerospace,Summer 2022,1,24,TRUE,Not Applicable,Return offer accepted
EXP-0007772,CID-651623,Internship,Application Development Intern,Marketside Digital,E-Commerce & Retail Tech,Summer 2023,1,40,TRUE,Not Applicable,Return offer declined
EXP-0007773,CID-651623,Certification,Full-Stack Web Developer,Brightline Code School,Not Applicable,Summer 2022,1,Not Applicable,Not Applicable,Not Applicable,Expired
EXP-0007774,CID-651623,Certification,Software Testing Practitioner,Quality Craft Institute,Not Applicable,Summer 2023,1,Not Applicable,Not Applicable,Not Applicable,Earned
EXP-0007775,CID-212795,Internship,Software Development Intern,Meridian National Systems,Federal Contracting,Summer 2014,1,20,TRUE,Not Applicable,Return offer accepted
EXP-0007776,CID-212795,Internship,Software Engineering Intern,Keystone Federal Services,Federal Contracting,Summer 2015,1,30,TRUE,Not Applicable,Converted to part-time role
EXP-0007777,CID-212795,Student Organization,National Society of Black Engineers Chapter,UMBC,Not Applicable,Spring 2014,3,6,FALSE,Member,Completed
EXP-0007778,CID-212795,Hackathon,Federal AI Challenge,Federal AI Challenge,Not Applicable,Spring 2012,1,48,FALSE,Participant,Top 10 finish
EXP-0007779,CID-212795,Campus Job,Campus Recreation Attendant,Retriever Athletics,Not Applicable,Spring 2015,3,12,TRUE,Employee,Completed
EXP-0007780,CID-212795,Competitive Team,Programming Contest Team,UMBC,Not Applicable,Fall 2012,3,10,FALSE,Member,Completed
EXP-0007781,CID-721698,Internship,Data Analytics Intern,Antietam Systems Integration,Federal Contracting,Summer 2017,1,30,TRUE,Not Applicable,Return offer declined
EXP-0007782,CID-721698,Internship,Data Analytics Intern,Keystone Federal Services,Federal Contracting,Summer 2018,1,24,FALSE,Not Applicable,Return offer declined
EXP-0007783,CID-721698,Campus Job,IT Help Desk Student Technician,Division of Information Technology,Not Applicable,Spring 2018,2,20,TRUE,Employee,Completed
EXP-0007784,CID-946745,Student Organization,Product Club,UMBC,Not Applicable,Fall 2020,2,6,FALSE,Member,Active
EXP-0007785,CID-946745,Campus Job,Campus Recreation Attendant,Retriever Athletics,Not Applicable,Spring 2021,4,8,TRUE,Employee,Completed
EXP-0007786,CID-219888,Internship,Machine Learning Intern,Federal Health Data Office,Federal Government,Summer 2022,1,30,FALSE,Not Applicable,Converted to part-time role
EXP-0007787,CID-219888,Internship,Machine Learning Intern,Greenspring Health Systems,Healthcare & Life Sciences,Summer 2022,1,20,TRUE,Not Applicable,Return offer accepted
EXP-0007788,CID-219888,Student Organization,Game Developers Club,UMBC,Not Applicable,Spring 2022,3,2,FALSE,Member,Completed
EXP-0007789,CID-604156,Student Organization,Association for Computing Machinery Student Chapter,UMBC,Not Applicable,Spring 2020,2,2,FALSE,Member,Completed
EXP-0007790,CID-604156,Campus Job,Residential Life Desk Assistant,Residential Life,Not Applicable,Spring 2023,3,10,TRUE,Employee,Completed
EXP-0007791,CID-374868,Internship,Data Engineering Intern,National Data Services Agency,Federal Government,Summer 2023,1,24,TRUE,Not Applicable,Converted to part-time role
EXP-0007792,CID-374868,Student Organization,Data Science Collective,UMBC,Not Applicable,Fall 2021,2,6,FALSE,Member,Completed
EXP-0007793,CID-374868,Campus Job,Admissions Student Ambassador,Undergraduate Admissions,Not Applicable,Fall 2021,5,12,TRUE,Employee,Completed
EXP-0007794,CID-163805,Certification,Software Testing Practitioner,Quality Craft Institute,Not Applicable,Spring 2021,1,Not Applicable,Not Applicable,Not Applicable,Earned
EXP-0007795,CID-163805,Hackathon,HopHacks,HopHacks,Not Applicable,Spring 2020,1,36,FALSE,Participant,Grand prize
EXP-0007796,CID-163805,Hackathon,Healthcare Innovation Hackathon,Healthcare Innovation Hackathon,Not Applicable,Fall 2022,1,36,FALSE,Participant,Participated
EXP-0007797,CID-163805,Hackathon,Mid-Atlantic Collegiate Hackathon,Mid-Atlantic Collegiate Hackathon,Not Applicable,Fall 2022,1,36,FALSE,Participant,Participated
EXP-0007798,CID-581306,Internship,Business Systems Intern,Vantage Point Applications,Software Products,Summer 2019,1,24,TRUE,Not Applicable,Converted to part-time role
EXP-0007799,CID-581306,Undergraduate Research,Undergraduate Research Assistant,Health Informatics Research Center,Not Applicable,Fall 2020,3,12,TRUE,Researcher,Ongoing
EXP-0007800,CID-581306,Tutoring,Calculus Tutor,Math Lab,Not Applicable,Spring 2020,3,8,TRUE,Tutor,Completed
EXP-0007801,CID-447869,Internship,Security Operations Intern,Continental Wireless,Telecommunications,Summer 2016,1,40,TRUE,Not Applicable,Return offer accepted
EXP-0007802,CID-447869,Student Organization,Retriever Cyber Club,UMBC,Not Applicable,Spring 2015,6,5,FALSE,Member,Completed
EXP-0007803,CID-447869,Hackathon,HopHacks,HopHacks,Not Applicable,Fall 2014,1,36,FALSE,Participant,Participated
EXP-0007804,CID-681016,Internship,Cybersecurity Intern,Northfield Biosciences,Healthcare & Life Sciences,Spring 2024,1,20,TRUE,Not Applicable,Completed
EXP-0007805,CID-681016,Hackathon,Federal AI Challenge,Federal AI Challenge,Not Applicable,Spring 2024,1,24,FALSE,Participant,Participated
EXP-0007806,CID-681016,Hackathon,Federal AI Challenge,Federal AI Challenge,Not Applicable,Fall 2021,1,36,FALSE,Participant,Top 10 finish
EXP-0007807,CID-681016,Campus Job,Residential Life Desk Assistant,Residential Life,Not Applicable,Fall 2023,2,15,TRUE,Employee,Completed
EXP-0007808,CID-681016,Competitive Team,Collegiate Cyber Defense Team,UMBC,Not Applicable,Fall 2023,1,12,FALSE,Member,National qualifier
EXP-0007809,CID-612257,Campus Job,Research Administrative Assistant,Office of Research,Not Applicable,Fall 2021,6,12,TRUE,Employee,Completed
EXP-0007810,CID-738543,Student Organization,Women in Computing,UMBC,Not Applicable,Spring 2018,1,6,FALSE,President,Left after one term
EXP-0007811,CID-738543,Campus Job,IT Help Desk Student Technician,Division of Information Technology,Not Applicable,Fall 2014,2,10,TRUE,Employee,Completed
EXP-0007812,CID-840287,Internship,Business Intelligence Intern,Brightline Software Group,Software Products,Summer 2015,1,30,FALSE,Not Applicable,Converted to part-time role
EXP-0007813,CID-840287,Internship,Data Engineering Intern,Keystone Federal Services,Federal Contracting,Summer 2016,1,24,TRUE,Not Applicable,Return offer accepted
EXP-0007814,CID-840287,Student Organization,Health Informatics Student Association,UMBC,Not Applicable,Spring 2015,6,6,FALSE,Member,Completed
EXP-0007815,CID-840287,Hackathon,Bitcamp,Bitcamp,Not Applicable,Fall 2016,1,24,FALSE,Participant,Top 10 finish
EXP-0007816,CID-840287,Campus Job,Campus Recreation Attendant,Retriever Athletics,Not Applicable,Spring 2016,3,20,TRUE,Employee,Completed
EXP-0007817,CID-840287,Tutoring,Calculus Tutor,Math Lab,Not Applicable,Fall 2016,3,8,TRUE,Tutor,Completed
EXP-0007818,CID-165486,Student Organization,Health Informatics Student Association,UMBC,Not Applicable,Fall 2019,2,6,FALSE,Member,Completed
EXP-0007819,CID-165486,Hackathon,Bitcamp,Bitcamp,Not Applicable,Spring 2022,1,48,FALSE,Participant,Participated
EXP-0007820,CID-165486,Hackathon,Bitcamp,Bitcamp,Not Applicable,Spring 2022,1,48,FALSE,Participant,Participated
EXP-0007821,CID-165486,Campus Job,Computing Lab Consultant,Division of Information Technology,Not Applicable,Spring 2023,2,10,TRUE,Employee,Completed
EXP-0007822,CID-599199,Certification,Cloud Security Associate,Bastion Certification Board,Not Applicable,Spring 2017,1,Not Applicable,Not Applicable,Not Applicable,Earned
EXP-0007823,CID-599199,Certification,Software Testing Practitioner,Quality Craft Institute,Not Applicable,Fall 2016,1,Not Applicable,Not Applicable,Not Applicable,Earned
EXP-0007824,CID-599199,Student Organization,Retriever Cyber Club,UMBC,Not Applicable,Spring 2016,2,4,FALSE,Member,Left after one term
EXP-0007825,CID-144202,Student Organization,Open Source Society,UMBC,Not Applicable,Spring 2025,2,6,FALSE,Member,Completed
EXP-0007826,CID-144202,Campus Job,Campus Recreation Attendant,Retriever Athletics,Not Applicable,Spring 2021,4,20,TRUE,Employee,Completed
EXP-0007827,CID-548237,Internship,Software Engineering Intern,Shoreline Retail Group,E-Commerce & Retail Tech,Summer 2021,1,24,TRUE,Not Applicable,Return offer declined
EXP-0007828,CID-548237,Hackathon,Federal AI Challenge,Federal AI Challenge,Not Applicable,Spring 2023,1,36,FALSE,Participant,Category winner
EXP-0007829,CID-882082,Student Organization,Association for Computing Machinery Student Chapter,UMBC,Not Applicable,Spring 2016,2,5,FALSE,Member,Completed
EXP-0007830,CID-882082,Undergraduate Research,Undergraduate Research Assistant,Cybersecurity Research Group,Not Applicable,Fall 2016,1,10,TRUE,Researcher,Completed
EXP-0007831,CID-882082,Hackathon,Healthcare Innovation Hackathon,Healthcare Innovation Hackathon,Not Applicable,Fall 2016,1,24,FALSE,Participant,Grand prize
EXP-0007832,CID-882082,Hackathon,Federal AI Challenge,Federal AI Challenge,Not Applicable,Fall 2014,1,24,FALSE,Participant,Category winner
EXP-0007833,CID-882082,Hackathon,Federal AI Challenge,Federal AI Challenge,Not Applicable,Fall 2016,1,36,FALSE,Participant,Participated
EXP-0007834,CID-896976,Student Organization,Game Developers Club,UMBC,Not Applicable,Spring 2018,6,4,FALSE,Member,Completed
EXP-0007835,CID-896976,Hackathon,Bitcamp,Bitcamp,Not Applicable,Spring 2017,1,36,FALSE,Participant,Category winner
EXP-0007836,CID-896976,Hackathon,Federal AI Challenge,Federal AI Challenge,Not Applicable,Fall 2016,1,24,FALSE,Participant,Participated
EXP-0007837,CID-896976,Campus Job,IT Help Desk Student Technician,Division of Information Technology,Not Applicable,Spring 2018,4,20,TRUE,Employee,Completed
EXP-0007838,CID-816738,Internship,AI Research Intern,Redoubt Security Partners,Cybersecurity Services,Summer 2024,1,40,TRUE,Not Applicable,Return offer declined
EXP-0007839,CID-816738,Student Organization,Product Club,UMBC,Not Applicable,Fall 2025,6,3,FALSE,Member,Completed
EXP-0007840,CID-816738,Student Organization,Information Systems Student Association,UMBC,Not Applicable,Fall 2025,4,3,FALSE,Member,Active
EXP-0007841,CID-816738,Hackathon,Healthcare Innovation Hackathon,Healthcare Innovation Hackathon,Not Applicable,Spring 2024,1,48,FALSE,Participant,Participated
EXP-0007842,CID-816738,Campus Job,IT Help Desk Student Technician,Division of Information Technology,Not Applicable,Fall 2025,4,8,TRUE,Employee,Completed
EXP-0007843,CID-816738,Peer Mentor,First-Year Experience Peer Mentor,Office of Undergraduate Education,Not Applicable,Fall 2024,2,8,FALSE,Mentor,Completed
EXP-0007844,CID-357856,Internship,Data Analytics Intern,Chesapeake Defense Systems,Defense & Aerospace,Fall 2025,1,20,TRUE,Not Applicable,Completed
EXP-0007845,CID-357856,Hackathon,Bitcamp,Bitcamp,Not Applicable,Fall 2025,1,48,FALSE,Participant,Participated
EXP-0007846,CID-357856,Campus Job,Library Technology Assistant,Albin O. Kuhn Library,Not Applicable,Spring 2024,5,10,TRUE,Employee,Completed
EXP-0007847,CID-176708,Internship,Cybersecurity Intern,Antietam Systems Integration,Federal Contracting,Summer 2024,1,40,TRUE,Not Applicable,Return offer declined
EXP-0007848,CID-176708,Internship,Information Security Intern,Severn River Consulting,Federal Contracting,Spring 2025,1,20,TRUE,Not Applicable,Return offer accepted
EXP-0007849,CID-176708,Internship,Security Operations Intern,Patapsco Aerospace,Defense & Aerospace,Summer 2025,1,24,TRUE,Not Applicable,Converted to part-time role
EXP-0007850,CID-176708,Student Organization,Association for Computing Machinery Student Chapter,UMBC,Not Applicable,Fall 2022,2,5,FALSE,Member,Completed
EXP-0007851,CID-176708,Student Organization,Cloud Computing Club,UMBC,Not Applicable,Spring 2023,4,4,FALSE,Member,Left after one term
EXP-0007852,CID-176708,Tutoring,Data Structures Teaching Assistant,Department of Computer Science,Not Applicable,Spring 2025,1,8,TRUE,Tutor,Completed
EXP-0007853,CID-957962,Co-op,Cybersecurity Intern,Meridian National Systems,Federal Contracting,Summer 2015,2,40,TRUE,Not Applicable,Completed
EXP-0007854,CID-957962,Internship,Information Security Intern,Chesapeake Defense Systems,Defense & Aerospace,Summer 2016,1,30,FALSE,Not Applicable,Return offer accepted
EXP-0007855,CID-957962,Student Organization,Data Science Collective,UMBC,Not Applicable,Fall 2015,1,5,FALSE,Member,Left after one term
EXP-0007856,CID-957962,Undergraduate Research,Undergraduate Research Assistant,Network Security Laboratory,Not Applicable,Fall 2016,1,12,FALSE,Researcher,Ongoing
EXP-0007857,CID-957962,Hackathon,Technica,Technica,Not Applicable,Fall 2016,1,24,FALSE,Participant,Top 10 finish
EXP-0007858,CID-957962,Hackathon,Mid-Atlantic Collegiate Hackathon,Mid-Atlantic Collegiate Hackathon,Not Applicable,Fall 2015,1,36,FALSE,Participant,Top 10 finish
EXP-0007859,CID-957962,Hackathon,Federal AI Challenge,Federal AI Challenge,Not Applicable,Spring 2015,1,24,FALSE,Participant,Top 10 finish
EXP-0007860,CID-854019,Internship,Data Engineering Intern,Potomac Mission Solutions,Federal Contracting,Summer 2023,1,40,FALSE,Not Applicable,Completed
EXP-0007861,CID-854019,Hackathon,HackUMBC,UMBC,Not Applicable,Fall 2022,1,24,FALSE,Participant,Participated
EXP-0007862,CID-854019,Hackathon,Technica,Technica,Not Applicable,Fall 2023,1,24,FALSE,Participant,Category winner
EXP-0007863,CID-854019,Hackathon,Mid-Atlantic Collegiate Hackathon,Mid-Atlantic Collegiate Hackathon,Not Applicable,Fall 2022,1,36,FALSE,Participant,Category winner
EXP-0007864,CID-854019,Campus Job,Residential Life Desk Assistant,Residential Life,Not Applicable,Spring 2023,2,8,TRUE,Employee,Completed
EXP-0007865,CID-581915,Internship,Software Development Intern,Chesapeake Community College,Higher Education,Summer 2013,1,24,TRUE,Not Applicable,Completed
EXP-0007866,CID-581915,Internship,Application Development Intern,Patapsco Aerospace,Defense & Aerospace,Summer 2013,1,30,TRUE,Not Applicable,Completed
EXP-0007867,CID-581915,Student Organization,Retriever Robotics,UMBC,Not Applicable,Fall 2013,6,3,FALSE,Member,Completed
EXP-0007868,CID-581915,Campus Job,Campus Recreation Attendant,Retriever Athletics,Not Applicable,Fall 2012,2,12,TRUE,Employee,Completed
EXP-0007869,CID-514032,Co-op,Data Engineering Intern,Monument Bank Technology,Financial Services,Summer 2023,2,40,TRUE,Not Applicable,Ended early
EXP-0007870,CID-514032,Internship,Data Analytics Intern,Allied Shield Insurance Group,Insurance,Fall 2023,1,30,TRUE,Not Applicable,Return offer accepted
EXP-0007871,CID-514032,Student Organization,Game Developers Club,UMBC,Not Applicable,Spring 2024,4,3,FALSE,Member,Completed
EXP-0007872,CID-514032,Student Organization,Product Club,UMBC,Not Applicable,Fall 2021,4,4,FALSE,Member,Active
EXP-0007873,CID-514032,Undergraduate Research,Undergraduate Research Assistant,Distributed Systems Research Group,Not Applicable,Fall 2022,2,15,FALSE,Researcher,Paper co-authored
EXP-0007874,CID-738427,Co-op,Cybersecurity Intern,University of Maryland System,Higher Education,Spring 2016,2,40,TRUE,Not Applicable,Return offer declined
EXP-0007875,CID-738427,Certification,Data Engineering Professional,Insight Analytics Academy,Not Applicable,Spring 2016,1,Not Applicable,Not Applicable,Not Applicable,Expired
EXP-0007876,CID-738427,Certification,Incident Response Specialist,Sentinel Learning,Not Applicable,Summer 2016,1,Not Applicable,Not Applicable,Not Applicable,Expired
EXP-0007877,CID-738427,Certification,Incident Response Specialist,Sentinel Learning,Not Applicable,Spring 2016,1,Not Applicable,Not Applicable,Not Applicable,Earned
EXP-0007878,CID-738427,Undergraduate Research,Undergraduate Research Assistant,Cybersecurity Research Group,Not Applicable,Spring 2016,2,8,TRUE,Researcher,Ongoing
EXP-0007879,CID-528603,Internship,Cybersecurity Intern,Fidelis Capital Partners,Financial Services,Summer 2023,1,40,TRUE,Not Applicable,Completed
EXP-0007880,CID-528603,Campus Job,Research Administrative Assistant,Office of Research,Not Applicable,Spring 2022,3,8,TRUE,Employee,Completed
EXP-0007881,CID-745834,Internship,Security Operations Intern,Monument Bank Technology,Financial Services,Summer 2024,1,24,TRUE,Not Applicable,Return offer declined
EXP-0007882,CID-745834,Internship,Security Operations Intern,Tidewater Defense Group,Defense & Aerospace,Summer 2024,1,20,FALSE,Not Applicable,Completed
EXP-0007883,CID-745834,Certification,Cloud Security Associate,Bastion Certification Board,Not Applicable,Summer 2024,1,Not Applicable,Not Applicable,Not Applicable,Earned
EXP-0007884,CID-745834,Student Organization,Society of Hispanic Professional Engineers Chapter,UMBC,Not Applicable,Fall 2022,6,2,FALSE,Member,Active
EXP-0007885,CID-745834,Student Organization,Health Informatics Student Association,UMBC,Not Applicable,Fall 2022,4,2,FALSE,Member,Completed
EXP-0007886,CID-745834,Hackathon,Mid-Atlantic Collegiate Hackathon,Mid-Atlantic Collegiate Hackathon,Not Applicable,Fall 2023,1,36,FALSE,Participant,Grand prize
EXP-0007887,CID-745834,Hackathon,HopHacks,HopHacks,Not Applicable,Fall 2023,1,24,FALSE,Participant,Top 10 finish
EXP-0007888,CID-745834,Campus Job,Library Technology Assistant,Albin O. Kuhn Library,Not Applicable,Fall 2024,4,10,TRUE,Employee,Completed
EXP-0007889,CID-745834,Tutoring,Writing Center Consultant,Writing Center,Not Applicable,Spring 2024,4,10,TRUE,Tutor,Completed
EXP-0007890,CID-479522,Internship,Application Development Intern,Fidelis Capital Partners,Financial Services,Summer 2019,1,24,TRUE,Not Applicable,Return offer accepted
EXP-0007891,CID-479522,Certification,Java Application Developer,Brightline Code School,Not Applicable,Fall 2019,1,Not Applicable,Not Applicable,Not Applicable,Earned
EXP-0007892,CID-479522,Certification,Health Informatics Associate,Clarion Health Institute,Not Applicable,Fall 2018,1,Not Applicable,Not Applicable,Not Applicable,Earned
EXP-0007893,CID-479522,Student Organization,Product Club,UMBC,Not Applicable,Spring 2018,2,4,FALSE,Officer,Active
EXP-0007894,CID-479522,Campus Job,Campus Recreation Attendant,Retriever Athletics,Not Applicable,Spring 2019,2,8,TRUE,Employee,Completed
EXP-0007895,CID-479522,Tutoring,Discrete Structures Tutor,Learning Resources Center,Not Applicable,Fall 2018,2,6,TRUE,Tutor,Completed
EXP-0007896,CID-799482,Internship,Cybersecurity Intern,Copper Ridge Data Centers,Cloud & Infrastructure,Summer 2016,1,40,TRUE,Not Applicable,Return offer declined
EXP-0007897,CID-799482,Internship,Security Operations Intern,Chesterfield Asset Management,Financial Services,Summer 2017,1,30,TRUE,Not Applicable,Completed
EXP-0007898,CID-799482,Student Organization,Retriever Cyber Club,UMBC,Not Applicable,Fall 2017,4,6,FALSE,Officer,Completed
EXP-0007899,CID-799482,Student Organization,Association for Computing Machinery Student Chapter,UMBC,Not Applicable,Spring 2015,1,6,FALSE,Member,Completed
EXP-0007900,CID-799482,Campus Job,Admissions Student Ambassador,Undergraduate Admissions,Not Applicable,Fall 2016,2,12,TRUE,Employee,Completed
EXP-0007901,CID-944287,Internship,Cybersecurity Intern,Monument Bank Technology,Financial Services,Summer 2021,1,30,TRUE,Not Applicable,Return offer declined
EXP-0007902,CID-944287,Internship,Security Operations Intern,Chesapeake Defense Systems,Defense & Aerospace,Summer 2023,1,20,TRUE,Not Applicable,Return offer accepted
EXP-0007903,CID-944287,Certification,Cloud Security Associate,Bastion Certification Board,Not Applicable,Fall 2019,1,Not Applicable,Not Applicable,Not Applicable,Earned
EXP-0007904,CID-944287,Certification,Certified Scrum Practitioner,Cadence Project Institute,Not Applicable,Spring 2021,1,Not Applicable,Not Applicable,Not Applicable,Expired
EXP-0007905,CID-944287,Certification,Ethical Hacking Associate,Redoubt Training Institute,Not Applicable,Summer 2019,1,Not Applicable,Not Applicable,Not Applicable,Expired
EXP-0007906,CID-944287,Student Organization,Entrepreneurship and Innovation Club,UMBC,Not Applicable,Spring 2021,1,4,FALSE,Officer,Completed
EXP-0007907,CID-944287,Campus Job,Computing Lab Consultant,Division of Information Technology,Not Applicable,Spring 2019,3,12,TRUE,Employee,Completed
EXP-0007908,CID-944287,Tutoring,Introductory Programming Tutor,Learning Resources Center,Not Applicable,Fall 2022,2,10,TRUE,Tutor,Completed
EXP-0007909,CID-459863,Internship,Data Engineering Intern,Chesapeake Defense Systems,Defense & Aerospace,Summer 2017,1,40,FALSE,Not Applicable,Return offer declined
EXP-0007910,CID-459863,Student Organization,Data Science Collective,UMBC,Not Applicable,Spring 2015,2,6,FALSE,Member,Completed
EXP-0007911,CID-459863,Hackathon,HackUMBC,UMBC,Not Applicable,Spring 2013,1,36,FALSE,Participant,Category winner
EXP-0007912,CID-459863,Hackathon,HackUMBC,UMBC,Not Applicable,Fall 2014,1,24,FALSE,Participant,Participated
EXP-0007913,CID-459863,Campus Job,IT Help Desk Student Technician,Division of Information Technology,Not Applicable,Spring 2013,5,8,TRUE,Employee,Completed
EXP-0007914,CID-568173,Certification,Java Application Developer,Brightline Code School,Not Applicable,Summer 2024,1,Not Applicable,Not Applicable,Not Applicable,Expired
EXP-0007915,CID-568173,Student Organization,Women in Computing,UMBC,Not Applicable,Fall 2025,1,3,FALSE,Member,Completed
EXP-0007916,CID-568173,Hackathon,HackUMBC,UMBC,Not Applicable,Fall 2022,1,24,FALSE,Participant,Grand prize
EXP-0007917,CID-848562,Internship,Security Operations Intern,Blue Heron Technologies,Federal Contracting,Summer 2013,1,40,TRUE,Not Applicable,Completed
EXP-0007918,CID-848562,Student Organization,Entrepreneurship and Innovation Club,UMBC,Not Applicable,Fall 2014,6,2,FALSE,Member,Completed
EXP-0007919,CID-848562,Campus Job,Admissions Student Ambassador,Undergraduate Admissions,Not Applicable,Spring 2014,6,8,TRUE,Employee,Completed
EXP-0007920,CID-401988,Internship,AI Research Intern,Lumen Grid Software,Software Products,Summer 2021,1,40,TRUE,Not Applicable,Converted to part-time role
EXP-0007921,CID-401988,Internship,Machine Learning Intern,Clearfield Assurance,Cybersecurity Services,Summer 2022,1,30,TRUE,Not Applicable,Completed
EXP-0007922,CID-401988,Hackathon,Federal AI Challenge,Federal AI Challenge,Not Applicable,Fall 2021,1,36,FALSE,Participant,Participated
EXP-0007923,CID-401988,Hackathon,Healthcare Innovation Hackathon,Healthcare Innovation Hackathon,Not Applicable,Fall 2020,1,36,FALSE,Participant,Category winner
EXP-0007924,CID-432430,Internship,Business Intelligence Intern,Tidewater Defense Group,Defense & Aerospace,Summer 2018,1,40,FALSE,Not Applicable,Completed
EXP-0007925,CID-432430,Internship,Data Engineering Intern,University of Maryland System,Higher Education,Summer 2019,1,24,FALSE,Not Applicable,Return offer accepted
EXP-0007926,CID-432430,Internship,Business Intelligence Intern,National Data Services Agency,Federal Government,Summer 2020,1,20,FALSE,Not Applicable,Return offer declined
EXP-0007927,CID-432430,Certification,Full-Stack Web Developer,Brightline Code School,Not Applicable,Summer 2018,1,Not Applicable,Not Applicable,Not Applicable,Earned
EXP-0007928,CID-432430,Student Organization,Association for Computing Machinery Student Chapter,UMBC,Not Applicable,Fall 2019,1,3,FALSE,Member,Left after one term
EXP-0007929,CID-432430,Hackathon,HopHacks,HopHacks,Not Applicable,Spring 2020,1,36,FALSE,Participant,Category winner
EXP-0007930,CID-432430,Hackathon,Mid-Atlantic Collegiate Hackathon,Mid-Atlantic Collegiate Hackathon,Not Applicable,Fall 2019,1,48,FALSE,Participant,Participated
EXP-0007931,CID-432430,Peer Mentor,Residential Peer Leader,Residential Life,Not Applicable,Spring 2018,3,5,TRUE,Mentor,Completed
EXP-0007932,CID-501509,Internship,Application Development Intern,Arbor Peak Technologies,Software Products,Fall 2020,1,24,TRUE,Not Applicable,Completed
EXP-0007933,CID-501509,Co-op,Software Engineering Intern,Northwind Platform Co.,Software Products,Summer 2020,2,40,TRUE,Not Applicable,Completed
EXP-0007934,CID-501509,Certification,Java Application Developer,Brightline Code School,Not Applicable,Fall 2021,1,Not Applicable,Not Applicable,Not Applicable,Expired
EXP-0007935,CID-501509,Student Organization,Entrepreneurship and Innovation Club,UMBC,Not Applicable,Fall 2018,2,6,FALSE,Member,Completed
EXP-0007936,CID-501509,Undergraduate Research,Undergraduate Research Assistant,Applied Machine Learning Lab,Not Applicable,Fall 2021,4,15,FALSE,Researcher,Completed
EXP-0007937,CID-501509,Hackathon,HopHacks,HopHacks,Not Applicable,Fall 2019,1,24,FALSE,Participant,Grand prize
EXP-0007938,CID-501509,Hackathon,Bitcamp,Bitcamp,Not Applicable,Fall 2020,1,24,FALSE,Participant,Participated
EXP-0007939,CID-501509,Hackathon,Bitcamp,Bitcamp,Not Applicable,Spring 2019,1,48,FALSE,Participant,Participated
EXP-0007940,CID-501509,Competitive Team,Programming Contest Team,UMBC,Not Applicable,Spring 2021,1,12,FALSE,Lead,National qualifier
EXP-0007941,CID-329336,Internship,Cybersecurity Intern,Tidewater Defense Group,Defense & Aerospace,Summer 2024,1,40,TRUE,Not Applicable,Completed
EXP-0007942,CID-329336,Internship,Cybersecurity Intern,Ironwood Cyber,Cybersecurity Services,Fall 2025,1,30,TRUE,Not Applicable,Completed
EXP-0007943,CID-944142,Certification,Data Analytics Associate,Insight Analytics Academy,Not Applicable,Fall 2016,1,Not Applicable,Not Applicable,Not Applicable,Earned
EXP-0007944,CID-944142,Student Organization,Product Club,UMBC,Not Applicable,Spring 2013,2,2,FALSE,Member,Active
EXP-0007945,CID-944142,Campus Job,Campus Recreation Attendant,Retriever Athletics,Not Applicable,Fall 2015,2,15,TRUE,Employee,Completed
EXP-0007946,CID-944142,Peer Mentor,Computing Majors Peer Advisor,College of Engineering and IT,Not Applicable,Spring 2016,2,8,TRUE,Mentor,Completed
EXP-0007947,CID-173850,Internship,Security Operations Intern,Keystone Federal Services,Federal Contracting,Summer 2014,1,20,TRUE,Not Applicable,Return offer accepted
EXP-0007948,CID-173850,Hackathon,HopHacks,HopHacks,Not Applicable,Spring 2014,1,36,FALSE,Participant,Category winner
EXP-0007949,CID-173850,Hackathon,Healthcare Innovation Hackathon,Healthcare Innovation Hackathon,Not Applicable,Fall 2012,1,48,FALSE,Participant,Grand prize
EXP-0007950,CID-761467,Internship,Clinical Systems Intern,Bayview Medical Informatics,Healthcare & Life Sciences,Summer 2020,1,40,FALSE,Not Applicable,Completed
EXP-0007951,CID-761467,Co-op,Health Informatics Intern,Vantage Point Applications,Software Products,Summer 2022,2,40,TRUE,Not Applicable,Return offer declined
EXP-0007952,CID-628622,Internship,Software Development Intern,Patapsco Aerospace,Defense & Aerospace,Summer 2022,1,30,FALSE,Not Applicable,Converted to part-time role
EXP-0007953,CID-628622,Student Organization,Entrepreneurship and Innovation Club,UMBC,Not Applicable,Spring 2021,2,2,FALSE,Member,Active
EXP-0007954,CID-628622,Hackathon,Civic Data Challenge,Civic Data Challenge,Not Applicable,Fall 2018,1,48,FALSE,Participant,Participated
EXP-0007955,CID-628622,Hackathon,Technica,Technica,Not Applicable,Fall 2020,1,48,FALSE,Participant,Participated
EXP-0007956,CID-628622,Hackathon,Federal AI Challenge,Federal AI Challenge,Not Applicable,Fall 2021,1,24,FALSE,Participant,Category winner
EXP-0007957,CID-628622,Campus Job,IT Help Desk Student Technician,Division of Information Technology,Not Applicable,Fall 2020,3,8,TRUE,Employee,Completed
EXP-0007958,CID-542567,Internship,Data Engineering Intern,Marketside Digital,E-Commerce & Retail Tech,Summer 2015,1,24,TRUE,Not Applicable,Return offer declined
EXP-0007959,CID-542567,Internship,Data Engineering Intern,Meridian National Systems,Federal Contracting,Summer 2017,1,30,TRUE,Not Applicable,Completed
EXP-0007960,CID-542567,Student Organization,Entrepreneurship and Innovation Club,UMBC,Not Applicable,Fall 2013,2,6,FALSE,Member,Completed
EXP-0007961,CID-542567,Campus Job,Admissions Student Ambassador,Undergraduate Admissions,Not Applicable,Spring 2016,6,12,TRUE,Employee,Completed
EXP-0007962,CID-542567,Peer Mentor,Residential Peer Leader,Residential Life,Not Applicable,Fall 2015,3,3,TRUE,Mentor,Completed
EXP-0007963,CID-542567,Competitive Team,Collegiate Cyber Defense Team,UMBC,Not Applicable,Spring 2017,1,10,FALSE,Member,Regional qualifier
EXP-0007964,CID-100071,Internship,Business Intelligence Intern,Brightline Software Group,Software Products,Summer 2015,1,20,TRUE,Not Applicable,Return offer declined
EXP-0007965,CID-100071,Student Organization,Information Systems Student Association,UMBC,Not Applicable,Fall 2013,1,6,FALSE,President,Left after one term
EXP-0007966,CID-100071,Hackathon,HackUMBC,UMBC,Not Applicable,Fall 2016,1,48,FALSE,Participant,Participated
EXP-0007967,CID-100071,Peer Mentor,Computing Majors Peer Advisor,College of Engineering and IT,Not Applicable,Spring 2016,1,3,FALSE,Mentor,Completed
EXP-0007968,CID-100071,Competitive Team,Collegiate Cyber Defense Team,UMBC,Not Applicable,Spring 2017,2,5,FALSE,Lead,Completed
EXP-0007969,CID-654352,Internship,Data Analytics Intern,Beacon Telecom Services,Telecommunications,Summer 2013,1,30,FALSE,Not Applicable,Return offer accepted
EXP-0007970,CID-654352,Co-op,Data Analytics Intern,Chesapeake Defense Systems,Defense & Aerospace,Summer 2015,2,40,TRUE,Not Applicable,Return offer accepted
EXP-0007971,CID-654352,Certification,Business Intelligence Developer,Vantage BI Institute,Not Applicable,Fall 2012,1,Not Applicable,Not Applicable,Not Applicable,Expired
EXP-0007972,CID-343416,Certification,Advanced SQL Practitioner,Insight Analytics Academy,Not Applicable,Spring 2022,1,Not Applicable,Not Applicable,Not Applicable,Earned
EXP-0007973,CID-343416,Student Organization,Information Systems Student Association,UMBC,Not Applicable,Fall 2023,2,5,FALSE,Officer,Left after one term
EXP-0007974,CID-343416,Student Organization,Data Science Collective,UMBC,Not Applicable,Fall 2020,4,6,FALSE,Member,Completed
EXP-0007975,CID-343416,Hackathon,Civic Data Challenge,Civic Data Challenge,Not Applicable,Fall 2022,1,36,FALSE,Participant,Grand prize
EXP-0007976,CID-343416,Hackathon,Bitcamp,Bitcamp,Not Applicable,Spring 2021,1,48,FALSE,Participant,Grand prize
EXP-0007977,CID-502838,Internship,Software Engineering Intern,Tidewater Defense Group,Defense & Aerospace,Spring 2015,1,40,TRUE,Not Applicable,Completed
EXP-0007978,CID-502838,Student Organization,Game Developers Club,UMBC,Not Applicable,Spring 2015,6,5,FALSE,Member,Completed
EXP-0007979,CID-502838,Undergraduate Research,Undergraduate Research Assistant,Network Security Laboratory,Not Applicable,Fall 2016,4,15,TRUE,Researcher,Poster presented
EXP-0007980,CID-502838,Hackathon,Civic Data Challenge,Civic Data Challenge,Not Applicable,Fall 2016,1,36,FALSE,Participant,Grand prize
EXP-0007981,CID-502838,Campus Job,Library Technology Assistant,Albin O. Kuhn Library,Not Applicable,Spring 2016,1,8,TRUE,Employee,Completed
EXP-0007982,CID-502838,Peer Mentor,Residential Peer Leader,Residential Life,Not Applicable,Fall 2014,1,3,TRUE,Mentor,Completed
EXP-0007983,CID-502838,Competitive Team,Collegiate Cyber Defense Team,UMBC,Not Applicable,Fall 2013,1,10,FALSE,Member,National qualifier
EXP-0007984,CID-995360,Certification,Applied AI Engineer,Tessera AI Academy,Not Applicable,Summer 2017,1,Not Applicable,Not Applicable,Not Applicable,Earned
EXP-0007985,CID-995360,Campus Job,Residential Life Desk Assistant,Residential Life,Not Applicable,Fall 2016,5,10,TRUE,Employee,Completed
EXP-0007986,CID-820778,Student Organization,Women in Computing,UMBC,Not Applicable,Spring 2018,2,6,FALSE,Officer,Completed
EXP-0007987,CID-750979,Internship,Data Analytics Intern,Open Harbor Foundation,Nonprofit & Civic Tech,Summer 2025,1,20,TRUE,Not Applicable,Completed
EXP-0007988,CID-750979,Student Organization,Open Source Society,UMBC,Not Applicable,Fall 2023,4,2,FALSE,Officer,Completed
EXP-0007989,CID-750979,Hackathon,HackUMBC,UMBC,Not Applicable,Spring 2025,1,48,FALSE,Participant,Participated
EXP-0007990,CID-750979,Hackathon,Bitcamp,Bitcamp,Not Applicable,Fall 2023,1,36,FALSE,Participant,Participated
EXP-0007991,CID-750979,Campus Job,Dining Services Associate,Campus Dining,Not Applicable,Fall 2023,2,8,TRUE,Employee,Completed
EXP-0007992,CID-301548,Internship,Software Engineering Intern,Chesapeake Defense Systems,Defense & Aerospace,Summer 2015,1,40,TRUE,Not Applicable,Ended early
EXP-0007993,CID-301548,Campus Job,Research Administrative Assistant,Office of Research,Not Applicable,Fall 2013,3,12,TRUE,Employee,Completed
EXP-0007994,CID-301548,Competitive Team,Robotics Competition Team,UMBC,Not Applicable,Fall 2015,2,8,FALSE,Lead,Completed
EXP-0007995,CID-924931,Internship,Application Development Intern,Continental Wireless,Telecommunications,Summer 2024,1,40,TRUE,Not Applicable,Completed
EXP-0007996,CID-924931,Internship,Software Engineering Intern,Marketside Digital,E-Commerce & Retail Tech,Summer 2025,1,20,TRUE,Not Applicable,Return offer accepted
EXP-0007997,CID-924931,Certification,Full-Stack Web Developer,Brightline Code School,Not Applicable,Fall 2024,1,Not Applicable,Not Applicable,Not Applicable,Earned
EXP-0007998,CID-924931,Certification,Clinical Data Standards Certificate,Clarion Health Institute,Not Applicable,Spring 2023,1,Not Applicable,Not Applicable,Not Applicable,Expired
EXP-0007999,CID-924931,Student Organization,Linux Users Group,UMBC,Not Applicable,Fall 2023,2,4,FALSE,Member,Completed
EXP-0008000,CID-924931,Campus Job,Residential Life Desk Assistant,Residential Life,Not Applicable,Spring 2022,5,15,TRUE,Employee,Completed
EXP-0008001,CID-924931,Peer Mentor,Residential Peer Leader,Residential Life,Not Applicable,Fall 2025,1,3,FALSE,Mentor,Completed
EXP-0008002,CID-724106,Campus Job,Residential Life Desk Assistant,Residential Life,Not Applicable,Spring 2021,2,15,TRUE,Employee,Completed
EXP-0008003,CID-324293,Certification,Business Intelligence Developer,Vantage BI Institute,Not Applicable,Summer 2016,1,Not Applicable,Not Applicable,Not Applicable,Earned
EXP-0008004,CID-324293,Certification,Data Analytics Associate,Insight Analytics Academy,Not Applicable,Summer 2016,1,Not Applicable,Not Applicable,Not Applicable,Earned
EXP-0008005,CID-324293,Certification,Business Intelligence Developer,Vantage BI Institute,Not Applicable,Fall 2016,1,Not Applicable,Not Applicable,Not Applicable,Expired
EXP-0008006,CID-324293,Undergraduate Research,Undergraduate Research Assistant,Human-Computer Interaction Studio,Not Applicable,Fall 2016,2,8,FALSE,Researcher,Poster presented
EXP-0008007,CID-324293,Hackathon,Civic Data Challenge,Civic Data Challenge,Not Applicable,Spring 2016,1,48,FALSE,Participant,Participated
EXP-0008008,CID-324293,Hackathon,Bitcamp,Bitcamp,Not Applicable,Fall 2016,1,24,FALSE,Participant,Participated
EXP-0008009,CID-324293,Competitive Team,Analytics Case Competition Team,UMBC,Not Applicable,Fall 2016,1,12,FALSE,Lead,Completed
EXP-0008010,CID-399098,Internship,Software Development Intern,Maryland Department of IT,Federal Government,Summer 2020,1,20,TRUE,Not Applicable,Completed
EXP-0008011,CID-399098,Internship,Application Development Intern,Patapsco Aerospace,Defense & Aerospace,Fall 2021,1,24,TRUE,Not Applicable,Completed
EXP-0008012,CID-399098,Certification,Software Testing Practitioner,Quality Craft Institute,Not Applicable,Summer 2023,1,Not Applicable,Not Applicable,Not Applicable,Earned
EXP-0008013,CID-399098,Campus Job,Admissions Student Ambassador,Undergraduate Admissions,Not Applicable,Fall 2019,5,20,TRUE,Employee,Completed
EXP-0008014,CID-399098,Tutoring,Discrete Structures Tutor,Learning Resources Center,Not Applicable,Fall 2022,3,4,TRUE,Tutor,Completed
EXP-0008015,CID-957359,Co-op,Data Analytics Intern,Chesapeake Defense Systems,Defense & Aerospace,Summer 2017,2,40,FALSE,Not Applicable,Completed
EXP-0008016,CID-957359,Student Organization,Retriever Robotics,UMBC,Not Applicable,Spring 2016,2,2,FALSE,Member,Left after one term
EXP-0008017,CID-957359,Hackathon,HackUMBC,UMBC,Not Applicable,Spring 2016,1,48,FALSE,Participant,Grand prize
EXP-0008018,CID-957359,Hackathon,Healthcare Innovation Hackathon,Healthcare Innovation Hackathon,Not Applicable,Fall 2015,1,36,FALSE,Participant,Grand prize
EXP-0008019,CID-957359,Campus Job,Research Administrative Assistant,Office of Research,Not Applicable,Fall 2016,3,8,TRUE,Employee,Completed
EXP-0008020,CID-957359,Tutoring,Discrete Structures Tutor,Learning Resources Center,Not Applicable,Spring 2017,2,8,TRUE,Tutor,Completed
EXP-0008021,CID-225504,Internship,AI Research Intern,Calvert Advisory Group,Consulting & Professional Services,Summer 2017,1,24,TRUE,Not Applicable,Ended early
EXP-0008022,CID-225504,Certification,Java Application Developer,Brightline Code School,Not Applicable,Summer 2018,1,Not Applicable,Not Applicable,Not Applicable,Earned
EXP-0008023,CID-225504,Certification,Deep Learning Practitioner,Applied Intelligence Institute,Not Applicable,Summer 2016,1,Not Applicable,Not Applicable,Not Applicable,Earned
EXP-0008024,CID-225504,Campus Job,Campus Recreation Attendant,Retriever Athletics,Not Applicable,Spring 2018,3,12,TRUE,Employee,Completed
EXP-0008025,CID-225504,Competitive Team,Analytics Case Competition Team,UMBC,Not Applicable,Fall 2015,2,10,FALSE,Member,National qualifier
EXP-0008026,CID-704452,Internship,Software Development Intern,Lumen Grid Software,Software Products,Summer 2014,1,30,TRUE,Not Applicable,Completed
EXP-0008027,CID-704452,Certification,Java Application Developer,Brightline Code School,Not Applicable,Fall 2015,1,Not Applicable,Not Applicable,Not Applicable,Earned
EXP-0008028,CID-704452,Student Organization,Open Source Society,UMBC,Not Applicable,Fall 2014,2,6,FALSE,Member,Left after one term
EXP-0008029,CID-704452,Hackathon,Bitcamp,Bitcamp,Not Applicable,Fall 2013,1,48,FALSE,Participant,Participated
EXP-0008030,CID-704452,Hackathon,HopHacks,HopHacks,Not Applicable,Spring 2014,1,36,FALSE,Participant,Participated
EXP-0008031,CID-704452,Campus Job,IT Help Desk Student Technician,Division of Information Technology,Not Applicable,Spring 2013,2,20,TRUE,Employee,Completed
EXP-0008032,CID-906843,Co-op,Application Development Intern,Catoctin Analytics Group,Federal Contracting,Summer 2023,2,40,TRUE,Not Applicable,Converted to part-time role
EXP-0008033,CID-906843,Internship,Application Development Intern,Bastion Threat Labs,Cybersecurity Services,Summer 2024,1,24,TRUE,Not Applicable,Ended early
EXP-0008034,CID-906843,Student Organization,Association for Computing Machinery Student Chapter,UMBC,Not Applicable,Fall 2024,2,2,FALSE,Member,Completed
EXP-0008035,CID-906843,Peer Mentor,Computing Majors Peer Advisor,College of Engineering and IT,Not Applicable,Spring 2024,2,8,TRUE,Mentor,Completed
EXP-0008036,CID-738904,Co-op,AI Research Intern,Patapsco Aerospace,Defense & Aerospace,Summer 2022,2,40,FALSE,Not Applicable,Return offer declined
EXP-0008037,CID-738904,Certification,Machine Learning Associate,Applied Intelligence Institute,Not Applicable,Spring 2022,1,Not Applicable,Not Applicable,Not Applicable,Earned
EXP-0008038,CID-387990,Student Organization,Artificial Intelligence Student Group,UMBC,Not Applicable,Spring 2017,6,5,FALSE,Member,Left after one term
EXP-0008039,CID-387990,Campus Job,Computing Lab Consultant,Division of Information Technology,Not Applicable,Fall 2013,1,15,TRUE,Employee,Completed
EXP-0008040,CID-722448,Internship,Software Engineering Intern,Lumen Grid Software,Software Products,Summer 2020,1,40,TRUE,Not Applicable,Completed
EXP-0008041,CID-722448,Internship,Software Engineering Intern,Parcel & Post Technologies,Logistics & Transportation,Summer 2021,1,24,TRUE,Not Applicable,Completed
EXP-0008042,CID-722448,Undergraduate Research,Undergraduate Research Assistant,Health Informatics Research Center,Not Applicable,Fall 2020,1,15,TRUE,Researcher,Paper co-authored
EXP-0008043,CID-722448,Hackathon,Technica,Technica,Not Applicable,Fall 2021,1,48,FALSE,Participant,Participated
EXP-0008044,CID-722448,Tutoring,Calculus Tutor,Math Lab,Not Applicable,Spring 2021,1,4,TRUE,Tutor,Completed
EXP-0008045,CID-722448,Peer Mentor,Transfer Student Peer Mentor,Transfer Student Alliance,Not Applicable,Fall 2020,2,3,FALSE,Mentor,Completed
EXP-0008046,CID-564642,Internship,Software Development Intern,Harborline Networks,Cloud & Infrastructure,Summer 2022,1,20,TRUE,Not Applicable,Ended early
EXP-0008047,CID-564642,Internship,Software Development Intern,Vantage Point Applications,Software Products,Summer 2023,1,40,TRUE,Not Applicable,Return offer accepted
EXP-0008048,CID-564642,Campus Job,Admissions Student Ambassador,Undergraduate Admissions,Not Applicable,Spring 2021,2,20,TRUE,Employee,Completed
EXP-0008049,CID-564642,Tutoring,Writing Center Consultant,Writing Center,Not Applicable,Fall 2023,4,6,TRUE,Tutor,Completed
EXP-0008050,CID-564642,Competitive Team,Analytics Case Competition Team,UMBC,Not Applicable,Spring 2023,2,12,FALSE,Member,Regional qualifier
EXP-0008051,CID-779665,Co-op,Data Engineering Intern,Shoreline Retail Group,E-Commerce & Retail Tech,Summer 2019,2,40,FALSE,Not Applicable,Return offer declined
EXP-0008052,CID-779665,Certification,Advanced SQL Practitioner,Insight Analytics Academy,Not Applicable,Summer 2019,1,Not Applicable,Not Applicable,Not Applicable,Earned
EXP-0008053,CID-779665,Certification,Java Application Developer,Brightline Code School,Not Applicable,Spring 2019,1,Not Applicable,Not Applicable,Not Applicable,Earned
EXP-0008054,CID-779665,Student Organization,Linux Users Group,UMBC,Not Applicable,Fall 2019,3,3,FALSE,Member,Left after one term
EXP-0008055,CID-779665,Student Organization,Women in Computing,UMBC,Not Applicable,Spring 2020,2,3,FALSE,Officer,Completed
EXP-0008056,CID-779665,Undergraduate Research,Undergraduate Research Assistant,Data Systems Laboratory,Not Applicable,Spring 2020,4,12,TRUE,Researcher,Completed
EXP-0008057,CID-779665,Campus Job,Residential Life Desk Assistant,Residential Life,Not Applicable,Spring 2018,3,20,TRUE,Employee,Completed
EXP-0008058,CID-808157,Internship,Security Operations Intern,Dockside Logistics Systems,Logistics & Transportation,Summer 2019,1,20,TRUE,Not Applicable,Completed
EXP-0008059,CID-808157,Student Organization,Data Science Collective,UMBC,Not Applicable,Spring 2020,2,3,FALSE,Member,Completed
EXP-0008060,CID-808157,Tutoring,Discrete Structures Tutor,Learning Resources Center,Not Applicable,Fall 2020,3,10,TRUE,Tutor,Completed
EXP-0008061,CID-630247,Certification,Ethical Hacking Associate,Redoubt Training Institute,Not Applicable,Spring 2018,1,Not Applicable,Not Applicable,Not Applicable,Earned
EXP-0008062,CID-630247,Student Organization,National Society of Black Engineers Chapter,UMBC,Not Applicable,Fall 2015,2,4,FALSE,Member,Completed
EXP-0008063,CID-630247,Student Organization,Women in Computing,UMBC,Not Applicable,Fall 2018,6,3,FALSE,Member,Completed
EXP-0008064,CID-630247,Campus Job,Computing Lab Consultant,Division of Information Technology,Not Applicable,Spring 2017,4,8,TRUE,Employee,Completed
